Season,Datetime,Div,Country,League,Referee,HomeTeam,AwayTeam,FTHG,FTAG,FTR,HTHG,HTAG,HTR,PSH,PSD,PSA,B365H,B365D,B365A,LBH,LBD,LBA,BWH,BWD,BWA
2019/2020,2020-07-20 20:00:00,SP2,Spain,La Liga Segunda Division,,Santander,Vallecano,1,2,A,1,0,H,8.21,4.4,1.44,8.0,4.5,1.4,,,,7.5,3.9,1.4
2019/2020,2020-07-20 20:00:00,SP2,Spain,La Liga Segunda Division,,Sp Gijon,Huesca,0,1,A,0,0,D,3.36,3.15,2.36,3.3,3.1,2.15,,,,3.1,3.0,2.25
2019/2020,2020-07-20 20:00:00,SP2,Spain,La Liga Segunda Division,,Cadiz,Albacete,0,1,A,0,0,D,3.74,3.11,2.22,4.0,2.87,2.15,,,,3.75,2.9,2.05
2019/2020,2020-07-19 16:00:00,SP1,Spain,La Liga Primera Division,,Alaves,Barcelona,0,5,A,0,3,A,,,,5.5,4.33,1.53,,,,6.0,4.25,1.5
2019/2020,2020-07-17 20:00:00,SP2,Spain,La Liga Segunda Division,,Tenerife,Lugo,1,2,A,0,0,D,1.71,3.55,5.7,1.66,3.5,5.5,,,,1.75,3.3,5.0
2019/2020,2020-07-16 20:00:00,SP1,Spain,La Liga Primera Division,,Ath Bilbao,Leganes,0,2,A,0,0,D,1.82,3.51,5.04,1.8,3.4,4.75,,,,1.8,3.4,5.0
2019/2020,2020-07-16 20:00:00,SP1,Spain,La Liga Primera Division,,Mallorca,Granada,1,2,A,1,1,D,2.06,3.59,3.74,2.05,3.4,3.5,,,,2.05,3.4,3.7
2019/2020,2020-07-16 20:00:00,SP1,Spain,La Liga Primera Division,,Celta,Levante,2,3,A,2,2,D,1.6,4.5,5.32,1.61,4.0,5.25,,,,1.62,4.1,5.25
2019/2020,2020-07-16 20:00:00,SP1,Spain,La Liga Primera Division,,Getafe,Ath Madrid,0,2,A,0,0,D,3.54,3.01,2.39,3.6,2.9,2.25,,,,3.8,2.9,2.25
2019/2020,2020-07-16 20:00:00,SP1,Spain,La Liga Primera Division,,Barcelona,Osasuna,1,2,A,0,1,A,1.15,8.28,19.76,1.14,8.0,17.0,,,,1.14,8.5,17.0
2019/2020,2020-07-16 20:00:00,SP1,Spain,La Liga Primera Division,,Betis,Alaves,1,2,A,0,0,D,2.39,3.32,3.19,2.3,3.3,3.1,,,,2.35,3.2,3.2
2019/2020,2020-07-13 21:00:00,SP1,Spain,La Liga Primera Division,,Granada,Real Madrid,1,2,A,0,2,A,7.79,4.58,1.45,6.5,4.5,1.45,,,,7.0,4.6,1.45
2019/2020,2020-07-13 18:30:00,SP1,Spain,La Liga Primera Division,,Villarreal,Sociedad,1,2,A,0,0,D,2.3,3.56,3.14,2.3,3.25,3.1,,,,2.2,3.6,3.1
2019/2020,2020-07-12 20:45:00,SP2,Spain,La Liga Segunda Division,,Zaragoza,Oviedo,2,4,A,0,2,A,2.16,3.14,3.87,2.05,3.1,3.8,,,,2.1,3.1,3.8
2019/2020,2020-07-12 16:00:00,SP1,Spain,La Liga Primera Division,,Levante,Ath Bilbao,1,2,A,0,2,A,3.67,3.4,2.14,3.8,3.2,2.1,,,,3.5,3.25,2.2
2019/2020,2020-07-12 16:00:00,SP2,Spain,La Liga Segunda Division,,La Coruna,Extremadura UD,2,3,A,1,0,H,1.58,4.0,6.21,,,,,,,,,
2019/2020,2020-07-12 13:00:00,SP1,Spain,La Liga Primera Division,,Espanol,Eibar,0,2,A,0,2,A,3.44,3.37,2.24,3.4,3.2,2.25,,,,3.3,3.2,2.3
2019/2020,2020-07-11 20:45:00,SP2,Spain,La Liga Segunda Division,,Cadiz,Fuenlabrada,0,1,A,0,0,D,1.97,3.07,4.92,1.95,3.0,4.5,,,,1.95,2.95,4.75
2019/2020,2020-07-11 18:30:00,SP1,Spain,La Liga Primera Division,,Valladolid,Barcelona,0,1,A,0,1,A,10.02,5.0,1.36,9.5,5.25,1.3,,,,8.5,5.0,1.36
2019/2020,2020-07-10 18:30:00,SP1,Spain,La Liga Primera Division,,Sociedad,Granada,2,3,A,0,2,A,1.76,3.81,4.93,1.72,3.6,5.25,,,,1.75,3.7,4.75
2019/2020,2020-07-09 21:00:00,SP1,Spain,La Liga Primera Division,,Ath Bilbao,Sevilla,1,2,A,1,0,H,3.09,3.07,2.6,3.1,3.0,2.45,,,,3.0,3.0,2.6
2019/2020,2020-07-08 20:45:00,SP2,Spain,La Liga Segunda Division,,Ponferradina,Lugo,0,1,A,0,0,D,2.26,2.97,3.85,2.15,3.0,3.8,,,,2.1,2.95,3.9
2019/2020,2020-07-08 19:30:00,SP1,Spain,La Liga Primera Division,,Getafe,Villarreal,1,3,A,0,0,D,2.68,3.12,2.94,2.6,3.0,2.87,,,,2.6,3.0,3.0
2019/2020,2020-07-07 20:45:00,SP2,Spain,La Liga Segunda Division,,Extremadura UD,Cadiz,0,1,A,0,1,A,3.28,2.92,2.54,3.2,2.9,2.45,,,,3.3,2.85,2.4
2019/2020,2020-07-06 20:45:00,SP2,Spain,La Liga Segunda Division,,Zaragoza,Vallecano,2,4,A,1,1,D,2.57,3.15,3.0,2.45,3.1,3.0,,,,2.4,3.1,3.0
2019/2020,2020-07-05 21:00:00,SP1,Spain,La Liga Primera Division,,Villarreal,Barcelona,1,4,A,1,3,A,4.33,3.97,1.81,4.33,4.0,1.72,,,,4.5,4.1,1.7
2019/2020,2020-07-05 16:00:00,SP1,Spain,La Liga Primera Division,,Espanol,Leganes,0,1,A,0,0,D,2.66,3.03,3.05,2.7,2.9,2.9,,,,2.7,2.95,2.9
2019/2020,2020-07-05 13:00:00,SP1,Spain,La Liga Primera Division,,Ath Bilbao,Real Madrid,0,1,A,0,0,D,5.28,3.74,1.73,5.0,3.9,1.7,,,,5.25,3.8,1.67
2019/2020,2020-07-04 18:30:00,SP2,Spain,La Liga Segunda Division,,Almeria,Tenerife,1,2,A,1,1,D,2.39,3.2,3.23,2.37,3.0,3.2,,,,2.35,3.0,3.2
2019/2020,2020-07-04 16:00:00,SP2,Spain,La Liga Segunda Division,,Santander,Elche,1,2,A,1,0,H,3.82,3.07,2.12,4.2,3.1,2.0,,,,3.8,3.1,2.05
2019/2020,2020-07-02 18:30:00,SP1,Spain,La Liga Primera Division,,Eibar,Osasuna,0,2,A,0,1,A,2.42,3.29,3.25,2.3,3.1,3.3,,,,2.35,3.2,3.2
2019/2020,2020-07-01 21:00:00,SP1,Spain,La Liga Primera Division,,Betis,Villarreal,0,2,A,0,2,A,2.85,3.61,2.52,2.87,3.5,2.4,,,,2.8,3.4,2.5
2019/2020,2020-07-01 20:45:00,SP2,Spain,La Liga Segunda Division,,Ponferradina,Fuenlabrada,0,3,A,0,0,D,2.27,2.97,3.93,2.15,3.0,3.75,,,,2.3,2.9,3.6
2019/2020,2020-07-01 18:30:00,SP1,Spain,La Liga Primera Division,,Valencia,Ath Bilbao,0,2,A,0,1,A,2.63,3.13,3.08,2.5,3.0,3.2,,,,2.5,3.1,3.1
2019/2020,2020-07-01 18:30:00,SP1,Spain,La Liga Primera Division,,Alaves,Granada,0,2,A,0,1,A,2.39,3.09,3.53,2.3,2.9,3.6,,,,2.3,3.0,3.5
2019/2020,2020-06-30 20:00:00,SP1,Spain,La Liga Primera Division,,Leganes,Sevilla,0,3,A,0,2,A,4.63,3.34,1.95,4.5,3.2,1.95,,,,4.4,3.2,1.95
2019/2020,2020-06-29 20:45:00,SP2,Spain,La Liga Segunda Division,,Zaragoza,Huesca,0,1,A,0,0,D,2.23,3.2,3.59,2.25,3.0,3.5,,,,2.25,3.0,3.5
2019/2020,2020-06-28 21:00:00,SP1,Spain,La Liga Primera Division,,Espanol,Real Madrid,0,1,A,0,1,A,7.04,4.91,1.45,6.5,4.75,1.44,,,,7.0,4.75,1.44
2019/2020,2020-06-28 18:30:00,SP1,Spain,La Liga Primera Division,,Granada,Eibar,1,2,A,0,1,A,2.5,2.96,3.38,2.37,3.0,3.25,,,,2.4,3.0,3.3
2019/2020,2020-06-27 20:45:00,SP2,Spain,La Liga Segunda Division,,Santander,Albacete,1,2,A,1,0,H,2.73,2.87,3.08,2.6,3.0,2.9,,,,2.65,2.85,3.0
2019/2020,2020-06-27 18:30:00,SP2,Spain,La Liga Segunda Division,,Cadiz,Tenerife,0,2,A,0,1,A,2.14,2.95,4.29,2.0,3.0,4.2,,,,2.05,2.95,4.2
2019/2020,2020-06-25 18:30:00,SP2,Spain,La Liga Segunda Division,,Almeria,Alcorcon,0,1,A,0,1,A,1.89,3.23,4.97,1.8,3.3,4.75,,,,1.78,3.3,5.0
2019/2020,2020-06-24 18:30:00,SP1,Spain,La Liga Primera Division,,Alaves,Osasuna,0,1,A,0,0,D,2.7,3.1,2.94,2.55,3.1,2.9,,,,2.6,3.1,2.95
2019/2020,2020-06-24 18:30:00,SP1,Spain,La Liga Primera Division,,Sociedad,Celta,0,1,A,0,1,A,2.12,3.2,4.0,2.0,3.25,4.0,,,,2.05,3.2,4.0
2019/2020,2020-06-23 20:45:00,SP2,Spain,La Liga Segunda Division,,Extremadura UD,Zaragoza,1,2,A,1,1,D,3.33,3.18,2.41,3.4,3.0,2.25,,,,3.2,3.1,2.35
2019/2020,2020-06-23 18:30:00,SP1,Spain,La Liga Primera Division,,Levante,Ath Madrid,0,1,A,0,1,A,6.05,3.6,1.71,5.75,3.6,1.65,,,,6.0,3.75,1.62
2019/2020,2020-06-23 18:30:00,SP2,Spain,La Liga Segunda Division,,Elche,La Coruna,0,1,A,0,0,D,2.38,3.1,3.48,2.3,2.9,3.5,,,,2.35,2.9,3.4
2019/2020,2020-06-22 20:45:00,SP2,Spain,La Liga Segunda Division,,Sp Gijon,Oviedo,0,1,A,0,0,D,2.37,3.06,3.45,2.2,3.1,3.5,,,,2.2,3.0,3.5
2019/2020,2020-06-21 21:00:00,SP1,Spain,La Liga Primera Division,,Sociedad,Real Madrid,1,2,A,0,0,D,4.24,4.36,1.78,4.1,4.2,1.75,,,,4.1,4.0,1.8
2019/2020,2020-06-21 16:00:00,SP2,Spain,La Liga Segunda Division,,Mirandes,Ponferradina,1,2,A,1,1,D,2.61,2.9,3.31,2.37,3.1,3.1,,,,2.45,2.85,3.2
2019/2020,2020-06-21 16:00:00,SP2,Spain,La Liga Segunda Division,,Santander,Tenerife,1,2,A,0,1,A,3.26,2.8,2.71,3.2,2.9,2.5,,,,2.95,2.8,2.65
2019/2020,2020-06-20 18:30:00,SP2,Spain,La Liga Segunda Division,,Zaragoza,Almeria,0,2,A,0,1,A,2.4,3.1,3.43,2.4,2.9,3.3,,,,2.45,2.95,3.1
2019/2020,2020-06-20 13:00:00,SP1,Spain,La Liga Primera Division,,Espanol,Levante,1,3,A,1,1,D,2.01,3.61,4.0,1.95,3.5,3.8,,,,1.95,3.6,3.9
2019/2020,2020-06-19 18:30:00,SP1,Spain,La Liga Primera Division,,Granada,Villarreal,0,1,A,0,1,A,3.23,3.2,2.49,3.1,3.2,2.4,,,,3.1,3.2,2.4
2019/2020,2020-06-18 20:45:00,SP2,Spain,La Liga Segunda Division,,Alcorcon,Sp Gijon,0,2,A,0,2,A,2.71,2.82,3.16,2.75,2.9,2.8,,,,2.65,2.85,2.95
2019/2020,2020-06-18 18:30:00,SP2,Spain,La Liga Segunda Division,,Huesca,Mirandes,1,2,A,0,0,D,1.79,3.35,5.46,1.75,3.4,5.0,,,,1.75,3.4,5.0
2019/2020,2020-06-18 18:30:00,SP2,Spain,La Liga Segunda Division,,Numancia,Cadiz,1,2,A,1,1,D,3.16,2.89,2.65,3.0,3.0,2.5,,,,2.9,2.9,2.6
2019/2020,2020-06-17 21:00:00,SP1,Spain,La Liga Primera Division,,Osasuna,Ath Madrid,0,5,A,0,1,A,5.36,3.19,1.88,5.0,3.25,1.8,,,,5.25,3.2,1.83
2019/2020,2020-06-17 18:30:00,SP2,Spain,La Liga Segunda Division,,Extremadura UD,Albacete,0,1,A,0,1,A,2.56,2.87,3.31,2.45,3.0,3.1,,,,2.55,2.8,3.1
2019/2020,2020-06-17 18:30:00,SP2,Spain,La Liga Segunda Division,,Almeria,Las Palmas,0,1,A,0,1,A,1.88,3.32,4.86,1.8,3.4,4.75,,,,1.83,3.25,4.6
2019/2020,2020-06-16 18:30:00,SP2,Spain,La Liga Segunda Division,,Lugo,Zaragoza,1,3,A,0,1,A,4.33,3.15,2.04,4.0,3.3,1.95,,,,4.1,3.2,1.95
2019/2020,2020-06-14 18:30:00,SP2,Spain,La Liga Segunda Division,,Albacete,Almeria,0,1,A,0,1,A,2.95,3.0,2.72,3.0,3.0,2.5,,,,2.85,2.95,2.7
2019/2020,2020-06-13 21:00:00,SP1,Spain,La Liga Primera Division,,Mallorca,Barcelona,0,4,A,0,2,A,9.96,6.21,1.29,10.0,5.75,1.28,,,,9.5,6.0,1.28
2019/2020,2020-06-13 20:30:00,SP2,Spain,La Liga Segunda Division,,Zaragoza,Alcorcon,1,3,A,0,0,D,1.79,3.45,5.2,1.72,3.5,4.75,,,,1.78,3.4,5.0
2019/2020,2020-06-13 18:30:00,SP1,Spain,La Liga Primera Division,,Leganes,Valladolid,1,2,A,0,1,A,2.31,3.08,3.63,2.25,3.0,3.5,,,,2.35,3.0,3.4
2019/2020,2020-06-13 16:00:00,SP2,Spain,La Liga Segunda Division,,Santander,Lugo,1,2,A,1,0,H,2.32,3.02,3.61,2.2,3.1,3.5,,,,2.25,3.0,3.5
2019/2020,2020-06-13 16:00:00,SP1,Spain,La Liga Primera Division,,Celta,Villarreal,0,1,A,0,0,D,2.64,3.39,2.78,2.5,3.4,2.7,,,,2.55,3.3,2.8
2019/2020,2020-06-12 18:30:00,SP2,Spain,La Liga Segunda Division,,Malaga,Huesca,1,3,A,1,2,A,2.85,3.12,2.71,2.75,3.0,2.75,,,,2.7,3.2,2.65
2019/2020,2020-03-10 19:00:00,SP1,Spain,La Liga Primera Division,,Eibar,Sociedad,1,2,A,0,1,A,3.4,3.39,2.25,3.4,3.3,2.2,,,,3.3,3.3,2.25
2019/2020,2020-03-08 17:30:00,SP1,Spain,La Liga Primera Division,,Villarreal,Leganes,1,2,A,1,0,H,1.72,3.82,5.19,1.75,3.6,5.0,,,,1.67,3.8,5.25
2019/2020,2020-03-08 17:15:00,SP2,Spain,La Liga Segunda Division,,Alcorcon,Mirandes,1,2,A,0,0,D,2.2,2.94,4.08,2.1,3.1,3.75,,,,2.2,3.0,3.7
2019/2020,2020-03-08 15:00:00,SP2,Spain,La Liga Segunda Division,,Malaga,Zaragoza,0,1,A,0,0,D,2.69,2.97,3.02,2.6,3.0,2.9,,,,2.55,2.95,3.0
2019/2020,2020-03-08 13:00:00,SP1,Spain,La Liga Primera Division,,Valladolid,Ath Bilbao,1,4,A,0,2,A,3.06,2.81,2.85,3.0,2.8,2.75,,,,2.95,2.85,2.75
2019/2020,2020-03-08 11:00:00,SP2,Spain,La Liga Segunda Division,,Vallecano,Elche,2,3,A,1,0,H,2.06,3.16,4.24,2.0,3.2,4.0,,,,2.0,3.25,3.9
2019/2020,2020-03-07 17:15:00,SP2,Spain,La Liga Segunda Division,,Numancia,Santander,1,2,A,0,0,D,1.74,3.37,5.91,1.8,3.4,4.75,,,,1.75,3.3,5.25
2019/2020,2020-03-07 15:00:00,SP2,Spain,La Liga Segunda Division,,Extremadura UD,Oviedo,1,2,A,0,1,A,2.83,2.87,2.96,2.7,2.87,2.87,,,,2.55,2.95,3.0
2019/2020,2020-03-07 12:00:00,SP1,Spain,La Liga Primera Division,,Eibar,Mallorca,1,2,A,0,1,A,1.74,3.73,5.23,1.7,3.6,5.25,,,,1.72,3.6,5.25
2019/2020,2020-03-01 17:30:00,SP1,Spain,La Liga Primera Division,,Mallorca,Getafe,0,1,A,0,0,D,3.74,2.96,2.34,3.7,3.0,2.25,,,,3.6,3.0,2.3
2019/2020,2020-03-01 17:15:00,SP2,Spain,La Liga Segunda Division,,Fuenlabrada,Alcorcon,3,4,A,1,3,A,2.24,2.99,3.86,2.2,2.87,3.8,,,,2.2,2.9,3.8
2019/2020,2020-02-23 17:30:00,SP1,Spain,La Liga Primera Division,,Getafe,Sevilla,0,3,A,0,1,A,2.33,3.16,3.48,2.3,3.1,3.4,,,,2.35,3.1,3.3
2019/2020,2020-02-23 11:00:00,SP1,Spain,La Liga Primera Division,,Osasuna,Granada,0,3,A,0,3,A,1.93,3.52,4.4,1.85,3.4,4.33,,,,1.91,3.4,4.25
2019/2020,2020-02-16 17:30:00,SP1,Spain,La Liga Primera Division,,Ath Bilbao,Osasuna,0,1,A,0,1,A,2.07,3.19,4.24,2.0,3.25,4.1,,,,2.0,3.25,4.2
2019/2020,2020-02-16 17:15:00,SP2,Spain,La Liga Segunda Division,,Santander,Sp Gijon,0,2,A,0,1,A,2.79,2.79,3.09,2.62,3.0,2.87,,,,2.8,2.9,2.8
2019/2020,2020-02-16 15:00:00,SP2,Spain,La Liga Segunda Division,,Cadiz,Malaga,0,1,A,0,0,D,1.97,3.03,4.97,2.0,2.9,4.5,,,,1.95,3.1,4.5
2019/2020,2020-02-16 11:00:00,SP2,Spain,La Liga Segunda Division,,Fuenlabrada,Lugo,0,1,A,0,0,D,1.7,3.42,6.2,1.66,3.4,5.0,,,,1.75,3.5,5.0
2019/2020,2020-02-15 20:00:00,SP2,Spain,La Liga Segunda Division,,Elche,Zaragoza,1,2,A,1,2,A,2.97,2.91,2.78,2.87,2.9,2.5,,,,2.9,2.95,2.65
2019/2020,2020-02-15 17:15:00,SP2,Spain,La Liga Segunda Division,,Oviedo,Alcorcon,1,2,A,0,2,A,2.28,2.86,3.97,2.1,2.9,3.6,,,,2.25,3.0,3.5
2019/2020,2020-02-09 20:00:00,SP1,Spain,La Liga Primera Division,,Betis,Barcelona,2,3,A,2,2,D,4.14,3.84,1.88,4.0,3.8,1.85,,,,4.25,3.9,1.8
2019/2020,2020-02-09 15:00:00,SP1,Spain,La Liga Primera Division,,Osasuna,Real Madrid,1,4,A,1,2,A,5.87,4.59,1.55,5.75,4.5,1.53,,,,6.0,4.2,1.55
2019/2020,2020-02-09 11:00:00,SP2,Spain,La Liga Segunda Division,,Alcorcon,La Coruna,0,1,A,0,0,D,2.62,2.71,3.45,2.45,2.87,3.25,,,,2.55,2.7,3.4
2019/2020,2020-02-08 17:15:00,SP2,Spain,La Liga Segunda Division,,Las Palmas,Cadiz,1,2,A,0,1,A,2.63,2.8,3.31,2.55,2.87,3.1,,,,2.55,2.75,3.25
2019/2020,2020-02-08 15:00:00,SP2,Spain,La Liga Segunda Division,,Extremadura UD,Tenerife,2,4,A,0,2,A,2.54,2.87,3.36,2.4,2.87,3.3,,,,2.35,2.9,3.4
2019/2020,2020-02-07 20:00:00,SP2,Spain,La Liga Segunda Division,,Almeria,Santander,0,1,A,0,1,A,1.62,3.62,6.78,1.61,3.6,6.0,,,,1.6,3.5,6.75
2019/2020,2020-02-02 15:00:00,SP1,Spain,La Liga Primera Division,,Ath Bilbao,Getafe,0,2,A,0,1,A,2.6,2.87,3.33,2.55,2.8,3.3,,,,2.4,2.95,3.4
2019/2020,2020-02-02 11:00:00,SP2,Spain,La Liga Segunda Division,,Fuenlabrada,Girona,0,1,A,0,1,A,2.67,2.96,3.06,2.5,3.0,3.0,,,,2.5,2.95,3.1
2019/2020,2020-02-01 17:30:00,SP1,Spain,La Liga Primera Division,,Mallorca,Valladolid,0,1,A,0,0,D,2.3,3.25,3.43,2.25,3.25,3.4,,,,2.25,3.3,3.3
2019/2020,2020-01-26 20:00:00,SP1,Spain,La Liga Primera Division,,Valladolid,Real Madrid,0,1,A,0,0,D,7.15,5.0,1.44,7.5,4.5,1.44,,,,6.75,5.0,1.42
2019/2020,2020-01-26 15:00:00,SP2,Spain,La Liga Segunda Division,,Almeria,Elche,0,2,A,0,0,D,1.75,3.51,5.48,1.8,3.25,5.0,,,,1.75,3.5,5.0
2019/2020,2020-01-26 15:00:00,SP2,Spain,La Liga Segunda Division,,Albacete,La Coruna,0,1,A,0,1,A,2.46,2.96,3.39,2.5,2.8,3.25,,,,2.55,3.0,3.0
2019/2020,2020-01-25 17:30:00,SP1,Spain,La Liga Primera Division,,Alaves,Villarreal,1,2,A,0,1,A,2.89,3.23,2.65,2.8,3.25,2.55,,,,2.8,3.3,2.55
2019/2020,2020-01-19 19:30:00,SP2,Spain,La Liga Segunda Division,,Extremadura UD,Almeria,1,2,A,1,1,D,3.17,2.93,2.61,3.1,2.9,2.5,,,,3.1,2.9,2.55
2019/2020,2020-01-19 15:00:00,SP1,Spain,La Liga Primera Division,,Villarreal,Espanol,1,2,A,0,1,A,1.67,4.03,5.38,1.65,3.8,5.75,,,,1.67,3.9,5.25
2019/2020,2020-01-18 12:00:00,SP1,Spain,La Liga Primera Division,,Levante,Alaves,0,1,A,0,0,D,2.09,3.52,3.7,2.05,3.4,3.75,,,,2.0,3.5,3.8
2019/2020,2020-01-17 20:00:00,SP1,Spain,La Liga Primera Division,,Leganes,Getafe,0,3,A,0,3,A,2.96,2.82,2.94,3.0,2.87,2.7,,,,2.9,2.85,2.8
2019/2020,2020-01-14 20:30:00,SP2,Spain,La Liga Segunda Division,,Las Palmas,Zaragoza,0,1,A,0,0,D,2.55,3.39,2.84,2.4,3.3,2.87,,,,2.45,3.25,2.9
2019/2020,2020-01-05 13:00:00,SP1,Spain,La Liga Primera Division,,Sociedad,Villarreal,1,2,A,1,0,H,1.95,3.98,3.76,1.85,3.9,3.9,,,,1.85,3.9,3.9
2019/2020,2020-01-05 11:00:00,SP2,Spain,La Liga Segunda Division,,Numancia,La Coruna,0,1,A,0,0,D,2.2,3.06,3.85,2.1,3.2,3.6,,,,2.2,3.0,3.7
2019/2020,2020-01-04 17:00:00,SP2,Spain,La Liga Segunda Division,,Lugo,Almeria,0,4,A,0,2,A,3.45,3.08,2.35,3.2,3.2,2.3,,,,3.1,3.2,2.35
2019/2020,2020-01-04 15:00:00,SP1,Spain,La Liga Primera Division,,Getafe,Real Madrid,0,3,A,0,1,A,4.4,3.7,1.87,4.2,3.6,1.85,,,,4.33,3.6,1.85
2019/2020,2019-12-22 19:00:00,SP2,Spain,La Liga Segunda Division,,Girona,Mirandes,0,3,A,0,1,A,1.68,3.56,5.99,1.65,3.6,5.75,,,,1.7,3.4,5.75
2019/2020,2019-12-22 15:00:00,SP1,Spain,La Liga Primera Division,,Betis,Ath Madrid,1,2,A,0,0,D,3.92,3.39,2.07,3.8,3.3,2.1,,,,3.8,3.4,2.05
2019/2020,2019-12-22 13:00:00,SP1,Spain,La Liga Primera Division,,Osasuna,Sociedad,3,4,A,1,3,A,2.82,3.39,2.61,2.8,3.4,2.5,,,,2.8,3.1,2.7
2019/2020,2019-12-22 11:00:00,SP2,Spain,La Liga Segunda Division,,Almeria,Ponferradina,2,3,A,1,0,H,1.78,3.44,5.37,1.75,3.4,5.0,,,,1.78,3.4,5.0
2019/2020,2019-12-21 20:00:00,SP2,Spain,La Liga Segunda Division,,Cadiz,Numancia,2,4,A,1,1,D,1.78,3.25,5.91,1.72,3.1,6.0,,,,1.72,3.2,6.0
2019/2020,2019-12-21 17:00:00,SP2,Spain,La Liga Segunda Division,,Sp Gijon,Extremadura UD,0,1,A,0,0,D,1.72,3.49,5.83,1.66,3.3,6.0,,,,1.7,3.3,6.0
2019/2020,2019-12-21 15:00:00,SP2,Spain,La Liga Segunda Division,,Albacete,Elche,0,1,A,0,0,D,2.14,3.2,3.83,2.05,3.1,4.0,,,,2.1,3.2,3.7
2019/2020,2019-12-21 12:00:00,SP1,Spain,La Liga Primera Division,,Mallorca,Sevilla,0,2,A,0,1,A,4.99,3.91,1.73,5.0,4.0,1.66,,,,5.25,3.9,1.67
2019/2020,2019-12-15 17:30:00,SP1,Spain,La Liga Primera Division,,Sevilla,Villarreal,1,2,A,0,1,A,1.68,4.21,5.05,1.66,4.0,5.0,,,,1.67,4.1,4.75
2019/2020,2019-12-15 17:00:00,SP2,Spain,La Liga Segunda Division,,Lugo,Sp Gijon,1,2,A,0,1,A,3.32,3.1,2.41,3.2,3.0,2.37,,,,3.3,3.0,2.35
2019/2020,2019-12-15 17:00:00,SP2,Spain,La Liga Segunda Division,,Elche,Las Palmas,2,3,A,2,0,H,2.64,2.94,3.12,2.4,2.8,3.1,,,,2.55,2.95,3.0
2019/2020,2019-12-15 15:00:00,SP2,Spain,La Liga Segunda Division,,Oviedo,Cadiz,0,2,A,0,1,A,2.36,2.99,3.55,2.3,2.75,3.4,,,,2.4,2.95,3.25
2019/2020,2019-12-14 12:00:00,SP1,Spain,La Liga Primera Division,,Granada,Levante,1,2,A,0,0,D,2.05,3.58,3.82,2.0,3.6,3.8,,,,2.0,3.5,3.8
2019/2020,2019-12-08 15:00:00,SP2,Spain,La Liga Segunda Division,,La Coruna,Zaragoza,1,3,A,0,2,A,2.45,3.32,3.07,2.37,3.25,3.0,,,,2.25,3.2,3.2
2019/2020,2019-12-08 11:00:00,SP1,Spain,La Liga Primera Division,,Eibar,Getafe,0,1,A,0,0,D,2.82,3.05,2.88,2.8,2.9,2.87,,,,2.65,3.0,2.95
2019/2020,2019-12-07 17:30:00,SP1,Spain,La Liga Primera Division,,Levante,Valencia,2,4,A,2,1,H,3.08,3.89,2.23,3.2,3.75,2.15,,,,3.0,3.75,2.2
2019/2020,2019-12-07 15:00:00,SP2,Spain,La Liga Segunda Division,,Huesca,Vallecano,0,2,A,0,1,A,1.97,3.49,4.21,1.85,3.4,4.5,,,,1.95,3.2,4.1
2019/2020,2019-12-06 17:30:00,SP2,Spain,La Liga Segunda Division,,Alcorcon,Oviedo,1,3,A,1,2,A,2.38,2.94,3.65,2.2,2.87,3.8,,,,2.35,2.85,3.5
2019/2020,2019-12-01 20:00:00,SP1,Spain,La Liga Primera Division,,Ath Madrid,Barcelona,0,1,A,0,0,D,2.88,3.24,2.68,2.75,3.3,2.6,,,,2.85,3.3,2.5
2019/2020,2019-12-01 19:00:00,SP2,Spain,La Liga Segunda Division,,Extremadura UD,Las Palmas,0,1,A,0,1,A,2.51,3.31,2.99,2.45,3.0,3.1,,,,2.5,3.0,3.1
2019/2020,2019-12-01 15:00:00,SP1,Spain,La Liga Primera Division,,Espanol,Osasuna,2,4,A,1,0,H,2.23,3.3,3.6,2.15,3.1,3.6,,,,2.2,3.1,3.6
2019/2020,2019-11-30 17:30:00,SP1,Spain,La Liga Primera Division,,Mallorca,Betis,1,2,A,0,2,A,2.74,3.35,2.73,2.62,3.3,2.7,,,,2.65,3.3,2.7
2019/2020,2019-11-30 17:00:00,SP2,Spain,La Liga Segunda Division,,Tenerife,Almeria,1,3,A,1,2,A,2.35,3.13,3.46,2.2,3.1,3.6,,,,2.3,3.0,3.4
2019/2020,2019-11-30 15:00:00,SP2,Spain,La Liga Segunda Division,,Alcorcon,Huesca,0,2,A,0,0,D,3.39,3.06,2.42,3.25,3.1,2.3,,,,3.5,2.95,2.3
2019/2020,2019-11-30 12:00:00,SP1,Spain,La Liga Primera Division,,Alaves,Real Madrid,1,2,A,0,0,D,6.12,4.65,1.53,6.5,4.33,1.5,,,,6.0,4.33,1.53
2019/2020,2019-11-24 20:00:00,SP1,Spain,La Liga Primera Division,,Valladolid,Sevilla,0,1,A,0,1,A,4.23,3.79,1.89,4.0,3.5,1.9,,,,4.1,3.5,1.91
2019/2020,2019-11-24 17:30:00,SP1,Spain,La Liga Primera Division,,Villarreal,Celta,1,3,A,0,0,D,1.8,3.97,4.49,1.8,3.8,4.33,,,,1.78,3.8,4.5
2019/2020,2019-11-24 15:00:00,SP1,Spain,La Liga Primera Division,,Eibar,Alaves,0,2,A,0,0,D,1.87,3.42,4.92,1.85,3.5,4.5,,,,1.87,3.4,4.6
2019/2020,2019-11-24 15:00:00,SP2,Spain,La Liga Segunda Division,,Albacete,Mirandes,1,2,A,1,2,A,2.14,3.12,4.03,2.15,3.1,3.6,,,,2.15,2.9,4.0
2019/2020,2019-11-24 13:00:00,SP1,Spain,La Liga Primera Division,,Osasuna,Ath Bilbao,1,2,A,0,1,A,2.66,3.01,3.11,2.6,3.0,3.0,,,,2.65,2.95,3.0
2019/2020,2019-11-23 15:00:00,SP2,Spain,La Liga Segunda Division,,Vallecano,Zaragoza,0,1,A,0,0,D,1.84,3.49,4.85,1.8,3.5,4.5,,,,1.87,3.4,4.33
2019/2020,2019-11-23 12:00:00,SP1,Spain,La Liga Primera Division,,Leganes,Barcelona,1,2,A,1,0,H,7.11,4.54,1.49,7.0,4.75,1.44,,,,7.5,4.75,1.42
2019/2020,2019-11-22 20:00:00,SP2,Spain,La Liga Segunda Division,,Sp Gijon,Tenerife,0,2,A,0,0,D,1.94,3.24,4.75,1.9,3.2,4.33,,,,1.87,3.1,5.0
2019/2020,2019-11-16 20:00:00,SP2,Spain,La Liga Segunda Division,,Zaragoza,Albacete,0,1,A,0,0,D,1.77,3.47,5.45,1.8,3.4,4.75,,,,1.8,3.4,4.75
2019/2020,2019-11-10 20:00:00,SP1,Spain,La Liga Primera Division,,Betis,Sevilla,1,2,A,1,1,D,3.5,3.53,2.17,3.6,3.4,2.1,,,,3.5,3.3,2.15
2019/2020,2019-11-10 11:00:00,SP2,Spain,La Liga Segunda Division,,La Coruna,Elche,1,3,A,1,1,D,1.81,3.28,5.11,1.75,3.3,5.25,,,,1.8,3.3,5.0
2019/2020,2019-11-09 17:30:00,SP1,Spain,La Liga Primera Division,,Eibar,Real Madrid,0,4,A,0,3,A,5.75,4.17,1.62,5.25,4.33,1.6,,,,5.5,4.1,1.6
2019/2020,2019-11-09 17:00:00,SP2,Spain,La Liga Segunda Division,,Albacete,Lugo,0,1,A,0,0,D,1.82,3.31,5.44,1.8,3.2,5.0,,,,1.83,3.2,5.0
2019/2020,2019-11-09 17:00:00,SP2,Spain,La Liga Segunda Division,,Sp Gijon,Numancia,0,1,A,0,1,A,1.81,3.25,5.68,1.83,3.2,4.75,,,,1.8,3.25,5.0
2019/2020,2019-11-03 20:00:00,SP1,Spain,La Liga Primera Division,,Granada,Sociedad,1,2,A,1,1,D,3.14,3.24,2.49,3.1,3.2,2.45,,,,3.0,3.2,2.5
2019/2020,2019-11-03 17:30:00,SP1,Spain,La Liga Primera Division,,Leganes,Eibar,1,2,A,1,1,D,2.38,3.25,3.31,2.25,3.1,3.5,,,,2.25,3.2,3.4
2019/2020,2019-11-03 17:30:00,SP1,Spain,La Liga Primera Division,,Celta,Getafe,0,1,A,0,1,A,2.64,3.06,3.1,2.5,3.1,3.0,,,,2.55,3.1,2.95
2019/2020,2019-11-03 11:00:00,SP2,Spain,La Liga Segunda Division,,Extremadura UD,Girona,1,3,A,0,2,A,3.42,2.95,2.39,3.6,2.9,2.25,,,,3.25,3.0,2.4
2019/2020,2019-11-02 12:00:00,SP1,Spain,La Liga Primera Division,,Espanol,Valencia,1,2,A,1,0,H,2.78,3.27,2.75,2.7,3.3,2.62,,,,2.75,3.2,2.65
2019/2020,2019-10-30 18:00:00,SP1,Spain,La Liga Primera Division,,Sociedad,Levante,1,2,A,0,2,A,1.52,4.62,6.33,1.5,4.5,6.5,,,,1.5,4.4,6.5
2019/2020,2019-10-27 17:00:00,SP2,Spain,La Liga Segunda Division,,Las Palmas,Fuenlabrada,1,3,A,0,2,A,2.01,2.99,4.59,1.95,3.3,4.0,,,,1.95,3.1,4.5
2019/2020,2019-10-27 15:00:00,SP1,Spain,La Liga Primera Division,,Levante,Espanol,0,1,A,0,1,A,2.21,3.45,3.48,2.1,3.5,3.5,,,,2.1,3.4,3.6
2019/2020,2019-10-27 11:00:00,SP1,Spain,La Liga Primera Division,,Celta,Sociedad,0,1,A,0,0,D,2.9,3.28,2.63,3.0,3.25,2.45,,,,2.8,3.4,2.5
2019/2020,2019-10-26 15:00:00,SP2,Spain,La Liga Segunda Division,,Vallecano,Ponferradina,1,3,A,0,1,A,1.53,4.22,5.99,1.57,3.75,6.0,,,,1.53,4.25,6.0
2019/2020,2019-10-20 20:00:00,SP2,Spain,La Liga Segunda Division,,Zaragoza,Mirandes,1,2,A,0,1,A,1.48,4.1,8.42,1.5,4.0,6.5,,,,1.5,4.0,6.5
2019/2020,2019-10-20 15:00:00,SP1,Spain,La Liga Primera Division,,Espanol,Villarreal,0,1,A,0,1,A,3.09,3.51,2.37,3.0,3.3,2.37,,,,3.1,3.4,2.3
2019/2020,2019-10-20 15:00:00,SP2,Spain,La Liga Segunda Division,,La Coruna,Malaga,0,2,A,0,1,A,1.99,3.29,4.4,2.0,3.25,4.0,,,,1.95,3.25,4.1
2019/2020,2019-10-20 11:00:00,SP2,Spain,La Liga Segunda Division,,Fuenlabrada,Albacete,0,1,A,0,0,D,1.93,3.17,4.96,1.85,3.2,4.75,,,,1.9,3.1,4.75
2019/2020,2019-10-19 19:00:00,SP2,Spain,La Liga Segunda Division,,Extremadura UD,Vallecano,0,3,A,0,1,A,3.24,3.24,2.39,3.1,3.2,2.3,,,,3.1,3.2,2.3
2019/2020,2019-10-19 17:00:00,SP2,Spain,La Liga Segunda Division,,Elche,Sp Gijon,0,1,A,0,1,A,2.46,3.07,3.3,2.37,3.1,3.1,,,,2.55,3.0,3.0
2019/2020,2019-10-19 12:00:00,SP1,Spain,La Liga Primera Division,,Eibar,Barcelona,0,3,A,0,1,A,6.13,4.53,1.54,6.0,4.5,1.5,,,,6.0,4.6,1.5
2019/2020,2019-10-13 17:00:00,SP2,Spain,La Liga Segunda Division,,Albacete,Oviedo,1,2,A,1,0,H,2.32,3.24,3.39,2.2,3.1,3.4,,,,2.3,3.2,3.2
2019/2020,2019-10-13 15:00:00,SP2,Spain,La Liga Segunda Division,,Numancia,Zaragoza,0,1,A,0,0,D,3.08,3.37,2.42,3.2,3.1,2.3,,,,3.2,3.2,2.3
2019/2020,2019-10-12 17:00:00,SP2,Spain,La Liga Segunda Division,,Malaga,Cadiz,1,2,A,0,1,A,5.03,3.34,1.8,4.6,3.3,1.83,,,,4.6,3.1,1.75
2019/2020,2019-10-12 15:00:00,SP2,Spain,La Liga Segunda Division,,Sp Gijon,Alcorcon,1,3,A,0,3,A,1.83,3.41,5.13,1.8,3.25,5.0,,,,1.8,3.2,5.25
2019/2020,2019-10-12 11:00:00,SP2,Spain,La Liga Segunda Division,,Girona,Elche,0,2,A,0,1,A,1.59,3.81,6.7,1.55,3.8,6.5,,,,1.57,3.8,6.25
2019/2020,2019-10-06 19:30:00,SP2,Spain,La Liga Segunda Division,,Santander,Girona,0,3,A,0,1,A,2.58,3.07,3.12,2.45,3.0,3.2,,,,2.4,3.0,3.25
2019/2020,2019-10-06 17:30:00,SP1,Spain,La Liga Primera Division,,Sociedad,Getafe,1,2,A,1,0,H,1.96,3.39,4.5,1.9,3.4,4.33,,,,1.83,3.5,4.6
2019/2020,2019-10-06 15:00:00,SP2,Spain,La Liga Segunda Division,,Zaragoza,Cadiz,0,2,A,0,0,D,2.09,3.36,3.87,2.1,3.0,3.8,,,,2.05,3.25,3.75
2019/2020,2019-10-05 19:30:00,SP2,Spain,La Liga Segunda Division,,Tenerife,Extremadura UD,1,2,A,1,1,D,2.09,3.33,3.9,2.0,3.1,4.2,,,,2.15,3.1,3.7
2019/2020,2019-10-05 15:00:00,SP2,Spain,La Liga Segunda Division,,Lugo,Las Palmas,0,2,A,0,0,D,2.88,3.12,2.72,3.1,2.9,2.55,,,,2.8,2.95,2.75
2019/2020,2019-10-05 12:00:00,SP1,Spain,La Liga Primera Division,,Leganes,Levante,1,2,A,0,1,A,1.99,3.5,4.18,2.0,3.5,3.8,,,,1.91,3.5,4.1
2019/2020,2019-10-04 20:00:00,SP2,Spain,La Liga Segunda Division,,Alcorcon,Albacete,0,1,A,0,0,D,2.01,3.34,4.21,1.95,3.2,4.2,,,,1.95,3.1,4.5
2019/2020,2019-10-02 20:00:00,SP2,Spain,La Liga Segunda Division,,Tenerife,Oviedo,0,1,A,0,1,A,1.98,3.27,4.48,1.9,3.1,4.5,,,,1.91,3.25,4.4
2019/2020,2019-10-02 20:00:00,SP2,Spain,La Liga Segunda Division,,Ponferradina,Las Palmas,0,2,A,0,1,A,2.21,3.32,3.55,2.2,3.1,3.5,,,,2.25,3.1,3.4
2019/2020,2019-09-29 20:00:00,SP2,Spain,La Liga Segunda Division,,Lugo,Tenerife,1,4,A,1,2,A,2.62,3.22,2.92,2.62,3.0,2.87,,,,2.55,3.2,2.8
2019/2020,2019-09-29 15:00:00,SP2,Spain,La Liga Segunda Division,,Almeria,Cadiz,1,2,A,0,0,D,2.36,3.15,3.41,2.25,3.0,3.5,,,,2.3,3.0,3.4
2019/2020,2019-09-29 11:00:00,SP1,Spain,La Liga Primera Division,,Espanol,Valladolid,0,2,A,0,1,A,2.07,3.2,4.28,1.95,3.3,4.2,,,,1.95,3.3,4.25
2019/2020,2019-09-28 17:00:00,SP2,Spain,La Liga Segunda Division,,Alcorcon,Extremadura UD,0,2,A,0,0,D,1.79,3.4,5.39,1.75,3.4,5.0,,,,1.83,3.3,4.75
2019/2020,2019-09-28 15:00:00,SP1,Spain,La Liga Primera Division,,Getafe,Barcelona,0,2,A,0,1,A,4.53,3.44,1.93,4.33,3.4,1.85,,,,4.33,3.6,1.85
2019/2020,2019-09-28 12:00:00,SP1,Spain,La Liga Primera Division,,Ath Bilbao,Valencia,0,1,A,0,1,A,2.15,3.24,3.9,2.2,3.2,3.5,,,,2.2,3.1,3.6
2019/2020,2019-09-25 18:00:00,SP1,Spain,La Liga Primera Division,,Mallorca,Ath Madrid,0,2,A,0,1,A,6.38,3.74,1.65,6.5,3.6,1.61,,,,6.75,3.5,1.62
2019/2020,2019-09-22 20:00:00,SP1,Spain,La Liga Primera Division,,Sevilla,Real Madrid,0,1,A,0,0,D,2.63,3.84,2.57,2.62,3.8,2.45,,,,2.65,3.9,2.4
2019/2020,2019-09-22 19:00:00,SP2,Spain,La Liga Segunda Division,,Tenerife,Fuenlabrada,0,1,A,0,0,D,,,,,,,,,,,,
2019/2020,2019-09-22 19:00:00,SP2,Spain,La Liga Segunda Division,,Extremadura UD,Huesca,0,1,A,0,1,A,3.18,2.98,2.6,2.9,3.0,2.6,,,,,,
2019/2020,2019-09-22 13:00:00,SP1,Spain,La Liga Primera Division,,Espanol,Sociedad,1,3,A,0,2,A,2.97,3.37,2.52,3.0,3.25,2.45,,,,2.95,3.25,2.45
2019/2020,2019-09-18 18:00:00,SP2,Spain,La Liga Segunda Division,,Huesca,Albacete,0,1,A,0,1,A,1.71,3.51,5.88,1.72,3.4,5.25,,,,1.75,3.3,5.0
2019/2020,2019-09-15 15:00:00,SP2,Spain,La Liga Segunda Division,,Oviedo,Elche,0,2,A,0,1,A,1.81,3.75,4.61,1.9,3.1,4.5,,,,1.85,3.4,4.4
2019/2020,2019-09-15 15:00:00,SP1,Spain,La Liga Primera Division,,Celta,Granada,0,2,A,0,1,A,1.83,3.8,4.56,1.83,3.6,4.33,,,,1.85,3.6,4.33
2019/2020,2019-09-15 13:00:00,SP1,Spain,La Liga Primera Division,,Alaves,Sevilla,0,1,A,0,1,A,4.4,3.48,1.95,4.2,3.2,2.0,,,,4.2,3.3,1.95
2019/2020,2019-09-15 11:00:00,SP1,Spain,La Liga Primera Division,,Eibar,Espanol,1,2,A,0,0,D,1.97,3.39,4.42,2.0,3.3,4.0,,,,1.95,3.3,4.25
2019/2020,2019-09-15 11:00:00,SP2,Spain,La Liga Segunda Division,,Albacete,Tenerife,0,4,A,0,2,A,2.47,2.99,3.38,2.3,3.0,3.4,,,,2.3,3.0,3.4
2019/2020,2019-09-14 17:30:00,SP2,Spain,La Liga Segunda Division,,Las Palmas,Almeria,0,3,A,0,1,A,2.46,3.21,3.16,2.45,2.87,3.25,,,,2.5,3.0,3.1
2019/2020,2019-09-14 15:00:00,SP1,Spain,La Liga Primera Division,,Leganes,Villarreal,0,3,A,0,2,A,2.58,3.23,3.02,2.45,3.1,3.2,,,,2.45,3.1,3.1
2019/2020,2019-09-08 17:30:00,SP2,Spain,La Liga Segunda Division,,Alcorcon,Zaragoza,0,3,A,0,2,A,2.67,2.92,3.15,2.5,2.9,3.1,,,,2.45,2.9,3.25
2019/2020,2019-09-07 17:00:00,SP2,Spain,La Liga Segunda Division,,Malaga,Almeria,0,1,A,0,1,A,2.51,3.17,3.12,2.4,3.0,3.2,,,,2.4,2.95,3.25
2019/2020,2019-09-07 15:00:00,SP2,Spain,La Liga Segunda Division,,La Coruna,Albacete,0,1,A,0,0,D,1.74,3.42,5.83,1.66,3.4,6.0,,,,1.67,3.5,5.75
2019/2020,2019-09-06 20:00:00,SP2,Spain,La Liga Segunda Division,,Santander,Cadiz,1,2,A,0,1,A,3.0,2.93,2.78,2.87,2.9,2.7,,,,2.8,2.85,2.85
2019/2020,2019-09-01 18:00:00,SP1,Spain,La Liga Primera Division,,Espanol,Granada,0,3,A,0,1,A,2.13,3.19,4.03,2.05,3.3,4.0,,,,2.1,3.2,3.9
2019/2020,2019-09-01 17:00:00,SP2,Spain,La Liga Segunda Division,,Lugo,Alcorcon,2,4,A,1,2,A,2.45,2.92,3.53,2.25,2.9,3.6,,,,2.3,3.0,3.4
2019/2020,2019-08-25 20:00:00,SP2,Spain,La Liga Segunda Division,,Extremadura UD,Fuenlabrada,1,2,A,0,1,A,2.33,2.93,3.79,2.15,3.1,3.25,,,,2.25,2.9,3.5
2019/2020,2019-08-25 18:00:00,SP1,Spain,La Liga Primera Division,,Leganes,Ath Madrid,0,1,A,0,0,D,5.62,3.31,1.81,4.75,3.4,1.8,,,,4.75,3.3,1.8
2019/2020,2019-08-25 16:00:00,SP1,Spain,La Liga Primera Division,,Mallorca,Sociedad,0,1,A,0,0,D,3.12,3.29,2.47,3.1,3.1,2.4,,,,3.1,3.1,2.35
2019/2020,2019-08-24 19:00:00,SP2,Spain,La Liga Segunda Division,,Alcorcon,Elche,1,2,A,1,0,H,2.12,3.12,4.1,2.0,3.1,4.0,,,,2.1,3.1,3.75
2019/2020,2019-08-24 18:00:00,SP2,Spain,La Liga Segunda Division,,Mirandes,Cadiz,1,2,A,0,0,D,2.88,3.02,2.81,2.7,3.1,2.7,,,,2.7,2.95,2.8
2019/2020,2019-08-23 19:00:00,SP1,Spain,La Liga Primera Division,,Granada,Sevilla,0,1,A,0,0,D,4.07,3.68,1.96,3.6,3.6,1.95,,,,3.9,3.4,1.91
2019/2020,2019-08-18 20:00:00,SP1,Spain,La Liga Primera Division,,Betis,Valladolid,1,2,A,0,0,D,1.63,3.81,6.38,1.66,3.75,5.5,,,,1.65,3.75,5.75
2019/2020,2019-08-18 19:00:00,SP2,Spain,La Liga Segunda Division,,Las Palmas,Huesca,0,1,A,0,0,D,2.37,3.36,3.17,2.25,3.25,3.2,,,,2.3,3.2,3.2
2019/2020,2019-08-18 18:00:00,SP1,Spain,La Liga Primera Division,,Espanol,Sevilla,0,2,A,0,1,A,3.13,3.56,2.33,3.2,3.3,2.3,,,,3.1,3.4,2.3
2019/2020,2019-08-18 17:00:00,SP2,Spain,La Liga Segunda Division,,Numancia,Alcorcon,0,1,A,0,0,D,2.06,3.01,4.58,1.95,3.3,4.0,,,,2.0,3.0,4.4
2019/2020,2019-08-17 20:00:00,SP1,Spain,La Liga Primera Division,,Leganes,Osasuna,0,1,A,0,0,D,2.1,3.21,4.13,2.0,3.2,4.2,,,,2.05,3.25,3.9
2019/2020,2019-08-17 19:00:00,SP2,Spain,La Liga Segunda Division,,Elche,Fuenlabrada,0,2,A,0,2,A,2.02,3.09,4.63,1.9,3.25,4.33,,,,2.0,3.2,4.0
2019/2020,2019-08-17 17:00:00,SP2,Spain,La Liga Segunda Division,,Santander,Malaga,0,1,A,0,0,D,2.89,2.97,2.84,2.87,3.1,2.55,,,,2.95,2.9,2.65
2019/2020,2019-08-17 16:00:00,SP1,Spain,La Liga Primera Division,,Celta,Real Madrid,1,3,A,0,1,A,4.73,4.18,1.72,4.75,4.2,1.65,,,,4.4,4.2,1.72
2018/2019,2019-06-04 00:00:00,SP2,Spain,La Liga Segunda Division,,Albacete,Malaga,1,2,A,0,1,A,2.47,2.83,3.44,2.3,3.0,3.4,,,,2.4,2.8,3.1
2018/2019,2019-06-04 00:00:00,SP2,Spain,La Liga Segunda Division,,Cadiz,Extremadura UD,0,1,A,0,1,A,1.38,4.33,9.07,1.4,4.2,8.5,,,,1.4,3.9,7.75
2018/2019,2019-06-02 00:00:00,SP2,Spain,La Liga Segunda Division,,Reus Deportiu,Sp Gijon,0,1,A,-1,-1,,,,,,,,,,,,,
2018/2019,2019-06-01 00:00:00,SP2,Spain,La Liga Segunda Division,,Alcorcon,Gimnastic,0,1,A,0,1,A,1.99,3.34,4.22,2.0,3.4,3.75,,,,1.87,3.2,3.9
2018/2019,2019-05-31 00:00:00,SP2,Spain,La Liga Segunda Division,,Cordoba,Osasuna,2,3,A,0,2,A,3.67,3.53,2.07,3.8,3.5,1.95,,,,3.4,3.25,2.0
2018/2019,2019-05-25 00:00:00,SP2,Spain,La Liga Segunda Division,,Sp Gijon,Albacete,0,2,A,0,1,A,2.22,3.3,3.38,2.25,3.1,3.4,,,,2.2,3.2,3.4
2018/2019,2019-05-20 00:00:00,SP2,Spain,La Liga Segunda Division,,Albacete,Granada,0,1,A,0,0,D,2.79,2.86,2.94,2.5,3.0,3.0,,,,2.75,3.0,2.75
2018/2019,2019-05-19 00:00:00,SP2,Spain,La Liga Segunda Division,,Reus Deportiu,Malaga,0,1,A,-1,-1,,,,,,,,,,,,,
2018/2019,2019-05-19 00:00:00,SP1,Spain,La Liga Primera Division,,Real Madrid,Betis,0,2,A,0,0,D,1.59,5.09,4.86,1.57,4.75,4.75,,,,1.57,4.75,5.0
2018/2019,2019-05-18 00:00:00,SP2,Spain,La Liga Segunda Division,,Alcorcon,Extremadura UD,0,1,A,0,0,D,2.45,3.25,3.0,2.37,3.1,3.1,,,,2.3,3.2,3.2
2018/2019,2019-05-18 00:00:00,SP1,Spain,La Liga Primera Division,,Valladolid,Valencia,0,2,A,0,1,A,8.05,4.91,1.42,8.0,5.25,1.36,,,,8.0,4.75,1.4
2018/2019,2019-05-12 00:00:00,SP1,Spain,La Liga Primera Division,,Vallecano,Valladolid,1,2,A,0,1,A,4.09,4.09,1.85,4.2,3.8,1.8,,,,4.2,3.9,1.8
2018/2019,2019-05-12 00:00:00,SP1,Spain,La Liga Primera Division,,Leganes,Espanol,0,2,A,0,1,A,2.58,3.32,2.98,2.4,3.5,2.87,,,,2.45,3.25,2.95
2018/2019,2019-05-12 00:00:00,SP1,Spain,La Liga Primera Division,,Girona,Levante,1,2,A,0,0,D,2.27,3.58,3.28,2.15,3.6,3.2,,,,2.25,3.4,3.2
2018/2019,2019-05-12 00:00:00,SP2,Spain,La Liga Segunda Division,,Rayo Majadahonda,Albacete,2,3,A,1,3,A,2.89,3.19,2.57,2.8,3.0,2.7,,,,2.9,2.95,2.65
2018/2019,2019-05-11 00:00:00,SP2,Spain,La Liga Segunda Division,,Extremadura UD,Zaragoza,0,3,A,0,1,A,2.35,3.02,3.42,2.25,3.1,3.4,,,,2.25,3.1,3.4
2018/2019,2019-05-05 00:00:00,SP1,Spain,La Liga Primera Division,,Huesca,Valencia,2,6,A,0,5,A,3.37,3.68,2.18,3.5,3.4,2.1,,,,3.4,3.6,2.1
2018/2019,2019-05-04 00:00:00,SP1,Spain,La Liga Primera Division,,Alaves,Sociedad,0,1,A,0,1,A,2.64,3.3,2.92,2.5,3.25,2.9,,,,2.6,3.1,2.9
2018/2019,2019-05-04 00:00:00,SP2,Spain,La Liga Segunda Division,,Gimnastic,Extremadura UD,0,1,A,0,0,D,2.55,3.07,3.14,2.45,3.1,3.0,,,,2.45,3.1,3.0
2018/2019,2019-05-04 00:00:00,SP2,Spain,La Liga Segunda Division,,Zaragoza,La Coruna,0,1,A,0,0,D,2.55,3.23,2.98,2.37,3.1,3.1,,,,2.55,3.1,2.9
2018/2019,2019-05-03 00:00:00,SP1,Spain,La Liga Primera Division,,Sevilla,Leganes,0,3,A,0,2,A,1.39,5.17,8.22,1.36,5.0,8.5,,,,1.36,5.0,8.75
2018/2019,2019-04-28 00:00:00,SP1,Spain,La Liga Primera Division,,Valencia,Eibar,0,1,A,0,0,D,1.47,5.11,6.51,1.45,4.5,6.5,,,,1.44,4.5,6.5
2018/2019,2019-04-28 00:00:00,SP2,Spain,La Liga Segunda Division,,Reus Deportiu,Alcorcon,0,1,A,-1,-1,,,,,,,,,,,,,
2018/2019,2019-04-28 00:00:00,SP2,Spain,La Liga Segunda Division,,Cordoba,Zaragoza,0,3,A,0,0,D,2.93,3.32,2.54,2.9,3.3,2.4,,,,2.8,3.3,2.45
2018/2019,2019-04-27 00:00:00,SP2,Spain,La Liga Segunda Division,,Almeria,Oviedo,0,1,A,0,0,D,2.25,3.05,3.77,2.2,3.2,3.4,,,,2.15,3.1,3.5
2018/2019,2019-04-27 00:00:00,SP2,Spain,La Liga Segunda Division,,Malaga,Mallorca,0,1,A,0,0,D,2.12,2.95,4.36,2.0,3.25,4.0,,,,2.05,3.0,4.0
2018/2019,2019-04-26 00:00:00,SP2,Spain,La Liga Segunda Division,,Numancia,La Coruna,1,2,A,0,2,A,3.46,3.03,2.39,3.2,3.1,2.37,,,,3.5,3.0,2.2
2018/2019,2019-04-25 00:00:00,SP1,Spain,La Liga Primera Division,,Sociedad,Villarreal,0,1,A,0,0,D,2.5,3.51,2.94,2.5,3.3,2.9,,,,2.4,3.5,2.9
2018/2019,2019-04-24 00:00:00,SP1,Spain,La Liga Primera Division,,Leganes,Ath Bilbao,0,1,A,0,1,A,2.77,3.07,2.96,2.6,3.0,3.0,,,,2.65,3.0,2.95
2018/2019,2019-04-23 00:00:00,SP1,Spain,La Liga Primera Division,,Alaves,Barcelona,0,2,A,0,0,D,7.5,5.06,1.43,7.0,5.25,1.4,,,,7.0,5.0,1.42
2018/2019,2019-04-22 00:00:00,SP2,Spain,La Liga Segunda Division,,Elche,Osasuna,1,2,A,1,0,H,3.01,3.2,2.55,2.75,3.2,2.6,,,,3.0,3.1,2.4
2018/2019,2019-04-21 00:00:00,SP2,Spain,La Liga Segunda Division,,Tenerife,Almeria,1,3,A,0,1,A,2.29,3.07,3.63,2.2,3.0,3.6,,,,2.3,3.0,3.3
2018/2019,2019-04-21 00:00:00,SP2,Spain,La Liga Segunda Division,,La Coruna,Extremadura UD,1,2,A,0,1,A,1.48,4.11,7.77,1.5,3.6,8.5,,,,1.5,3.7,7.75
2018/2019,2019-04-21 00:00:00,SP1,Spain,La Liga Primera Division,,Betis,Valencia,1,2,A,0,1,A,2.98,3.46,2.5,3.0,3.3,2.4,,,,2.85,3.3,2.5
2018/2019,2019-04-20 00:00:00,SP1,Spain,La Liga Primera Division,,Eibar,Ath Madrid,0,1,A,0,0,D,3.21,3.13,2.54,3.2,3.1,2.4,,,,3.2,3.1,2.4
2018/2019,2019-04-20 00:00:00,SP2,Spain,La Liga Segunda Division,,Lugo,Granada,1,2,A,0,1,A,2.91,3.2,2.63,2.75,3.0,2.37,,,,2.85,3.1,2.55
2018/2019,2019-04-19 00:00:00,SP2,Spain,La Liga Segunda Division,,Alcorcon,Malaga,1,4,A,1,2,A,2.95,2.64,3.13,2.7,2.8,3.0,,,,2.65,2.7,3.1
2018/2019,2019-04-14 00:00:00,SP1,Spain,La Liga Primera Division,,Girona,Villarreal,0,1,A,0,1,A,2.52,3.54,2.9,2.5,3.25,2.8,,,,2.55,3.4,2.75
2018/2019,2019-04-14 00:00:00,SP2,Spain,La Liga Segunda Division,,Cordoba,Lugo,0,4,A,0,1,A,2.56,3.11,3.09,2.37,3.1,3.1,,,,2.55,3.0,2.95
2018/2019,2019-04-14 00:00:00,SP2,Spain,La Liga Segunda Division,,Las Palmas,Cadiz,0,3,A,0,0,D,2.2,3.13,3.79,2.05,3.2,3.75,,,,2.25,3.1,3.4
2018/2019,2019-04-14 00:00:00,SP2,Spain,La Liga Segunda Division,,Reus Deportiu,Oviedo,0,1,A,-1,-1,,,,,,,,,,,,,
2018/2019,2019-04-14 00:00:00,SP2,Spain,La Liga Segunda Division,,Zaragoza,Alcorcon,0,2,A,0,1,A,2.13,3.07,4.12,2.0,3.0,4.33,,,,2.15,2.9,4.0
2018/2019,2019-04-13 00:00:00,SP2,Spain,La Liga Segunda Division,,Rayo Majadahonda,Tenerife,1,3,A,1,1,D,2.63,2.88,3.23,2.5,2.87,3.1,,,,2.6,3.0,2.9
2018/2019,2019-04-13 00:00:00,SP2,Spain,La Liga Segunda Division,,Malaga,Extremadura UD,1,2,A,0,1,A,1.59,3.61,7.21,1.53,3.6,7.5,,,,1.65,3.3,6.75
2018/2019,2019-04-07 00:00:00,SP1,Spain,La Liga Primera Division,,Valladolid,Sevilla,0,2,A,0,0,D,3.54,3.62,2.17,3.5,3.4,2.05,,,,3.3,3.5,2.15
2018/2019,2019-04-07 00:00:00,SP2,Spain,La Liga Segunda Division,,Alcorcon,Albacete,0,1,A,0,1,A,2.4,3.12,3.34,2.3,3.0,3.4,,,,2.45,2.85,3.3
2018/2019,2019-04-06 00:00:00,SP2,Spain,La Liga Segunda Division,,La Coruna,Rayo Majadahonda,0,2,A,0,0,D,1.41,4.49,8.39,1.4,4.0,10.0,,,,1.42,4.0,9.5
2018/2019,2019-04-06 00:00:00,SP1,Spain,La Liga Primera Division,,Girona,Espanol,1,2,A,0,0,D,2.52,3.26,3.17,2.5,3.2,3.0,,,,2.55,3.1,3.0
2018/2019,2019-04-05 00:00:00,SP2,Spain,La Liga Segunda Division,,Tenerife,Sp Gijon,0,1,A,0,1,A,2.32,3.1,3.6,2.15,3.2,3.5,,,,2.25,3.0,3.5
2018/2019,2019-03-31 00:00:00,SP1,Spain,La Liga Primera Division,,Sevilla,Valencia,0,1,A,0,1,A,2.09,3.6,3.69,2.05,3.5,3.6,,,,2.05,3.6,3.5
2018/2019,2019-03-31 00:00:00,SP2,Spain,La Liga Segunda Division,,Las Palmas,Elche,0,1,A,0,0,D,1.75,3.51,5.41,1.7,3.25,5.75,,,,1.8,3.25,5.0
2018/2019,2019-03-31 00:00:00,SP2,Spain,La Liga Segunda Division,,Reus Deportiu,Cadiz,0,1,A,-1,-1,,,,,,,,,,,,,
2018/2019,2019-03-30 00:00:00,SP1,Spain,La Liga Primera Division,,Getafe,Leganes,0,2,A,0,0,D,1.97,3.18,4.86,1.95,3.2,4.5,,,,1.95,3.1,4.6
2018/2019,2019-03-30 00:00:00,SP1,Spain,La Liga Primera Division,,Alaves,Ath Madrid,0,4,A,0,2,A,5.49,3.35,1.83,5.5,3.4,1.75,,,,5.5,3.4,1.75
2018/2019,2019-03-29 00:00:00,SP1,Spain,La Liga Primera Division,,Girona,Ath Bilbao,1,2,A,1,0,H,2.94,3.0,2.85,2.87,2.9,2.7,,,,2.85,2.95,2.75
2018/2019,2019-03-24 00:00:00,SP2,Spain,La Liga Segunda Division,,Gimnastic,Malaga,0,1,A,0,0,D,3.85,2.95,2.28,3.75,3.0,2.15,,,,3.7,2.9,2.2
2018/2019,2019-03-23 00:00:00,SP2,Spain,La Liga Segunda Division,,Lugo,Albacete,0,3,A,0,1,A,2.6,3.02,3.12,2.45,3.0,3.2,,,,2.3,3.0,3.3
2018/2019,2019-03-17 00:00:00,SP2,Spain,La Liga Segunda Division,,Reus Deportiu,La Coruna,0,1,A,-1,-1,,,,,,,,,,,,,
2018/2019,2019-03-17 00:00:00,SP2,Spain,La Liga Segunda Division,,Cordoba,Sp Gijon,1,2,A,1,1,D,3.27,2.99,2.52,3.0,3.0,2.5,,,,,,
2018/2019,2019-03-17 00:00:00,SP2,Spain,La Liga Segunda Division,,Las Palmas,Mallorca,1,2,A,1,1,D,1.97,3.26,4.43,2.0,3.1,4.2,,,,1.95,3.2,4.33
2018/2019,2019-03-17 00:00:00,SP1,Spain,La Liga Primera Division,,Betis,Barcelona,1,4,A,0,2,A,6.33,5.11,1.48,7.0,5.0,1.4,,,,6.75,5.25,1.4
2018/2019,2019-03-17 00:00:00,SP1,Spain,La Liga Primera Division,,Eibar,Valladolid,1,2,A,0,0,D,1.65,3.9,6.08,1.66,3.8,5.5,,,,1.62,3.8,5.75
2018/2019,2019-03-17 00:00:00,SP1,Spain,La Liga Primera Division,,Espanol,Sevilla,0,1,A,0,0,D,2.56,3.59,2.81,2.4,3.5,2.9,,,,2.55,3.6,2.65
2018/2019,2019-03-16 00:00:00,SP1,Spain,La Liga Primera Division,,Huesca,Alaves,1,3,A,1,1,D,2.52,3.22,3.15,2.45,3.2,3.0,,,,2.5,3.25,2.9
2018/2019,2019-03-16 00:00:00,SP1,Spain,La Liga Primera Division,,Leganes,Girona,0,2,A,0,2,A,2.18,3.1,4.07,2.15,3.2,3.7,,,,2.05,3.1,4.1
2018/2019,2019-03-11 00:00:00,SP2,Spain,La Liga Segunda Division,,Malaga,Osasuna,1,2,A,1,0,H,2.5,2.96,3.35,2.45,2.8,3.3,,,,2.35,2.9,3.4
2018/2019,2019-03-10 00:00:00,SP1,Spain,La Liga Primera Division,,Girona,Valencia,2,3,A,1,1,D,3.22,3.27,2.45,3.3,3.2,2.35,,,,3.1,3.2,2.4
2018/2019,2019-03-10 00:00:00,SP2,Spain,La Liga Segunda Division,,La Coruna,Las Palmas,0,1,A,0,0,D,1.75,3.57,5.2,1.72,3.3,5.5,,,,1.67,3.7,5.25
2018/2019,2019-03-10 00:00:00,SP1,Spain,La Liga Primera Division,,Valladolid,Real Madrid,1,4,A,1,1,D,5.22,4.3,1.65,5.0,4.33,1.61,,,,5.25,4.25,1.6
2018/2019,2019-03-10 00:00:00,SP1,Spain,La Liga Primera Division,,Levante,Villarreal,0,2,A,0,0,D,2.84,3.54,2.56,2.9,3.3,2.5,,,,2.8,3.4,2.5
2018/2019,2019-03-10 00:00:00,SP1,Spain,La Liga Primera Division,,Celta,Betis,0,1,A,0,0,D,2.55,3.35,2.99,2.5,3.3,2.9,,,,2.45,3.3,2.95
2018/2019,2019-03-03 00:00:00,SP2,Spain,La Liga Segunda Division,,Numancia,Sp Gijon,1,2,A,1,2,A,2.55,2.97,3.25,2.5,3.0,3.0,,,,2.5,3.0,3.1
2018/2019,2019-03-03 00:00:00,SP1,Spain,La Liga Primera Division,,Betis,Getafe,1,2,A,0,2,A,2.42,3.08,3.48,2.3,3.0,3.4,,,,2.35,3.0,3.4
2018/2019,2019-03-03 00:00:00,SP2,Spain,La Liga Segunda Division,,Reus Deportiu,Tenerife,0,1,A,-1,-1,,,,,,,,,,,,,
2018/2019,2019-03-03 00:00:00,SP2,Spain,La Liga Segunda Division,,Zaragoza,Almeria,1,2,A,0,0,D,2.12,3.0,4.26,2.0,3.0,4.33,,,,2.1,3.0,4.0
2018/2019,2019-03-03 00:00:00,SP2,Spain,La Liga Segunda Division,,Rayo Majadahonda,Granada,0,3,A,0,1,A,3.05,3.08,2.61,3.25,2.9,2.45,,,,3.2,3.0,2.4
2018/2019,2019-03-03 00:00:00,SP1,Spain,La Liga Primera Division,,Sociedad,Ath Madrid,0,2,A,0,2,A,3.87,3.37,2.12,4.0,3.25,2.05,,,,3.75,3.25,2.1
2018/2019,2019-03-02 00:00:00,SP1,Spain,La Liga Primera Division,,Real Madrid,Barcelona,0,1,A,0,1,A,2.74,3.78,2.53,2.75,3.7,2.45,,,,2.7,3.75,2.4
2018/2019,2019-03-02 00:00:00,SP1,Spain,La Liga Primera Division,,Villarreal,Alaves,1,2,A,0,0,D,1.67,4.02,5.47,1.66,3.75,5.5,,,,1.67,3.7,5.5
2018/2019,2019-03-01 00:00:00,SP1,Spain,La Liga Primera Division,,Vallecano,Girona,0,2,A,0,1,A,2.36,3.37,3.3,2.25,3.4,3.2,,,,2.25,3.3,3.3
2018/2019,2019-02-24 00:00:00,SP2,Spain,La Liga Segunda Division,,Extremadura UD,Numancia,0,1,A,0,1,A,2.47,3.05,3.3,2.37,3.0,3.25,,,,2.35,3.0,3.2
2018/2019,2019-02-24 00:00:00,SP2,Spain,La Liga Segunda Division,,Sp Gijon,Rayo Majadahonda,2,3,A,0,1,A,1.61,3.83,6.1,1.57,3.5,7.0,,,,1.62,3.6,6.0
2018/2019,2019-02-24 00:00:00,SP1,Spain,La Liga Primera Division,,Valladolid,Betis,0,2,A,0,1,A,2.72,3.32,2.81,2.7,3.2,2.75,,,,2.75,3.2,2.7
2018/2019,2019-02-24 00:00:00,SP1,Spain,La Liga Primera Division,,Levante,Real Madrid,1,2,A,0,1,A,5.85,4.68,1.55,5.25,4.75,1.53,,,,5.25,4.6,1.55
2018/2019,2019-02-23 00:00:00,SP1,Spain,La Liga Primera Division,,Sevilla,Barcelona,2,4,A,2,1,H,3.69,4.05,1.96,3.5,4.0,1.95,,,,3.6,4.0,1.91
2018/2019,2019-02-23 00:00:00,SP2,Spain,La Liga Segunda Division,,Gimnastic,Cadiz,2,3,A,1,2,A,4.43,2.87,2.16,4.0,3.0,2.1,,,,4.1,2.9,2.1
2018/2019,2019-02-18 00:00:00,SP1,Spain,La Liga Primera Division,,Huesca,Ath Bilbao,0,1,A,0,1,A,3.25,3.16,2.5,3.1,3.1,2.5,,,,3.1,3.1,2.45
2018/2019,2019-02-17 00:00:00,SP1,Spain,La Liga Primera Division,,Real Madrid,Girona,1,2,A,1,0,H,1.21,7.15,14.44,1.16,8.0,15.0,,,,1.19,7.0,15.0
2018/2019,2019-02-17 00:00:00,SP2,Spain,La Liga Segunda Division,,Reus Deportiu,Almeria,0,1,A,-1,-1,,,,,,,,,,,,,
2018/2019,2019-02-17 00:00:00,SP2,Spain,La Liga Segunda Division,,Rayo Majadahonda,Malaga,0,1,A,0,0,D,3.07,2.8,2.83,2.9,2.9,2.7,,,,3.0,2.9,2.65
2018/2019,2019-02-16 00:00:00,SP1,Spain,La Liga Primera Division,,Vallecano,Ath Madrid,0,1,A,0,0,D,5.68,3.86,1.68,6.0,3.5,1.65,,,,5.75,3.6,1.67
2018/2019,2019-02-16 00:00:00,SP1,Spain,La Liga Primera Division,,Celta,Levante,1,4,A,0,2,A,1.83,4.05,4.26,1.8,3.8,4.5,,,,1.85,3.7,4.2
2018/2019,2019-02-15 00:00:00,SP2,Spain,La Liga Segunda Division,,Cordoba,Granada,1,2,A,1,2,A,3.47,2.91,2.5,3.3,3.0,2.3,,,,3.1,3.0,2.45
2018/2019,2019-02-10 00:00:00,SP2,Spain,La Liga Segunda Division,,Alcorcon,Cadiz,1,2,A,1,0,H,2.33,2.91,3.8,2.2,2.8,4.0,,,,2.2,2.8,4.0
2018/2019,2019-02-10 00:00:00,SP2,Spain,La Liga Segunda Division,,Granada,La Coruna,0,1,A,0,0,D,2.5,2.95,3.37,2.4,3.0,3.2,,,,2.35,3.0,3.3
2018/2019,2019-02-09 00:00:00,SP1,Spain,La Liga Primera Division,,Ath Madrid,Real Madrid,1,3,A,1,2,A,2.43,3.32,3.2,2.37,3.25,3.1,,,,2.4,3.3,3.0
2018/2019,2019-02-09 00:00:00,SP2,Spain,La Liga Segunda Division,,Lugo,Zaragoza,1,2,A,1,0,H,2.51,3.12,3.14,2.45,3.1,3.1,,,,2.35,3.1,3.2
2018/2019,2019-02-09 00:00:00,SP2,Spain,La Liga Segunda Division,,Tenerife,Cordoba,0,2,A,0,1,A,1.68,3.73,5.53,1.66,3.4,6.0,,,,1.62,3.6,6.0
2018/2019,2019-02-09 00:00:00,SP1,Spain,La Liga Primera Division,,Girona,Huesca,0,2,A,0,2,A,2.0,3.43,4.27,2.0,3.3,4.0,,,,1.95,3.4,4.1
2018/2019,2019-02-09 00:00:00,SP2,Spain,La Liga Segunda Division,,Elche,Oviedo,1,2,A,0,0,D,2.52,3.0,3.25,2.37,3.0,3.25,,,,2.3,3.0,3.4
2018/2019,2019-02-08 00:00:00,SP2,Spain,La Liga Segunda Division,,Sp Gijon,Osasuna,0,2,A,0,1,A,2.53,2.99,3.33,2.37,3.0,3.2,,,,2.4,3.0,3.2
2018/2019,2019-02-04 00:00:00,SP1,Spain,La Liga Primera Division,,Vallecano,Leganes,1,2,A,0,1,A,2.39,3.16,3.44,2.37,3.25,3.1,,,,2.3,3.1,3.4
2018/2019,2019-02-03 00:00:00,SP2,Spain,La Liga Segunda Division,,Reus Deportiu,Elche,0,1,A,-1,-1,,,,,,,,,,,,,
2018/2019,2019-02-03 00:00:00,SP2,Spain,La Liga Segunda Division,,Extremadura UD,Sp Gijon,0,3,A,0,0,D,2.84,2.92,2.93,2.6,2.9,3.0,,,,2.7,2.8,3.0
2018/2019,2019-02-02 00:00:00,SP2,Spain,La Liga Segunda Division,,Cordoba,Albacete,1,3,A,1,0,H,2.63,3.27,2.85,2.45,3.1,3.0,,,,2.6,3.1,2.85
2018/2019,2019-01-28 00:00:00,SP1,Spain,La Liga Primera Division,,Alaves,Vallecano,0,1,A,0,0,D,2.24,3.38,3.54,2.15,3.3,3.5,,,,2.15,3.25,3.6
2018/2019,2019-01-27 00:00:00,SP1,Spain,La Liga Primera Division,,Espanol,Real Madrid,2,4,A,1,3,A,4.33,4.03,1.82,4.2,4.0,1.8,,,,4.1,4.0,1.8
2018/2019,2019-01-27 00:00:00,SP1,Spain,La Liga Primera Division,,Girona,Barcelona,0,2,A,0,1,A,8.95,5.59,1.35,10.0,5.25,1.33,,,,9.5,5.25,1.33
2018/2019,2019-01-27 00:00:00,SP2,Spain,La Liga Segunda Division,,Sp Gijon,La Coruna,1,2,A,1,2,A,2.76,2.93,3.01,2.55,2.87,3.1,,,,2.65,2.9,3.0
2018/2019,2019-01-26 00:00:00,SP2,Spain,La Liga Segunda Division,,Almeria,Osasuna,0,1,A,0,0,D,2.75,2.95,2.99,2.62,2.87,3.0,,,,2.7,2.85,2.95
2018/2019,2019-01-20 00:00:00,SP2,Spain,La Liga Segunda Division,,Extremadura UD,Oviedo,0,2,A,0,1,A,2.94,2.92,2.83,2.8,3.0,2.7,,,,2.85,2.95,2.7
2018/2019,2019-01-19 00:00:00,SP1,Spain,La Liga Primera Division,,Celta,Valencia,1,2,A,1,0,H,3.15,3.34,2.45,3.1,3.2,2.4,,,,3.1,3.1,2.45
2018/2019,2019-01-19 00:00:00,SP1,Spain,La Liga Primera Division,,Huesca,Ath Madrid,0,3,A,0,1,A,6.01,3.5,1.74,5.75,3.6,1.66,,,,5.75,3.6,1.67
2018/2019,2019-01-19 00:00:00,SP2,Spain,La Liga Segunda Division,,Reus Deportiu,Las Palmas,0,1,A,-1,-1,,,,,,,,,,,,,
2018/2019,2019-01-13 00:00:00,SP2,Spain,La Liga Segunda Division,,Zaragoza,Malaga,0,2,A,0,1,A,2.82,2.9,2.97,2.75,2.87,2.8,,,,2.8,2.95,2.75
2018/2019,2019-01-13 00:00:00,SP1,Spain,La Liga Primera Division,,Betis,Real Madrid,1,2,A,0,1,A,3.29,3.94,2.13,3.25,3.75,2.1,,,,3.25,3.75,2.1
2018/2019,2019-01-12 00:00:00,SP1,Spain,La Liga Primera Division,,Villarreal,Getafe,1,2,A,0,0,D,2.16,3.21,3.99,2.15,3.1,3.8,,,,2.15,3.1,3.8
2018/2019,2019-01-07 00:00:00,SP2,Spain,La Liga Segunda Division,,Numancia,Oviedo,2,3,A,0,1,A,2.28,2.94,3.86,2.1,3.1,3.75,,,,2.2,3.0,3.7
2018/2019,2019-01-07 00:00:00,SP1,Spain,La Liga Primera Division,,Celta,Ath Bilbao,1,2,A,1,1,D,2.52,3.33,3.05,2.4,3.3,3.0,,,,2.4,3.3,3.0
2018/2019,2019-01-06 00:00:00,SP1,Spain,La Liga Primera Division,,Real Madrid,Sociedad,0,2,A,0,1,A,1.35,5.49,9.03,1.33,6.0,7.5,,,,1.33,5.5,8.75
2018/2019,2019-01-06 00:00:00,SP1,Spain,La Liga Primera Division,,Getafe,Barcelona,1,2,A,1,2,A,7.4,5.18,1.42,8.0,5.25,1.36,,,,7.5,5.0,1.4
2018/2019,2019-01-06 00:00:00,SP2,Spain,La Liga Segunda Division,,Malaga,Reus Deportiu,0,3,A,0,1,A,1.21,6.09,16.49,1.16,5.75,26.0,,,,1.19,6.0,19.5
2018/2019,2019-01-05 00:00:00,SP2,Spain,La Liga Segunda Division,,Sp Gijon,Zaragoza,1,2,A,1,2,A,1.95,3.24,4.58,1.9,3.4,4.0,,,,1.95,3.25,4.2
2018/2019,2019-01-05 00:00:00,SP1,Spain,La Liga Primera Division,,Valladolid,Vallecano,0,1,A,0,1,A,2.14,3.38,3.8,2.1,3.4,3.6,,,,2.05,3.4,3.7
2018/2019,2018-12-23 00:00:00,SP2,Spain,La Liga Segunda Division,,Reus Deportiu,Osasuna,0,1,A,0,1,A,4.83,3.08,1.97,4.75,3.0,1.9,,,,5.0,3.0,1.9
2018/2019,2018-12-21 00:00:00,SP1,Spain,La Liga Primera Division,,Sociedad,Alaves,0,1,A,0,1,A,1.79,3.54,5.31,1.75,3.5,5.0,,,,1.78,3.4,5.25
2018/2019,2018-12-16 00:00:00,SP1,Spain,La Liga Primera Division,,Espanol,Betis,1,3,A,1,1,D,2.38,3.39,3.23,2.4,3.3,3.0,,,,2.3,3.3,3.2
2018/2019,2018-12-16 00:00:00,SP1,Spain,La Liga Primera Division,,Levante,Barcelona,0,5,A,0,2,A,10.21,6.74,1.27,9.0,6.5,1.25,,,,11.0,7.0,1.22
2018/2019,2018-12-16 00:00:00,SP2,Spain,La Liga Segunda Division,,Rayo Majadahonda,Elche,1,3,A,0,0,D,2.38,3.07,3.43,2.3,3.2,3.1,,,,2.4,3.0,3.25
2018/2019,2018-12-16 00:00:00,SP2,Spain,La Liga Segunda Division,,Extremadura UD,Gimnastic,0,1,A,0,0,D,1.81,3.41,5.14,1.72,3.3,5.5,,,,1.75,3.4,5.25
2018/2019,2018-12-15 00:00:00,SP2,Spain,La Liga Segunda Division,,Numancia,Albacete,1,2,A,0,2,A,2.0,3.27,4.27,2.04,3.1,4.0,,,,1.95,3.25,4.1
2018/2019,2018-12-15 00:00:00,SP1,Spain,La Liga Primera Division,,Valladolid,Ath Madrid,2,3,A,0,2,A,6.11,3.5,1.72,5.75,3.4,1.72,,,,5.75,3.3,1.75
2018/2019,2018-12-09 00:00:00,SP2,Spain,La Liga Segunda Division,,Alcorcon,Reus Deportiu,0,1,A,0,1,A,1.4,4.32,9.48,1.36,4.2,11.0,,,,1.42,3.9,10.0
2018/2019,2018-12-09 00:00:00,SP1,Spain,La Liga Primera Division,,Huesca,Real Madrid,0,1,A,0,1,A,9.11,6.01,1.32,10.0,5.5,1.3,,,,9.25,5.25,1.33
2018/2019,2018-12-09 00:00:00,SP1,Spain,La Liga Primera Division,,Sociedad,Valladolid,1,2,A,0,1,A,1.61,3.94,6.47,1.61,3.6,6.5,,,,1.62,3.6,6.5
2018/2019,2018-12-08 00:00:00,SP1,Spain,La Liga Primera Division,,Espanol,Barcelona,0,4,A,0,3,A,6.09,4.64,1.53,6.5,4.33,1.5,,,,6.0,4.4,1.53
2018/2019,2018-12-08 00:00:00,SP1,Spain,La Liga Primera Division,,Villarreal,Celta,2,3,A,0,1,A,1.81,3.9,4.56,1.72,3.8,4.75,,,,1.8,3.75,4.33
2018/2019,2018-12-08 00:00:00,SP2,Spain,La Liga Segunda Division,,Oviedo,Almeria,1,2,A,1,2,A,2.0,3.16,4.48,1.95,3.2,4.2,,,,1.95,3.1,4.5
2018/2019,2018-12-08 00:00:00,SP2,Spain,La Liga Segunda Division,,Mallorca,Malaga,1,2,A,0,1,A,2.76,2.85,3.09,2.5,3.0,3.0,,,,2.65,2.9,2.95
2018/2019,2018-12-08 00:00:00,SP2,Spain,La Liga Segunda Division,,Gimnastic,Granada,0,1,A,0,1,A,4.17,3.26,2.04,4.33,3.0,2.0,,,,4.2,3.1,2.0
2018/2019,2018-12-01 00:00:00,SP1,Spain,La Liga Primera Division,,Valladolid,Leganes,2,4,A,0,2,A,2.46,3.02,3.48,2.37,3.1,3.3,,,,2.35,3.1,3.3
2018/2019,2018-12-01 00:00:00,SP2,Spain,La Liga Segunda Division,,Reus Deportiu,Mallorca,0,2,A,0,0,D,3.72,3.12,2.23,3.75,3.0,2.14,,,,3.4,3.1,2.25
2018/2019,2018-12-01 00:00:00,SP2,Spain,La Liga Segunda Division,,Malaga,Granada,0,1,A,0,0,D,2.11,3.09,4.14,2.0,3.1,4.2,,,,2.1,3.1,3.9
2018/2019,2018-11-30 00:00:00,SP2,Spain,La Liga Segunda Division,,Zaragoza,Cadiz,0,1,A,0,1,A,2.88,2.75,3.13,2.6,2.87,3.1,,,,2.55,2.9,3.1
2018/2019,2018-11-25 00:00:00,SP2,Spain,La Liga Segunda Division,,Elche,Albacete,0,1,A,0,1,A,2.28,3.16,3.55,2.14,3.1,3.6,,,,2.15,3.1,3.7
2018/2019,2018-11-25 00:00:00,SP1,Spain,La Liga Primera Division,,Espanol,Girona,1,3,A,0,2,A,1.68,3.85,5.8,1.66,3.6,5.75,,,,1.62,3.7,6.0
2018/2019,2018-11-23 00:00:00,SP2,Spain,La Liga Segunda Division,,Granada,Sp Gijon,1,2,A,0,1,A,1.65,3.76,6.14,1.57,3.75,6.25,,,,1.65,3.5,6.0
2018/2019,2018-11-18 00:00:00,SP2,Spain,La Liga Segunda Division,,Numancia,Rayo Majadahonda,1,2,A,0,1,A,1.85,3.17,5.38,1.85,3.4,4.33,,,,1.85,3.2,4.75
2018/2019,2018-11-18 00:00:00,SP2,Spain,La Liga Segunda Division,,Cordoba,Cadiz,1,3,A,0,0,D,3.15,2.9,2.67,2.87,3.0,2.62,,,,3.1,2.95,2.5
2018/2019,2018-11-17 00:00:00,SP2,Spain,La Liga Segunda Division,,Reus Deportiu,Extremadura UD,1,4,A,1,1,D,2.36,3.01,3.55,2.25,3.0,3.5,,,,2.25,3.0,3.5
2018/2019,2018-11-12 00:00:00,SP2,Spain,La Liga Segunda Division,,Gimnastic,Zaragoza,1,3,A,1,1,D,2.84,2.97,2.87,2.62,2.9,2.87,,,,2.7,2.9,2.9
2018/2019,2018-11-11 00:00:00,SP1,Spain,La Liga Primera Division,,Celta,Real Madrid,2,4,A,0,1,A,5.02,4.63,1.63,5.0,4.5,1.55,,,,5.0,4.33,1.62
2018/2019,2018-11-11 00:00:00,SP1,Spain,La Liga Primera Division,,Barcelona,Betis,3,4,A,0,2,A,1.22,7.23,13.06,1.18,7.0,13.0,,,,1.19,7.25,14.0
2018/2019,2018-11-10 00:00:00,SP2,Spain,La Liga Segunda Division,,Lugo,Alcorcon,0,1,A,0,0,D,2.79,2.87,3.03,2.62,3.1,2.75,,,,2.7,2.9,2.9
2018/2019,2018-11-10 00:00:00,SP2,Spain,La Liga Segunda Division,,Extremadura UD,Osasuna,2,3,A,2,1,H,3.34,3.13,2.39,3.2,3.1,2.37,,,,3.3,3.0,2.35
2018/2019,2018-11-10 00:00:00,SP1,Spain,La Liga Primera Division,,Getafe,Valencia,0,1,A,0,0,D,2.91,3.1,2.78,2.75,3.1,2.75,,,,2.8,3.1,2.7
2018/2019,2018-11-09 00:00:00,SP1,Spain,La Liga Primera Division,,Levante,Sociedad,1,3,A,1,0,H,2.76,3.38,2.73,2.62,3.4,2.62,,,,2.65,3.4,2.65
2018/2019,2018-11-04 00:00:00,SP2,Spain,La Liga Segunda Division,,Zaragoza,Granada,0,2,A,0,2,A,2.55,3.07,3.13,2.45,3.0,3.1,,,,2.4,3.1,3.1
2018/2019,2018-11-03 00:00:00,SP1,Spain,La Liga Primera Division,,Valencia,Girona,0,1,A,0,0,D,1.48,4.49,7.48,1.5,4.0,7.5,,,,1.5,4.1,7.0
2018/2019,2018-11-03 00:00:00,SP1,Spain,La Liga Primera Division,,Vallecano,Barcelona,2,3,A,1,1,D,9.55,5.85,1.32,9.5,6.0,1.28,,,,10.0,6.0,1.28
2018/2019,2018-10-28 00:00:00,SP2,Spain,La Liga Segunda Division,,Extremadura UD,Albacete,1,2,A,1,1,D,2.36,3.09,3.45,2.25,3.1,3.4,,,,2.3,3.1,3.3
2018/2019,2018-10-27 00:00:00,SP2,Spain,La Liga Segunda Division,,Lugo,Cadiz,1,2,A,1,1,D,2.64,2.93,3.16,2.45,2.8,3.4,,,,2.6,2.8,3.1
2018/2019,2018-10-21 00:00:00,SP1,Spain,La Liga Primera Division,,Huesca,Espanol,0,2,A,0,1,A,3.64,3.54,2.13,3.5,3.3,2.14,,,,3.6,3.3,2.15
2018/2019,2018-10-21 00:00:00,SP1,Spain,La Liga Primera Division,,Betis,Valladolid,0,1,A,0,1,A,1.63,4.08,5.85,1.61,3.8,6.0,,,,1.65,3.75,5.5
2018/2019,2018-10-21 00:00:00,SP1,Spain,La Liga Primera Division,,Vallecano,Getafe,1,2,A,0,0,D,3.0,3.26,2.61,2.9,3.3,2.5,,,,2.9,3.25,2.5
2018/2019,2018-10-20 00:00:00,SP1,Spain,La Liga Primera Division,,Real Madrid,Levante,1,2,A,0,2,A,1.15,9.03,18.28,1.14,8.5,19.0,,,,1.15,8.75,16.0
2018/2019,2018-10-19 00:00:00,SP1,Spain,La Liga Primera Division,,Celta,Alaves,0,1,A,0,0,D,1.72,3.93,5.2,1.66,4.0,5.0,,,,1.75,3.75,4.75
2018/2019,2018-10-15 00:00:00,SP2,Spain,La Liga Segunda Division,,Gimnastic,Alcorcon,1,3,A,0,3,A,3.11,2.86,2.74,3.1,2.9,2.5,,,,3.0,2.95,2.55
2018/2019,2018-10-07 00:00:00,SP2,Spain,La Liga Segunda Division,,Reus Deportiu,Granada,1,2,A,0,1,A,3.6,3.21,2.23,3.5,3.0,2.25,,,,3.5,3.0,2.25
2018/2019,2018-10-06 00:00:00,SP1,Spain,La Liga Primera Division,,Girona,Eibar,2,3,A,2,2,D,2.13,3.43,3.79,2.1,3.2,3.8,,,,2.15,3.3,3.6
2018/2019,2018-10-06 00:00:00,SP1,Spain,La Liga Primera Division,,Getafe,Levante,0,1,A,0,0,D,1.7,3.91,5.41,1.72,3.6,5.25,,,,1.72,3.6,5.25
2018/2019,2018-10-05 00:00:00,SP1,Spain,La Liga Primera Division,,Ath Bilbao,Sociedad,1,3,A,1,1,D,2.1,3.48,3.81,2.04,3.4,3.8,,,,2.05,3.4,3.75
2018/2019,2018-09-30 00:00:00,SP2,Spain,La Liga Segunda Division,,Gimnastic,La Coruna,1,3,A,1,1,D,3.6,2.97,2.37,3.5,3.0,2.25,,,,3.3,3.1,2.3
2018/2019,2018-09-30 00:00:00,SP1,Spain,La Liga Primera Division,,Villarreal,Valladolid,0,1,A,0,0,D,1.55,4.18,6.89,1.53,4.0,6.5,,,,1.55,3.9,6.75
2018/2019,2018-09-29 00:00:00,SP1,Spain,La Liga Primera Division,,Sociedad,Valencia,0,1,A,0,1,A,2.34,3.52,3.14,2.2,3.4,3.2,,,,2.25,3.4,3.2
2018/2019,2018-09-29 00:00:00,SP1,Spain,La Liga Primera Division,,Eibar,Sevilla,1,3,A,0,0,D,3.26,3.54,2.27,3.3,3.4,2.2,,,,3.2,3.5,2.2
2018/2019,2018-09-27 00:00:00,SP1,Spain,La Liga Primera Division,,Girona,Betis,0,1,A,0,0,D,2.55,3.54,2.82,2.5,3.3,2.87,,,,2.55,3.4,2.75
2018/2019,2018-09-26 00:00:00,SP1,Spain,La Liga Primera Division,,Ath Bilbao,Villarreal,0,3,A,0,0,D,2.17,3.5,3.53,2.25,3.3,3.3,,,,2.2,3.3,3.4
2018/2019,2018-09-23 00:00:00,SP2,Spain,La Liga Segunda Division,,Mallorca,Albacete,1,3,A,0,1,A,2.03,3.05,4.47,2.04,3.2,3.75,,,,2.05,2.95,4.33
2018/2019,2018-09-23 00:00:00,SP2,Spain,La Liga Segunda Division,,Numancia,Almeria,0,2,A,0,1,A,1.93,3.25,4.64,1.9,3.2,4.33,,,,1.95,3.2,4.33
2018/2019,2018-09-23 00:00:00,SP2,Spain,La Liga Segunda Division,,Cadiz,Alcorcon,0,2,A,0,2,A,2.04,3.04,4.52,2.04,3.2,3.75,,,,2.05,2.85,4.6
2018/2019,2018-09-23 00:00:00,SP1,Spain,La Liga Primera Division,,Levante,Sevilla,2,6,A,1,4,A,3.34,3.7,2.17,3.5,3.6,2.04,,,,3.4,3.4,2.15
2018/2019,2018-09-22 00:00:00,SP2,Spain,La Liga Segunda Division,,Zaragoza,Lugo,0,2,A,0,1,A,1.62,3.69,6.41,1.57,3.6,6.5,,,,1.62,3.6,6.0
2018/2019,2018-09-22 00:00:00,SP2,Spain,La Liga Segunda Division,,Rayo Majadahonda,Extremadura UD,1,4,A,0,2,A,2.1,3.08,4.1,1.95,3.3,4.0,,,,2.15,2.95,3.9
2018/2019,2018-09-22 00:00:00,SP1,Spain,La Liga Primera Division,,Getafe,Ath Madrid,0,2,A,0,1,A,5.22,3.32,1.86,5.0,3.3,1.8,,,,5.0,3.2,1.85
2018/2019,2018-09-22 00:00:00,SP1,Spain,La Liga Primera Division,,Vallecano,Alaves,1,5,A,1,2,A,2.16,3.54,3.53,2.04,3.4,3.6,,,,2.15,3.3,3.6
2018/2019,2018-09-21 00:00:00,SP1,Spain,La Liga Primera Division,,Huesca,Sociedad,0,1,A,0,0,D,3.75,3.53,2.1,3.6,3.4,2.1,,,,3.6,3.4,2.1
2018/2019,2018-09-16 00:00:00,SP1,Spain,La Liga Primera Division,,Sevilla,Getafe,0,2,A,0,2,A,1.56,4.18,6.65,1.55,4.0,7.0,,,,1.53,4.1,6.5
2018/2019,2018-09-16 00:00:00,SP2,Spain,La Liga Segunda Division,,Extremadura UD,Las Palmas,1,2,A,1,1,D,4.24,3.02,2.11,3.8,3.1,2.1,,,,4.2,3.1,2.0
2018/2019,2018-09-16 00:00:00,SP2,Spain,La Liga Segunda Division,,Lugo,Oviedo,0,2,A,0,1,A,2.69,3.0,2.98,2.62,3.0,2.87,,,,2.65,2.9,2.95
2018/2019,2018-09-16 00:00:00,SP1,Spain,La Liga Primera Division,,Leganes,Villarreal,0,1,A,0,0,D,3.08,3.19,2.59,3.0,3.1,2.54,,,,3.1,3.1,2.5
2018/2019,2018-09-16 00:00:00,SP1,Spain,La Liga Primera Division,,Valladolid,Alaves,0,1,A,0,0,D,2.25,3.13,3.83,2.2,3.1,3.6,,,,2.15,3.1,3.8
2018/2019,2018-09-15 00:00:00,SP1,Spain,La Liga Primera Division,,Sociedad,Barcelona,1,2,A,1,0,H,7.05,5.46,1.41,7.0,5.25,1.4,,,,7.0,5.25,1.4
2018/2019,2018-09-15 00:00:00,SP2,Spain,La Liga Segunda Division,,Tenerife,Reus Deportiu,0,1,A,0,0,D,1.64,3.62,6.45,1.64,3.3,6.5,,,,1.65,3.25,6.75
2018/2019,2018-09-14 00:00:00,SP1,Spain,La Liga Primera Division,,Huesca,Vallecano,0,1,A,0,1,A,2.26,3.57,3.3,2.14,3.5,3.4,,,,2.1,3.6,3.4
2018/2019,2018-09-09 00:00:00,SP2,Spain,La Liga Segunda Division,,Reus Deportiu,Albacete,1,2,A,0,1,A,3.16,2.86,2.67,3.1,2.9,2.5,,,,3.1,2.85,2.6
2018/2019,2018-09-09 00:00:00,SP2,Spain,La Liga Segunda Division,,Extremadura UD,Granada,1,3,A,0,1,A,3.42,3.02,2.4,3.6,2.8,2.3,,,,3.4,2.9,2.35
2018/2019,2018-09-08 00:00:00,SP2,Spain,La Liga Segunda Division,,Oviedo,Zaragoza,0,4,A,0,1,A,2.05,2.98,4.6,2.0,3.0,4.33,,,,2.0,3.0,4.33
2018/2019,2018-09-03 00:00:00,SP2,Spain,La Liga Segunda Division,,Almeria,Malaga,0,1,A,0,0,D,3.64,2.92,2.36,3.5,2.9,2.3,,,,3.5,2.9,2.3
2018/2019,2018-09-02 00:00:00,SP2,Spain,La Liga Segunda Division,,Gimnastic,Rayo Majadahonda,0,1,A,0,0,D,2.12,3.13,4.02,2.1,3.1,3.8,,,,2.15,2.95,3.9
2018/2019,2018-09-01 00:00:00,SP2,Spain,La Liga Segunda Division,,Elche,Reus Deportiu,0,2,A,0,1,A,2.08,3.21,4.06,2.04,2.9,4.33,,,,2.05,3.0,4.2
2018/2019,2018-08-31 00:00:00,SP1,Spain,La Liga Primera Division,,Villarreal,Girona,0,1,A,0,0,D,1.57,4.17,6.67,1.57,4.0,6.0,,,,1.55,4.2,6.0
2018/2019,2018-08-27 00:00:00,SP1,Spain,La Liga Primera Division,,Levante,Celta,1,2,A,0,2,A,2.52,3.31,3.08,2.4,3.25,3.0,,,,2.5,3.25,2.95
2018/2019,2018-08-27 00:00:00,SP2,Spain,La Liga Segunda Division,,Rayo Majadahonda,Mallorca,0,1,A,0,1,A,3.12,3.0,2.59,2.8,3.3,2.45,,,,3.0,2.9,2.6
2018/2019,2018-08-26 00:00:00,SP1,Spain,La Liga Primera Division,,Girona,Real Madrid,1,4,A,1,1,D,8.99,5.42,1.37,8.0,5.5,1.36,,,,9.25,4.75,1.36
2018/2019,2018-08-25 00:00:00,SP2,Spain,La Liga Segunda Division,,Cordoba,Oviedo,2,4,A,0,2,A,2.67,3.03,2.97,2.5,3.0,3.0,,,,2.5,3.1,3.0
2018/2019,2018-08-25 00:00:00,SP1,Spain,La Liga Primera Division,,Valladolid,Barcelona,0,1,A,0,0,D,19.07,8.18,1.18,17.0,7.5,1.16,,,,15.0,7.0,1.19
2018/2019,2018-08-24 00:00:00,SP2,Spain,La Liga Segunda Division,,Extremadura UD,La Coruna,0,1,A,0,0,D,3.83,3.25,2.16,3.8,3.1,2.1,,,,3.6,3.2,2.15
2018/2019,2018-08-19 00:00:00,SP1,Spain,La Liga Primera Division,,Vallecano,Sevilla,1,4,A,0,3,A,3.46,3.74,2.13,3.25,3.6,2.14,,,,3.5,3.5,2.1
2018/2019,2018-08-19 00:00:00,SP1,Spain,La Liga Primera Division,,Eibar,Huesca,1,2,A,0,2,A,1.72,3.9,5.26,1.66,3.75,5.5,,,,1.7,3.7,5.25
2018/2019,2018-08-18 00:00:00,SP2,Spain,La Liga Segunda Division,,Lugo,Malaga,1,2,A,1,0,H,3.22,2.84,2.66,3.0,3.0,2.5,,,,3.1,2.95,2.5
2018/2019,2018-08-18 00:00:00,SP1,Spain,La Liga Primera Division,,Villarreal,Sociedad,1,2,A,1,1,D,2.06,3.51,3.91,2.04,3.4,3.8,,,,2.05,3.3,3.9
2018/2019,2018-08-17 00:00:00,SP1,Spain,La Liga Primera Division,,Betis,Levante,0,3,A,0,1,A,1.69,4.19,5.11,1.66,4.0,5.0,,,,1.7,3.7,5.25
2017/2018,2018-06-02 00:00:00,SP2,Spain,La Liga Segunda Division,,Barcelona B,Zaragoza,0,2,A,0,1,A,3.77,3.55,2.02,3.4,3.4,1.95,3.5,3.4,2.0,3.6,3.6,1.95
2017/2018,2018-05-27 00:00:00,SP2,Spain,La Liga Segunda Division,,Huesca,Gimnastic,0,1,A,0,0,D,,,,5.5,3.75,1.61,5.0,3.6,1.67,5.0,3.9,1.65
2017/2018,2018-05-27 00:00:00,SP2,Spain,La Liga Segunda Division,,Reus Deportiu,Cordoba,1,2,A,0,1,A,6.45,3.92,1.58,6.0,3.75,1.57,6.0,3.6,1.57,5.75,3.8,1.6
2017/2018,2018-05-21 00:00:00,SP2,Spain,La Liga Segunda Division,,Lugo,Huesca,0,2,A,0,2,A,4.12,3.35,2.0,4.5,3.0,1.95,,,,4.0,3.1,2.05
2017/2018,2018-05-20 00:00:00,SP1,Spain,La Liga Primera Division,,Ath Bilbao,Espanol,0,1,A,0,1,A,2.05,3.74,3.69,2.04,3.5,3.6,2.0,3.5,3.5,2.0,3.5,3.8
2017/2018,2018-05-19 00:00:00,SP1,Spain,La Liga Primera Division,,Las Palmas,Girona,1,2,A,1,2,A,3.14,3.81,2.25,3.1,3.5,2.25,3.0,3.6,2.2,3.0,3.7,2.25
2017/2018,2018-05-19 00:00:00,SP1,Spain,La Liga Primera Division,,Malaga,Getafe,0,1,A,0,0,D,3.26,3.6,2.27,3.3,3.3,2.25,3.2,3.3,2.2,3.1,3.5,2.25
2017/2018,2018-05-19 00:00:00,SP2,Spain,La Liga Segunda Division,,Lorca,Valladolid,1,5,A,1,1,D,4.42,3.5,1.89,4.5,3.4,1.83,3.9,3.4,1.85,4.2,3.5,1.87
2017/2018,2018-05-13 00:00:00,SP2,Spain,La Liga Segunda Division,,Vallecano,Cordoba,1,2,A,1,0,H,1.52,4.27,6.84,1.5,4.0,6.5,1.5,4.0,5.5,1.55,3.9,6.25
2017/2018,2018-05-12 00:00:00,SP1,Spain,La Liga Primera Division,,Getafe,Ath Madrid,0,1,A,0,1,A,2.77,3.13,2.9,2.79,3.1,2.79,2.7,2.9,2.8,2.75,3.1,2.75
2017/2018,2018-05-12 00:00:00,SP1,Spain,La Liga Primera Division,,La Coruna,Villarreal,2,4,A,0,3,A,3.8,3.69,2.04,3.5,3.6,2.04,3.5,3.6,2.0,3.6,3.5,2.05
2017/2018,2018-05-12 00:00:00,SP2,Spain,La Liga Segunda Division,,Sp Gijon,Barcelona B,2,3,A,1,2,A,1.55,4.41,5.87,1.53,4.0,6.0,1.53,3.8,5.8,1.57,3.9,6.0
2017/2018,2018-05-12 00:00:00,SP1,Spain,La Liga Primera Division,,Girona,Valencia,0,1,A,0,0,D,2.61,3.6,2.75,2.5,3.39,2.75,2.5,3.4,2.62,2.65,3.4,2.65
2017/2018,2018-05-07 00:00:00,SP1,Spain,La Liga Primera Division,,Leganes,Levante,0,3,A,0,0,D,2.18,3.24,3.89,2.1,3.2,3.89,2.1,3.1,3.7,2.05,3.3,3.9
2017/2018,2018-05-07 00:00:00,SP2,Spain,La Liga Segunda Division,,Granada,Vallecano,0,2,A,0,0,D,2.71,3.39,2.74,2.62,3.2,2.7,2.55,3.2,2.6,2.7,3.2,2.65
2017/2018,2018-05-06 00:00:00,SP1,Spain,La Liga Primera Division,,Malaga,Alaves,0,3,A,0,1,A,2.45,3.17,3.31,2.39,3.2,3.1,2.37,3.0,3.1,2.45,3.1,3.1
2017/2018,2018-05-06 00:00:00,SP1,Spain,La Liga Primera Division,,Las Palmas,Getafe,0,1,A,0,0,D,3.9,3.46,2.09,4.0,3.29,2.0,3.7,3.3,2.05,3.8,3.4,2.05
2017/2018,2018-05-06 00:00:00,SP1,Spain,La Liga Primera Division,,Ath Madrid,Espanol,0,2,A,0,0,D,1.43,4.36,10.55,1.39,4.2,10.0,1.4,4.2,9.5,1.36,4.6,10.0
2017/2018,2018-05-06 00:00:00,SP2,Spain,La Liga Segunda Division,,Gimnastic,Osasuna,0,2,A,0,2,A,2.87,3.12,2.77,2.87,2.89,2.7,2.75,2.9,2.62,2.8,2.9,2.8
2017/2018,2018-05-05 00:00:00,SP2,Spain,La Liga Segunda Division,,Cordoba,Huesca,2,4,A,0,2,A,2.61,3.35,2.87,2.54,3.1,2.87,2.5,3.1,2.7,2.6,3.0,2.9
2017/2018,2018-05-05 00:00:00,SP2,Spain,La Liga Segunda Division,,Barcelona B,Reus Deportiu,0,1,A,0,1,A,1.83,3.54,5.01,1.75,3.29,5.25,1.8,3.25,4.5,1.8,3.4,4.75
2017/2018,2018-05-05 00:00:00,SP2,Spain,La Liga Segunda Division,,Numancia,Valladolid,0,1,A,0,0,D,2.17,3.3,3.77,2.04,3.29,3.6,2.1,3.1,3.5,2.05,3.25,3.8
2017/2018,2018-05-05 00:00:00,SP1,Spain,La Liga Primera Division,,Girona,Eibar,1,4,A,0,2,A,2.11,3.4,3.89,2.1,3.29,3.75,2.05,3.2,3.75,2.05,3.3,3.9
2017/2018,2018-04-29 00:00:00,SP1,Spain,La Liga Primera Division,,La Coruna,Barcelona,2,4,A,1,2,A,11.81,6.38,1.28,12.0,6.0,1.25,10.0,6.0,1.28,9.5,6.0,1.28
2017/2018,2018-04-29 00:00:00,SP1,Spain,La Liga Primera Division,,Alaves,Ath Madrid,0,1,A,0,0,D,3.5,3.19,2.35,3.29,3.1,2.37,3.3,3.0,2.35,3.4,3.2,2.25
2017/2018,2018-04-23 00:00:00,SP1,Spain,La Liga Primera Division,,Ath Bilbao,Levante,1,3,A,1,2,A,1.68,3.7,6.32,1.66,3.75,5.5,1.61,3.6,5.75,1.7,3.7,5.25
2017/2018,2018-04-22 00:00:00,SP1,Spain,La Liga Primera Division,,Girona,Espanol,0,2,A,0,1,A,2.12,3.28,4.04,2.14,3.25,3.6,2.05,3.2,3.75,2.1,3.3,3.7
2017/2018,2018-04-22 00:00:00,SP1,Spain,La Liga Primera Division,,Las Palmas,Alaves,0,4,A,0,0,D,3.17,3.34,2.44,3.1,3.2,2.39,3.1,3.1,2.35,3.1,3.3,2.35
2017/2018,2018-04-22 00:00:00,SP2,Spain,La Liga Segunda Division,,Barcelona B,Vallecano,2,3,A,0,1,A,3.44,3.44,2.23,3.25,3.2,2.25,3.2,3.2,2.2,3.25,3.25,2.25
2017/2018,2018-04-21 00:00:00,SP2,Spain,La Liga Segunda Division,,Albacete,Reus Deportiu,0,1,A,0,0,D,2.34,2.72,4.17,2.2,2.7,4.2,2.2,2.8,3.5,2.25,2.75,3.9
2017/2018,2018-04-21 00:00:00,SP2,Spain,La Liga Segunda Division,,Tenerife,Huesca,2,4,A,2,1,H,2.17,3.29,3.78,2.04,3.0,4.2,2.1,3.1,3.5,2.15,3.2,3.6
2017/2018,2018-04-21 00:00:00,SP1,Spain,La Liga Primera Division,,Eibar,Getafe,0,1,A,0,1,A,2.14,3.24,4.0,2.04,3.2,4.0,2.1,3.1,3.8,2.1,3.2,3.8
2017/2018,2018-04-20 00:00:00,SP2,Spain,La Liga Segunda Division,,Oviedo,Valladolid,1,2,A,0,0,D,2.13,3.21,4.01,2.04,3.2,3.79,2.05,3.0,3.6,2.1,3.25,3.6
2017/2018,2018-04-19 00:00:00,SP1,Spain,La Liga Primera Division,,Alaves,Girona,1,2,A,0,0,D,2.44,3.18,3.33,2.37,3.1,3.29,2.37,3.1,3.1,2.45,3.1,3.1
2017/2018,2018-04-18 00:00:00,SP1,Spain,La Liga Primera Division,,Espanol,Eibar,0,1,A,0,1,A,2.38,3.15,3.49,2.29,3.1,3.39,2.3,3.0,3.4,2.35,3.1,3.3
2017/2018,2018-04-18 00:00:00,SP1,Spain,La Liga Primera Division,,Valencia,Getafe,1,2,A,0,1,A,1.49,4.45,7.79,1.44,4.0,8.0,1.5,4.2,7.0,1.48,4.1,7.5
2017/2018,2018-04-15 00:00:00,SP1,Spain,La Liga Primera Division,,Malaga,Real Madrid,1,2,A,0,1,A,10.76,5.93,1.31,10.0,5.5,1.28,11.0,5.5,1.28,10.5,5.75,1.28
2017/2018,2018-04-15 00:00:00,SP1,Spain,La Liga Primera Division,,Eibar,Alaves,0,1,A,0,1,A,1.83,3.44,5.27,1.83,3.39,4.75,1.8,3.3,4.8,1.83,3.3,5.0
2017/2018,2018-04-15 00:00:00,SP2,Spain,La Liga Segunda Division,,Valladolid,Sp Gijon,0,1,A,0,1,A,2.48,3.39,3.02,2.37,3.0,3.25,2.37,3.1,2.87,2.5,3.1,2.95
2017/2018,2018-04-14 00:00:00,SP1,Spain,La Liga Primera Division,,Las Palmas,Sociedad,0,1,A,0,1,A,3.69,3.75,2.03,3.79,3.6,1.95,3.5,3.6,2.0,3.7,3.6,2.0
2017/2018,2018-04-14 00:00:00,SP1,Spain,La Liga Primera Division,,Ath Bilbao,La Coruna,2,3,A,0,2,A,1.69,3.88,5.68,1.66,3.75,5.5,1.61,3.7,5.5,1.67,3.75,5.5
2017/2018,2018-04-13 00:00:00,SP1,Spain,La Liga Primera Division,,Girona,Betis,0,1,A,0,1,A,2.39,3.45,3.16,2.29,3.39,3.1,2.35,3.3,3.0,2.35,3.4,3.0
2017/2018,2018-04-09 00:00:00,SP1,Spain,La Liga Primera Division,,Villarreal,Ath Bilbao,1,3,A,0,1,A,1.89,3.47,4.8,1.85,3.5,4.5,1.85,3.3,4.5,1.91,3.5,4.1
2017/2018,2018-04-08 00:00:00,SP2,Spain,La Liga Segunda Division,,Lugo,Oviedo,0,1,A,0,0,D,2.71,3.04,3.02,2.6,3.0,2.87,2.55,2.9,2.8,2.5,2.95,3.1
2017/2018,2018-04-07 00:00:00,SP2,Spain,La Liga Segunda Division,,Alcorcon,Numancia,0,1,A,0,0,D,2.27,2.99,3.92,2.14,3.0,3.75,2.2,2.9,3.4,2.3,3.0,3.4
2017/2018,2018-04-07 00:00:00,SP2,Spain,La Liga Segunda Division,,Albacete,Vallecano,0,1,A,0,0,D,3.19,3.16,2.49,3.0,3.0,2.5,3.0,3.0,2.4,3.0,2.95,2.55
2017/2018,2018-04-07 00:00:00,SP2,Spain,La Liga Segunda Division,,Barcelona B,Leonesa,0,1,A,0,1,A,2.02,3.33,4.25,1.95,3.1,4.33,2.0,3.2,3.6,1.95,3.1,4.4
2017/2018,2018-04-02 00:00:00,SP1,Spain,La Liga Primera Division,,Getafe,Betis,0,1,A,0,0,D,2.05,3.55,3.89,1.95,3.5,3.75,2.0,3.3,3.7,2.0,3.25,3.8
2017/2018,2018-04-01 00:00:00,SP2,Spain,La Liga Segunda Division,,Osasuna,Tenerife,0,1,A,0,0,D,2.23,3.12,3.81,2.14,3.0,3.79,2.15,3.0,3.4,2.1,3.0,3.8
2017/2018,2018-04-01 00:00:00,SP1,Spain,La Liga Primera Division,,Leganes,Valencia,0,1,A,0,0,D,3.95,3.41,2.09,3.75,3.39,2.0,3.75,3.25,2.05,3.8,3.25,2.0
2017/2018,2018-04-01 00:00:00,SP2,Spain,La Liga Segunda Division,,Almeria,Sp Gijon,1,3,A,0,1,A,3.38,3.22,2.36,3.39,3.1,2.25,3.2,3.1,2.25,3.1,3.1,2.35
2017/2018,2018-03-31 00:00:00,SP2,Spain,La Liga Segunda Division,,Oviedo,Alcorcon,0,1,A,0,0,D,2.04,3.15,4.49,1.95,3.1,4.33,2.0,2.9,4.0,1.95,3.1,4.25
2017/2018,2018-03-31 00:00:00,SP2,Spain,La Liga Segunda Division,,Leonesa,Zaragoza,0,1,A,0,1,A,2.89,3.2,2.69,2.89,3.1,2.5,2.7,3.2,2.45,2.75,3.2,2.55
2017/2018,2018-03-31 00:00:00,SP1,Spain,La Liga Primera Division,,Las Palmas,Real Madrid,0,3,A,0,2,A,10.16,6.7,1.28,10.0,6.0,1.25,9.5,6.0,1.28,8.75,6.25,1.26
2017/2018,2018-03-25 00:00:00,SP2,Spain,La Liga Segunda Division,,Barcelona B,Osasuna,0,2,A,0,1,A,2.92,3.02,2.8,2.62,3.0,2.87,2.8,3.0,2.5,2.65,3.0,2.9
2017/2018,2018-03-25 00:00:00,SP2,Spain,La Liga Segunda Division,,Zaragoza,Sevilla B,0,1,A,0,1,A,1.32,5.28,11.65,1.33,4.75,11.0,,,8.5,1.33,4.6,11.0
2017/2018,2018-03-19 00:00:00,SP2,Spain,La Liga Segunda Division,,Huesca,Sp Gijon,0,2,A,0,1,A,2.55,3.33,2.97,2.5,3.0,3.0,2.4,3.1,2.9,2.4,3.25,3.0
2017/2018,2018-03-18 00:00:00,SP2,Spain,La Liga Segunda Division,,Gimnastic,Cordoba,0,2,A,0,1,A,2.57,3.41,2.87,2.39,3.2,3.0,2.4,3.2,2.75,2.45,3.4,2.8
2017/2018,2018-03-17 00:00:00,SP1,Spain,La Liga Primera Division,,Sociedad,Getafe,1,2,A,1,1,D,1.75,3.92,5.01,1.72,3.6,5.25,1.7,3.7,5.0,1.7,3.7,5.25
2017/2018,2018-03-17 00:00:00,SP2,Spain,La Liga Segunda Division,,Leonesa,Cadiz,0,1,A,0,0,D,2.78,3.21,2.78,2.62,3.0,2.87,2.62,3.0,2.7,2.65,3.1,2.8
2017/2018,2018-03-17 00:00:00,SP2,Spain,La Liga Segunda Division,,Osasuna,Zaragoza,1,2,A,0,0,D,2.23,3.27,3.63,2.1,3.1,3.79,2.1,3.0,3.5,2.1,3.25,3.6
2017/2018,2018-03-16 00:00:00,SP2,Spain,La Liga Segunda Division,,Sevilla B,Albacete,1,2,A,1,1,D,2.94,3.1,2.73,2.89,3.0,2.6,2.75,3.0,2.6,2.9,2.95,2.65
2017/2018,2018-03-12 00:00:00,SP1,Spain,La Liga Primera Division,,Alaves,Betis,1,3,A,0,2,A,2.16,3.46,3.66,2.14,3.29,3.6,2.15,3.3,3.4,2.15,3.4,3.4
2017/2018,2018-03-11 00:00:00,SP1,Spain,La Liga Primera Division,,Las Palmas,Villarreal,0,2,A,0,0,D,3.67,3.45,2.16,3.5,3.5,2.1,3.5,3.3,2.1,3.4,3.4,2.15
2017/2018,2018-03-10 00:00:00,SP2,Spain,La Liga Segunda Division,,Granada,Gimnastic,0,1,A,0,1,A,1.5,4.15,8.32,1.5,3.75,7.5,1.5,3.9,6.5,1.45,4.0,8.25
2017/2018,2018-03-10 00:00:00,SP2,Spain,La Liga Segunda Division,,Almeria,Vallecano,0,1,A,0,1,A,3.63,3.44,2.16,3.6,3.25,2.1,3.3,3.25,2.1,3.75,3.25,2.05
2017/2018,2018-03-10 00:00:00,SP1,Spain,La Liga Primera Division,,Sevilla,Valencia,0,2,A,0,1,A,2.07,3.68,3.7,2.0,3.5,3.79,2.0,3.6,3.4,2.05,3.5,3.6
2017/2018,2018-03-10 00:00:00,SP1,Spain,La Liga Primera Division,,Malaga,Barcelona,0,2,A,0,2,A,13.92,6.14,1.27,13.0,6.0,1.25,13.0,5.5,1.25,12.0,6.0,1.25
2017/2018,2018-03-10 00:00:00,SP1,Spain,La Liga Primera Division,,Getafe,Levante,0,1,A,0,0,D,1.74,3.63,5.75,1.75,3.5,5.25,1.7,3.4,5.5,1.7,3.6,5.5
2017/2018,2018-03-10 00:00:00,SP1,Spain,La Liga Primera Division,,Eibar,Real Madrid,1,2,A,0,1,A,6.23,4.69,1.53,5.75,4.75,1.5,5.8,4.4,1.5,5.75,4.75,1.5
2017/2018,2018-03-04 00:00:00,SP2,Spain,La Liga Segunda Division,,Alcorcon,Cordoba,1,2,A,1,1,D,1.93,3.53,4.39,1.8,3.25,5.0,1.85,3.25,4.2,1.85,3.4,4.5
2017/2018,2018-03-04 00:00:00,SP2,Spain,La Liga Segunda Division,,Gimnastic,Tenerife,1,2,A,1,2,A,2.97,3.27,2.59,3.0,3.0,2.5,2.8,3.0,2.5,2.9,3.2,2.5
2017/2018,2018-03-04 00:00:00,SP2,Spain,La Liga Segunda Division,,Lorca,Albacete,1,2,A,1,0,H,2.6,3.14,3.06,2.5,2.89,3.1,2.45,2.9,3.0,2.45,2.95,3.2
2017/2018,2018-03-04 00:00:00,SP2,Spain,La Liga Segunda Division,,Sevilla B,Sp Gijon,0,1,A,0,1,A,4.39,3.57,1.92,5.0,3.1,1.83,4.0,3.3,1.87,4.6,3.1,1.91
2017/2018,2018-03-03 00:00:00,SP1,Spain,La Liga Primera Division,,Villarreal,Girona,0,2,A,0,1,A,1.85,3.68,4.65,1.8,3.39,4.75,1.83,3.5,4.33,1.8,3.6,4.6
2017/2018,2018-03-03 00:00:00,SP2,Spain,La Liga Segunda Division,,Numancia,Zaragoza,1,2,A,1,1,D,2.13,3.33,3.83,2.1,3.2,3.6,2.05,3.1,3.7,2.05,3.1,4.0
2017/2018,2018-02-28 00:00:00,SP1,Spain,La Liga Primera Division,,Malaga,Sevilla,0,1,A,0,1,A,3.53,3.41,2.23,3.5,3.2,2.14,3.3,3.25,2.2,3.4,3.4,2.15
2017/2018,2018-02-26 00:00:00,SP1,Spain,La Liga Primera Division,,Levante,Betis,0,2,A,0,0,D,2.46,3.51,3.0,2.5,3.29,2.87,2.4,3.4,2.87,2.5,3.4,2.8
2017/2018,2018-02-25 00:00:00,SP1,Spain,La Liga Primera Division,,Sevilla,Ath Madrid,2,5,A,0,2,A,3.33,3.34,2.35,3.39,3.2,2.25,3.2,3.1,2.3,3.2,3.3,2.3
2017/2018,2018-02-21 00:00:00,SP1,Spain,La Liga Primera Division,,Leganes,Real Madrid,1,3,A,1,2,A,12.4,5.99,1.29,11.0,6.0,1.25,12.0,5.5,1.25,10.0,6.0,1.28
2017/2018,2018-02-18 00:00:00,SP2,Spain,La Liga Segunda Division,,Cordoba,Granada,1,2,A,1,0,H,2.97,3.31,2.56,3.0,3.1,2.45,2.8,3.1,2.45,2.95,3.0,2.55
2017/2018,2018-02-18 00:00:00,SP2,Spain,La Liga Segunda Division,,Leonesa,Vallecano,2,3,A,0,2,A,3.45,3.42,2.23,3.6,3.29,2.04,3.1,3.3,2.15,3.4,3.2,2.2
2017/2018,2018-02-18 00:00:00,SP2,Spain,La Liga Segunda Division,,Lugo,Barcelona B,1,2,A,1,0,H,2.03,3.32,4.22,2.0,3.0,4.33,2.0,3.1,3.7,2.05,3.1,4.0
2017/2018,2018-02-18 00:00:00,SP1,Spain,La Liga Primera Division,,Betis,Real Madrid,3,5,A,2,1,H,8.4,6.28,1.34,9.0,6.0,1.3,8.0,5.5,1.33,8.25,5.5,1.34
2017/2018,2018-02-18 00:00:00,SP2,Spain,La Liga Segunda Division,,Sevilla B,Almeria,0,3,A,0,1,A,2.27,3.03,3.84,2.25,2.89,3.6,2.2,3.0,3.3,2.3,2.95,3.5
2017/2018,2018-02-17 00:00:00,SP1,Spain,La Liga Primera Division,,Malaga,Valencia,1,2,A,1,0,H,3.87,3.44,2.1,3.6,3.5,2.04,3.7,3.25,2.05,3.6,3.5,2.05
2017/2018,2018-02-17 00:00:00,SP1,Spain,La Liga Primera Division,,Las Palmas,Sevilla,1,2,A,0,1,A,3.63,3.82,2.05,3.5,3.6,2.04,3.4,3.6,2.0,3.4,3.7,2.05
2017/2018,2018-02-17 00:00:00,SP1,Spain,La Liga Primera Division,,Eibar,Barcelona,0,2,A,0,1,A,6.9,4.72,1.5,6.5,4.75,1.44,6.5,4.33,1.5,6.75,4.5,1.48
2017/2018,2018-02-17 00:00:00,SP2,Spain,La Liga Segunda Division,,Gimnastic,Zaragoza,0,2,A,0,1,A,2.49,3.1,3.26,2.37,3.0,3.25,2.35,3.0,3.0,2.4,3.0,3.25
2017/2018,2018-02-12 00:00:00,SP1,Spain,La Liga Primera Division,,La Coruna,Betis,0,1,A,0,0,D,2.25,3.76,3.18,2.2,3.6,3.1,2.2,3.6,3.0,2.2,3.5,3.0
2017/2018,2018-02-11 00:00:00,SP2,Spain,La Liga Segunda Division,,Albacete,Gimnastic,0,1,A,0,1,A,2.0,3.34,4.41,1.9,3.0,4.75,1.95,3.1,4.0,1.95,3.1,4.25
2017/2018,2018-02-10 00:00:00,SP1,Spain,La Liga Primera Division,,Villarreal,Alaves,1,2,A,0,1,A,1.7,3.81,5.69,1.66,4.0,5.0,1.67,3.6,5.25,1.67,3.5,5.25
2017/2018,2018-02-10 00:00:00,SP1,Spain,La Liga Primera Division,,Malaga,Ath Madrid,0,1,A,0,1,A,7.11,3.82,1.61,7.5,3.6,1.57,7.0,3.5,1.6,6.5,3.7,1.55
2017/2018,2018-02-10 00:00:00,SP1,Spain,La Liga Primera Division,,Leganes,Eibar,0,1,A,0,0,D,2.97,3.1,2.74,2.87,3.1,2.62,2.87,2.9,2.65,2.85,2.95,2.65
2017/2018,2018-02-10 00:00:00,SP2,Spain,La Liga Segunda Division,,Almeria,Osasuna,0,1,A,0,0,D,3.23,3.1,2.52,3.2,2.89,2.45,3.0,2.9,2.4,3.1,2.9,2.5
2017/2018,2018-02-10 00:00:00,SP2,Spain,La Liga Segunda Division,,Barcelona B,Alcorcon,0,1,A,0,0,D,2.35,3.14,3.5,2.25,3.0,3.5,2.25,3.0,3.2,2.25,3.1,3.3
2017/2018,2018-02-04 00:00:00,SP2,Spain,La Liga Segunda Division,,Cordoba,Barcelona B,1,2,A,1,0,H,2.12,3.46,3.71,2.0,3.29,3.79,2.1,3.25,3.3,2.05,3.3,3.7
2017/2018,2018-02-04 00:00:00,SP2,Spain,La Liga Segunda Division,,Sevilla B,Huesca,0,1,A,0,0,D,3.59,3.37,2.2,3.5,3.2,2.14,3.3,3.1,2.15,3.6,3.2,2.15
2017/2018,2018-02-03 00:00:00,SP2,Spain,La Liga Segunda Division,,Lorca,Almeria,1,2,A,1,0,H,2.49,3.09,3.27,2.37,3.0,3.25,2.3,3.0,3.1,2.35,3.0,3.3
2017/2018,2018-01-27 00:00:00,SP1,Spain,La Liga Primera Division,,Valencia,Real Madrid,1,4,A,0,2,A,4.79,4.53,1.68,5.0,4.33,1.61,4.5,4.33,1.67,4.75,4.5,1.62
2017/2018,2018-01-21 00:00:00,SP1,Spain,La Liga Primera Division,,Sociedad,Celta,1,2,A,1,1,D,1.9,3.95,4.06,1.85,3.89,4.0,1.85,3.75,3.8,1.85,3.8,4.0
2017/2018,2018-01-21 00:00:00,SP1,Spain,La Liga Primera Division,,Betis,Barcelona,0,5,A,0,0,D,9.2,6.1,1.33,10.0,6.0,1.28,9.0,5.75,1.3,9.0,5.75,1.3
2017/2018,2018-01-21 00:00:00,SP2,Spain,La Liga Segunda Division,,Tenerife,Barcelona B,1,3,A,0,3,A,1.82,3.63,4.87,1.75,3.29,5.25,1.8,3.3,4.33,1.75,3.5,5.0
2017/2018,2018-01-21 00:00:00,SP2,Spain,La Liga Segunda Division,,Gimnastic,Reus Deportiu,1,2,A,0,1,A,2.31,2.98,3.81,2.2,2.79,4.0,2.25,2.9,3.3,2.15,3.0,3.8
2017/2018,2018-01-20 00:00:00,SP1,Spain,La Liga Primera Division,,Espanol,Sevilla,0,3,A,0,2,A,2.78,3.31,2.76,2.75,3.2,2.7,2.7,3.2,2.62,2.8,3.3,2.55
2017/2018,2018-01-20 00:00:00,SP2,Spain,La Liga Segunda Division,,Lorca,Huesca,2,3,A,2,1,H,3.32,3.08,2.48,3.25,3.0,2.37,3.0,3.0,2.35,3.2,2.95,2.45
2017/2018,2018-01-18 00:00:00,SP2,Spain,La Liga Segunda Division,,Osasuna,Gimnastic,0,2,A,0,1,A,1.65,3.59,6.99,1.61,3.6,6.0,,,,1.6,3.6,6.0
2017/2018,2018-01-14 00:00:00,SP2,Spain,La Liga Segunda Division,,Sevilla B,Osasuna,0,1,A,0,0,D,3.4,3.1,2.45,3.39,2.89,2.37,3.1,3.0,2.35,3.1,3.0,2.45
2017/2018,2018-01-14 00:00:00,SP1,Spain,La Liga Primera Division,,Sociedad,Barcelona,2,4,A,2,1,H,6.94,4.89,1.49,6.5,5.0,1.44,6.5,4.6,1.44,6.75,4.75,1.45
2017/2018,2018-01-14 00:00:00,SP1,Spain,La Liga Primera Division,,Levante,Celta,0,1,A,0,1,A,3.17,3.44,2.42,3.0,3.25,2.45,3.0,3.25,2.35,3.1,3.2,2.4
2017/2018,2018-01-13 00:00:00,SP1,Spain,La Liga Primera Division,,Eibar,Ath Madrid,0,1,A,0,1,A,3.98,3.39,2.11,4.0,3.2,2.04,3.9,3.1,2.05,4.1,3.3,2.0
2017/2018,2018-01-13 00:00:00,SP1,Spain,La Liga Primera Division,,Real Madrid,Villarreal,0,1,A,0,0,D,1.27,7.01,10.86,1.25,6.5,10.0,1.25,6.5,11.0,1.25,6.75,10.0
2017/2018,2018-01-13 00:00:00,SP2,Spain,La Liga Segunda Division,,Barcelona B,Valladolid,0,1,A,0,0,D,3.23,3.48,2.33,3.1,3.25,2.29,2.9,3.3,2.25,3.2,3.2,2.3
2017/2018,2018-01-13 00:00:00,SP2,Spain,La Liga Segunda Division,,Reus Deportiu,Lugo,0,1,A,0,1,A,2.79,3.01,3.0,2.54,2.89,3.1,2.55,2.9,2.8,2.55,2.95,3.0
2017/2018,2018-01-13 00:00:00,SP1,Spain,La Liga Primera Division,,La Coruna,Valencia,1,2,A,0,1,A,3.08,3.69,2.35,3.0,3.39,2.37,2.9,3.5,2.3,3.0,3.5,2.3
2017/2018,2018-01-08 00:00:00,SP1,Spain,La Liga Primera Division,,Malaga,Espanol,0,1,A,0,1,A,2.54,3.11,3.28,2.54,3.0,3.1,2.5,3.0,3.0,2.55,3.0,3.1
2017/2018,2018-01-07 00:00:00,SP2,Spain,La Liga Segunda Division,,Albacete,Tenerife,1,2,A,0,0,D,2.59,2.93,3.36,2.45,2.87,3.25,2.4,2.9,3.0,2.45,2.95,3.2
2017/2018,2018-01-06 00:00:00,SP2,Spain,La Liga Segunda Division,,Vallecano,Gimnastic,2,3,A,1,2,A,1.48,4.47,7.92,1.44,4.0,8.0,1.44,4.0,6.5,1.45,4.2,7.5
2017/2018,2018-01-06 00:00:00,SP1,Spain,La Liga Primera Division,,Las Palmas,Eibar,1,2,A,1,0,H,2.64,3.53,2.79,2.54,3.39,2.75,2.55,3.4,2.65,2.55,3.4,2.75
2017/2018,2018-01-06 00:00:00,SP1,Spain,La Liga Primera Division,,Sevilla,Betis,3,5,A,2,2,D,1.52,4.7,6.74,1.5,4.33,6.5,1.5,4.33,5.8,1.5,4.6,6.0
2017/2018,2017-12-23 00:00:00,SP1,Spain,La Liga Primera Division,,Valencia,Villarreal,0,1,A,0,1,A,2.09,3.92,3.5,2.04,3.6,3.29,2.05,3.6,3.4,1.95,3.7,3.5
2017/2018,2017-12-23 00:00:00,SP1,Spain,La Liga Primera Division,,Real Madrid,Barcelona,0,3,A,0,0,D,2.09,4.06,3.34,2.1,3.75,3.1,2.05,3.8,3.2,2.05,3.7,3.2
2017/2018,2017-12-23 00:00:00,SP1,Spain,La Liga Primera Division,,La Coruna,Celta,1,3,A,0,2,A,2.77,3.51,2.67,2.54,3.29,2.7,2.62,3.3,2.6,2.6,3.1,2.75
2017/2018,2017-12-23 00:00:00,SP2,Spain,La Liga Segunda Division,,Gimnastic,Huesca,1,2,A,0,1,A,3.24,3.25,2.44,3.29,3.1,2.29,3.0,3.1,2.3,3.2,3.0,2.35
2017/2018,2017-12-22 00:00:00,SP2,Spain,La Liga Segunda Division,,Lugo,Vallecano,1,2,A,0,1,A,2.98,3.21,2.64,2.89,3.1,2.5,2.75,3.1,2.5,2.75,3.1,2.6
2017/2018,2017-12-22 00:00:00,SP1,Spain,La Liga Primera Division,,Betis,Ath Bilbao,0,2,A,0,1,A,2.76,3.45,2.72,2.7,3.25,2.62,2.62,3.3,2.6,2.7,3.2,2.6
2017/2018,2017-12-20 00:00:00,SP2,Spain,La Liga Segunda Division,,Lorca,Osasuna,0,1,A,0,1,A,3.01,3.0,2.78,3.1,2.89,2.5,2.9,2.9,2.5,3.0,3.1,2.5
2017/2018,2017-12-19 00:00:00,SP2,Spain,La Liga Segunda Division,,Barcelona B,Albacete,0,1,A,0,1,A,1.97,3.37,4.5,1.9,3.29,4.2,1.91,3.1,4.0,1.9,3.4,4.25
2017/2018,2017-12-18 00:00:00,SP1,Spain,La Liga Primera Division,,Malaga,Betis,0,2,A,0,1,A,2.07,3.62,3.83,2.0,3.39,3.79,2.05,3.4,3.6,2.05,3.4,3.7
2017/2018,2017-12-17 00:00:00,SP2,Spain,La Liga Segunda Division,,Sevilla B,Oviedo,0,1,A,0,1,A,2.85,3.1,2.85,2.7,3.0,2.79,2.65,2.9,2.65,2.7,2.95,2.85
2017/2018,2017-12-17 00:00:00,SP1,Spain,La Liga Primera Division,,Celta,Villarreal,0,1,A,0,1,A,2.4,3.54,3.13,2.29,3.39,3.1,2.3,3.3,3.0,2.35,3.2,3.25
2017/2018,2017-12-11 00:00:00,SP1,Spain,La Liga Primera Division,,Espanol,Girona,0,1,A,0,1,A,2.04,3.38,4.27,2.04,3.5,3.6,2.0,3.3,3.8,2.0,3.3,4.0
2017/2018,2017-12-10 00:00:00,SP1,Spain,La Liga Primera Division,,Levante,Ath Bilbao,1,2,A,0,1,A,3.57,3.33,2.27,3.25,3.39,2.25,3.4,3.1,2.25,3.25,3.4,2.25
2017/2018,2017-12-10 00:00:00,SP1,Spain,La Liga Primera Division,,Sociedad,Malaga,0,2,A,0,1,A,1.53,4.64,6.6,1.53,4.33,6.0,1.53,4.2,6.0,1.5,4.6,6.0
2017/2018,2017-12-10 00:00:00,SP1,Spain,La Liga Primera Division,,Villarreal,Barcelona,0,2,A,0,0,D,6.16,4.71,1.55,6.0,4.33,1.53,5.5,4.25,1.53,5.5,4.4,1.55
2017/2018,2017-12-10 00:00:00,SP1,Spain,La Liga Primera Division,,Betis,Ath Madrid,0,1,A,0,1,A,5.29,3.85,1.75,4.75,3.79,1.72,4.8,3.6,1.72,5.0,3.8,1.7
2017/2018,2017-12-09 00:00:00,SP2,Spain,La Liga Segunda Division,,Zaragoza,Cadiz,0,2,A,0,0,D,2.27,3.13,3.78,2.1,3.2,3.6,,,,2.2,3.0,3.7
2017/2018,2017-12-04 00:00:00,SP1,Spain,La Liga Primera Division,,Girona,Alaves,2,3,A,0,0,D,1.63,3.94,6.59,1.6,3.79,6.0,1.61,3.6,5.8,1.65,3.9,5.25
2017/2018,2017-12-03 00:00:00,SP2,Spain,La Liga Segunda Division,,Valladolid,Numancia,2,3,A,2,0,H,1.92,3.49,4.6,1.83,3.39,4.5,1.87,3.3,3.9,1.91,3.25,4.4
2017/2018,2017-12-03 00:00:00,SP2,Spain,La Liga Segunda Division,,Sp Gijon,Zaragoza,0,1,A,0,0,D,1.94,3.45,4.55,1.9,3.2,4.33,1.91,3.25,4.0,1.85,3.4,4.4
2017/2018,2017-12-02 00:00:00,SP2,Spain,La Liga Segunda Division,,Lorca,Oviedo,0,2,A,0,2,A,2.9,3.21,2.71,2.7,3.2,2.62,2.7,3.1,2.55,2.7,3.1,2.75
2017/2018,2017-11-26 00:00:00,SP1,Spain,La Liga Primera Division,,Villarreal,Sevilla,2,3,A,1,0,H,2.41,3.4,3.22,2.37,3.39,3.0,2.3,3.4,2.87,2.45,3.2,3.0
2017/2018,2017-11-25 00:00:00,SP2,Spain,La Liga Segunda Division,,Gimnastic,Lorca,0,2,A,0,0,D,2.09,3.29,4.12,2.0,3.2,4.0,2.0,3.2,3.7,1.95,3.4,4.0
2017/2018,2017-11-25 00:00:00,SP1,Spain,La Liga Primera Division,,Alaves,Eibar,1,2,A,0,1,A,2.72,3.08,3.05,2.5,3.1,3.1,2.6,3.0,2.9,2.55,3.1,3.0
2017/2018,2017-11-25 00:00:00,SP1,Spain,La Liga Primera Division,,Levante,Ath Madrid,0,5,A,0,2,A,7.4,3.95,1.58,7.5,3.75,1.53,7.0,3.6,1.57,7.75,3.9,1.5
2017/2018,2017-11-19 00:00:00,SP2,Spain,La Liga Segunda Division,,Osasuna,Alcorcon,2,3,A,1,0,H,1.85,3.32,5.43,1.83,3.25,4.75,1.8,3.1,4.75,1.83,3.3,4.75
2017/2018,2017-11-19 00:00:00,SP2,Spain,La Liga Segunda Division,,Sp Gijon,Cadiz,0,3,A,0,1,A,1.92,3.3,5.02,1.85,3.1,5.0,1.87,3.1,4.33,1.87,3.1,5.0
2017/2018,2017-11-19 00:00:00,SP2,Spain,La Liga Segunda Division,,Numancia,Gimnastic,1,2,A,1,1,D,1.89,3.41,4.91,1.9,3.2,4.33,1.85,3.1,4.33,1.85,3.25,4.75
2017/2018,2017-11-19 00:00:00,SP1,Spain,La Liga Primera Division,,Las Palmas,Levante,0,2,A,0,0,D,1.94,3.64,4.34,1.95,3.5,4.0,1.91,3.5,3.9,1.91,3.5,4.1
2017/2018,2017-11-19 00:00:00,SP1,Spain,La Liga Primera Division,,Espanol,Valencia,0,2,A,0,0,D,3.29,3.48,2.33,3.2,3.29,2.29,3.1,3.3,2.25,3.2,3.4,2.25
2017/2018,2017-11-18 00:00:00,SP1,Spain,La Liga Primera Division,,Leganes,Barcelona,0,3,A,0,1,A,9.5,5.35,1.37,9.5,5.25,1.33,9.0,4.8,1.36,10.5,5.25,1.3
2017/2018,2017-11-18 00:00:00,SP2,Spain,La Liga Segunda Division,,Lorca,Lugo,1,2,A,1,1,D,2.42,3.25,3.29,2.37,3.0,3.2,2.35,3.0,3.0,2.4,3.0,3.2
2017/2018,2017-11-12 00:00:00,SP2,Spain,La Liga Segunda Division,,Lugo,Numancia,0,1,A,0,1,A,2.45,3.09,3.42,2.29,3.0,3.39,2.3,3.0,3.1,2.3,3.1,3.25
2017/2018,2017-11-12 00:00:00,SP2,Spain,La Liga Segunda Division,,Gimnastic,Oviedo,1,2,A,1,0,H,2.72,3.04,3.04,2.54,3.1,2.87,2.55,3.0,2.75,2.45,3.0,3.0
2017/2018,2017-11-12 00:00:00,SP2,Spain,La Liga Segunda Division,,Granada,Sevilla B,1,2,A,0,1,A,1.67,3.77,6.25,1.6,3.6,6.0,1.6,3.6,5.75,1.6,3.6,6.0
2017/2018,2017-11-11 00:00:00,SP2,Spain,La Liga Segunda Division,,Barcelona B,Huesca,0,2,A,0,0,D,2.56,3.45,2.89,2.5,3.1,2.89,2.45,3.25,2.65,2.6,3.1,2.75
2017/2018,2017-11-10 00:00:00,SP2,Spain,La Liga Segunda Division,,Cordoba,Osasuna,0,1,A,0,0,D,2.75,3.18,2.88,2.62,3.1,2.79,2.55,3.0,2.8,2.75,3.0,2.65
2017/2018,2017-11-05 00:00:00,SP1,Spain,La Liga Primera Division,,Levante,Girona,1,2,A,0,0,D,2.5,3.31,3.14,2.39,3.29,3.0,2.4,3.2,3.0,2.4,3.2,3.1
2017/2018,2017-11-05 00:00:00,SP2,Spain,La Liga Segunda Division,,Valladolid,Gimnastic,0,3,A,0,1,A,1.6,4.09,6.4,1.57,3.75,6.0,1.61,3.7,5.2,1.55,3.9,6.25
2017/2018,2017-11-05 00:00:00,SP2,Spain,La Liga Segunda Division,,Almeria,Cadiz,0,2,A,0,1,A,2.47,3.02,3.47,2.29,3.0,3.39,2.35,2.9,3.2,2.3,3.0,3.4
2017/2018,2017-11-04 00:00:00,SP1,Spain,La Liga Primera Division,,La Coruna,Ath Madrid,0,1,A,0,0,D,4.78,3.68,1.85,4.75,3.6,1.8,4.5,3.5,1.8,4.75,3.6,1.78
2017/2018,2017-10-30 00:00:00,SP1,Spain,La Liga Primera Division,,Las Palmas,La Coruna,1,3,A,1,1,D,2.19,3.71,3.4,2.04,3.5,3.6,2.15,3.5,3.2,2.2,3.5,3.2
2017/2018,2017-10-28 00:00:00,SP1,Spain,La Liga Primera Division,,Ath Bilbao,Barcelona,0,2,A,0,1,A,7.65,4.89,1.46,7.0,4.5,1.44,6.5,4.5,1.44,6.5,4.6,1.48
2017/2018,2017-10-28 00:00:00,SP1,Spain,La Liga Primera Division,,Alaves,Valencia,1,2,A,0,1,A,5.94,4.1,1.65,6.0,3.75,1.6,5.0,3.75,1.67,5.25,3.9,1.67
2017/2018,2017-10-23 00:00:00,SP1,Spain,La Liga Primera Division,,La Coruna,Girona,1,2,A,0,1,A,2.06,3.49,4.03,2.04,3.29,3.79,2.0,3.3,3.7,2.0,3.3,4.0
2017/2018,2017-10-22 00:00:00,SP2,Spain,La Liga Segunda Division,,Almeria,Reus Deportiu,0,1,A,0,1,A,2.07,3.02,4.64,2.0,3.1,4.2,2.05,2.9,3.9,2.0,3.1,4.25
2017/2018,2017-10-22 00:00:00,SP2,Spain,La Liga Segunda Division,,Gimnastic,Alcorcon,0,3,A,0,2,A,2.22,3.05,4.06,2.1,3.1,3.75,2.15,2.9,3.6,2.05,3.0,4.2
2017/2018,2017-10-22 00:00:00,SP1,Spain,La Liga Primera Division,,Celta,Ath Madrid,0,1,A,0,1,A,4.3,3.53,1.99,4.2,3.39,1.95,4.4,3.3,1.87,4.5,3.4,1.87
2017/2018,2017-10-21 00:00:00,SP2,Spain,La Liga Segunda Division,,Numancia,Granada,1,3,A,0,2,A,2.05,3.31,4.25,2.0,3.29,3.79,1.95,3.1,3.8,2.0,3.4,3.8
2017/2018,2017-10-16 00:00:00,SP2,Spain,La Liga Segunda Division,,Alcorcon,Lugo,0,1,A,0,0,D,,,,2.4,3.1,3.1,,,,,,
2017/2018,2017-10-16 00:00:00,SP1,Spain,La Liga Primera Division,,Las Palmas,Celta,2,5,A,0,2,A,2.44,3.47,3.11,2.38,3.3,3.1,2.35,3.4,2.87,2.4,3.3,3.0
2017/2018,2017-10-15 00:00:00,SP1,Spain,La Liga Primera Division,,Betis,Valencia,3,6,A,0,2,A,2.67,3.62,2.71,2.55,3.5,2.7,2.5,3.5,2.6,2.6,3.4,2.7
2017/2018,2017-10-15 00:00:00,SP1,Spain,La Liga Primera Division,,Girona,Villarreal,1,2,A,1,2,A,2.89,3.23,2.74,2.8,3.2,2.6,2.8,3.1,2.6,2.75,3.2,2.65
2017/2018,2017-10-15 00:00:00,SP1,Spain,La Liga Primera Division,,Malaga,Leganes,0,2,A,0,0,D,2.39,3.18,3.49,2.38,3.0,3.4,2.3,3.0,3.25,2.25,3.25,3.4
2017/2018,2017-10-15 00:00:00,SP2,Spain,La Liga Segunda Division,,Cordoba,Gimnastic,1,5,A,1,2,A,,,,2.1,3.1,3.75,,,,,,
2017/2018,2017-10-15 00:00:00,SP2,Spain,La Liga Segunda Division,,Reus Deportiu,Vallecano,0,2,A,0,1,A,,,,2.88,2.9,2.7,,,,,,
2017/2018,2017-10-14 00:00:00,SP1,Spain,La Liga Primera Division,,Alaves,Sociedad,0,2,A,0,0,D,3.52,3.55,2.2,3.5,3.4,2.15,3.3,3.4,2.15,3.4,3.3,2.2
2017/2018,2017-10-14 00:00:00,SP1,Spain,La Liga Primera Division,,Getafe,Real Madrid,1,2,A,0,1,A,10.0,6.1,1.32,10.0,5.75,1.29,9.5,5.5,1.3,10.5,6.25,1.26
2017/2018,2017-10-11 00:00:00,SP2,Spain,La Liga Segunda Division,,Lorca,Zaragoza,0,2,A,0,0,D,2.94,3.11,2.75,3.0,3.0,2.5,2.75,3.0,2.55,2.75,3.1,2.6
2017/2018,2017-10-10 00:00:00,SP2,Spain,La Liga Segunda Division,,Leonesa,Sp Gijon,0,2,A,0,0,D,2.86,3.3,2.69,3.0,3.0,2.5,2.75,3.1,2.5,2.7,3.1,2.65
2017/2018,2017-10-07 00:00:00,SP2,Spain,La Liga Segunda Division,,Almeria,Huesca,0,3,A,0,2,A,2.37,3.13,3.52,2.25,3.0,3.5,2.3,3.1,3.1,2.15,3.2,3.4
2017/2018,2017-10-07 00:00:00,SP2,Spain,La Liga Segunda Division,,Cadiz,Osasuna,0,2,A,0,0,D,2.32,3.08,3.71,2.15,3.1,3.6,2.15,3.0,3.4,2.1,3.0,3.8
2017/2018,2017-10-01 00:00:00,SP2,Spain,La Liga Segunda Division,,Sevilla B,Reus Deportiu,0,1,A,0,1,A,2.55,3.06,3.26,2.38,3.1,3.1,2.4,2.9,3.0,2.45,2.95,3.0
2017/2018,2017-10-01 00:00:00,SP2,Spain,La Liga Segunda Division,,Alcorcon,Granada,1,2,A,1,1,D,2.31,3.14,3.65,2.15,3.1,3.6,2.25,2.9,3.3,2.25,3.0,3.3
2017/2018,2017-09-30 00:00:00,SP1,Spain,La Liga Primera Division,,Levante,Alaves,0,2,A,0,1,A,1.91,3.56,4.65,1.83,3.5,4.5,1.85,3.3,4.4,1.72,3.6,4.75
2017/2018,2017-09-25 00:00:00,SP2,Spain,La Liga Segunda Division,,Barcelona B,Lugo,1,2,A,1,1,D,2.0,3.48,4.2,1.95,3.2,4.2,,,,1.95,3.3,3.9
2017/2018,2017-09-24 00:00:00,SP1,Spain,La Liga Primera Division,,Las Palmas,Leganes,0,2,A,0,0,D,2.11,3.35,4.03,2.05,3.25,3.8,2.05,3.2,3.75,2.1,3.25,3.7
2017/2018,2017-09-24 00:00:00,SP1,Spain,La Liga Primera Division,,Eibar,Celta,0,4,A,0,3,A,2.27,3.46,3.44,2.2,3.3,3.4,2.25,3.25,3.2,2.25,3.3,3.3
2017/2018,2017-09-24 00:00:00,SP1,Spain,La Liga Primera Division,,Sociedad,Valencia,2,3,A,1,1,D,2.28,3.62,3.27,2.3,3.4,3.1,2.2,3.5,3.0,2.2,3.6,3.1
2017/2018,2017-09-23 00:00:00,SP1,Spain,La Liga Primera Division,,Girona,Barcelona,0,3,A,0,1,A,12.7,6.65,1.26,12.0,6.0,1.25,12.0,6.0,1.25,12.5,6.5,1.22
2017/2018,2017-09-23 00:00:00,SP1,Spain,La Liga Primera Division,,Alaves,Real Madrid,1,2,A,1,2,A,19.65,8.4,1.18,17.0,7.5,1.17,19.0,7.5,1.17,14.5,7.5,1.18
2017/2018,2017-09-20 00:00:00,SP1,Spain,La Liga Primera Division,,Real Madrid,Betis,0,1,A,0,0,D,1.11,13.0,20.0,1.13,10.0,17.0,1.1,10.0,26.0,1.11,10.5,18.0
2017/2018,2017-09-20 00:00:00,SP1,Spain,La Liga Primera Division,,Ath Bilbao,Ath Madrid,1,2,A,0,0,D,3.55,3.23,2.33,3.4,3.2,2.25,3.4,3.1,2.25,3.4,3.25,2.25
2017/2018,2017-09-17 00:00:00,SP1,Spain,La Liga Primera Division,,Alaves,Villarreal,0,3,A,0,1,A,3.31,3.27,2.42,3.1,3.1,2.4,3.1,3.0,2.4,3.1,3.2,2.4
2017/2018,2017-09-17 00:00:00,SP1,Spain,La Liga Primera Division,,Girona,Sevilla,0,1,A,0,0,D,3.28,3.52,2.32,3.3,3.25,2.3,3.0,3.4,2.3,3.2,3.4,2.25
2017/2018,2017-09-17 00:00:00,SP1,Spain,La Liga Primera Division,,Sociedad,Real Madrid,1,3,A,1,2,A,4.99,4.36,1.69,5.0,4.0,1.67,4.6,4.2,1.67,4.75,4.2,1.67
2017/2018,2017-09-16 00:00:00,SP1,Spain,La Liga Primera Division,,Getafe,Barcelona,1,2,A,1,0,H,13.5,6.85,1.25,11.0,6.5,1.25,12.0,6.0,1.25,12.5,6.5,1.22
2017/2018,2017-09-11 00:00:00,SP1,Spain,La Liga Primera Division,,Malaga,Las Palmas,1,3,A,0,1,A,2.06,3.67,3.83,2.0,3.5,3.8,2.0,3.4,3.6,2.0,3.5,3.8
2017/2018,2017-09-10 00:00:00,SP2,Spain,La Liga Segunda Division,,Albacete,Lugo,0,1,A,0,0,D,2.58,3.12,3.15,2.45,3.1,3.0,2.5,2.9,2.87,2.5,3.1,2.95
2017/2018,2017-09-10 00:00:00,SP2,Spain,La Liga Segunda Division,,Vallecano,Osasuna,0,3,A,0,1,A,2.11,3.38,3.91,2.1,3.4,3.4,2.1,3.1,3.5,2.05,3.3,3.7
2017/2018,2017-09-10 00:00:00,SP1,Spain,La Liga Primera Division,,La Coruna,Sociedad,2,4,A,1,2,A,2.85,3.46,2.63,2.75,3.3,2.6,2.7,3.25,2.55,2.75,3.3,2.6
2017/2018,2017-09-10 00:00:00,SP2,Spain,La Liga Segunda Division,,Zaragoza,Alcorcon,0,1,A,0,1,A,1.95,3.3,4.76,1.85,3.6,4.0,2.0,3.0,4.0,2.0,3.2,4.0
2017/2018,2017-09-08 00:00:00,SP1,Spain,La Liga Primera Division,,Leganes,Getafe,1,2,A,0,1,A,2.11,3.28,4.15,2.05,3.25,4.0,2.05,3.1,3.9,2.05,3.2,4.0
2017/2018,2017-09-03 00:00:00,SP2,Spain,La Liga Segunda Division,,Sevilla B,Leonesa,1,2,A,0,0,D,2.45,3.19,3.29,2.4,3.1,3.1,2.35,3.0,3.0,2.25,3.1,3.2
2017/2018,2017-09-03 00:00:00,SP2,Spain,La Liga Segunda Division,,Cordoba,Zaragoza,1,2,A,1,1,D,2.33,3.23,3.48,2.3,3.1,3.3,2.25,3.0,3.25,2.2,3.1,3.3
2017/2018,2017-09-02 00:00:00,SP2,Spain,La Liga Segunda Division,,Gimnastic,Sp Gijon,0,4,A,0,3,A,2.62,3.14,3.08,2.5,3.0,3.0,2.5,3.0,2.87,2.4,3.0,3.0
2017/2018,2017-09-02 00:00:00,SP2,Spain,La Liga Segunda Division,,Lugo,Cadiz,0,1,A,0,0,D,2.41,3.17,3.4,2.3,3.1,3.2,2.25,3.0,3.2,2.3,3.1,3.1
2017/2018,2017-08-28 00:00:00,SP2,Spain,La Liga Segunda Division,,Barcelona B,Tenerife,0,3,A,0,2,A,2.57,3.19,3.1,2.4,3.2,3.0,2.37,3.1,2.9,2.4,3.25,2.95
2017/2018,2017-08-27 00:00:00,SP1,Spain,La Liga Primera Division,,Eibar,Ath Bilbao,0,1,A,0,1,A,2.57,3.26,3.08,2.5,3.1,3.1,2.55,3.1,2.87,2.5,3.2,2.95
2017/2018,2017-08-27 00:00:00,SP1,Spain,La Liga Primera Division,,Espanol,Leganes,0,1,A,0,1,A,2.0,3.37,4.49,1.95,3.25,4.33,1.95,3.1,4.2,1.91,3.25,4.6
2017/2018,2017-08-27 00:00:00,SP1,Spain,La Liga Primera Division,,Getafe,Sevilla,0,1,A,0,0,D,3.61,3.58,2.16,3.6,3.3,2.15,3.4,3.4,2.1,3.6,3.4,2.1
2017/2018,2017-08-26 00:00:00,SP2,Spain,La Liga Segunda Division,,Sevilla B,Valladolid,1,2,A,0,2,A,2.64,3.23,2.97,2.6,3.2,2.8,2.5,3.1,2.7,2.5,3.2,2.85
2017/2018,2017-08-26 00:00:00,SP1,Spain,La Liga Primera Division,,Alaves,Barcelona,0,2,A,0,0,D,10.55,5.8,1.33,10.0,5.75,1.29,10.0,5.25,1.3,10.0,5.5,1.3
2017/2018,2017-08-26 00:00:00,SP1,Spain,La Liga Primera Division,,Las Palmas,Ath Madrid,1,5,A,0,2,A,5.14,3.73,1.79,4.75,3.75,1.75,4.8,3.5,1.75,4.75,3.7,1.75
2017/2018,2017-08-25 00:00:00,SP2,Spain,La Liga Segunda Division,,Albacete,Cordoba,0,3,A,0,1,A,2.7,3.13,2.97,2.5,3.2,2.8,2.55,3.0,2.8,2.65,3.1,2.75
2017/2018,2017-08-21 00:00:00,SP1,Spain,La Liga Primera Division,,Malaga,Eibar,0,1,A,0,0,D,2.24,3.36,3.49,2.1,3.3,3.7,2.1,3.1,3.4,2.15,3.3,3.5
2017/2018,2017-08-20 00:00:00,SP2,Spain,La Liga Segunda Division,,Oviedo,Vallecano,2,3,A,1,2,A,2.44,3.21,3.3,2.38,3.0,3.25,2.3,3.0,3.1,2.35,3.1,3.25
2017/2018,2017-08-20 00:00:00,SP2,Spain,La Liga Segunda Division,,Gimnastic,Almeria,0,1,A,0,1,A,2.24,3.2,3.76,2.25,3.0,3.5,2.15,3.0,3.4,2.15,3.25,3.5
2017/2018,2017-08-20 00:00:00,SP1,Spain,La Liga Primera Division,,La Coruna,Real Madrid,0,3,A,0,2,A,10.26,5.79,1.33,9.5,5.75,1.3,9.5,5.25,1.3,9.25,5.75,1.3
2017/2018,2017-08-19 00:00:00,SP1,Spain,La Liga Primera Division,,Celta,Sociedad,2,3,A,1,1,D,2.44,3.4,3.16,2.38,3.25,3.2,2.35,3.25,3.0,2.4,3.3,3.0
2017/2018,2017-08-19 00:00:00,SP2,Spain,La Liga Segunda Division,,Valladolid,Barcelona B,1,2,A,0,2,A,1.92,3.58,4.46,1.85,3.4,4.33,1.83,3.4,4.0,1.87,3.4,4.33
2017/2018,2017-08-19 00:00:00,SP2,Spain,La Liga Segunda Division,,Cordoba,Cadiz,1,2,A,0,2,A,2.27,3.24,3.63,2.2,3.0,3.6,2.2,3.0,3.4,2.25,3.1,3.4
2016/2017,2017-06-11 00:00:00,SP2,Spain,La Liga Segunda Division,,Numancia,Mirandes,0,2,A,0,0,D,1.91,3.55,4.57,1.75,3.4,4.33,1.87,3.3,4.0,1.91,3.4,3.8
2016/2017,2017-06-10 00:00:00,SP2,Spain,La Liga Segunda Division,,Levante,Huesca,1,2,A,0,0,D,3.77,3.61,2.07,3.5,3.25,1.95,3.4,3.3,2.05,3.4,3.5,2.0
2016/2017,2017-06-10 00:00:00,SP2,Spain,La Liga Segunda Division,,Zaragoza,Tenerife,1,2,A,0,1,A,3.49,3.28,2.31,3.0,3.25,2.2,3.2,3.1,2.2,3.0,3.2,2.3
2016/2017,2017-06-10 00:00:00,SP2,Spain,La Liga Segunda Division,,Elche,Oviedo,0,2,A,0,0,D,5.32,4.4,1.64,5.25,3.75,1.57,4.8,3.8,1.61,5.25,3.9,1.57
2016/2017,2017-06-09 00:00:00,SP2,Spain,La Liga Segunda Division,,Sevilla B,Vallecano,1,2,A,0,1,A,2.34,3.66,3.08,2.3,3.5,2.88,2.25,3.4,2.9,2.35,3.4,2.8
2016/2017,2017-06-04 00:00:00,SP2,Spain,La Liga Segunda Division,,Tenerife,Gimnastic,0,1,A,0,0,D,1.92,3.06,5.55,1.91,3.2,4.33,1.85,3.1,4.4,1.9,3.1,4.75
2016/2017,2017-06-04 00:00:00,SP2,Spain,La Liga Segunda Division,,Vallecano,Cordoba,1,2,A,1,1,D,,,,2.6,2.1,4.2,,,,2.85,2.1,4.0
2016/2017,2017-06-04 00:00:00,SP2,Spain,La Liga Segunda Division,,UCAM Murcia,Alcorcon,0,1,A,0,1,A,2.3,3.09,3.75,2.2,3.1,3.5,2.15,2.9,3.7,2.25,2.95,3.6
2016/2017,2017-05-28 00:00:00,SP2,Spain,La Liga Segunda Division,,Alcorcon,Tenerife,1,3,A,0,2,A,2.94,3.06,2.79,2.88,3.0,2.63,2.75,2.88,2.63,2.65,3.0,2.7
2016/2017,2017-05-21 00:00:00,SP1,Spain,La Liga Primera Division,,Valencia,Villarreal,1,3,A,0,1,A,3.11,3.74,2.32,3.1,3.4,2.3,3.0,3.6,2.35,3.0,3.5,2.3
2016/2017,2017-05-21 00:00:00,SP1,Spain,La Liga Primera Division,,Malaga,Real Madrid,0,2,A,0,1,A,12.7,7.48,1.24,11.0,7.0,1.22,9.5,6.5,1.22,11.5,7.0,1.22
2016/2017,2017-05-21 00:00:00,SP2,Spain,La Liga Segunda Division,,Numancia,Lugo,0,1,A,0,0,D,2.05,3.11,4.56,2.0,3.2,4.0,2.0,3.1,3.7,2.0,3.2,4.0
2016/2017,2017-05-19 00:00:00,SP1,Spain,La Liga Primera Division,,Granada,Espanol,1,2,A,1,2,A,4.51,4.05,1.81,4.5,4.0,1.73,4.6,3.9,1.8,4.6,3.8,1.75
2016/2017,2017-05-17 00:00:00,SP1,Spain,La Liga Primera Division,,Celta,Real Madrid,1,4,A,0,1,A,12.87,7.79,1.23,13.0,7.0,1.2,12.0,6.5,1.2,11.0,7.0,1.22
2016/2017,2017-05-14 00:00:00,SP1,Spain,La Liga Primera Division,,Eibar,Sp Gijon,0,1,A,0,1,A,2.01,4.25,3.48,2.0,3.75,3.5,2.05,3.9,3.3,2.0,3.7,3.6
2016/2017,2017-05-14 00:00:00,SP1,Spain,La Liga Primera Division,,Las Palmas,Barcelona,1,4,A,0,2,A,23.0,12.8,1.11,26.0,11.0,1.08,23.0,12.0,1.06,23.0,11.0,1.09
2016/2017,2017-05-13 00:00:00,SP1,Spain,La Liga Primera Division,,Espanol,Valencia,0,1,A,0,0,D,2.36,3.61,3.13,2.4,3.3,3.0,2.35,3.4,3.1,2.35,3.3,3.1
2016/2017,2017-05-13 00:00:00,SP2,Spain,La Liga Segunda Division,,Elche,Mirandes,0,1,A,0,0,D,1.64,3.79,6.67,1.62,3.6,6.0,1.61,3.6,5.25,1.67,3.6,5.5
2016/2017,2017-05-07 00:00:00,SP1,Spain,La Liga Primera Division,,La Coruna,Espanol,1,2,A,0,2,A,2.05,3.6,3.92,2.0,3.4,4.0,2.0,3.5,3.9,2.0,3.5,3.8
2016/2017,2017-05-07 00:00:00,SP2,Spain,La Liga Segunda Division,,Almeria,Valladolid,0,3,A,0,1,A,2.48,3.23,3.2,2.4,3.2,3.0,2.37,3.0,2.9,2.3,3.2,3.2
2016/2017,2017-05-07 00:00:00,SP2,Spain,La Liga Segunda Division,,Mirandes,Sevilla B,0,1,A,0,0,D,2.67,3.27,2.91,2.5,3.3,2.75,2.5,3.1,2.7,2.65,3.25,2.65
2016/2017,2017-05-06 00:00:00,SP1,Spain,La Liga Primera Division,,Granada,Real Madrid,0,4,A,0,4,A,24.11,11.3,1.12,21.0,9.0,1.13,19.0,8.5,1.13,18.5,9.5,1.12
2016/2017,2017-05-05 00:00:00,SP2,Spain,La Liga Segunda Division,,Oviedo,Alcorcon,0,1,A,0,0,D,2.04,3.17,4.58,1.95,3.2,4.2,2.0,2.9,4.0,1.91,3.3,4.33
2016/2017,2017-05-01 00:00:00,SP2,Spain,La Liga Segunda Division,,Gimnastic,Reus Deportiu,0,1,A,0,0,D,2.43,2.94,3.65,2.3,2.9,3.5,2.35,2.8,3.3,2.3,2.85,3.4
2016/2017,2017-04-30 00:00:00,SP1,Spain,La Liga Primera Division,,Celta,Ath Bilbao,0,3,A,0,1,A,4.63,3.79,1.82,4.5,3.7,1.8,4.2,3.5,1.8,4.25,3.4,1.85
2016/2017,2017-04-30 00:00:00,SP1,Spain,La Liga Primera Division,,Betis,Alaves,1,4,A,1,0,H,2.17,3.24,3.83,2.1,3.2,3.8,2.15,3.25,3.5,2.15,3.1,3.5
2016/2017,2017-04-30 00:00:00,SP2,Spain,La Liga Segunda Division,,Lugo,Girona,1,2,A,0,2,A,2.93,3.2,2.69,2.88,3.1,2.55,2.75,3.0,2.55,2.75,3.0,2.6
2016/2017,2017-04-30 00:00:00,SP2,Spain,La Liga Segunda Division,,Sevilla B,Mallorca,2,3,A,0,1,A,2.36,3.19,3.49,2.25,3.0,3.5,2.25,3.0,3.2,2.3,3.0,3.25
2016/2017,2017-04-30 00:00:00,SP2,Spain,La Liga Segunda Division,,Alcorcon,Cadiz,0,2,A,0,1,A,2.53,2.96,3.43,2.38,2.8,3.5,2.4,2.87,3.1,2.3,2.75,3.5
2016/2017,2017-04-29 00:00:00,SP2,Spain,La Liga Segunda Division,,Zaragoza,Getafe,1,2,A,1,0,H,2.61,3.1,3.13,2.4,3.0,3.2,2.45,3.0,2.9,2.35,2.95,3.2
2016/2017,2017-04-29 00:00:00,SP1,Spain,La Liga Primera Division,,Espanol,Barcelona,0,3,A,0,0,D,15.69,7.7,1.2,15.0,7.5,1.18,12.0,6.5,1.18,15.0,6.25,1.18
2016/2017,2017-04-29 00:00:00,SP1,Spain,La Liga Primera Division,,Las Palmas,Ath Madrid,0,5,A,0,3,A,4.89,4.14,1.71,5.25,3.6,1.73,4.8,3.75,1.72,4.6,3.8,1.7
2016/2017,2017-04-28 00:00:00,SP2,Spain,La Liga Segunda Division,,Elche,Almeria,2,3,A,0,1,A,2.1,3.31,4.05,2.0,3.2,4.0,2.05,3.1,3.6,2.0,3.2,3.75
2016/2017,2017-04-26 00:00:00,SP1,Spain,La Liga Primera Division,,Valencia,Sociedad,2,3,A,0,2,A,2.67,3.69,2.67,2.6,3.4,2.7,2.5,3.5,2.62,2.55,3.4,2.75
2016/2017,2017-04-26 00:00:00,SP1,Spain,La Liga Primera Division,,La Coruna,Real Madrid,2,6,A,1,3,A,8.19,5.3,1.41,8.0,4.75,1.4,6.5,4.75,1.4,7.25,4.75,1.42
2016/2017,2017-04-25 00:00:00,SP1,Spain,La Liga Primera Division,,Ath Madrid,Villarreal,0,1,A,0,0,D,1.46,4.41,9.35,1.4,4.1,9.0,1.44,4.0,8.0,1.45,4.4,7.25
2016/2017,2017-04-25 00:00:00,SP1,Spain,La Liga Primera Division,,Granada,Malaga,0,2,A,0,0,D,3.73,3.69,2.08,3.9,3.5,1.95,3.25,3.4,2.15,3.9,3.5,1.95
2016/2017,2017-04-24 00:00:00,SP1,Spain,La Liga Primera Division,,Eibar,Ath Bilbao,0,1,A,0,0,D,2.59,3.45,2.9,2.6,3.3,2.75,2.5,3.3,2.75,2.55,3.2,2.9
2016/2017,2017-04-23 00:00:00,SP1,Spain,La Liga Primera Division,,Real Madrid,Barcelona,2,3,A,1,1,D,2.11,4.01,3.36,2.05,4.0,3.2,2.05,3.8,3.2,2.05,3.9,3.25
2016/2017,2017-04-23 00:00:00,SP1,Spain,La Liga Primera Division,,Celta,Betis,0,1,A,0,0,D,2.12,3.52,3.77,2.05,3.4,3.75,2.05,3.4,3.6,2.05,3.4,3.7
2016/2017,2017-04-23 00:00:00,SP2,Spain,La Liga Segunda Division,,Mirandes,Zaragoza,0,1,A,0,1,A,3.24,3.21,2.47,3.1,3.1,2.4,2.9,3.3,2.4,3.2,3.1,2.35
2016/2017,2017-04-22 00:00:00,SP1,Spain,La Liga Primera Division,,Espanol,Ath Madrid,0,1,A,0,0,D,5.37,3.8,1.75,5.0,3.6,1.75,5.0,3.6,1.73,5.5,3.6,1.7
2016/2017,2017-04-22 00:00:00,SP2,Spain,La Liga Segunda Division,,Girona,UCAM Murcia,1,2,A,1,1,D,1.53,3.97,8.28,1.5,3.6,8.5,1.5,3.75,7.5,1.55,3.5,7.5
2016/2017,2017-04-16 00:00:00,SP2,Spain,La Liga Segunda Division,,Alcorcon,Getafe,0,3,A,0,2,A,2.77,2.89,3.14,2.5,3.0,3.1,2.62,2.8,3.0,2.45,2.85,3.1
2016/2017,2017-04-16 00:00:00,SP1,Spain,La Liga Primera Division,,Leganes,Espanol,0,1,A,0,0,D,2.12,3.23,4.18,2.0,3.2,4.0,2.05,3.0,4.0,2.1,3.2,3.6
2016/2017,2017-04-16 00:00:00,SP2,Spain,La Liga Segunda Division,,UCAM Murcia,Vallecano,0,1,A,0,1,A,2.81,2.92,3.06,2.55,3.0,3.0,2.62,2.88,2.9,2.4,2.95,3.1
2016/2017,2017-04-16 00:00:00,SP1,Spain,La Liga Primera Division,,Granada,Celta,0,3,A,0,1,A,2.8,3.57,2.61,2.8,3.3,2.45,2.7,3.4,2.5,2.75,3.3,2.45
2016/2017,2017-04-15 00:00:00,SP1,Spain,La Liga Primera Division,,Sp Gijon,Real Madrid,2,3,A,1,1,D,7.17,5.09,1.46,6.5,5.0,1.4,6.5,4.75,1.44,7.0,4.75,1.4
2016/2017,2017-04-15 00:00:00,SP2,Spain,La Liga Segunda Division,,Elche,Numancia,1,3,A,0,1,A,2.09,3.26,4.17,1.95,3.2,4.2,2.0,3.1,4.0,2.0,3.2,3.7
2016/2017,2017-04-09 00:00:00,SP1,Spain,La Liga Primera Division,,Celta,Eibar,0,2,A,0,1,A,2.31,3.47,3.34,2.25,3.4,3.25,2.25,3.3,3.2,2.25,3.5,3.1
2016/2017,2017-04-09 00:00:00,SP1,Spain,La Liga Primera Division,,Granada,Valencia,1,3,A,0,2,A,3.55,3.71,2.13,3.5,3.4,2.1,3.3,3.6,2.05,3.5,3.3,2.15
2016/2017,2017-04-09 00:00:00,SP2,Spain,La Liga Segunda Division,,Reus Deportiu,Huesca,0,1,A,0,0,D,2.71,2.94,3.16,2.6,2.9,3.0,2.62,2.8,3.0,2.55,2.9,3.1
2016/2017,2017-04-09 00:00:00,SP2,Spain,La Liga Segunda Division,,Numancia,Girona,0,2,A,0,0,D,2.88,3.12,2.79,2.8,2.9,2.75,2.75,3.0,2.7,2.65,3.0,2.85
2016/2017,2017-04-05 00:00:00,SP1,Spain,La Liga Primera Division,,Sp Gijon,Malaga,0,1,A,0,1,A,2.76,3.42,2.74,2.8,3.25,2.6,2.7,3.3,2.6,2.65,3.3,2.7
2016/2017,2017-04-05 00:00:00,SP1,Spain,La Liga Primera Division,,Leganes,Real Madrid,2,4,A,2,3,A,10.58,5.3,1.36,8.0,5.25,1.33,8.0,4.75,1.36,8.75,5.25,1.34
2016/2017,2017-04-05 00:00:00,SP1,Spain,La Liga Primera Division,,Alaves,Osasuna,0,1,A,0,0,D,1.45,4.69,8.56,1.44,4.5,7.0,1.44,4.2,7.5,1.42,4.5,8.0
2016/2017,2017-04-04 00:00:00,SP1,Spain,La Liga Primera Division,,Betis,Villarreal,0,1,A,0,0,D,2.82,3.23,2.81,2.75,3.2,2.7,2.7,3.1,2.7,2.6,3.2,2.8
2016/2017,2017-04-02 00:00:00,SP1,Spain,La Liga Primera Division,,Granada,Barcelona,1,4,A,0,1,A,16.5,7.85,1.2,13.0,7.5,1.2,13.0,7.0,1.18,12.5,7.25,1.2
2016/2017,2017-04-02 00:00:00,SP2,Spain,La Liga Segunda Division,,Gimnastic,Almeria,0,1,A,0,0,D,2.24,3.13,3.87,2.15,3.25,3.4,2.2,3.0,3.6,2.2,3.2,3.4
2016/2017,2017-04-01 00:00:00,SP2,Spain,La Liga Segunda Division,,Girona,Vallecano,1,3,A,1,2,A,1.85,3.37,5.34,1.83,3.4,4.5,1.8,3.25,4.75,1.83,3.4,4.6
2016/2017,2017-04-01 00:00:00,SP1,Spain,La Liga Primera Division,,Malaga,Ath Madrid,0,2,A,0,1,A,5.36,3.68,1.76,5.25,3.5,1.75,5.0,3.5,1.73,5.5,3.5,1.72
2016/2017,2017-04-01 00:00:00,SP1,Spain,La Liga Primera Division,,Villarreal,Eibar,2,3,A,1,0,H,1.9,3.7,4.45,1.85,3.6,4.33,1.85,3.5,4.2,1.83,3.6,4.5
2016/2017,2017-04-01 00:00:00,SP1,Spain,La Liga Primera Division,,Osasuna,Ath Bilbao,1,2,A,0,2,A,5.84,4.32,1.62,6.0,4.0,1.57,5.25,4.0,1.62,6.0,4.1,1.57
2016/2017,2017-03-26 00:00:00,SP2,Spain,La Liga Segunda Division,,Cadiz,Tenerife,0,1,A,0,0,D,2.2,3.15,3.99,2.05,3.1,4.0,2.15,3.0,3.8,2.1,3.1,3.8
2016/2017,2017-03-26 00:00:00,SP2,Spain,La Liga Segunda Division,,Mirandes,Huesca,1,3,A,1,2,A,2.75,3.22,2.85,2.63,3.1,2.75,2.62,3.1,2.75,2.65,3.1,2.8
2016/2017,2017-03-26 00:00:00,SP2,Spain,La Liga Segunda Division,,Elche,Zaragoza,0,3,A,0,3,A,2.19,3.28,3.79,2.1,3.2,3.6,2.1,3.1,3.6,2.1,3.2,3.7
2016/2017,2017-03-25 00:00:00,SP2,Spain,La Liga Segunda Division,,Valladolid,Gimnastic,1,2,A,0,1,A,1.79,3.49,5.55,1.73,3.5,5.0,1.75,3.3,5.0,1.78,3.4,5.0
2016/2017,2017-03-19 00:00:00,SP2,Spain,La Liga Segunda Division,,Tenerife,Reus Deportiu,0,1,A,0,1,A,1.85,3.21,5.79,1.8,3.2,5.0,1.8,3.0,5.5,1.85,3.25,4.75
2016/2017,2017-03-19 00:00:00,SP2,Spain,La Liga Segunda Division,,Alcorcon,Valladolid,1,2,A,1,2,A,2.53,2.96,3.43,2.45,3.0,3.1,2.4,2.88,3.3,2.5,2.9,3.2
2016/2017,2017-03-19 00:00:00,SP2,Spain,La Liga Segunda Division,,Girona,Cadiz,1,2,A,0,2,A,1.83,3.45,5.32,1.73,3.5,5.0,1.75,3.3,5.0,1.83,3.25,4.75
2016/2017,2017-03-19 00:00:00,SP1,Spain,La Liga Primera Division,,La Coruna,Celta,0,1,A,0,0,D,2.18,3.43,3.7,2.2,3.3,3.4,2.1,3.3,3.5,2.2,3.3,3.4
2016/2017,2017-03-18 00:00:00,SP2,Spain,La Liga Segunda Division,,Zaragoza,Sevilla B,1,2,A,0,1,A,1.95,3.3,4.75,1.91,3.1,4.5,1.91,3.2,4.33,1.91,3.1,4.6
2016/2017,2017-03-18 00:00:00,SP1,Spain,La Liga Primera Division,,Ath Bilbao,Real Madrid,1,2,A,0,1,A,5.0,4.22,1.71,5.0,4.0,1.67,4.5,4.0,1.67,5.0,4.0,1.67
2016/2017,2017-03-17 00:00:00,SP2,Spain,La Liga Segunda Division,,Gimnastic,Elche,1,3,A,0,3,A,2.31,3.19,3.59,2.25,3.0,3.5,2.25,3.0,3.4,2.25,3.1,3.4
2016/2017,2017-03-12 00:00:00,SP2,Spain,La Liga Segunda Division,,Reus Deportiu,Girona,1,2,A,0,0,D,3.08,2.89,2.83,2.75,3.1,2.63,2.9,2.8,2.7,2.85,3.0,2.65
2016/2017,2017-03-12 00:00:00,SP1,Spain,La Liga Primera Division,,Sociedad,Ath Bilbao,0,2,A,0,1,A,2.19,3.47,3.63,2.1,3.3,3.5,2.15,3.3,3.4,2.15,3.3,3.6
2016/2017,2017-03-12 00:00:00,SP1,Spain,La Liga Primera Division,,Celta,Villarreal,0,1,A,0,1,A,2.81,3.29,2.77,2.75,3.2,2.75,2.7,3.1,2.62,2.7,3.2,2.7
2016/2017,2017-03-11 00:00:00,SP2,Spain,La Liga Segunda Division,,Valladolid,Levante,0,4,A,0,2,A,2.27,3.09,3.82,2.2,3.0,3.6,2.2,3.0,3.6,2.2,3.1,3.5
2016/2017,2017-03-11 00:00:00,SP1,Spain,La Liga Primera Division,,Granada,Ath Madrid,0,1,A,0,0,D,7.73,4.41,1.51,7.5,4.0,1.5,6.5,4.2,1.5,7.0,4.33,1.48
2016/2017,2017-03-11 00:00:00,SP1,Spain,La Liga Primera Division,,Malaga,Alaves,1,2,A,0,1,A,2.03,3.33,4.4,2.0,3.3,4.0,1.95,3.1,4.2,2.0,3.3,4.0
2016/2017,2017-03-05 00:00:00,SP2,Spain,La Liga Segunda Division,,Lugo,Almeria,1,2,A,0,1,A,2.09,3.24,4.19,2.0,3.2,4.0,2.0,3.1,4.0,1.91,3.25,4.33
2016/2017,2017-03-05 00:00:00,SP1,Spain,La Liga Primera Division,,Sp Gijon,La Coruna,0,1,A,0,1,A,2.71,3.28,2.89,2.6,3.2,2.88,2.5,3.2,2.8,2.5,3.3,2.85
2016/2017,2017-03-04 00:00:00,SP1,Spain,La Liga Primera Division,,Eibar,Real Madrid,1,4,A,0,3,A,4.99,4.22,1.71,5.0,4.0,1.67,4.5,4.0,1.7,5.0,4.1,1.65
2016/2017,2017-03-03 00:00:00,SP1,Spain,La Liga Primera Division,,Betis,Sociedad,2,3,A,1,2,A,2.72,3.15,2.99,2.6,3.2,2.88,2.62,3.0,2.88,2.55,3.1,2.95
2016/2017,2017-03-01 00:00:00,SP1,Spain,La Liga Primera Division,,Osasuna,Villarreal,1,4,A,0,2,A,3.88,3.4,2.14,3.8,3.4,2.05,3.6,3.25,2.05,4.0,3.3,2.0
2016/2017,2017-02-28 00:00:00,SP1,Spain,La Liga Primera Division,,Malaga,Betis,1,2,A,1,0,H,1.96,3.46,4.5,1.95,3.5,4.0,1.91,3.3,4.2,1.95,3.4,4.1
2016/2017,2017-02-26 00:00:00,SP1,Spain,La Liga Primera Division,,Ath Madrid,Barcelona,1,2,A,0,0,D,2.99,3.52,2.49,3.0,3.4,2.38,2.9,3.4,2.4,2.95,3.4,2.4
2016/2017,2017-02-26 00:00:00,SP2,Spain,La Liga Segunda Division,,Zaragoza,Gimnastic,1,2,A,1,1,D,1.9,3.34,5.01,1.83,3.1,5.0,1.85,3.2,4.75,1.8,3.2,5.25
2016/2017,2017-02-26 00:00:00,SP2,Spain,La Liga Segunda Division,,Numancia,Cadiz,0,3,A,0,0,D,2.18,3.04,4.2,2.05,2.88,4.33,2.1,2.9,4.0,2.05,2.9,4.33
2016/2017,2017-02-26 00:00:00,SP2,Spain,La Liga Segunda Division,,Almeria,UCAM Murcia,2,3,A,1,1,D,2.18,2.99,4.31,2.1,3.1,3.8,2.1,2.88,4.0,2.0,3.0,4.33
2016/2017,2017-02-26 00:00:00,SP1,Spain,La Liga Primera Division,,Villarreal,Real Madrid,2,3,A,0,0,D,5.28,4.1,1.7,5.5,3.75,1.67,4.75,4.0,1.67,4.75,4.2,1.67
2016/2017,2017-02-25 00:00:00,SP2,Spain,La Liga Segunda Division,,Mirandes,Girona,0,2,A,0,0,D,3.56,3.29,2.27,3.8,3.0,2.15,3.3,3.2,2.2,3.7,2.95,2.2
2016/2017,2017-02-25 00:00:00,SP2,Spain,La Liga Segunda Division,,Mallorca,Tenerife,1,4,A,1,0,H,2.18,3.07,4.16,2.05,2.9,4.33,2.1,2.9,3.8,2.1,3.1,3.9
2016/2017,2017-02-25 00:00:00,SP1,Spain,La Liga Primera Division,,Betis,Sevilla,1,2,A,1,0,H,3.75,3.54,2.1,3.8,3.4,2.05,3.5,3.4,2.05,3.9,3.4,2.0
2016/2017,2017-02-24 00:00:00,SP1,Spain,La Liga Primera Division,,Las Palmas,Sociedad,0,1,A,0,0,D,2.74,3.41,2.77,2.6,3.4,2.7,2.62,3.3,2.62,2.65,3.4,2.65
2016/2017,2017-02-19 00:00:00,SP1,Spain,La Liga Primera Division,,Sociedad,Villarreal,0,1,A,0,0,D,1.94,3.6,4.39,1.95,3.3,4.2,1.91,3.4,4.2,1.9,3.3,4.2
2016/2017,2017-02-19 00:00:00,SP2,Spain,La Liga Segunda Division,,Vallecano,Mirandes,1,2,A,0,0,D,1.58,4.05,6.94,1.57,3.6,6.5,1.57,3.75,6.0,1.6,3.5,6.0
2016/2017,2017-02-18 00:00:00,SP1,Spain,La Liga Primera Division,,Sp Gijon,Ath Madrid,1,4,A,0,0,D,7.51,4.32,1.53,7.5,4.0,1.5,6.5,4.0,1.5,7.25,4.1,1.45
2016/2017,2017-02-18 00:00:00,SP1,Spain,La Liga Primera Division,,La Coruna,Alaves,0,1,A,0,0,D,2.03,3.32,4.42,2.0,3.1,4.2,2.0,3.1,4.2,2.0,3.25,3.8
2016/2017,2017-02-18 00:00:00,SP2,Spain,La Liga Segunda Division,,UCAM Murcia,Valladolid,1,3,A,0,2,A,2.79,3.02,2.99,2.7,3.0,2.8,2.7,2.9,2.8,2.65,2.95,2.75
2016/2017,2017-02-17 00:00:00,SP2,Spain,La Liga Segunda Division,,Lugo,Elche,1,2,A,1,2,A,2.0,3.43,4.26,1.95,3.1,4.33,1.95,3.25,4.0,1.95,3.1,4.1
2016/2017,2017-02-12 00:00:00,SP1,Spain,La Liga Primera Division,,Las Palmas,Sevilla,0,1,A,0,0,D,3.42,3.67,2.2,3.3,3.6,2.1,3.2,3.5,2.15,3.2,3.7,2.15
2016/2017,2017-02-12 00:00:00,SP2,Spain,La Liga Segunda Division,,Cordoba,Huesca,0,2,A,0,0,D,2.21,3.21,3.82,2.05,3.2,3.8,2.15,3.1,3.6,2.2,3.2,3.4
2016/2017,2017-02-12 00:00:00,SP1,Spain,La Liga Primera Division,,Leganes,Sp Gijon,0,2,A,0,0,D,1.87,3.5,5.01,1.83,3.4,4.75,1.83,3.3,4.75,1.83,3.4,4.75
2016/2017,2017-02-12 00:00:00,SP2,Spain,La Liga Segunda Division,,Mirandes,Oviedo,0,2,A,0,1,A,2.67,3.13,3.02,2.6,3.1,2.8,2.6,3.0,2.9,2.5,3.2,2.9
2016/2017,2017-02-11 00:00:00,SP2,Spain,La Liga Segunda Division,,Zaragoza,Levante,0,1,A,0,1,A,2.77,3.08,2.96,2.7,3.0,2.8,2.7,3.0,2.8,2.7,3.0,2.8
2016/2017,2017-02-11 00:00:00,SP1,Spain,La Liga Primera Division,,Osasuna,Real Madrid,1,3,A,1,1,D,12.25,6.9,1.26,13.0,6.5,1.22,11.0,6.0,1.25,13.0,6.5,1.22
2016/2017,2017-02-11 00:00:00,SP1,Spain,La Liga Primera Division,,Alaves,Barcelona,0,6,A,0,2,A,11.0,5.88,1.32,10.0,5.5,1.3,10.0,5.25,1.3,9.5,5.25,1.33
2016/2017,2017-02-10 00:00:00,SP1,Spain,La Liga Primera Division,,Espanol,Sociedad,1,2,A,1,1,D,2.89,3.21,2.76,2.8,3.2,2.63,2.8,3.0,2.62,2.8,3.1,2.7
2016/2017,2017-02-05 00:00:00,SP1,Spain,La Liga Primera Division,,Sp Gijon,Alaves,2,4,A,0,1,A,2.19,3.33,3.81,2.2,3.3,3.4,2.15,3.1,3.6,2.15,3.2,3.7
2016/2017,2017-02-04 00:00:00,SP1,Spain,La Liga Primera Division,,Malaga,Espanol,0,1,A,0,1,A,2.21,3.34,3.72,2.1,3.4,3.6,2.15,3.2,3.5,2.15,3.25,3.6
2016/2017,2017-02-04 00:00:00,SP1,Spain,La Liga Primera Division,,Valencia,Eibar,0,4,A,0,2,A,1.92,3.75,4.32,1.91,3.6,4.0,1.85,3.5,4.0,1.87,3.6,4.2
2016/2017,2017-02-04 00:00:00,SP2,Spain,La Liga Segunda Division,,Alcorcon,Numancia,2,3,A,1,1,D,2.04,3.02,4.9,2.0,3.0,4.33,2.0,2.9,4.5,2.05,3.0,4.2
2016/2017,2017-02-04 00:00:00,SP2,Spain,La Liga Segunda Division,,Huesca,Zaragoza,2,3,A,0,0,D,2.25,3.21,3.71,2.2,3.2,3.4,2.2,3.0,3.5,2.2,3.2,3.4
2016/2017,2017-01-28 00:00:00,SP1,Spain,La Liga Primera Division,,Leganes,Celta,0,2,A,0,1,A,2.38,3.23,3.44,2.3,3.1,3.4,2.3,3.1,3.3,2.35,3.25,3.2
2016/2017,2017-01-22 00:00:00,SP1,Spain,La Liga Primera Division,,Eibar,Barcelona,0,4,A,0,1,A,10.23,6.01,1.32,9.5,6.0,1.29,9.0,5.5,1.3,11.0,6.0,1.26
2016/2017,2017-01-22 00:00:00,SP1,Spain,La Liga Primera Division,,Osasuna,Sevilla,3,4,A,1,1,D,6.35,4.57,1.55,6.0,4.33,1.53,6.0,4.33,1.53,6.5,4.4,1.5
2016/2017,2017-01-21 00:00:00,SP2,Spain,La Liga Segunda Division,,Lugo,Gimnastic,2,3,A,1,0,H,2.22,3.36,3.62,2.1,3.0,4.0,2.15,3.25,3.5,2.05,3.25,3.75
2016/2017,2017-01-21 00:00:00,SP2,Spain,La Liga Segunda Division,,Huesca,Alcorcon,0,1,A,0,0,D,2.15,3.2,4.04,2.1,3.0,4.0,2.1,3.0,3.8,2.15,3.2,3.6
2016/2017,2017-01-21 00:00:00,SP1,Spain,La Liga Primera Division,,Villarreal,Valencia,0,2,A,0,2,A,1.88,3.69,4.63,1.85,3.6,4.33,1.83,3.5,4.33,1.91,3.6,4.0
2016/2017,2017-01-16 00:00:00,SP1,Spain,La Liga Primera Division,,Malaga,Sociedad,0,2,A,0,0,D,2.49,3.39,3.09,2.4,3.3,3.0,2.4,3.2,2.9,2.45,3.25,2.95
2016/2017,2017-01-15 00:00:00,SP1,Spain,La Liga Primera Division,,Sp Gijon,Eibar,2,3,A,1,3,A,2.98,3.3,2.62,2.9,3.1,2.6,2.88,3.1,2.5,2.85,3.2,2.6
2016/2017,2017-01-15 00:00:00,SP2,Spain,La Liga Segunda Division,,Huesca,Levante,0,2,A,0,1,A,2.71,3.12,2.98,2.6,3.0,2.9,2.62,3.0,2.88,2.65,2.95,2.9
2016/2017,2017-01-14 00:00:00,SP2,Spain,La Liga Segunda Division,,Mirandes,Numancia,0,3,A,0,1,A,2.37,3.24,3.4,2.2,3.2,3.4,2.3,3.1,3.25,2.35,3.1,3.2
2016/2017,2017-01-13 00:00:00,SP2,Spain,La Liga Segunda Division,,Cadiz,Valladolid,0,1,A,0,1,A,2.67,2.99,3.16,2.45,3.0,3.1,2.5,2.9,3.0,2.55,3.0,2.95
2016/2017,2017-01-11 00:00:00,SP2,Spain,La Liga Segunda Division,,UCAM Murcia,Levante,0,2,A,0,1,A,2.98,3.06,2.75,3.0,2.88,2.63,2.88,2.9,2.62,2.65,2.95,2.75
2016/2017,2017-01-08 00:00:00,SP2,Spain,La Liga Segunda Division,,Elche,Cadiz,2,3,A,1,1,D,2.36,3.27,3.39,2.3,3.1,3.3,2.3,3.1,3.25,2.35,3.1,3.2
2016/2017,2017-01-08 00:00:00,SP2,Spain,La Liga Segunda Division,,Zaragoza,Girona,0,2,A,0,0,D,2.67,3.17,2.98,2.5,3.2,2.88,2.62,3.0,2.88,2.55,3.0,2.95
2016/2017,2017-01-07 00:00:00,SP1,Spain,La Liga Primera Division,,Sociedad,Sevilla,0,4,A,0,2,A,2.35,3.62,3.14,2.25,3.4,3.2,2.25,3.4,3.0,2.3,3.4,3.1
2016/2017,2017-01-07 00:00:00,SP1,Spain,La Liga Primera Division,,Eibar,Ath Madrid,0,2,A,0,0,D,5.48,3.78,1.75,5.5,3.5,1.73,5.0,3.5,1.7,5.25,3.6,1.72
2016/2017,2017-01-06 00:00:00,SP2,Spain,La Liga Segunda Division,,Almeria,Getafe,0,1,A,0,0,D,2.71,3.13,2.97,2.5,3.1,2.9,2.62,3.0,2.8,2.55,3.2,2.85
2016/2017,2016-12-18 00:00:00,SP2,Spain,La Liga Segunda Division,,Vallecano,Zaragoza,1,2,A,0,0,D,2.01,3.29,4.47,1.95,3.3,4.0,1.95,3.2,4.2,1.95,3.3,4.1
2016/2017,2016-12-17 00:00:00,SP2,Spain,La Liga Segunda Division,,Oviedo,Cordoba,1,2,A,0,1,A,2.19,3.26,3.85,2.15,3.3,3.4,2.1,3.1,3.6,2.15,3.25,3.5
2016/2017,2016-12-17 00:00:00,SP1,Spain,La Liga Primera Division,,Sp Gijon,Villarreal,1,3,A,0,2,A,3.68,3.33,2.23,3.25,3.3,2.2,3.5,3.1,2.15,3.5,3.3,2.15
2016/2017,2016-12-17 00:00:00,SP1,Spain,La Liga Primera Division,,Granada,Sociedad,0,2,A,0,0,D,3.76,3.56,2.11,3.75,3.4,2.0,3.5,3.4,2.05,3.7,3.6,2.0
2016/2017,2016-12-16 00:00:00,SP2,Spain,La Liga Segunda Division,,Reus Deportiu,Elche,0,1,A,0,0,D,2.12,3.15,4.24,2.0,3.2,4.0,2.05,3.0,4.0,2.0,3.2,4.1
2016/2017,2016-12-11 00:00:00,SP2,Spain,La Liga Segunda Division,,Cordoba,Cadiz,1,3,A,0,0,D,2.09,3.24,4.21,2.0,3.2,4.0,2.05,3.1,4.0,2.0,3.1,4.2
2016/2017,2016-12-11 00:00:00,SP1,Spain,La Liga Primera Division,,Celta,Sevilla,0,3,A,0,0,D,2.74,3.55,2.68,2.75,3.3,2.63,2.62,3.4,2.6,2.7,3.3,2.65
2016/2017,2016-12-10 00:00:00,SP2,Spain,La Liga Segunda Division,,Gimnastic,Vallecano,0,1,A,0,0,D,2.85,3.14,2.81,2.8,3.0,2.7,2.75,3.0,2.7,2.8,3.0,2.7
2016/2017,2016-12-10 00:00:00,SP1,Spain,La Liga Primera Division,,Osasuna,Barcelona,0,3,A,0,0,D,17.1,7.85,1.2,15.0,7.5,1.18,15.0,7.5,1.18,13.0,7.25,1.2
2016/2017,2016-12-09 00:00:00,SP2,Spain,La Liga Segunda Division,,Sevilla B,Reus Deportiu,0,1,A,0,0,D,2.39,3.13,3.48,2.25,3.1,3.4,2.3,3.0,3.3,2.2,3.1,3.5
2016/2017,2016-12-04 00:00:00,SP2,Spain,La Liga Segunda Division,,Reus Deportiu,Cordoba,1,2,A,0,1,A,2.26,3.09,3.86,2.15,3.1,3.6,2.2,2.9,3.6,2.25,3.0,3.5
2016/2017,2016-12-04 00:00:00,SP2,Spain,La Liga Segunda Division,,Mallorca,Valladolid,0,3,A,0,0,D,2.23,3.05,4.02,2.1,3.1,3.8,2.15,2.9,3.8,2.1,3.0,3.7
2016/2017,2016-12-03 00:00:00,SP2,Spain,La Liga Segunda Division,,UCAM Murcia,Lugo,1,2,A,1,1,D,2.11,3.24,4.12,2.0,3.3,3.8,2.05,3.1,3.8,2.0,3.3,3.9
2016/2017,2016-11-27 00:00:00,SP1,Spain,La Liga Primera Division,,Osasuna,Ath Madrid,0,3,A,0,2,A,11.58,5.44,1.32,11.0,5.25,1.3,11.0,5.0,1.3,10.0,5.5,1.3
2016/2017,2016-11-27 00:00:00,SP1,Spain,La Liga Primera Division,,Villarreal,Alaves,0,2,A,0,2,A,1.52,4.1,8.49,1.5,4.0,7.5,1.5,3.8,8.0,1.53,3.9,7.0
2016/2017,2016-11-27 00:00:00,SP2,Spain,La Liga Segunda Division,,Cordoba,Getafe,1,3,A,0,1,A,2.62,2.93,3.33,2.4,3.0,3.2,2.5,2.8,3.25,2.4,2.95,3.25
2016/2017,2016-11-27 00:00:00,SP2,Spain,La Liga Segunda Division,,Huesca,Girona,1,2,A,1,2,A,3.07,2.92,2.82,2.75,3.0,2.7,2.9,2.88,2.7,2.8,2.95,2.75
2016/2017,2016-11-26 00:00:00,SP2,Spain,La Liga Segunda Division,,Lugo,Tenerife,1,3,A,1,1,D,2.3,3.1,3.73,2.2,3.1,3.5,2.25,3.0,3.6,2.2,3.1,3.5
2016/2017,2016-11-20 00:00:00,SP1,Spain,La Liga Primera Division,,Sp Gijon,Sociedad,1,3,A,1,1,D,3.5,3.33,2.31,3.4,3.3,2.2,3.4,3.2,2.2,3.3,3.3,2.25
2016/2017,2016-11-20 00:00:00,SP1,Spain,La Liga Primera Division,,Alaves,Espanol,0,1,A,0,0,D,2.54,3.21,3.17,2.5,3.1,3.1,2.4,3.0,3.0,2.45,3.1,3.1
2016/2017,2016-11-19 00:00:00,SP1,Spain,La Liga Primera Division,,La Coruna,Sevilla,2,3,A,2,1,H,3.4,3.44,2.3,3.3,3.4,2.2,3.3,3.3,2.2,3.4,3.3,2.2
2016/2017,2016-11-19 00:00:00,SP1,Spain,La Liga Primera Division,,Ath Madrid,Real Madrid,0,3,A,0,1,A,2.44,3.44,3.12,2.5,3.3,2.9,2.4,3.3,2.9,2.5,3.3,2.85
2016/2017,2016-11-13 00:00:00,SP2,Spain,La Liga Segunda Division,,UCAM Murcia,Girona,0,1,A,0,0,D,2.83,2.99,2.97,2.7,2.88,2.9,2.7,2.9,2.88,2.6,2.9,3.0
2016/2017,2016-11-11 00:00:00,SP2,Spain,La Liga Segunda Division,,Cordoba,Mallorca,0,2,A,0,0,D,2.42,2.98,3.62,2.25,3.2,3.3,2.3,2.9,3.4,2.3,3.0,3.4
2016/2017,2016-11-06 00:00:00,SP1,Spain,La Liga Primera Division,,Sevilla,Barcelona,1,2,A,1,1,D,4.84,4.51,1.69,5.25,4.2,1.62,4.5,4.33,1.62,5.0,4.33,1.62
2016/2017,2016-11-06 00:00:00,SP2,Spain,La Liga Segunda Division,,Mirandes,Gimnastic,0,1,A,0,0,D,2.19,3.39,3.65,2.05,3.2,3.8,2.1,3.25,3.5,2.05,3.2,3.9
2016/2017,2016-11-06 00:00:00,SP2,Spain,La Liga Segunda Division,,Reus Deportiu,Levante,0,1,A,0,0,D,3.1,3.16,2.59,3.0,3.0,2.5,2.9,3.0,2.5,3.0,3.0,2.55
2016/2017,2016-11-05 00:00:00,SP1,Spain,La Liga Primera Division,,Osasuna,Alaves,0,1,A,0,0,D,2.32,3.25,3.54,2.25,3.2,3.4,2.25,3.1,3.4,2.25,3.25,3.4
2016/2017,2016-11-05 00:00:00,SP2,Spain,La Liga Segunda Division,,Vallecano,UCAM Murcia,0,1,A,0,0,D,1.89,3.47,4.79,1.8,3.25,5.0,1.85,3.3,4.5,1.85,3.3,4.6
2016/2017,2016-10-30 00:00:00,SP1,Spain,La Liga Primera Division,,Betis,Espanol,0,1,A,0,0,D,2.28,3.38,3.51,2.25,3.25,3.4,2.2,3.25,3.3,2.2,3.25,3.5
2016/2017,2016-10-30 00:00:00,SP2,Spain,La Liga Segunda Division,,UCAM Murcia,Oviedo,0,1,A,0,1,A,2.44,3.07,3.45,2.3,3.0,3.4,2.38,2.9,3.3,2.3,3.0,3.4
2016/2017,2016-10-30 00:00:00,SP2,Spain,La Liga Segunda Division,,Lugo,Cadiz,0,1,A,0,0,D,1.98,3.44,4.35,2.0,3.3,3.8,1.95,3.3,4.0,1.91,3.3,4.25
2016/2017,2016-10-29 00:00:00,SP1,Spain,La Liga Primera Division,,Alaves,Real Madrid,1,4,A,1,2,A,14.0,6.8,1.25,13.0,6.5,1.22,12.0,6.0,1.25,13.0,7.0,1.2
2016/2017,2016-10-28 00:00:00,SP1,Spain,La Liga Primera Division,,Leganes,Sociedad,0,2,A,0,1,A,2.63,3.16,3.09,2.63,3.1,2.88,2.5,3.0,2.9,2.65,3.1,2.85
2016/2017,2016-10-23 00:00:00,SP2,Spain,La Liga Segunda Division,,Mirandes,Levante,0,3,A,0,1,A,3.43,3.4,2.27,3.6,3.0,2.2,3.25,3.3,2.2,3.3,3.2,2.25
2016/2017,2016-10-22 00:00:00,SP1,Spain,La Liga Primera Division,,Valencia,Barcelona,2,3,A,0,1,A,7.67,5.24,1.43,7.0,5.25,1.4,6.0,4.75,1.44,7.25,5.25,1.42
2016/2017,2016-10-22 00:00:00,SP2,Spain,La Liga Segunda Division,,Numancia,Sevilla B,1,2,A,1,1,D,2.06,3.23,4.33,2.05,3.1,4.0,2.0,3.1,4.0,2.05,3.1,4.0
2016/2017,2016-10-21 00:00:00,SP1,Spain,La Liga Primera Division,,Osasuna,Betis,1,2,A,0,1,A,2.59,3.32,3.0,2.4,3.2,3.1,2.5,3.1,2.9,2.6,3.25,3.0
2016/2017,2016-10-17 00:00:00,SP1,Spain,La Liga Primera Division,,Eibar,Osasuna,2,3,A,2,2,D,1.78,3.75,5.2,1.7,3.6,5.0,1.75,3.5,4.75,1.75,3.6,5.0
2016/2017,2016-10-16 00:00:00,SP1,Spain,La Liga Primera Division,,Sp Gijon,Valencia,1,2,A,1,1,D,3.58,3.61,2.16,3.6,3.4,2.1,3.4,3.4,2.05,3.6,3.4,2.1
2016/2017,2016-10-16 00:00:00,SP2,Spain,La Liga Segunda Division,,UCAM Murcia,Reus Deportiu,0,2,A,0,2,A,2.35,3.05,3.69,2.25,3.0,3.5,2.3,2.9,3.5,2.25,2.95,3.6
2016/2017,2016-10-16 00:00:00,SP2,Spain,La Liga Segunda Division,,Gimnastic,Valladolid,1,2,A,1,1,D,2.6,3.1,3.17,2.4,3.0,3.2,2.5,2.9,3.0,2.45,3.0,3.1
2016/2017,2016-10-16 00:00:00,SP2,Spain,La Liga Segunda Division,,Cordoba,Sevilla B,0,1,A,0,0,D,1.85,3.41,5.16,1.75,3.3,5.25,1.8,3.3,5.0,1.8,3.4,4.75
2016/2017,2016-10-16 00:00:00,SP2,Spain,La Liga Segunda Division,,Zaragoza,Elche,1,3,A,0,3,A,1.93,3.29,4.92,1.91,3.3,4.2,1.91,3.2,4.5,1.91,3.25,4.33
2016/2017,2016-10-15 00:00:00,SP2,Spain,La Liga Segunda Division,,Lugo,Getafe,0,1,A,0,0,D,2.6,3.27,3.0,2.45,3.0,3.1,2.5,3.1,2.9,2.4,3.1,3.1
2016/2017,2016-10-15 00:00:00,SP1,Spain,La Liga Primera Division,,Leganes,Sevilla,2,3,A,0,1,A,3.47,3.49,2.24,3.4,3.2,2.25,3.3,3.3,2.2,3.5,3.3,2.15
2016/2017,2016-10-15 00:00:00,SP1,Spain,La Liga Primera Division,,Betis,Real Madrid,1,6,A,0,4,A,7.94,5.46,1.41,8.0,5.25,1.36,7.0,5.0,1.36,8.25,5.25,1.36
2016/2017,2016-10-02 00:00:00,SP1,Spain,La Liga Primera Division,,Valencia,Ath Madrid,0,2,A,0,0,D,4.55,3.5,1.94,4.5,3.5,1.85,4.0,3.5,1.91,4.25,3.5,1.83
2016/2017,2016-10-01 00:00:00,SP1,Spain,La Liga Primera Division,,Granada,Leganes,0,1,A,0,0,D,2.49,3.42,3.08,2.45,3.3,3.0,2.4,3.25,2.9,2.4,3.2,2.95
2016/2017,2016-09-25 00:00:00,SP2,Spain,La Liga Segunda Division,,Cadiz,Oviedo,0,2,A,0,2,A,2.31,3.13,3.68,2.15,3.25,3.4,2.25,3.0,3.5,2.25,3.1,3.4
2016/2017,2016-09-25 00:00:00,SP2,Spain,La Liga Segunda Division,,Getafe,Girona,0,2,A,0,1,A,2.21,3.16,3.9,2.1,3.3,3.5,2.15,3.0,3.6,2.2,3.0,3.7
2016/2017,2016-09-25 00:00:00,SP1,Spain,La Liga Primera Division,,Leganes,Valencia,1,2,A,1,1,D,2.85,3.34,2.71,2.8,3.2,2.6,2.75,3.2,2.6,2.75,3.25,2.65
2016/2017,2016-09-25 00:00:00,SP1,Spain,La Liga Primera Division,,Espanol,Celta,0,2,A,0,0,D,2.32,3.45,3.34,2.25,3.3,3.3,2.25,3.25,3.2,2.35,3.2,3.2
2016/2017,2016-09-24 00:00:00,SP2,Spain,La Liga Segunda Division,,Elche,Levante,0,1,A,0,0,D,2.81,3.22,2.79,2.6,3.3,2.63,2.7,3.1,2.7,2.7,3.1,2.7
2016/2017,2016-09-24 00:00:00,SP2,Spain,La Liga Segunda Division,,Valladolid,Huesca,1,2,A,0,0,D,2.05,3.29,4.27,2.05,3.3,3.6,2.0,3.1,4.0,2.05,3.3,3.7
2016/2017,2016-09-24 00:00:00,SP1,Spain,La Liga Primera Division,,Sp Gijon,Barcelona,0,5,A,0,2,A,12.3,6.25,1.28,13.0,6.5,1.22,10.0,5.75,1.29,11.5,5.75,1.26
2016/2017,2016-09-22 00:00:00,SP1,Spain,La Liga Primera Division,,La Coruna,Leganes,1,2,A,1,0,H,2.19,3.29,3.84,2.15,3.25,3.6,2.1,3.1,3.6,2.15,3.1,3.75
2016/2017,2016-09-22 00:00:00,SP2,Spain,La Liga Segunda Division,,Oviedo,Reus Deportiu,0,1,A,0,0,D,1.95,3.35,4.68,1.83,3.2,4.75,1.85,3.25,4.5,1.85,3.3,4.75
2016/2017,2016-09-22 00:00:00,SP1,Spain,La Liga Primera Division,,Osasuna,Espanol,1,2,A,0,1,A,3.01,3.23,2.64,2.88,3.2,2.6,2.9,3.1,2.5,2.95,3.2,2.5
2016/2017,2016-09-21 00:00:00,SP2,Spain,La Liga Segunda Division,,Huesca,Elche,0,3,A,0,0,D,2.08,3.25,4.22,1.95,3.2,4.2,2.0,3.1,4.0,2.0,3.2,4.2
2016/2017,2016-09-21 00:00:00,SP1,Spain,La Liga Primera Division,,Granada,Ath Bilbao,1,2,A,1,1,D,4.22,3.63,1.97,4.5,3.5,1.85,4.0,3.5,1.91,4.0,3.6,1.91
2016/2017,2016-09-20 00:00:00,SP2,Spain,La Liga Segunda Division,,Alcorcon,Cordoba,0,1,A,0,0,D,2.14,3.11,4.22,2.05,3.2,3.8,2.1,3.0,4.0,2.1,3.1,4.0
2016/2017,2016-09-18 00:00:00,SP2,Spain,La Liga Segunda Division,,Almeria,Tenerife,0,1,A,0,0,D,2.07,3.29,4.22,2.1,3.3,3.5,2.05,3.1,3.8,2.1,3.25,3.2
2016/2017,2016-09-18 00:00:00,SP1,Spain,La Liga Primera Division,,Espanol,Real Madrid,0,2,A,0,1,A,7.76,5.33,1.42,7.5,5.5,1.36,7.0,4.75,1.4,8.25,5.0,1.33
2016/2017,2016-09-17 00:00:00,SP1,Spain,La Liga Primera Division,,Leganes,Barcelona,1,5,A,0,3,A,17.0,7.7,1.2,17.0,7.0,1.18,15.0,7.0,1.18,13.5,6.5,1.19
2016/2017,2016-09-17 00:00:00,SP2,Spain,La Liga Segunda Division,,Elche,Lugo,0,3,A,0,2,A,2.03,3.37,4.22,1.91,3.4,4.0,1.95,3.25,4.0,1.87,3.3,3.8
2016/2017,2016-09-17 00:00:00,SP2,Spain,La Liga Segunda Division,,Valladolid,UCAM Murcia,0,1,A,0,0,D,1.76,3.47,5.9,1.7,3.5,5.25,1.75,3.25,5.25,1.75,3.4,4.25
2016/2017,2016-09-11 00:00:00,SP1,Spain,La Liga Primera Division,,La Coruna,Ath Bilbao,0,1,A,0,1,A,3.55,3.38,2.26,3.6,3.25,2.15,3.4,3.2,2.2,3.4,3.3,2.2
2016/2017,2016-09-11 00:00:00,SP1,Spain,La Liga Primera Division,,Valencia,Betis,2,3,A,0,1,A,1.68,4.08,5.53,1.65,4.2,5.0,1.65,3.8,5.25,1.7,4.0,4.75
2016/2017,2016-09-11 00:00:00,SP1,Spain,La Liga Primera Division,,Granada,Eibar,1,2,A,0,1,A,2.23,3.49,3.5,2.15,3.25,3.5,2.15,3.3,3.3,2.2,3.4,3.3
2016/2017,2016-09-10 00:00:00,SP1,Spain,La Liga Primera Division,,Barcelona,Alaves,1,2,A,0,1,A,1.1,12.25,34.0,1.07,12.0,34.0,1.08,12.0,34.0,1.07,11.5,36.0
2016/2017,2016-09-10 00:00:00,SP1,Spain,La Liga Primera Division,,Celta,Ath Madrid,0,4,A,0,0,D,5.64,3.59,1.78,6.0,3.3,1.73,5.25,3.3,1.75,5.5,3.6,1.7
2016/2017,2016-09-10 00:00:00,SP1,Spain,La Liga Primera Division,,Malaga,Villarreal,0,2,A,0,2,A,2.39,3.24,3.41,2.3,3.1,3.3,2.3,3.1,3.3,2.4,3.1,3.25
2016/2017,2016-08-28 00:00:00,SP1,Spain,La Liga Primera Division,,Ath Bilbao,Barcelona,0,1,A,0,1,A,6.44,4.66,1.54,6.5,4.33,1.5,5.75,4.33,1.53,6.5,4.33,1.5
2016/2017,2016-08-27 00:00:00,SP1,Spain,La Liga Primera Division,,Osasuna,Sociedad,0,2,A,0,1,A,3.19,3.13,2.59,3.1,3.1,2.5,3.1,3.0,2.5,3.0,3.2,2.5
2016/2017,2016-08-22 00:00:00,SP1,Spain,La Liga Primera Division,,Celta,Leganes,0,1,A,0,0,D,1.63,4.0,6.47,1.65,3.75,5.75,1.6,3.75,6.0,1.57,3.9,6.25
2016/2017,2016-08-22 00:00:00,SP1,Spain,La Liga Primera Division,,Valencia,Las Palmas,2,4,A,2,3,A,1.77,3.89,5.07,1.73,3.75,5.0,1.73,3.6,4.75,1.7,3.8,5.0
2016/2017,2016-08-21 00:00:00,SP1,Spain,La Liga Primera Division,,Sociedad,Real Madrid,0,3,A,0,2,A,5.13,3.98,1.74,4.75,3.8,1.75,4.5,3.8,1.75,5.0,3.75,1.72
2016/2017,2016-08-21 00:00:00,SP2,Spain,La Liga Segunda Division,,Numancia,Levante,0,1,A,0,0,D,2.75,3.12,2.93,2.5,3.0,3.0,2.62,3.0,2.88,2.6,3.1,2.85
2016/2017,2016-08-20 00:00:00,SP2,Spain,La Liga Segunda Division,,Mallorca,Reus Deportiu,0,1,A,0,0,D,2.04,3.25,4.41,2.0,3.0,4.33,2.0,3.1,4.2,1.95,3.2,4.25
2015/2016,2016-06-04 00:00:00,SP2,Spain,La Liga Segunda Division,,Valladolid,Mallorca,1,3,A,1,2,A,6.48,4.19,1.58,6.0,3.8,1.5,5.75,4.0,1.57,5.0,4.0,1.53
2015/2016,2016-06-04 00:00:00,SP2,Spain,La Liga Segunda Division,,Ponferradina,Girona,0,1,A,0,0,D,3.33,2.83,2.69,2.88,2.9,2.5,3.0,3.0,2.4,3.1,2.8,2.4
2015/2016,2016-06-04 00:00:00,SP2,Spain,La Liga Segunda Division,,Oviedo,Osasuna,0,5,A,0,1,A,5.31,3.98,1.71,4.75,3.8,1.6,4.75,3.8,1.7,4.75,3.7,1.62
2015/2016,2016-06-04 00:00:00,SP2,Spain,La Liga Segunda Division,,Mirandes,Leganes,0,1,A,0,0,D,8.96,4.84,1.41,7.0,4.5,1.36,7.5,4.5,1.4,7.0,4.2,1.4
2015/2016,2016-05-29 00:00:00,SP2,Spain,La Liga Segunda Division,,Lugo,Gimnastic,0,3,A,0,2,A,6.38,4.12,1.6,5.5,3.8,1.53,5.75,3.8,1.6,6.0,4.1,1.45
2015/2016,2016-05-29 00:00:00,SP2,Spain,La Liga Segunda Division,,Mallorca,Cordoba,0,1,A,0,1,A,2.5,2.7,3.69,2.5,2.25,4.0,2.5,2.3,3.75,2.35,2.3,4.25
2015/2016,2016-05-29 00:00:00,SP2,Spain,La Liga Segunda Division,,Osasuna,Huesca,2,3,A,1,2,A,1.63,3.83,6.54,1.53,3.6,5.5,1.62,3.6,6.0,1.62,3.5,5.0
2015/2016,2016-05-26 00:00:00,SP2,Spain,La Liga Segunda Division,,Oviedo,Leganes,0,1,A,0,0,D,2.48,3.22,3.22,2.38,3.0,3.2,2.4,3.1,3.0,2.45,3.25,2.95
2015/2016,2016-05-26 00:00:00,SP2,Spain,La Liga Segunda Division,,Ath Bilbao B,Alaves,2,3,A,0,2,A,8.34,4.35,1.48,8.0,4.0,1.45,7.0,4.0,1.5,6.5,4.0,1.44
2015/2016,2016-05-25 00:00:00,SP2,Spain,La Liga Segunda Division,,Mirandes,Cordoba,0,3,A,0,0,D,3.0,3.65,2.4,3.0,3.2,2.4,2.8,3.5,2.38,2.9,3.3,2.2
2015/2016,2016-05-22 00:00:00,SP2,Spain,La Liga Segunda Division,,Zaragoza,Gimnastic,0,1,A,0,0,D,2.09,3.4,3.98,1.95,3.3,4.0,2.05,3.25,3.8,1.95,3.2,3.6
2015/2016,2016-05-21 00:00:00,SP2,Spain,La Liga Segunda Division,,Leganes,Huesca,2,3,A,1,1,D,1.74,3.75,5.51,1.7,3.5,5.25,1.7,3.5,5.0,1.7,3.4,4.6
2015/2016,2016-05-21 00:00:00,SP2,Spain,La Liga Segunda Division,,Albacete,Alcorcon,0,2,A,0,0,D,3.0,3.24,2.65,2.8,3.2,2.5,2.88,3.1,2.5,2.7,2.9,2.6
2015/2016,2016-05-15 00:00:00,SP2,Spain,La Liga Segunda Division,,Alcorcon,Alaves,0,1,A,0,0,D,2.13,3.17,4.15,2.1,3.2,3.6,2.1,3.0,3.8,2.1,2.95,3.5
2015/2016,2016-05-14 00:00:00,SP1,Spain,La Liga Primera Division,,La Coruna,Real Madrid,0,2,A,0,2,A,13.27,8.55,1.21,13.0,8.0,1.18,11.0,7.0,1.22,11.5,6.5,1.2
2015/2016,2016-05-14 00:00:00,SP1,Spain,La Liga Primera Division,,Granada,Barcelona,0,3,A,0,2,A,31.13,13.64,1.09,26.0,11.0,1.08,23.0,11.0,1.1,21.0,9.0,1.1
2015/2016,2016-05-13 00:00:00,SP1,Spain,La Liga Primera Division,,Valencia,Sociedad,0,1,A,0,0,D,2.06,3.84,3.63,1.95,3.75,3.75,1.95,3.6,3.5,1.95,3.7,3.75
2015/2016,2016-05-08 00:00:00,SP1,Spain,La Liga Primera Division,,Villarreal,La Coruna,0,2,A,0,1,A,2.52,3.32,3.09,2.45,3.1,3.1,2.4,3.1,3.0,2.4,3.1,3.0
2015/2016,2016-05-08 00:00:00,SP1,Spain,La Liga Primera Division,,Sevilla,Granada,1,4,A,0,1,A,2.86,3.83,2.44,2.88,3.75,2.3,2.75,3.6,2.4,2.7,3.4,2.45
2015/2016,2016-05-07 00:00:00,SP2,Spain,La Liga Segunda Division,,Lugo,Alcorcon,1,2,A,1,1,D,2.41,3.19,3.37,2.25,3.1,3.4,2.4,3.0,3.1,2.2,3.1,3.1
2015/2016,2016-05-07 00:00:00,SP2,Spain,La Liga Segunda Division,,Almeria,Gimnastic,1,2,A,1,1,D,2.13,3.46,3.75,2.1,3.25,3.5,2.05,3.25,3.6,2.15,3.1,3.2
2015/2016,2016-05-02 00:00:00,SP2,Spain,La Liga Segunda Division,,Ath Bilbao B,Leganes,1,2,A,1,0,H,3.98,3.58,2.02,3.75,3.5,1.95,3.8,3.3,1.95,3.4,3.25,2.0
2015/2016,2016-05-01 00:00:00,SP1,Spain,La Liga Primera Division,,Valencia,Villarreal,0,2,A,0,2,A,2.16,3.53,3.64,2.2,3.3,3.4,2.1,3.3,3.5,2.15,3.4,3.4
2015/2016,2016-05-01 00:00:00,SP1,Spain,La Liga Primera Division,,La Coruna,Getafe,0,2,A,0,1,A,2.3,3.53,3.31,2.3,3.3,3.2,2.2,3.3,3.2,2.25,3.4,3.25
2015/2016,2016-04-30 00:00:00,SP2,Spain,La Liga Segunda Division,,Alcorcon,Osasuna,0,1,A,0,1,A,2.09,3.25,4.17,2.0,3.2,4.0,2.0,3.1,4.0,1.95,3.1,3.75
2015/2016,2016-04-30 00:00:00,SP1,Spain,La Liga Primera Division,,Sociedad,Real Madrid,0,1,A,0,0,D,5.11,4.27,1.69,5.0,4.0,1.67,4.75,4.0,1.67,5.0,4.0,1.67
2015/2016,2016-04-30 00:00:00,SP1,Spain,La Liga Primera Division,,Betis,Barcelona,0,2,A,0,0,D,25.51,10.49,1.13,21.0,9.0,1.13,19.0,9.5,1.13,19.0,9.5,1.12
2015/2016,2016-04-24 00:00:00,SP2,Spain,La Liga Segunda Division,,Mirandes,Numancia,0,2,A,0,2,A,2.11,3.43,3.84,2.1,3.25,3.6,2.05,3.25,3.6,2.05,3.2,3.3
2015/2016,2016-04-23 00:00:00,SP1,Spain,La Liga Primera Division,,Vallecano,Real Madrid,2,3,A,2,1,H,8.92,5.62,1.37,8.5,5.5,1.33,7.0,5.25,1.36,7.75,5.0,1.35
2015/2016,2016-04-23 00:00:00,SP2,Spain,La Liga Segunda Division,,Oviedo,Huesca,0,1,A,0,0,D,1.84,3.64,4.82,1.8,3.5,4.5,1.83,3.4,4.5,1.75,3.4,4.25
2015/2016,2016-04-23 00:00:00,SP2,Spain,La Liga Segunda Division,,Albacete,Girona,0,3,A,0,1,A,3.1,3.31,2.5,2.9,3.1,2.5,2.9,3.2,2.5,2.85,2.95,2.45
2015/2016,2016-04-21 00:00:00,SP1,Spain,La Liga Primera Division,,Sociedad,Getafe,1,2,A,1,1,D,1.57,4.37,6.52,1.53,4.2,6.0,1.53,4.2,6.0,1.53,4.0,6.0
2015/2016,2016-04-20 00:00:00,SP1,Spain,La Liga Primera Division,,La Coruna,Barcelona,0,8,A,0,2,A,15.6,7.71,1.21,13.0,7.0,1.2,13.0,7.0,1.2,10.5,6.5,1.22
2015/2016,2016-04-20 00:00:00,SP1,Spain,La Liga Primera Division,,Ath Bilbao,Ath Madrid,0,1,A,0,1,A,4.32,3.45,2.01,4.0,3.3,2.0,3.8,3.2,2.0,3.75,3.25,2.0
2015/2016,2016-04-17 00:00:00,SP1,Spain,La Liga Primera Division,,Malaga,Ath Bilbao,0,1,A,0,0,D,2.4,3.29,3.33,2.3,3.25,3.25,2.3,3.2,3.2,2.4,3.2,2.95
2015/2016,2016-04-17 00:00:00,SP1,Spain,La Liga Primera Division,,Barcelona,Valencia,1,2,A,0,2,A,1.17,9.25,17.2,1.14,9.0,17.0,1.17,8.0,15.0,1.14,8.0,15.0
2015/2016,2016-04-17 00:00:00,SP2,Spain,La Liga Segunda Division,,Ponferradina,Almeria,1,3,A,0,2,A,2.48,3.18,3.26,2.45,3.1,3.0,2.4,3.0,3.2,2.4,2.9,2.95
2015/2016,2016-04-17 00:00:00,SP2,Spain,La Liga Segunda Division,,Huesca,Cordoba,0,2,A,0,1,A,2.08,3.44,3.95,2.0,3.4,3.75,2.05,3.2,3.6,2.05,3.1,3.4
2015/2016,2016-04-16 00:00:00,SP1,Spain,La Liga Primera Division,,Getafe,Real Madrid,1,5,A,0,2,A,11.2,6.05,1.31,9.5,6.0,1.29,9.5,6.0,1.29,9.0,5.5,1.28
2015/2016,2016-04-16 00:00:00,SP2,Spain,La Liga Segunda Division,,Valladolid,Zaragoza,1,2,A,1,1,D,2.07,3.38,4.05,2.0,3.4,3.8,2.05,3.2,3.8,2.05,3.2,3.3
2015/2016,2016-04-11 00:00:00,SP1,Spain,La Liga Primera Division,,La Coruna,Las Palmas,1,3,A,0,0,D,2.19,3.33,3.78,2.05,3.3,3.6,2.1,3.2,3.6,2.1,3.3,3.4
2015/2016,2016-04-10 00:00:00,SP2,Spain,La Liga Segunda Division,,Cordoba,Albacete,2,3,A,0,1,A,2.06,3.4,4.07,2.0,3.2,4.0,2.0,3.25,3.8,1.95,3.2,3.6
2015/2016,2016-04-10 00:00:00,SP1,Spain,La Liga Primera Division,,Sp Gijon,Celta,0,1,A,0,0,D,3.08,3.5,2.45,3.1,3.25,2.3,3.1,3.3,2.25,2.95,3.25,2.35
2015/2016,2016-04-09 00:00:00,SP1,Spain,La Liga Primera Division,,Espanol,Ath Madrid,1,3,A,1,1,D,4.38,3.42,2.0,4.0,3.1,2.05,4.0,3.25,1.95,4.33,3.3,1.85
2015/2016,2016-04-03 00:00:00,SP1,Spain,La Liga Primera Division,,Sevilla,Sociedad,1,2,A,0,2,A,1.63,4.14,6.03,1.62,4.0,5.5,1.62,3.8,5.5,1.6,3.9,5.25
2015/2016,2016-04-03 00:00:00,SP1,Spain,La Liga Primera Division,,Eibar,Villarreal,1,2,A,1,1,D,3.11,3.2,2.59,3.1,3.0,2.55,3.0,3.0,2.5,3.0,3.0,2.5
2015/2016,2016-04-03 00:00:00,SP2,Spain,La Liga Segunda Division,,Albacete,Alaves,0,1,A,0,0,D,2.78,3.13,2.89,2.75,3.0,2.75,2.7,3.0,2.75,2.6,3.0,2.6
2015/2016,2016-04-02 00:00:00,SP1,Spain,La Liga Primera Division,,Barcelona,Real Madrid,1,2,A,0,0,D,1.62,4.63,5.39,1.57,4.5,5.5,1.62,4.33,5.5,1.57,4.33,5.0
2015/2016,2016-03-27 00:00:00,SP2,Spain,La Liga Segunda Division,,Zaragoza,Girona,0,3,A,0,2,A,2.42,3.25,3.3,2.3,3.1,3.3,2.38,3.1,3.1,2.2,3.0,3.2
2015/2016,2016-03-27 00:00:00,SP2,Spain,La Liga Segunda Division,,Cordoba,Alaves,1,2,A,0,0,D,2.71,3.19,2.92,2.6,3.0,2.9,2.62,3.0,2.8,2.4,3.1,2.75
2015/2016,2016-03-26 00:00:00,SP2,Spain,La Liga Segunda Division,,Huesca,Ath Bilbao B,1,2,A,0,0,D,1.84,3.59,4.91,1.75,3.25,5.0,1.8,3.4,4.5,1.85,3.2,4.0
2015/2016,2016-03-20 00:00:00,SP2,Spain,La Liga Segunda Division,,Ath Bilbao B,Gimnastic,0,4,A,0,1,A,2.41,3.18,3.38,2.3,3.0,3.4,2.3,3.0,3.25,2.35,2.95,3.0
2015/2016,2016-03-20 00:00:00,SP1,Spain,La Liga Primera Division,,Valencia,Celta,0,2,A,0,0,D,2.31,3.63,3.2,2.3,3.5,3.0,2.25,3.4,3.0,2.35,3.4,2.85
2015/2016,2016-03-19 00:00:00,SP1,Spain,La Liga Primera Division,,Betis,Malaga,0,1,A,0,0,D,2.7,3.27,2.9,2.6,3.1,2.9,2.5,3.1,2.88,2.65,3.0,2.75
2015/2016,2016-03-19 00:00:00,SP1,Spain,La Liga Primera Division,,Sociedad,Las Palmas,0,1,A,0,1,A,1.69,3.98,5.63,1.67,3.5,6.0,1.67,3.6,5.25,1.57,3.8,5.75
2015/2016,2016-03-16 00:00:00,SP2,Spain,La Liga Segunda Division,,Huesca,Mallorca,1,2,A,0,2,A,2.15,3.24,3.98,2.1,3.2,3.6,2.1,3.1,3.6,2.1,3.0,3.4
2015/2016,2016-03-13 00:00:00,SP2,Spain,La Liga Segunda Division,,Leganes,Tenerife,0,1,A,0,0,D,1.56,3.93,7.77,1.53,3.75,7.0,1.55,3.6,7.0,1.5,3.6,6.25
2015/2016,2016-03-13 00:00:00,SP2,Spain,La Liga Segunda Division,,Cordoba,Lugo,1,2,A,0,2,A,2.11,3.23,4.11,2.0,3.3,3.8,2.0,3.1,4.0,2.0,3.25,3.4
2015/2016,2016-03-13 00:00:00,SP1,Spain,La Liga Primera Division,,Las Palmas,Real Madrid,1,2,A,0,1,A,8.69,5.48,1.38,9.5,5.25,1.33,6.5,5.2,1.33,8.75,5.5,1.3
2015/2016,2016-03-12 00:00:00,SP2,Spain,La Liga Segunda Division,,Oviedo,Valladolid,2,4,A,1,3,A,2.14,3.38,3.81,2.15,3.0,3.8,2.15,3.2,3.5,2.1,3.2,3.25
2015/2016,2016-03-12 00:00:00,SP2,Spain,La Liga Segunda Division,,Mirandes,Elche,1,2,A,1,0,H,2.2,3.34,3.67,2.1,3.0,4.0,2.15,3.2,3.5,2.1,3.0,3.4
2015/2016,2016-03-06 00:00:00,SP2,Spain,La Liga Segunda Division,,Albacete,Leganes,0,3,A,0,2,A,3.42,3.32,2.31,3.6,3.0,2.2,3.3,3.1,2.3,3.4,2.95,2.15
2015/2016,2016-03-06 00:00:00,SP1,Spain,La Liga Primera Division,,Eibar,Barcelona,0,4,A,0,2,A,13.2,6.64,1.26,10.0,6.5,1.25,9.0,5.75,1.25,10.0,6.5,1.22
2015/2016,2016-03-06 00:00:00,SP2,Spain,La Liga Segunda Division,,Valladolid,Huesca,0,1,A,0,1,A,1.93,3.46,4.61,1.85,3.5,4.2,1.85,3.4,4.33,1.78,3.4,4.1
2015/2016,2016-03-06 00:00:00,SP1,Spain,La Liga Primera Division,,Valencia,Ath Madrid,1,3,A,1,1,D,4.41,3.35,2.02,4.0,3.3,2.0,4.0,3.2,2.0,3.9,3.3,1.95
2015/2016,2016-03-06 00:00:00,SP1,Spain,La Liga Primera Division,,Sp Gijon,Ath Bilbao,0,2,A,0,1,A,4.16,3.53,2.01,4.0,3.3,2.0,3.8,3.4,1.95,3.9,3.3,1.95
2015/2016,2016-03-05 00:00:00,SP1,Spain,La Liga Primera Division,,Villarreal,Las Palmas,0,1,A,0,1,A,1.65,3.96,6.21,1.62,3.75,6.0,1.6,3.8,6.0,1.57,3.7,6.25
2015/2016,2016-03-05 00:00:00,SP2,Spain,La Liga Segunda Division,,Ath Bilbao B,Cordoba,1,2,A,0,1,A,2.54,3.18,3.15,2.4,3.0,3.2,2.5,3.1,2.9,2.35,2.85,3.1
2015/2016,2016-03-03 00:00:00,SP1,Spain,La Liga Primera Division,,Vallecano,Barcelona,1,5,A,0,2,A,16.56,8.15,1.19,13.0,7.0,1.2,11.0,7.0,1.22,13.0,6.5,1.19
2015/2016,2016-03-03 00:00:00,SP1,Spain,La Liga Primera Division,,Espanol,Betis,0,3,A,0,2,A,2.12,3.49,3.81,1.95,3.5,4.0,1.91,3.4,4.0,1.9,3.4,4.0
2015/2016,2016-03-02 00:00:00,SP1,Spain,La Liga Primera Division,,Levante,Real Madrid,1,3,A,1,2,A,6.56,4.78,1.52,7.0,4.75,1.44,6.0,4.5,1.5,6.75,4.6,1.42
2015/2016,2016-03-02 00:00:00,SP1,Spain,La Liga Primera Division,,Malaga,Valencia,1,2,A,1,1,D,2.03,3.41,4.07,2.05,3.3,3.8,2.0,3.25,3.8,2.05,3.1,3.8
2015/2016,2016-02-28 00:00:00,SP1,Spain,La Liga Primera Division,,Valencia,Ath Bilbao,0,3,A,0,0,D,2.33,3.4,3.37,2.3,3.2,3.3,2.25,3.3,3.2,2.25,3.3,3.3
2015/2016,2016-02-28 00:00:00,SP1,Spain,La Liga Primera Division,,La Coruna,Granada,0,1,A,0,1,A,1.83,3.61,5.05,1.8,3.5,4.75,1.8,3.4,4.75,1.8,3.4,4.5
2015/2016,2016-02-28 00:00:00,SP2,Spain,La Liga Segunda Division,,Mirandes,Tenerife,1,2,A,0,1,A,2.07,3.39,4.05,2.0,3.3,3.8,2.0,3.25,3.8,1.95,3.2,3.7
2015/2016,2016-02-27 00:00:00,SP1,Spain,La Liga Primera Division,,Real Madrid,Ath Madrid,0,1,A,0,0,D,1.8,3.8,4.95,1.73,3.6,5.25,1.75,3.6,4.5,1.8,3.5,4.75
2015/2016,2016-02-27 00:00:00,SP1,Spain,La Liga Primera Division,,Getafe,Celta,0,1,A,0,0,D,3.09,3.55,2.41,3.2,3.3,2.3,3.0,3.3,2.3,3.1,3.1,2.35
2015/2016,2016-02-27 00:00:00,SP1,Spain,La Liga Primera Division,,Sp Gijon,Espanol,2,4,A,1,1,D,2.32,3.4,3.39,2.3,3.2,3.3,2.25,3.2,3.25,2.3,3.2,3.1
2015/2016,2016-02-27 00:00:00,SP2,Spain,La Liga Segunda Division,,Cordoba,Osasuna,0,1,A,0,0,D,2.17,3.18,4.02,2.15,3.2,3.5,2.1,3.0,3.8,2.1,3.0,3.4
2015/2016,2016-02-27 00:00:00,SP2,Spain,La Liga Segunda Division,,Llagostera,Girona,0,1,A,0,0,D,3.82,3.29,2.15,3.6,3.2,2.1,3.75,3.1,2.1,3.4,3.0,2.1
2015/2016,2016-02-26 00:00:00,SP1,Spain,La Liga Primera Division,,Eibar,Las Palmas,0,1,A,0,1,A,1.77,3.81,5.21,1.75,3.6,5.0,1.73,3.6,4.75,1.75,3.5,4.6
2015/2016,2016-02-21 00:00:00,SP1,Spain,La Liga Primera Division,,Ath Bilbao,Sociedad,0,1,A,0,1,A,1.84,3.74,4.77,1.8,3.5,4.75,1.75,3.5,4.5,1.8,3.6,4.6
2015/2016,2016-02-21 00:00:00,SP1,Spain,La Liga Primera Division,,Granada,Valencia,1,2,A,0,0,D,2.88,3.44,2.62,2.88,3.2,2.55,2.75,3.2,2.5,2.85,3.2,2.6
2015/2016,2016-02-20 00:00:00,SP1,Spain,La Liga Primera Division,,Las Palmas,Barcelona,1,2,A,1,2,A,18.0,7.35,1.21,15.0,7.5,1.18,15.0,7.0,1.18,14.0,7.0,1.2
2015/2016,2016-02-20 00:00:00,SP2,Spain,La Liga Segunda Division,,Lugo,Leganes,1,2,A,1,1,D,3.14,3.13,2.58,3.1,3.1,2.38,3.0,3.0,2.5,3.0,3.1,2.25
2015/2016,2016-02-20 00:00:00,SP2,Spain,La Liga Segunda Division,,Ponferradina,Cordoba,1,3,A,0,2,A,2.61,3.26,2.98,2.4,3.2,3.0,2.5,3.1,2.88,2.25,3.1,3.0
2015/2016,2016-02-17 00:00:00,SP1,Spain,La Liga Primera Division,,Sp Gijon,Barcelona,1,3,A,1,2,A,21.1,9.15,1.16,19.0,8.0,1.14,15.0,8.0,1.17,13.5,7.75,1.15
2015/2016,2016-02-14 00:00:00,SP2,Spain,La Liga Segunda Division,,Huesca,Girona,0,1,A,0,1,A,2.44,3.07,3.45,2.38,3.1,3.1,2.4,2.9,3.3,2.3,3.0,3.0
2015/2016,2016-02-14 00:00:00,SP2,Spain,La Liga Segunda Division,,Cordoba,Zaragoza,0,2,A,0,1,A,2.29,3.31,3.49,2.25,3.1,3.4,2.25,3.2,3.25,2.15,3.1,3.2
2015/2016,2016-02-14 00:00:00,SP1,Spain,La Liga Primera Division,,Getafe,Ath Madrid,0,1,A,0,1,A,7.45,3.99,1.57,6.5,3.8,1.57,6.5,3.6,1.57,7.0,3.7,1.57
2015/2016,2016-02-13 00:00:00,SP2,Spain,La Liga Segunda Division,,Almeria,Lugo,0,2,A,0,0,D,2.17,3.32,3.82,2.15,3.1,3.6,2.15,3.2,3.5,2.1,3.1,3.3
2015/2016,2016-02-13 00:00:00,SP2,Spain,La Liga Segunda Division,,Ath Bilbao B,Valladolid,0,1,A,0,1,A,2.98,3.16,2.68,3.1,2.9,2.5,3.0,3.0,2.5,2.9,3.0,2.35
2015/2016,2016-02-08 00:00:00,SP1,Spain,La Liga Primera Division,,Espanol,Sociedad,0,5,A,0,2,A,2.71,3.21,2.94,2.7,3.1,2.8,2.7,3.0,2.75,2.7,3.1,2.8
2015/2016,2016-02-07 00:00:00,SP2,Spain,La Liga Segunda Division,,Mallorca,Ath Bilbao B,2,3,A,1,1,D,1.61,3.71,7.33,1.53,3.5,7.5,1.62,3.5,6.5,1.62,3.4,5.25
2015/2016,2016-02-07 00:00:00,SP2,Spain,La Liga Segunda Division,,Lugo,Mirandes,1,4,A,0,1,A,2.49,3.17,3.26,2.38,3.1,3.1,2.4,3.1,3.1,2.25,3.1,3.0
2015/2016,2016-02-07 00:00:00,SP1,Spain,La Liga Primera Division,,Granada,Real Madrid,1,2,A,0,1,A,12.45,6.58,1.27,12.0,6.0,1.25,10.0,6.0,1.25,11.0,6.0,1.26
2015/2016,2016-02-07 00:00:00,SP1,Spain,La Liga Primera Division,,Levante,Barcelona,0,2,A,0,1,A,18.95,8.2,1.18,15.0,7.5,1.18,15.0,7.0,1.18,13.0,7.0,1.2
2015/2016,2016-01-31 00:00:00,SP2,Spain,La Liga Segunda Division,,Ath Bilbao B,Elche,0,1,A,0,0,D,2.84,3.12,2.84,2.7,3.0,2.75,2.75,3.0,2.75,2.55,3.0,2.65
2015/2016,2016-01-31 00:00:00,SP2,Spain,La Liga Segunda Division,,Ponferradina,Mallorca,0,2,A,0,0,D,2.27,3.23,3.64,2.15,3.0,3.75,2.15,3.1,3.6,2.15,3.1,3.2
2015/2016,2016-01-31 00:00:00,SP1,Spain,La Liga Primera Division,,Valencia,Sp Gijon,0,1,A,0,0,D,1.78,4.0,4.79,1.75,3.75,4.75,1.73,3.8,4.75,1.75,3.6,5.0
2015/2016,2016-01-30 00:00:00,SP1,Spain,La Liga Primera Division,,Eibar,Malaga,1,2,A,0,1,A,2.45,3.31,3.23,2.38,3.25,3.0,2.4,3.1,3.1,2.4,3.2,2.95
2015/2016,2016-01-30 00:00:00,SP1,Spain,La Liga Primera Division,,Getafe,Ath Bilbao,0,1,A,0,1,A,3.5,3.41,2.27,3.4,3.3,2.2,3.4,3.25,2.15,3.4,3.3,2.25
2015/2016,2016-01-30 00:00:00,SP2,Spain,La Liga Segunda Division,,Cordoba,Leganes,2,3,A,1,0,H,2.78,2.99,3.05,2.6,3.0,2.9,2.62,2.88,2.9,2.55,2.9,2.75
2015/2016,2016-01-24 00:00:00,SP2,Spain,La Liga Segunda Division,,Zaragoza,Mirandes,1,2,A,1,1,D,2.02,3.16,4.53,1.91,3.2,4.33,1.95,3.0,4.33,1.91,3.25,3.75
2015/2016,2016-01-23 00:00:00,SP1,Spain,La Liga Primera Division,,Malaga,Barcelona,1,2,A,1,1,D,10.09,5.41,1.36,8.5,5.5,1.33,8.5,5.0,1.35,8.0,5.5,1.35
2015/2016,2016-01-17 00:00:00,SP2,Spain,La Liga Segunda Division,,Alaves,Gimnastic,1,3,A,0,1,A,1.96,3.36,4.6,1.95,3.2,4.2,1.91,3.2,4.33,1.8,3.25,4.2
2015/2016,2016-01-17 00:00:00,SP2,Spain,La Liga Segunda Division,,Almeria,Cordoba,0,1,A,0,0,D,2.42,3.24,3.3,2.38,3.1,3.1,2.4,3.1,3.1,2.3,3.1,2.95
2015/2016,2016-01-17 00:00:00,SP1,Spain,La Liga Primera Division,,Las Palmas,Ath Madrid,0,3,A,0,1,A,6.88,4.01,1.6,6.5,3.6,1.62,6.5,3.6,1.57,6.0,3.8,1.62
2015/2016,2016-01-17 00:00:00,SP2,Spain,La Liga Segunda Division,,Mallorca,Valladolid,0,1,A,0,0,D,2.45,3.2,3.29,2.4,3.1,3.1,2.38,3.0,3.2,2.25,3.1,3.0
2015/2016,2016-01-16 00:00:00,SP2,Spain,La Liga Segunda Division,,Albacete,Numancia,0,2,A,0,1,A,2.35,3.34,3.34,2.2,3.2,3.4,2.25,3.1,3.25,2.2,3.2,3.0
2015/2016,2016-01-10 00:00:00,SP2,Spain,La Liga Segunda Division,,Ponferradina,Tenerife,0,1,A,0,0,D,2.25,3.19,3.75,2.05,3.2,3.8,2.15,3.1,3.6,2.05,3.1,3.4
2015/2016,2016-01-10 00:00:00,SP1,Spain,La Liga Primera Division,,Celta,Ath Madrid,0,2,A,0,0,D,4.7,3.56,1.9,4.5,3.5,1.8,4.5,3.3,1.85,4.4,3.4,1.91
2015/2016,2016-01-10 00:00:00,SP2,Spain,La Liga Segunda Division,,Huesca,Osasuna,0,1,A,0,1,A,2.42,3.23,3.31,2.4,3.0,3.2,2.4,3.1,3.1,2.2,3.0,3.2
2015/2016,2016-01-10 00:00:00,SP2,Spain,La Liga Segunda Division,,Llagostera,Leganes,0,1,A,0,1,A,3.93,3.3,2.14,3.6,3.1,2.15,3.75,3.1,2.1,3.25,3.1,2.15
2015/2016,2016-01-09 00:00:00,SP2,Spain,La Liga Segunda Division,,Ath Bilbao B,Albacete,0,1,A,0,0,D,2.66,3.2,2.97,2.6,3.0,2.9,2.6,3.0,2.8,2.65,2.9,2.65
2015/2016,2016-01-09 00:00:00,SP2,Spain,La Liga Segunda Division,,Gimnastic,Lugo,1,2,A,0,0,D,2.11,3.07,4.43,2.0,3.1,4.2,2.05,3.0,4.2,1.95,3.1,3.75
2015/2016,2016-01-09 00:00:00,SP2,Spain,La Liga Segunda Division,,Numancia,Alaves,0,1,A,0,0,D,2.49,3.29,3.13,2.5,3.1,2.9,2.4,3.1,2.9,2.4,3.25,2.65
2015/2016,2016-01-04 00:00:00,SP2,Spain,La Liga Segunda Division,,Tenerife,Alcorcon,1,2,A,0,2,A,2.57,3.18,3.11,2.5,3.0,3.0,2.5,3.0,3.0,2.45,2.9,2.9
2015/2016,2016-01-04 00:00:00,SP1,Spain,La Liga Primera Division,,Sp Gijon,Getafe,1,2,A,1,0,H,2.26,3.37,3.55,2.25,3.3,3.3,2.15,3.2,3.4,2.25,3.25,3.1
2015/2016,2016-01-03 00:00:00,SP1,Spain,La Liga Primera Division,,Betis,Eibar,0,4,A,0,2,A,2.5,3.4,3.06,2.4,3.25,3.1,2.4,3.2,3.0,2.45,3.25,2.95
2015/2016,2016-01-03 00:00:00,SP1,Spain,La Liga Primera Division,,La Coruna,Villarreal,1,2,A,0,1,A,2.79,3.3,2.79,2.7,3.2,2.7,2.7,3.1,2.62,2.85,3.0,2.75
2015/2016,2016-01-03 00:00:00,SP2,Spain,La Liga Segunda Division,,Cordoba,Mirandes,1,2,A,0,1,A,2.24,3.36,3.56,2.25,3.1,3.4,2.15,3.25,3.4,2.2,2.9,3.3
2015/2016,2016-01-03 00:00:00,SP2,Spain,La Liga Segunda Division,,Lugo,Numancia,2,3,A,1,1,D,2.23,3.14,3.87,2.2,3.1,3.5,2.15,3.0,3.6,2.1,2.9,3.6
2015/2016,2015-12-30 00:00:00,SP1,Spain,La Liga Primera Division,,Vallecano,Ath Madrid,0,2,A,0,0,D,6.85,4.21,1.57,6.5,3.8,1.53,6.0,3.8,1.55,6.5,4.0,1.55
2015/2016,2015-12-30 00:00:00,SP1,Spain,La Liga Primera Division,,Celta,Ath Bilbao,0,1,A,0,0,D,2.56,3.47,2.93,2.38,3.3,2.9,2.5,3.3,2.8,2.5,3.2,2.8
2015/2016,2015-12-30 00:00:00,SP1,Spain,La Liga Primera Division,,Levante,Malaga,0,1,A,0,0,D,2.74,3.23,2.89,2.75,3.0,2.75,2.7,3.0,2.75,2.75,3.1,2.75
2015/2016,2015-12-20 00:00:00,SP1,Spain,La Liga Primera Division,,Sociedad,Villarreal,0,2,A,0,1,A,2.46,3.3,3.22,2.4,3.2,3.1,2.4,3.1,3.0,2.45,3.1,2.95
2015/2016,2015-12-20 00:00:00,SP1,Spain,La Liga Primera Division,,Granada,Celta,0,2,A,0,2,A,3.37,3.37,2.34,3.2,3.3,2.3,3.2,3.25,2.25,3.0,3.3,2.3
2015/2016,2015-12-19 00:00:00,SP2,Spain,La Liga Segunda Division,,Numancia,Osasuna,1,3,A,0,0,D,2.27,3.26,3.59,2.15,3.0,3.75,2.25,3.1,3.3,2.25,3.1,3.0
2015/2016,2015-12-19 00:00:00,SP2,Spain,La Liga Segunda Division,,Ponferradina,Alaves,0,1,A,0,0,D,2.44,3.14,3.36,2.3,3.1,3.3,2.38,3.0,3.25,2.25,3.0,3.1
2015/2016,2015-12-13 00:00:00,SP1,Spain,La Liga Primera Division,,Vallecano,Malaga,1,2,A,1,0,H,2.35,3.45,3.28,2.3,3.25,3.25,2.3,3.3,3.1,2.3,3.25,3.1
2015/2016,2015-12-13 00:00:00,SP2,Spain,La Liga Segunda Division,,Albacete,Valladolid,0,1,A,0,1,A,2.25,3.31,3.59,2.2,3.2,3.4,2.15,3.2,3.5,2.25,3.1,3.0
2015/2016,2015-12-13 00:00:00,SP2,Spain,La Liga Segunda Division,,Mirandes,Oviedo,1,2,A,1,0,H,2.19,3.35,3.7,2.2,3.2,3.4,2.15,3.25,3.5,2.15,3.2,3.1
2015/2016,2015-12-13 00:00:00,SP2,Spain,La Liga Segunda Division,,Almeria,Huesca,1,2,A,0,2,A,2.43,3.27,3.26,2.38,3.2,3.0,2.4,3.1,3.1,2.3,3.1,2.95
2015/2016,2015-12-12 00:00:00,SP2,Spain,La Liga Segunda Division,,Girona,Elche,0,1,A,0,1,A,1.73,3.61,5.84,1.73,3.5,5.0,1.7,3.4,5.5,1.7,3.3,4.75
2015/2016,2015-12-12 00:00:00,SP1,Spain,La Liga Primera Division,,Levante,Granada,1,2,A,0,0,D,2.13,3.3,4.04,2.1,3.1,4.0,2.05,3.1,3.8,2.1,3.1,3.7
2015/2016,2015-12-07 00:00:00,SP2,Spain,La Liga Segunda Division,,Ath Bilbao B,Zaragoza,0,1,A,0,1,A,2.56,3.22,3.09,2.4,3.0,3.2,2.5,3.0,3.0,2.4,3.1,2.8
2015/2016,2015-12-06 00:00:00,SP2,Spain,La Liga Segunda Division,,Girona,Cordoba,1,2,A,0,0,D,2.05,3.4,4.14,2.0,3.2,4.0,2.0,3.25,3.8,2.0,3.25,3.4
2015/2016,2015-12-06 00:00:00,SP2,Spain,La Liga Segunda Division,,Huesca,Mirandes,1,2,A,0,1,A,2.21,3.38,3.61,2.1,3.1,3.75,2.15,3.25,3.4,2.2,3.1,3.1
2015/2016,2015-12-06 00:00:00,SP2,Spain,La Liga Segunda Division,,Numancia,Leganes,1,2,A,0,1,A,2.82,3.12,2.85,2.7,3.1,2.7,2.7,3.0,2.8,2.6,2.9,2.7
2015/2016,2015-12-05 00:00:00,SP2,Spain,La Liga Segunda Division,,Valladolid,Alaves,1,2,A,0,1,A,2.36,3.26,3.38,2.3,3.0,3.4,2.25,3.1,3.3,2.25,3.1,3.0
2015/2016,2015-12-05 00:00:00,SP1,Spain,La Liga Primera Division,,Granada,Ath Madrid,0,2,A,0,1,A,7.66,3.83,1.59,7.0,3.75,1.57,7.0,3.6,1.55,6.75,3.9,1.57
2015/2016,2015-11-29 00:00:00,SP2,Spain,La Liga Segunda Division,,Mirandes,Gimnastic,0,1,A,0,0,D,2.26,3.13,3.8,2.15,3.1,3.6,2.2,3.0,3.6,2.1,3.0,3.4
2015/2016,2015-11-29 00:00:00,SP1,Spain,La Liga Primera Division,,Vallecano,Ath Bilbao,0,3,A,0,2,A,3.21,3.57,2.33,3.1,3.4,2.3,3.0,3.4,2.25,2.9,3.4,2.3
2015/2016,2015-11-29 00:00:00,SP1,Spain,La Liga Primera Division,,Eibar,Real Madrid,0,2,A,0,1,A,6.97,5.19,1.46,7.5,5.0,1.4,6.5,4.75,1.44,7.25,4.6,1.45
2015/2016,2015-11-28 00:00:00,SP1,Spain,La Liga Primera Division,,Las Palmas,La Coruna,0,2,A,0,1,A,2.37,3.33,3.36,2.3,3.3,3.2,2.3,3.2,3.2,2.35,3.1,3.1
2015/2016,2015-11-28 00:00:00,SP2,Spain,La Liga Segunda Division,,Osasuna,Alcorcon,1,2,A,0,1,A,2.27,3.15,3.74,2.15,3.3,3.4,2.2,3.0,3.6,2.15,3.0,3.3
2015/2016,2015-11-27 00:00:00,SP1,Spain,La Liga Primera Division,,Levante,Betis,0,1,A,0,1,A,2.07,3.47,4.02,2.05,3.4,3.75,2.05,3.25,3.75,2.15,3.2,3.4
2015/2016,2015-11-22 00:00:00,SP2,Spain,La Liga Segunda Division,,Valladolid,Osasuna,0,1,A,0,0,D,2.29,3.27,3.55,2.1,3.1,3.75,2.2,3.1,3.4,2.05,3.1,3.4
2015/2016,2015-11-22 00:00:00,SP1,Spain,La Liga Primera Division,,Sp Gijon,Levante,0,3,A,0,3,A,2.17,3.39,3.78,2.2,3.2,3.5,2.1,3.2,3.6,2.2,3.2,3.3
2015/2016,2015-11-22 00:00:00,SP1,Spain,La Liga Primera Division,,Betis,Ath Madrid,0,1,A,0,1,A,6.29,3.92,1.65,5.5,3.8,1.67,5.75,3.6,1.62,5.25,3.8,1.67
2015/2016,2015-11-21 00:00:00,SP1,Spain,La Liga Primera Division,,Real Madrid,Barcelona,0,4,A,0,2,A,2.47,3.74,2.87,2.5,3.75,2.8,2.4,3.6,2.8,2.5,3.4,2.8
2015/2016,2015-11-21 00:00:00,SP2,Spain,La Liga Segunda Division,,Huesca,Oviedo,0,1,A,0,0,D,2.37,3.33,3.3,2.3,3.1,3.25,2.3,3.2,3.1,2.25,3.0,3.1
2015/2016,2015-11-21 00:00:00,SP2,Spain,La Liga Segunda Division,,Elche,Alaves,0,1,A,0,0,D,2.34,3.13,3.6,2.38,3.1,3.1,2.25,3.0,3.4,2.15,3.1,3.25
2015/2016,2015-11-15 00:00:00,SP2,Spain,La Liga Segunda Division,,Zaragoza,Valladolid,0,2,A,0,1,A,2.15,3.37,3.8,2.1,3.1,3.75,2.1,3.2,3.6,2.0,3.25,3.4
2015/2016,2015-11-14 00:00:00,SP2,Spain,La Liga Segunda Division,,Albacete,Tenerife,1,2,A,1,1,D,2.1,3.32,4.03,2.0,3.2,4.0,2.0,3.2,3.8,1.95,3.1,3.75
2015/2016,2015-11-08 00:00:00,SP2,Spain,La Liga Segunda Division,,Girona,Lugo,0,1,A,0,0,D,1.71,3.65,5.98,1.73,3.5,5.0,1.67,3.4,5.75,1.65,3.3,5.25
2015/2016,2015-11-07 00:00:00,SP1,Spain,La Liga Primera Division,,Malaga,Betis,0,1,A,0,0,D,1.93,3.64,4.43,1.95,3.5,4.0,1.85,3.4,4.2,1.95,3.3,3.9
2015/2016,2015-11-07 00:00:00,SP1,Spain,La Liga Primera Division,,Celta,Valencia,1,5,A,1,2,A,1.86,3.87,4.46,1.85,3.75,4.2,1.85,3.6,4.0,1.85,3.6,4.0
2015/2016,2015-11-01 00:00:00,SP1,Spain,La Liga Primera Division,,Betis,Ath Bilbao,1,3,A,0,2,A,3.32,3.43,2.34,3.25,3.25,2.3,3.1,3.25,2.25,3.2,3.0,2.35
2015/2016,2015-11-01 00:00:00,SP2,Spain,La Liga Segunda Division,,Osasuna,Girona,0,1,A,0,1,A,2.2,3.23,3.83,2.1,3.1,3.8,2.1,3.1,3.6,1.95,3.25,3.6
2015/2016,2015-10-31 00:00:00,SP2,Spain,La Liga Segunda Division,,Llagostera,Ponferradina,0,1,A,0,0,D,2.59,3.14,3.12,2.5,3.1,2.9,2.5,3.0,2.9,2.4,3.1,2.75
2015/2016,2015-10-31 00:00:00,SP1,Spain,La Liga Primera Division,,Getafe,Barcelona,0,2,A,0,1,A,11.4,6.08,1.3,10.0,5.75,1.29,9.5,5.5,1.3,8.75,5.5,1.3
2015/2016,2015-10-31 00:00:00,SP1,Spain,La Liga Primera Division,,Sociedad,Celta,2,3,A,2,1,H,2.79,3.31,2.79,2.7,3.2,2.75,2.5,3.25,2.7,2.7,3.2,2.75
2015/2016,2015-10-25 00:00:00,SP1,Spain,La Liga Primera Division,,Levante,Sociedad,0,4,A,0,2,A,2.78,3.1,2.97,2.63,3.2,2.8,2.62,2.9,2.8,2.7,3.0,2.75
2015/2016,2015-10-24 00:00:00,SP1,Spain,La Liga Primera Division,,Celta,Real Madrid,1,3,A,0,2,A,4.02,4.04,1.91,3.8,3.8,1.91,3.6,3.8,1.85,3.9,3.9,1.95
2015/2016,2015-10-18 00:00:00,SP1,Spain,La Liga Primera Division,,Sociedad,Ath Madrid,0,2,A,0,1,A,4.37,3.27,2.06,4.0,3.2,2.05,4.0,3.1,2.0,3.7,3.25,2.1
2015/2016,2015-10-18 00:00:00,SP1,Spain,La Liga Primera Division,,Villarreal,Celta,1,2,A,0,1,A,2.01,3.67,4.0,2.0,3.5,3.75,2.0,3.4,3.6,2.05,3.4,3.5
2015/2016,2015-10-18 00:00:00,SP2,Spain,La Liga Segunda Division,,Almeria,Elche,2,3,A,1,1,D,2.19,3.29,3.78,2.05,3.3,3.6,2.05,3.2,3.5,2.05,3.1,3.5
2015/2016,2015-10-17 00:00:00,SP1,Spain,La Liga Primera Division,,Betis,Espanol,1,3,A,0,1,A,2.06,3.49,4.05,2.0,3.3,4.0,2.0,3.25,3.8,2.1,3.2,3.6
2015/2016,2015-10-11 00:00:00,SP2,Spain,La Liga Segunda Division,,Alcorcon,Huesca,0,1,A,0,0,D,1.99,3.3,4.55,1.91,3.25,4.33,1.95,3.1,4.2,1.8,3.1,4.5
2015/2016,2015-10-11 00:00:00,SP2,Spain,La Liga Segunda Division,,Lugo,Cordoba,1,2,A,1,1,D,2.45,3.18,3.3,2.38,3.2,3.0,2.38,3.0,3.1,2.35,3.1,2.85
2015/2016,2015-10-11 00:00:00,SP2,Spain,La Liga Segunda Division,,Albacete,Zaragoza,1,3,A,0,3,A,2.24,3.35,3.57,2.15,3.1,3.6,2.1,3.2,3.5,2.2,3.0,3.2
2015/2016,2015-10-11 00:00:00,SP2,Spain,La Liga Segunda Division,,Valladolid,Oviedo,2,3,A,1,2,A,2.12,3.25,4.06,2.0,3.3,3.75,2.05,3.1,3.8,2.0,3.2,3.5
2015/2016,2015-10-10 00:00:00,SP2,Spain,La Liga Segunda Division,,Elche,Mirandes,1,4,A,0,0,D,1.85,3.57,4.85,1.75,3.4,5.0,1.8,3.4,4.5,1.7,3.3,4.75
2015/2016,2015-10-04 00:00:00,SP1,Spain,La Liga Primera Division,,Vallecano,Betis,0,2,A,0,1,A,2.16,3.8,3.42,2.2,3.5,3.2,2.1,3.6,3.25,2.1,3.4,3.3
2015/2016,2015-10-03 00:00:00,SP2,Spain,La Liga Segunda Division,,Gimnastic,Alcorcon,0,2,A,0,0,D,2.56,3.15,3.16,2.4,3.1,3.1,2.4,3.0,3.0,2.25,3.1,3.0
2015/2016,2015-10-03 00:00:00,SP1,Spain,La Liga Primera Division,,Espanol,Sp Gijon,1,2,A,0,1,A,1.97,3.56,4.33,2.0,3.3,4.0,1.95,3.25,4.0,2.0,3.2,3.9
2015/2016,2015-10-03 00:00:00,SP1,Spain,La Liga Primera Division,,Las Palmas,Eibar,0,2,A,0,1,A,2.1,3.36,4.06,2.1,3.3,3.75,2.0,3.2,3.8,2.1,3.0,3.8
2015/2016,2015-09-27 00:00:00,SP1,Spain,La Liga Primera Division,,Sp Gijon,Betis,1,2,A,1,0,H,2.36,3.33,3.38,2.3,3.2,3.3,2.3,3.25,3.3,2.3,3.1,3.2
2015/2016,2015-09-26 00:00:00,SP2,Spain,La Liga Segunda Division,,Mallorca,Huesca,0,1,A,0,0,D,2.22,3.25,3.76,2.1,3.1,3.8,2.15,3.1,3.6,2.05,3.1,3.5
2015/2016,2015-09-24 00:00:00,SP1,Spain,La Liga Primera Division,,Betis,La Coruna,1,2,A,0,0,D,2.24,3.41,3.57,2.25,3.3,3.3,2.1,3.3,3.6,2.25,3.1,3.25
2015/2016,2015-09-23 00:00:00,SP1,Spain,La Liga Primera Division,,Malaga,Villarreal,0,1,A,0,0,D,2.85,3.33,2.72,2.63,3.3,2.75,2.62,3.1,2.7,2.65,3.2,2.65
2015/2016,2015-09-23 00:00:00,SP1,Spain,La Liga Primera Division,,Ath Bilbao,Real Madrid,1,2,A,0,1,A,5.49,4.31,1.65,5.25,4.2,1.62,5.0,4.33,1.62,5.5,4.1,1.6
2015/2016,2015-09-22 00:00:00,SP1,Spain,La Liga Primera Division,,Granada,Sociedad,0,3,A,0,2,A,2.47,3.25,3.25,2.4,3.1,3.2,2.4,3.1,3.2,2.45,3.1,2.95
2015/2016,2015-09-20 00:00:00,SP1,Spain,La Liga Primera Division,,Las Palmas,Vallecano,0,1,A,0,1,A,1.9,3.9,4.19,1.91,3.5,4.0,1.91,3.6,4.0,1.9,3.5,3.9
2015/2016,2015-09-20 00:00:00,SP1,Spain,La Liga Primera Division,,Sevilla,Celta,1,2,A,0,2,A,1.85,3.88,4.47,1.8,3.75,4.33,1.85,3.6,4.33,1.83,3.7,4.5
2015/2016,2015-09-20 00:00:00,SP1,Spain,La Liga Primera Division,,La Coruna,Sp Gijon,2,3,A,2,3,A,2.05,3.39,4.21,2.05,3.1,4.2,2.05,3.25,4.0,2.05,3.3,3.6
2015/2016,2015-09-20 00:00:00,SP2,Spain,La Liga Segunda Division,,Huesca,Elche,1,3,A,0,1,A,2.18,3.28,3.81,2.1,3.1,3.75,2.2,3.1,3.5,2.2,3.0,3.25
2015/2016,2015-09-20 00:00:00,SP2,Spain,La Liga Segunda Division,,Zaragoza,Osasuna,0,1,A,0,1,A,1.93,3.39,4.74,1.95,3.3,4.0,1.85,3.1,4.5,1.9,3.2,3.9
2015/2016,2015-09-20 00:00:00,SP2,Spain,La Liga Segunda Division,,Almeria,Alaves,0,2,A,0,1,A,2.07,3.43,3.99,2.0,3.3,3.8,1.95,3.3,3.8,1.95,3.1,3.8
2015/2016,2015-09-19 00:00:00,SP2,Spain,La Liga Segunda Division,,Llagostera,Tenerife,0,2,A,0,0,D,2.57,3.14,3.15,2.4,3.1,3.1,2.4,3.0,3.0,2.35,2.95,3.0
2015/2016,2015-09-19 00:00:00,SP1,Spain,La Liga Primera Division,,Eibar,Ath Madrid,0,2,A,0,0,D,7.15,3.95,1.6,7.0,3.75,1.57,7.0,3.75,1.57,6.75,3.7,1.6
2015/2016,2015-09-19 00:00:00,SP1,Spain,La Liga Primera Division,,Sociedad,Espanol,2,3,A,1,1,D,2.0,3.46,4.35,2.0,3.4,4.0,2.0,3.4,4.0,2.0,3.1,4.1
2015/2016,2015-09-19 00:00:00,SP2,Spain,La Liga Segunda Division,,Oviedo,Girona,1,2,A,1,1,D,2.17,3.36,3.74,2.1,3.2,3.6,2.1,3.2,3.5,2.0,3.2,3.5
2015/2016,2015-09-14 00:00:00,SP1,Spain,La Liga Primera Division,,Vallecano,La Coruna,1,3,A,1,2,A,2.2,3.61,3.46,2.1,3.5,3.5,2.15,3.4,3.5,2.1,3.4,3.3
2015/2016,2015-09-13 00:00:00,SP2,Spain,La Liga Segunda Division,,Tenerife,Oviedo,0,2,A,0,1,A,2.4,3.21,3.31,2.3,3.25,3.1,2.3,2.9,3.25,2.25,3.1,3.0
2015/2016,2015-09-13 00:00:00,SP1,Spain,La Liga Primera Division,,Granada,Villarreal,1,3,A,0,0,D,3.63,3.36,2.24,3.5,3.1,2.25,3.5,3.2,2.25,3.4,3.2,2.3
2015/2016,2015-09-12 00:00:00,SP2,Spain,La Liga Segunda Division,,Zaragoza,Cordoba,0,1,A,0,1,A,1.99,3.37,4.32,1.95,3.2,4.2,1.95,3.1,4.0,2.0,3.1,3.6
2015/2016,2015-09-12 00:00:00,SP2,Spain,La Liga Segunda Division,,Alaves,Mirandes,2,3,A,0,2,A,1.83,3.51,5.07,1.8,3.4,4.75,1.8,3.25,4.75,1.8,3.1,4.6
2015/2016,2015-09-12 00:00:00,SP1,Spain,La Liga Primera Division,,Sp Gijon,Valencia,0,1,A,0,0,D,3.39,3.42,2.31,3.4,3.2,2.25,3.4,3.2,2.25,3.3,3.2,2.3
2015/2016,2015-09-12 00:00:00,SP1,Spain,La Liga Primera Division,,Espanol,Real Madrid,0,6,A,0,4,A,9.75,5.51,1.36,10.0,5.0,1.33,10.0,5.5,1.3,8.75,5.25,1.34
2015/2016,2015-09-12 00:00:00,SP1,Spain,La Liga Primera Division,,Ath Madrid,Barcelona,1,2,A,0,0,D,3.41,3.4,2.31,3.3,3.2,2.3,3.4,3.4,2.2,3.3,3.3,2.3
2015/2016,2015-09-06 00:00:00,SP2,Spain,La Liga Segunda Division,,Cordoba,Alcorcon,1,3,A,1,1,D,2.16,3.23,3.88,2.1,3.2,3.6,2.1,3.1,3.5,1.95,3.1,3.75
2015/2016,2015-08-30 00:00:00,SP1,Spain,La Liga Primera Division,,Sevilla,Ath Madrid,0,3,A,0,1,A,2.84,3.3,2.75,2.8,3.2,2.63,2.88,3.25,2.5,2.75,3.3,2.7
2015/2016,2015-08-30 00:00:00,SP1,Spain,La Liga Primera Division,,Getafe,Granada,1,2,A,0,2,A,2.1,3.3,4.14,2.05,3.2,4.0,2.1,3.2,4.0,2.05,3.25,3.6
2015/2016,2015-08-30 00:00:00,SP2,Spain,La Liga Segunda Division,,Tenerife,Gimnastic,1,2,A,0,0,D,1.94,3.42,4.47,1.95,3.3,4.0,1.95,3.2,3.75,1.8,3.1,4.5
2015/2016,2015-08-29 00:00:00,SP2,Spain,La Liga Segunda Division,,Girona,Numancia,2,3,A,1,1,D,2.04,3.3,4.23,1.95,3.3,4.0,2.0,3.2,3.6,1.95,3.2,3.7
2015/2016,2015-08-24 00:00:00,SP2,Spain,La Liga Segunda Division,,Ath Bilbao B,Girona,0,1,A,0,0,D,,,,2.25,3.4,3.1,2.4,3.2,2.75,2.25,3.1,3.0
2015/2016,2015-08-24 00:00:00,SP1,Spain,La Liga Primera Division,,Granada,Eibar,1,3,A,0,2,A,1.9,3.34,5.15,1.91,3.3,4.5,1.95,3.3,4.5,1.95,3.1,4.33
2015/2016,2015-08-23 00:00:00,SP1,Spain,La Liga Primera Division,,Ath Bilbao,Barcelona,0,1,A,0,0,D,7.06,4.53,1.52,6.5,4.33,1.5,6.5,4.33,1.53,6.0,4.2,1.5
2015/2016,2015-08-23 00:00:00,SP1,Spain,La Liga Primera Division,,Levante,Celta,1,2,A,0,1,A,3.84,3.4,2.15,3.6,3.3,2.15,3.6,3.3,2.15,3.25,3.2,2.2
2015/2016,2015-08-22 00:00:00,SP2,Spain,La Liga Segunda Division,,Llagostera,Osasuna,0,2,A,0,0,D,2.57,3.09,3.15,2.4,3.2,3.0,2.38,3.2,2.62,2.3,3.2,2.85
2015/2016,2015-08-22 00:00:00,SP2,Spain,La Liga Segunda Division,,Huesca,Alaves,2,3,A,0,1,A,2.42,3.15,3.34,2.3,3.2,3.1,2.1,3.0,3.25,2.2,2.9,3.3
2014/2015,2015-06-07 00:00:00,SP2,Spain,La Liga Segunda Division,,Valladolid,Llagostera,2,4,A,1,2,A,1.86,3.7,4.52,1.85,3.3,4.5,1.73,3.2,4.33,1.75,3.3,4.4
2014/2015,2015-06-07 00:00:00,SP2,Spain,La Liga Segunda Division,,Betis,Sp Gijon,0,3,A,0,1,A,3.91,3.78,1.96,3.75,3.7,1.91,4.0,3.5,1.7,3.8,3.6,1.78
2014/2015,2015-06-07 00:00:00,SP2,Spain,La Liga Segunda Division,,Albacete,Santander,0,1,A,0,1,A,3.38,3.5,2.22,3.5,3.3,2.1,3.4,3.2,1.95,,,
2014/2015,2015-05-31 00:00:00,SP2,Spain,La Liga Segunda Division,,Mallorca,Girona,0,1,A,0,0,D,6.54,4.3,1.55,6.0,4.0,1.53,6.0,3.5,1.5,,,
2014/2015,2015-05-31 00:00:00,SP2,Spain,La Liga Segunda Division,,Alaves,Valladolid,0,2,A,0,0,D,2.99,3.37,2.5,3.0,3.4,2.3,3.1,3.2,2.1,,,
2014/2015,2015-05-31 00:00:00,SP2,Spain,La Liga Segunda Division,,Zaragoza,Las Palmas,0,2,A,0,2,A,2.51,3.21,3.12,2.3,3.4,3.0,2.25,3.2,2.75,,,
2014/2015,2015-05-31 00:00:00,SP2,Spain,La Liga Segunda Division,,Llagostera,Mirandes,0,1,A,0,0,D,2.0,3.44,4.18,1.91,3.4,4.0,1.85,3.25,3.75,1.87,3.3,3.8
2014/2015,2015-05-31 00:00:00,SP2,Spain,La Liga Segunda Division,,Barcelona B,Leganes,2,5,A,1,1,D,2.1,3.8,3.44,2.0,3.6,3.5,1.8,3.4,3.75,1.95,3.4,3.4
2014/2015,2015-05-31 00:00:00,SP2,Spain,La Liga Segunda Division,,Santander,Ponferradina,0,1,A,0,0,D,2.08,3.52,3.75,1.95,3.3,4.0,2.1,3.2,3.0,2.05,3.25,3.3
2014/2015,2015-05-24 00:00:00,SP2,Spain,La Liga Segunda Division,,Valladolid,Zaragoza,1,3,A,1,0,H,,,,1.73,3.5,4.33,1.83,3.25,3.75,1.8,3.25,4.0
2014/2015,2015-05-24 00:00:00,SP2,Spain,La Liga Segunda Division,,Numancia,Santander,0,2,A,0,1,A,,,,2.2,3.4,2.88,2.3,3.0,3.0,,,
2014/2015,2015-05-23 00:00:00,SP1,Spain,La Liga Primera Division,,Vallecano,Sociedad,2,4,A,1,2,A,1.91,4.11,3.94,1.85,3.8,4.0,1.91,3.75,3.75,1.85,3.75,3.8
2014/2015,2015-05-23 00:00:00,SP1,Spain,La Liga Primera Division,,Almeria,Valencia,2,3,A,2,2,D,5.08,4.51,1.66,4.75,4.2,1.67,4.5,4.2,1.7,4.75,3.9,1.65
2014/2015,2015-05-23 00:00:00,SP1,Spain,La Liga Primera Division,,Malaga,Sevilla,2,3,A,0,0,D,3.17,3.98,2.21,3.3,3.75,2.1,3.2,3.6,2.1,3.1,3.6,2.15
2014/2015,2015-05-21 00:00:00,SP2,Spain,La Liga Segunda Division,,Llagostera,Albacete,2,3,A,1,2,A,2.56,3.33,2.96,2.5,3.2,2.88,2.2,3.1,3.1,2.35,3.2,2.75
2014/2015,2015-05-21 00:00:00,SP2,Spain,La Liga Segunda Division,,Santander,Betis,2,4,A,1,2,A,3.48,3.4,2.23,3.4,3.2,2.2,2.88,3.3,2.2,3.2,3.0,2.2
2014/2015,2015-05-20 00:00:00,SP2,Spain,La Liga Segunda Division,,Alaves,Girona,0,3,A,0,1,A,2.38,3.4,3.16,2.3,3.2,3.2,2.4,3.3,2.62,2.3,3.1,2.95
2014/2015,2015-05-20 00:00:00,SP2,Spain,La Liga Segunda Division,,Sabadell,Tenerife,1,3,A,0,3,A,2.8,3.2,2.77,2.7,3.1,2.7,2.25,3.25,2.88,2.6,3.1,2.55
2014/2015,2015-05-20 00:00:00,SP2,Spain,La Liga Segunda Division,,Zaragoza,Mirandes,0,1,A,0,1,A,1.69,3.72,5.84,1.67,3.6,5.5,1.73,3.4,4.5,1.65,3.5,4.75
2014/2015,2015-05-19 00:00:00,SP2,Spain,La Liga Segunda Division,,Barcelona B,Valladolid,1,3,A,0,1,A,3.34,3.74,2.18,3.3,3.5,2.1,3.25,3.4,2.0,3.25,3.6,1.95
2014/2015,2015-05-19 00:00:00,SP2,Spain,La Liga Segunda Division,,Osasuna,Las Palmas,1,2,A,1,2,A,2.54,3.31,3.05,2.38,3.1,3.1,2.25,3.2,2.88,2.45,2.95,2.8
2014/2015,2015-05-17 00:00:00,SP2,Spain,La Liga Segunda Division,,Ponferradina,Llagostera,0,1,A,0,0,D,1.86,3.47,4.88,1.83,3.5,4.33,1.85,3.4,4.33,1.87,3.25,3.9
2014/2015,2015-05-17 00:00:00,SP1,Spain,La Liga Primera Division,,Sociedad,Granada,0,3,A,0,0,D,2.22,3.51,3.5,2.15,3.3,3.5,2.1,3.5,3.4,2.25,3.4,3.0
2014/2015,2015-05-17 00:00:00,SP1,Spain,La Liga Primera Division,,Ath Madrid,Barcelona,0,1,A,0,0,D,4.94,3.91,1.78,4.75,3.6,1.75,4.5,3.75,1.73,4.75,3.9,1.75
2014/2015,2015-05-17 00:00:00,SP1,Spain,La Liga Primera Division,,Cordoba,Vallecano,1,2,A,0,1,A,4.56,4.19,1.78,4.33,3.75,1.75,4.33,3.8,1.75,4.5,3.6,1.75
2014/2015,2015-05-17 00:00:00,SP1,Spain,La Liga Primera Division,,Elche,Ath Bilbao,2,3,A,2,0,H,3.91,3.43,2.12,3.5,3.3,2.1,3.6,3.3,2.1,3.3,3.3,2.15
2014/2015,2015-05-17 00:00:00,SP1,Spain,La Liga Primera Division,,Espanol,Real Madrid,1,4,A,0,0,D,6.36,4.83,1.52,6.5,4.33,1.5,5.75,4.33,1.53,6.75,4.6,1.42
2014/2015,2015-05-16 00:00:00,SP2,Spain,La Liga Segunda Division,,Numancia,Mallorca,1,2,A,1,1,D,2.07,3.43,3.96,2.0,3.3,3.8,2.05,3.25,3.3,1.95,3.25,3.6
2014/2015,2015-05-16 00:00:00,SP2,Spain,La Liga Segunda Division,,Mirandes,Barcelona B,2,3,A,1,1,D,1.81,3.79,4.68,1.75,3.75,4.33,1.85,3.4,3.75,1.78,3.4,4.1
2014/2015,2015-05-16 00:00:00,SP2,Spain,La Liga Segunda Division,,Albacete,Alaves,2,3,A,1,1,D,2.26,3.27,3.55,2.2,3.2,3.4,2.2,3.0,3.25,2.1,3.25,3.2
2014/2015,2015-05-10 00:00:00,SP1,Spain,La Liga Primera Division,,Almeria,Malaga,1,2,A,1,1,D,2.67,3.34,2.89,2.63,3.2,2.8,2.5,3.3,2.8,2.6,3.2,2.7
2014/2015,2015-05-10 00:00:00,SP2,Spain,La Liga Segunda Division,,Mallorca,Betis,1,2,A,1,2,A,3.17,3.34,2.41,3.1,3.25,2.3,2.9,3.25,2.25,3.1,3.1,2.2
2014/2015,2015-05-09 00:00:00,SP2,Spain,La Liga Segunda Division,,Sabadell,Alcorcon,0,1,A,0,1,A,2.54,3.19,3.09,2.3,3.25,3.1,2.1,3.2,3.2,,,
2014/2015,2015-05-09 00:00:00,SP2,Spain,La Liga Segunda Division,,Recreativo,Valladolid,0,3,A,0,3,A,3.55,3.21,2.29,3.2,3.3,2.25,2.75,3.3,2.3,3.0,3.2,2.2
2014/2015,2015-05-09 00:00:00,SP2,Spain,La Liga Segunda Division,,Lugo,Sp Gijon,1,2,A,0,2,A,3.05,3.15,2.6,2.9,3.25,2.45,2.8,3.1,2.4,2.8,3.2,2.35
2014/2015,2015-05-09 00:00:00,SP2,Spain,La Liga Segunda Division,,Barcelona B,Girona,2,4,A,1,1,D,3.38,3.6,2.19,3.2,3.5,2.15,2.75,3.4,2.25,2.85,3.5,2.15
2014/2015,2015-05-08 00:00:00,SP1,Spain,La Liga Primera Division,,Eibar,Espanol,0,2,A,0,1,A,3.01,3.2,2.67,2.8,3.1,2.7,2.8,3.1,2.62,2.85,3.1,2.7
2014/2015,2015-05-03 00:00:00,SP1,Spain,La Liga Primera Division,,Malaga,Elche,1,2,A,0,1,A,1.65,4.02,6.12,1.62,3.8,6.0,1.6,3.8,6.0,1.62,3.6,5.75
2014/2015,2015-05-03 00:00:00,SP1,Spain,La Liga Primera Division,,Getafe,Granada,1,2,A,1,1,D,2.17,3.42,3.8,2.05,3.25,4.0,2.1,3.3,3.6,2.1,3.25,3.5
2014/2015,2015-05-02 00:00:00,SP1,Spain,La Liga Primera Division,,Cordoba,Barcelona,0,8,A,0,2,A,36.0,13.25,1.09,26.0,11.0,1.08,26.0,10.0,1.1,34.0,10.0,1.1
2014/2015,2015-05-02 00:00:00,SP1,Spain,La Liga Primera Division,,Sevilla,Real Madrid,2,3,A,1,2,A,3.55,3.93,2.06,3.5,3.6,2.05,3.5,3.75,2.0,3.5,3.7,2.05
2014/2015,2015-04-30 00:00:00,SP1,Spain,La Liga Primera Division,,Granada,Espanol,1,2,A,0,1,A,2.63,3.2,3.04,2.5,3.1,3.0,2.62,3.1,2.8,2.6,3.0,2.85
2014/2015,2015-04-29 00:00:00,SP1,Spain,La Liga Primera Division,,Villarreal,Ath Madrid,0,1,A,0,0,D,3.48,3.43,2.27,3.4,3.3,2.2,3.3,3.3,2.25,3.5,3.25,2.25
2014/2015,2015-04-29 00:00:00,SP1,Spain,La Liga Primera Division,,Eibar,Sevilla,1,3,A,0,2,A,5.9,4.22,1.63,6.0,4.0,1.57,5.75,4.0,1.57,6.0,3.9,1.55
2014/2015,2015-04-26 00:00:00,SP2,Spain,La Liga Segunda Division,,Recreativo,Girona,0,3,A,0,2,A,3.0,3.19,2.61,2.9,3.0,2.6,2.8,3.3,2.25,2.95,2.95,2.35
2014/2015,2015-04-26 00:00:00,SP1,Spain,La Liga Primera Division,,Celta,Real Madrid,2,4,A,2,3,A,5.64,4.59,1.6,5.5,4.33,1.57,5.0,4.33,1.62,5.5,4.33,1.6
2014/2015,2015-04-25 00:00:00,SP1,Spain,La Liga Primera Division,,Espanol,Barcelona,0,2,A,0,2,A,12.0,6.52,1.28,12.0,6.0,1.25,10.0,5.5,1.29,10.5,6.25,1.28
2014/2015,2015-04-25 00:00:00,SP1,Spain,La Liga Primera Division,,Getafe,Levante,0,1,A,0,1,A,2.28,3.26,3.64,2.2,3.2,3.5,2.15,3.1,3.75,2.2,3.2,3.5
2014/2015,2015-04-25 00:00:00,SP2,Spain,La Liga Segunda Division,,Alaves,Betis,1,2,A,0,1,A,2.68,3.22,2.88,2.63,3.1,2.75,2.8,3.2,2.3,2.6,3.0,2.6
2014/2015,2015-04-24 00:00:00,SP1,Spain,La Liga Primera Division,,Cordoba,Ath Bilbao,0,1,A,0,0,D,4.34,3.54,1.97,4.2,3.5,1.91,4.2,3.3,1.95,4.25,3.4,1.95
2014/2015,2015-04-19 00:00:00,SP1,Spain,La Liga Primera Division,,Eibar,Celta,0,1,A,0,1,A,3.78,3.5,2.12,3.4,3.3,2.2,3.5,3.3,2.15,3.3,3.3,2.15
2014/2015,2015-04-18 00:00:00,SP1,Spain,La Liga Primera Division,,La Coruna,Ath Madrid,1,2,A,0,2,A,5.02,3.56,1.85,4.5,3.5,1.85,5.0,3.5,1.75,4.75,3.5,1.85
2014/2015,2015-04-12 00:00:00,SP2,Spain,La Liga Segunda Division,,Recreativo,Ponferradina,0,1,A,0,0,D,2.61,3.18,3.01,2.45,3.2,2.88,2.5,3.0,2.75,2.4,3.0,2.85
2014/2015,2015-04-12 00:00:00,SP2,Spain,La Liga Segunda Division,,Barcelona B,Betis,1,2,A,1,1,D,3.91,3.76,1.97,3.8,3.6,1.91,3.3,3.6,1.91,3.6,3.4,1.9
2014/2015,2015-04-12 00:00:00,SP1,Spain,La Liga Primera Division,,Cordoba,Elche,0,2,A,0,1,A,2.41,3.14,3.5,2.3,3.1,3.3,2.38,3.1,3.25,2.4,3.0,3.1
2014/2015,2015-04-11 00:00:00,SP2,Spain,La Liga Segunda Division,,Mallorca,Santander,2,3,A,0,1,A,1.83,3.54,4.95,1.8,3.5,4.5,1.85,3.4,3.75,1.78,3.3,4.33
2014/2015,2015-04-09 00:00:00,SP1,Spain,La Liga Primera Division,,Elche,Getafe,0,1,A,0,0,D,2.35,3.22,3.52,2.3,3.1,3.25,2.38,3.1,3.1,2.3,3.2,3.1
2014/2015,2015-04-09 00:00:00,SP1,Spain,La Liga Primera Division,,Villarreal,Espanol,0,3,A,0,1,A,1.56,4.16,7.27,1.55,3.6,7.0,1.62,3.75,5.5,1.57,3.7,6.0
2014/2015,2015-04-08 00:00:00,SP1,Spain,La Liga Primera Division,,Vallecano,Real Madrid,0,2,A,0,0,D,12.24,7.14,1.25,13.0,7.0,1.2,10.0,6.5,1.25,11.5,6.5,1.25
2014/2015,2015-04-07 00:00:00,SP1,Spain,La Liga Primera Division,,Levante,Sevilla,1,2,A,0,2,A,4.66,3.83,1.83,4.5,3.6,1.83,4.6,3.75,1.73,4.2,3.6,1.8
2014/2015,2015-04-05 00:00:00,SP2,Spain,La Liga Segunda Division,,Alcorcon,Alaves,0,1,A,0,0,D,1.93,3.25,4.89,1.91,3.3,4.2,1.95,3.0,3.75,1.9,3.2,3.9
2014/2015,2015-04-05 00:00:00,SP1,Spain,La Liga Primera Division,,Celta,Barcelona,0,1,A,0,0,D,7.71,5.17,1.43,7.5,5.0,1.4,7.0,4.75,1.44,8.0,5.0,1.4
2014/2015,2015-04-05 00:00:00,SP2,Spain,La Liga Segunda Division,,Santander,Llagostera,0,2,A,0,1,A,2.32,3.09,3.64,2.2,3.0,3.6,2.4,3.1,2.75,2.2,2.95,3.25
2014/2015,2015-04-05 00:00:00,SP2,Spain,La Liga Segunda Division,,Numancia,Recreativo,1,2,A,1,1,D,1.82,3.46,5.24,1.8,3.5,4.5,1.75,3.25,4.5,1.75,3.4,4.33
2014/2015,2015-04-04 00:00:00,SP1,Spain,La Liga Primera Division,,Cordoba,Ath Madrid,0,2,A,0,2,A,8.52,4.66,1.45,9.5,4.5,1.4,9.0,4.33,1.4,7.75,4.6,1.44
2014/2015,2015-04-04 00:00:00,SP1,Spain,La Liga Primera Division,,Almeria,Levante,1,4,A,0,2,A,2.23,3.26,3.78,2.1,3.25,3.75,2.15,3.2,3.6,2.15,3.1,3.6
2014/2015,2015-04-03 00:00:00,SP1,Spain,La Liga Primera Division,,Eibar,Vallecano,1,2,A,1,2,A,2.63,3.27,2.99,2.5,3.3,2.9,2.5,3.25,2.9,2.6,3.2,2.95
2014/2015,2015-03-29 00:00:00,SP2,Spain,La Liga Segunda Division,,Mirandes,Girona,0,1,A,0,1,A,2.97,3.13,2.68,3.0,3.0,2.5,2.8,3.25,2.38,2.75,3.1,2.4
2014/2015,2015-03-28 00:00:00,SP2,Spain,La Liga Segunda Division,,Recreativo,Betis,0,1,A,0,0,D,4.29,3.29,2.03,4.0,3.2,2.0,3.75,3.1,2.0,3.9,3.1,1.91
2014/2015,2015-03-28 00:00:00,SP2,Spain,La Liga Segunda Division,,Valladolid,Albacete,0,1,A,0,1,A,1.69,3.73,5.8,1.57,3.75,6.0,1.57,3.6,5.5,1.6,3.6,5.0
2014/2015,2015-03-22 00:00:00,SP1,Spain,La Liga Primera Division,,Villarreal,Sevilla,0,2,A,0,0,D,2.09,3.61,3.76,2.05,3.4,3.75,2.15,3.4,3.3,2.1,3.5,3.25
2014/2015,2015-03-22 00:00:00,SP2,Spain,La Liga Segunda Division,,Santander,Zaragoza,0,2,A,0,0,D,2.99,3.21,2.61,2.8,3.25,2.5,2.7,3.0,2.5,2.7,3.1,2.45
2014/2015,2015-03-21 00:00:00,SP1,Spain,La Liga Primera Division,,Levante,Celta,0,1,A,0,0,D,3.51,3.35,2.29,3.3,3.3,2.25,3.25,3.25,2.2,3.3,3.1,2.25
2014/2015,2015-03-21 00:00:00,SP2,Spain,La Liga Segunda Division,,Mallorca,Llagostera,0,1,A,0,0,D,1.85,3.46,4.97,1.8,3.6,4.33,1.8,3.25,4.33,1.8,3.4,4.0
2014/2015,2015-03-21 00:00:00,SP2,Spain,La Liga Segunda Division,,Betis,Leganes,1,3,A,0,2,A,1.52,4.14,7.83,1.55,4.0,6.0,1.55,3.6,5.5,1.53,3.7,5.75
2014/2015,2015-03-20 00:00:00,SP1,Spain,La Liga Primera Division,,Elche,Valencia,0,4,A,0,1,A,4.26,3.5,2.0,3.8,3.4,2.0,3.8,3.4,2.0,3.9,3.3,1.95
2014/2015,2015-03-16 00:00:00,SP1,Spain,La Liga Primera Division,,Getafe,Sociedad,0,1,A,0,0,D,2.4,3.2,3.42,2.3,3.2,3.3,2.3,3.2,3.1,2.35,3.1,3.1
2014/2015,2015-03-15 00:00:00,SP2,Spain,La Liga Segunda Division,,Las Palmas,Betis,0,3,A,0,0,D,2.21,3.33,3.6,2.15,3.25,3.4,2.25,3.25,3.0,2.15,3.2,3.1
2014/2015,2015-03-14 00:00:00,SP2,Spain,La Liga Segunda Division,,Leganes,Sp Gijon,0,1,A,0,1,A,2.74,2.91,3.11,2.45,3.1,3.0,2.4,3.2,2.75,2.5,2.85,2.9
2014/2015,2015-03-14 00:00:00,SP1,Spain,La Liga Primera Division,,Celta,Ath Bilbao,1,2,A,0,2,A,2.14,3.42,3.86,2.1,3.4,3.6,2.1,3.3,3.5,2.1,3.2,3.5
2014/2015,2015-03-14 00:00:00,SP1,Spain,La Liga Primera Division,,Eibar,Barcelona,0,2,A,0,1,A,22.4,8.9,1.16,19.0,8.5,1.14,19.0,8.0,1.12,16.5,7.5,1.14
2014/2015,2015-03-09 00:00:00,SP1,Spain,La Liga Primera Division,,Cordoba,Getafe,1,2,A,0,0,D,2.52,3.14,3.28,2.4,3.1,3.2,2.45,3.1,3.0,2.5,3.0,3.0
2014/2015,2015-03-07 00:00:00,SP1,Spain,La Liga Primera Division,,La Coruna,Sevilla,3,4,A,1,1,D,3.73,3.56,2.12,3.8,3.4,2.05,3.6,3.4,2.05,3.4,3.25,2.15
2014/2015,2015-03-01 00:00:00,SP1,Spain,La Liga Primera Division,,Eibar,Ath Bilbao,0,1,A,0,1,A,3.35,3.19,2.44,3.25,3.1,2.38,3.0,3.1,2.45,3.0,3.1,2.4
2014/2015,2015-03-01 00:00:00,SP2,Spain,La Liga Segunda Division,,Leganes,Alcorcon,1,2,A,0,1,A,2.26,3.08,3.81,2.2,3.1,3.5,2.1,3.2,3.5,2.1,3.0,3.4
2014/2015,2015-02-28 00:00:00,SP1,Spain,La Liga Primera Division,,Granada,Barcelona,1,3,A,0,1,A,20.85,8.35,1.17,17.0,7.5,1.17,13.0,7.0,1.18,16.5,6.75,1.17
2014/2015,2015-02-28 00:00:00,SP2,Spain,La Liga Segunda Division,,Osasuna,Lugo,0,2,A,0,2,A,1.91,3.38,4.75,1.91,3.4,4.0,1.9,3.25,4.0,1.9,3.25,3.8
2014/2015,2015-02-28 00:00:00,SP2,Spain,La Liga Segunda Division,,Barcelona B,Mallorca,2,4,A,1,2,A,2.38,3.48,3.11,2.3,3.4,3.0,2.3,3.4,2.87,2.35,3.2,2.75
2014/2015,2015-02-22 00:00:00,SP1,Spain,La Liga Primera Division,,Elche,Real Madrid,0,2,A,0,0,D,16.0,7.5,1.21,17.0,7.0,1.18,13.0,6.5,1.2,12.0,6.5,1.2
2014/2015,2015-02-21 00:00:00,SP2,Spain,La Liga Segunda Division,,Santander,Leganes,1,2,A,1,1,D,3.1,2.98,2.69,2.7,3.1,2.7,2.62,3.0,2.62,2.6,2.9,2.7
2014/2015,2015-02-21 00:00:00,SP1,Spain,La Liga Primera Division,,La Coruna,Celta,0,2,A,0,0,D,3.55,3.33,2.28,3.3,3.2,2.3,3.2,3.2,2.3,3.1,3.2,2.3
2014/2015,2015-02-21 00:00:00,SP1,Spain,La Liga Primera Division,,Cordoba,Valencia,1,2,A,0,1,A,4.33,3.56,1.97,4.33,3.25,1.95,4.33,3.4,1.85,3.8,3.4,1.95
2014/2015,2015-02-21 00:00:00,SP1,Spain,La Liga Primera Division,,Barcelona,Malaga,0,1,A,0,1,A,1.12,11.6,24.5,1.11,10.0,21.0,1.11,9.5,21.0,1.11,8.25,21.0
2014/2015,2015-02-16 00:00:00,SP1,Spain,La Liga Primera Division,,Eibar,Elche,0,1,A,0,0,D,2.18,3.22,3.97,2.15,3.1,3.8,2.1,3.1,3.8,2.2,3.1,3.4
2014/2015,2015-02-15 00:00:00,SP2,Spain,La Liga Segunda Division,,Ponferradina,Numancia,1,2,A,1,0,H,2.16,3.18,3.96,2.15,3.2,3.5,2.05,3.2,3.5,2.05,3.2,3.3
2014/2015,2015-02-14 00:00:00,SP2,Spain,La Liga Segunda Division,,Osasuna,Llagostera,0,1,A,0,0,D,1.82,3.44,5.29,1.73,3.5,5.0,1.66,3.5,5.0,1.65,3.5,4.75
2014/2015,2015-02-14 00:00:00,SP1,Spain,La Liga Primera Division,,Malaga,Espanol,0,2,A,0,1,A,2.14,3.41,3.86,2.1,3.3,3.75,2.05,3.3,3.75,2.1,3.3,3.4
2014/2015,2015-02-10 00:00:00,SP2,Spain,La Liga Segunda Division,,Osasuna,Zaragoza,0,1,A,0,1,A,2.27,3.15,3.68,2.2,3.2,3.4,2.25,3.1,3.0,2.35,2.95,3.0
2014/2015,2015-02-08 00:00:00,SP1,Spain,La Liga Primera Division,,Espanol,Valencia,1,2,A,0,0,D,2.93,3.29,2.66,2.8,3.2,2.63,2.87,3.25,2.5,2.65,3.25,2.6
2014/2015,2015-02-08 00:00:00,SP2,Spain,La Liga Segunda Division,,Tenerife,Girona,0,1,A,0,1,A,2.92,3.13,2.72,2.88,3.2,2.5,2.7,3.2,2.4,2.85,3.2,2.3
2014/2015,2015-02-08 00:00:00,SP2,Spain,La Liga Segunda Division,,Mallorca,Leganes,0,2,A,0,2,A,2.35,3.15,3.48,2.2,3.2,3.4,2.1,3.1,3.3,2.2,3.1,3.1
2014/2015,2015-02-08 00:00:00,SP1,Spain,La Liga Primera Division,,Ath Bilbao,Barcelona,2,5,A,0,2,A,9.27,5.54,1.37,9.0,5.25,1.33,8.5,5.0,1.36,7.75,5.0,1.35
2014/2015,2015-02-08 00:00:00,SP1,Spain,La Liga Primera Division,,Cordoba,Almeria,1,2,A,1,0,H,2.25,3.22,3.77,2.25,3.1,3.5,2.3,3.1,3.3,2.3,3.2,3.1
2014/2015,2015-02-07 00:00:00,SP2,Spain,La Liga Segunda Division,,Santander,Valladolid,1,4,A,0,1,A,3.64,3.17,2.27,3.5,3.2,2.15,3.0,3.1,2.25,3.1,3.1,2.2
2014/2015,2015-02-01 00:00:00,SP1,Spain,La Liga Primera Division,,Levante,Ath Bilbao,0,2,A,0,0,D,3.52,3.15,2.39,3.3,3.1,2.38,3.4,3.1,2.25,3.4,3.1,2.35
2014/2015,2015-01-31 00:00:00,SP1,Spain,La Liga Primera Division,,Eibar,Ath Madrid,1,3,A,0,3,A,6.58,3.94,1.63,6.5,3.8,1.57,6.0,3.6,1.61,6.5,3.75,1.62
2014/2015,2015-01-31 00:00:00,SP2,Spain,La Liga Segunda Division,,Ponferradina,Sp Gijon,0,2,A,0,1,A,2.77,3.09,2.89,2.63,3.1,2.8,2.37,3.0,2.75,2.6,2.95,2.65
2014/2015,2015-01-31 00:00:00,SP2,Spain,La Liga Segunda Division,,Mirandes,Santander,0,2,A,0,0,D,2.09,3.16,4.28,2.05,3.1,4.0,1.9,3.2,3.5,2.0,3.2,3.5
2014/2015,2015-01-31 00:00:00,SP2,Spain,La Liga Segunda Division,,Sabadell,Barcelona B,1,4,A,1,3,A,2.04,3.53,3.91,2.0,3.4,3.75,2.1,3.3,2.9,2.05,3.2,3.3
2014/2015,2015-01-30 00:00:00,SP1,Spain,La Liga Primera Division,,Vallecano,La Coruna,1,2,A,1,1,D,1.79,3.79,5.05,1.75,3.5,5.25,1.8,3.5,4.5,1.8,3.4,4.5
2014/2015,2015-01-25 00:00:00,SP2,Spain,La Liga Segunda Division,,Barcelona B,Osasuna,0,1,A,0,1,A,2.23,3.48,3.4,2.1,3.4,3.4,2.1,3.2,3.25,2.0,3.4,3.25
2014/2015,2015-01-25 00:00:00,SP2,Spain,La Liga Segunda Division,,Mallorca,Valladolid,1,5,A,1,3,A,2.58,3.25,2.98,2.5,3.25,2.8,2.5,3.1,2.62,2.35,3.1,2.85
2014/2015,2015-01-25 00:00:00,SP2,Spain,La Liga Segunda Division,,Santander,Girona,0,1,A,0,1,A,3.61,3.14,2.3,3.3,3.1,2.3,3.1,3.0,2.25,3.1,3.0,2.25
2014/2015,2015-01-25 00:00:00,SP2,Spain,La Liga Segunda Division,,Alcorcon,Albacete,2,3,A,1,2,A,1.71,3.68,5.77,1.67,3.6,5.25,1.6,3.4,5.5,1.62,3.4,5.25
2014/2015,2015-01-24 00:00:00,SP2,Spain,La Liga Segunda Division,,Tenerife,Ponferradina,0,1,A,0,1,A,2.09,3.3,4.02,2.0,3.2,4.0,2.1,3.2,3.25,2.0,3.0,3.7
2014/2015,2015-01-24 00:00:00,SP1,Spain,La Liga Primera Division,,Cordoba,Real Madrid,1,2,A,1,1,D,23.0,9.5,1.15,21.0,8.0,1.14,21.0,8.5,1.14,17.0,7.25,1.14
2014/2015,2015-01-24 00:00:00,SP1,Spain,La Liga Primera Division,,Elche,Barcelona,0,6,A,0,1,A,20.0,8.1,1.18,19.0,7.0,1.17,15.0,7.5,1.18,15.5,6.5,1.18
2014/2015,2015-01-18 00:00:00,SP1,Spain,La Liga Primera Division,,La Coruna,Barcelona,0,4,A,0,2,A,17.0,7.8,1.2,15.0,7.5,1.18,15.0,7.0,1.18,13.0,6.25,1.2
2014/2015,2015-01-18 00:00:00,SP2,Spain,La Liga Segunda Division,,Sp Gijon,Betis,1,2,A,1,0,H,2.43,3.13,3.34,2.3,3.25,3.1,2.2,3.1,3.1,2.25,3.0,3.1
2014/2015,2015-01-18 00:00:00,SP1,Spain,La Liga Primera Division,,Getafe,Real Madrid,0,3,A,0,0,D,14.17,6.79,1.25,13.0,6.5,1.22,10.0,6.0,1.25,10.0,6.0,1.25
2014/2015,2015-01-17 00:00:00,SP1,Spain,La Liga Primera Division,,Sociedad,Vallecano,0,1,A,0,0,D,1.87,3.75,4.57,1.91,3.5,4.2,1.85,3.6,4.33,1.91,3.5,3.8
2014/2015,2015-01-17 00:00:00,SP2,Spain,La Liga Segunda Division,,Lugo,Girona,1,2,A,1,2,A,2.74,3.17,2.86,2.6,3.2,2.75,2.5,3.2,2.6,2.55,3.0,2.65
2014/2015,2015-01-12 00:00:00,SP1,Spain,La Liga Primera Division,,Vallecano,Cordoba,0,1,A,0,1,A,1.69,3.89,5.79,1.67,3.75,5.5,1.7,3.5,5.5,1.73,3.45,5.0
2014/2015,2015-01-11 00:00:00,SP1,Spain,La Liga Primera Division,,Almeria,Sevilla,0,2,A,0,0,D,4.53,3.66,1.9,4.75,3.4,1.85,4.33,3.4,1.9,3.9,3.3,1.95
2014/2015,2015-01-11 00:00:00,SP1,Spain,La Liga Primera Division,,Ath Bilbao,Elche,1,2,A,0,1,A,1.52,4.19,8.0,1.53,3.8,7.5,1.53,3.8,7.0,1.53,3.9,6.25
2014/2015,2015-01-04 00:00:00,SP2,Spain,La Liga Segunda Division,,Zaragoza,Valladolid,0,2,A,0,2,A,2.81,3.23,2.74,2.7,3.1,2.7,2.38,3.2,2.7,2.45,3.1,2.7
2014/2015,2015-01-04 00:00:00,SP1,Spain,La Liga Primera Division,,Getafe,Vallecano,1,2,A,1,1,D,2.31,3.42,3.39,2.25,3.4,3.2,2.25,3.3,3.2,2.2,3.2,3.3
2014/2015,2015-01-04 00:00:00,SP1,Spain,La Liga Primera Division,,Espanol,Eibar,1,2,A,0,2,A,1.88,3.47,4.97,1.85,3.4,4.75,1.85,3.4,4.5,1.85,3.3,4.4
2014/2015,2015-01-03 00:00:00,SP2,Spain,La Liga Segunda Division,,Llagostera,Girona,1,2,A,1,2,A,3.99,3.27,2.11,3.6,3.5,2.0,3.25,3.25,2.05,3.25,3.3,2.05
2014/2015,2015-01-03 00:00:00,SP2,Spain,La Liga Segunda Division,,Barcelona B,Las Palmas,0,2,A,0,1,A,3.27,3.6,2.24,3.4,3.3,2.15,2.8,3.3,2.25,2.85,3.3,2.25
2014/2015,2015-01-03 00:00:00,SP2,Spain,La Liga Segunda Division,,Alaves,Mirandes,1,3,A,0,2,A,2.11,3.24,4.04,1.95,3.3,4.0,2.0,3.25,3.4,2.0,3.25,3.4
2014/2015,2015-01-03 00:00:00,SP1,Spain,La Liga Primera Division,,Malaga,Almeria,1,2,A,0,1,A,1.53,4.43,7.13,1.53,4.1,6.5,1.53,4.0,6.5,1.57,3.75,6.0
2014/2015,2014-12-21 00:00:00,SP1,Spain,La Liga Primera Division,,Elche,Malaga,1,2,A,1,0,H,3.06,3.3,2.55,3.1,3.1,2.5,2.87,3.1,2.6,2.9,3.3,2.55
2014/2015,2014-12-21 00:00:00,SP1,Spain,La Liga Primera Division,,Ath Bilbao,Ath Madrid,1,4,A,1,0,H,3.63,3.24,2.3,3.6,3.1,2.25,3.5,3.2,2.25,3.4,3.2,2.3
2014/2015,2014-12-21 00:00:00,SP2,Spain,La Liga Segunda Division,,Albacete,Llagostera,0,2,A,0,1,A,1.96,3.42,4.4,1.91,3.4,4.0,1.9,3.1,4.0,1.87,3.3,3.8
2014/2015,2014-12-21 00:00:00,SP2,Spain,La Liga Segunda Division,,Las Palmas,Osasuna,1,2,A,1,0,H,1.76,3.68,5.23,1.62,3.6,6.0,1.66,3.6,4.5,1.6,3.4,5.5
2014/2015,2014-12-20 00:00:00,SP1,Spain,La Liga Primera Division,,Vallecano,Espanol,1,3,A,1,1,D,2.31,3.51,3.31,2.3,3.4,3.1,2.3,3.4,3.1,2.3,3.4,3.2
2014/2015,2014-12-20 00:00:00,SP1,Spain,La Liga Primera Division,,Eibar,Valencia,0,1,A,0,1,A,3.84,3.46,2.12,3.8,3.3,2.05,3.75,3.4,2.05,3.4,3.3,2.1
2014/2015,2014-12-19 00:00:00,SP1,Spain,La Liga Primera Division,,Celta,Almeria,0,1,A,0,1,A,1.47,4.96,7.2,1.44,4.5,6.5,1.5,4.33,6.5,1.5,4.2,6.0
2014/2015,2014-12-14 00:00:00,SP1,Spain,La Liga Primera Division,,Ath Madrid,Villarreal,0,1,A,0,0,D,1.63,4.0,6.31,1.62,4.0,5.5,1.61,3.75,6.0,1.65,3.6,5.25
2014/2015,2014-12-14 00:00:00,SP2,Spain,La Liga Segunda Division,,Sabadell,Leganes,1,2,A,0,2,A,2.2,3.25,3.73,2.15,3.2,3.5,2.0,3.25,3.4,2.1,3.2,3.25
2014/2015,2014-12-13 00:00:00,SP2,Spain,La Liga Segunda Division,,Recreativo,Las Palmas,2,4,A,0,3,A,3.27,3.32,2.36,3.3,3.1,2.3,2.8,3.25,2.3,3.0,2.95,2.35
2014/2015,2014-12-13 00:00:00,SP2,Spain,La Liga Segunda Division,,Lugo,Betis,0,1,A,0,0,D,2.9,3.22,2.67,2.7,3.2,2.6,2.62,3.2,2.5,2.7,3.0,2.55
2014/2015,2014-12-13 00:00:00,SP2,Spain,La Liga Segunda Division,,Barcelona B,Mirandes,1,3,A,0,1,A,1.85,3.64,4.69,1.75,3.5,4.75,1.85,3.4,3.75,1.72,3.4,4.4
2014/2015,2014-12-12 00:00:00,SP1,Spain,La Liga Primera Division,,Almeria,Real Madrid,1,4,A,1,2,A,21.2,8.95,1.16,17.0,7.5,1.17,19.0,8.0,1.14,13.5,7.5,1.17
2014/2015,2014-12-07 00:00:00,SP2,Spain,La Liga Segunda Division,,Girona,Barcelona B,0,1,A,0,0,D,1.79,3.79,4.8,1.75,3.6,4.75,1.75,3.25,4.33,1.75,3.4,4.33
2014/2015,2014-12-07 00:00:00,SP1,Spain,La Liga Primera Division,,Vallecano,Sevilla,0,1,A,0,1,A,3.37,3.62,2.24,3.3,3.4,2.2,3.2,3.4,2.2,3.1,3.2,2.3
2014/2015,2014-12-06 00:00:00,SP1,Spain,La Liga Primera Division,,La Coruna,Malaga,0,1,A,0,1,A,3.6,3.3,2.28,3.6,3.25,2.1,3.4,3.2,2.25,3.1,3.25,2.3
2014/2015,2014-12-06 00:00:00,SP1,Spain,La Liga Primera Division,,Elche,Ath Madrid,0,2,A,0,1,A,7.42,4.04,1.57,7.0,3.75,1.57,6.5,3.8,1.57,6.5,4.0,1.57
2014/2015,2014-12-06 00:00:00,SP1,Spain,La Liga Primera Division,,Ath Bilbao,Cordoba,0,1,A,0,1,A,1.4,4.8,10.26,1.4,4.5,9.0,1.4,4.5,8.5,1.4,4.2,8.25
2014/2015,2014-12-01 00:00:00,SP1,Spain,La Liga Primera Division,,Almeria,Vallecano,0,1,A,0,0,D,2.46,3.42,3.11,2.38,3.4,3.0,2.3,3.4,3.0,2.4,3.3,2.85
2014/2015,2014-11-30 00:00:00,SP2,Spain,La Liga Segunda Division,,Santander,Alcorcon,0,1,A,0,1,A,2.46,3.22,3.2,2.3,3.1,3.25,2.2,3.0,3.2,2.2,2.95,3.25
2014/2015,2014-11-30 00:00:00,SP2,Spain,La Liga Segunda Division,,Recreativo,Mirandes,0,1,A,0,0,D,1.84,3.53,4.95,1.83,3.4,4.5,1.85,3.25,4.0,1.78,3.3,4.25
2014/2015,2014-11-30 00:00:00,SP2,Spain,La Liga Segunda Division,,Mallorca,Sp Gijon,0,1,A,0,0,D,2.59,3.26,2.96,2.5,3.3,2.8,2.3,3.2,2.8,2.35,3.2,2.8
2014/2015,2014-11-30 00:00:00,SP2,Spain,La Liga Segunda Division,,Barcelona B,Albacete,1,2,A,1,0,H,2.04,3.64,3.76,1.95,3.6,3.6,1.8,3.4,3.75,1.95,3.4,3.4
2014/2015,2014-11-30 00:00:00,SP1,Spain,La Liga Primera Division,,Cordoba,Villarreal,0,2,A,0,1,A,4.69,3.62,1.88,4.33,3.6,1.85,4.2,3.3,1.9,4.0,3.4,1.91
2014/2015,2014-11-30 00:00:00,SP1,Spain,La Liga Primera Division,,Valencia,Barcelona,0,1,A,0,0,D,6.07,4.7,1.56,6.0,4.33,1.53,5.5,4.2,1.57,5.5,4.0,1.57
2014/2015,2014-11-29 00:00:00,SP1,Spain,La Liga Primera Division,,Malaga,Real Madrid,1,2,A,0,1,A,10.24,5.92,1.33,10.0,6.0,1.29,9.5,5.5,1.3,8.25,5.0,1.33
2014/2015,2014-11-29 00:00:00,SP1,Spain,La Liga Primera Division,,Getafe,Ath Bilbao,1,2,A,0,1,A,2.93,3.18,2.74,2.88,3.1,2.63,2.9,3.1,2.5,2.8,3.1,2.7
2014/2015,2014-11-29 00:00:00,SP1,Spain,La Liga Primera Division,,Celta,Eibar,0,1,A,0,1,A,1.67,4.08,5.72,1.62,4.0,5.5,1.65,3.8,5.25,1.67,3.7,5.0
2014/2015,2014-11-29 00:00:00,SP2,Spain,La Liga Segunda Division,,Llagostera,Betis,0,2,A,0,0,D,3.96,3.31,2.1,3.8,3.3,2.0,3.1,3.25,2.15,3.3,3.2,2.05
2014/2015,2014-11-29 00:00:00,SP2,Spain,La Liga Segunda Division,,Alaves,Numancia,0,2,A,0,0,D,2.28,3.23,3.56,2.2,3.2,3.4,2.15,3.0,3.3,2.2,3.1,3.1
2014/2015,2014-11-23 00:00:00,SP2,Spain,La Liga Segunda Division,,Betis,Alaves,1,2,A,0,2,A,1.69,3.78,5.76,1.67,3.5,5.5,1.67,3.3,5.0,1.6,3.5,5.25
2014/2015,2014-11-23 00:00:00,SP2,Spain,La Liga Segunda Division,,Valladolid,Las Palmas,1,2,A,1,0,H,2.24,3.31,3.55,2.1,3.25,3.6,2.1,3.2,3.2,2.1,3.1,3.3
2014/2015,2014-11-22 00:00:00,SP1,Spain,La Liga Primera Division,,Eibar,Real Madrid,0,4,A,0,2,A,17.05,7.55,1.21,15.0,6.5,1.18,15.0,7.0,1.17,11.5,6.25,1.22
2014/2015,2014-11-15 00:00:00,SP2,Spain,La Liga Segunda Division,,Leganes,Girona,1,2,A,1,1,D,2.41,3.17,3.34,2.38,3.1,3.1,2.25,3.2,2.87,2.4,2.95,2.9
2014/2015,2014-11-15 00:00:00,SP2,Spain,La Liga Segunda Division,,Osasuna,Ponferradina,0,1,A,0,1,A,2.3,3.31,3.41,2.2,3.1,3.5,2.25,3.0,3.1,2.05,3.2,3.3
2014/2015,2014-11-09 00:00:00,SP2,Spain,La Liga Segunda Division,,Santander,Mallorca,0,1,A,0,1,A,2.43,3.29,3.19,2.38,3.25,3.0,2.25,3.1,3.0,2.3,3.2,2.85
2014/2015,2014-11-08 00:00:00,SP1,Spain,La Liga Primera Division,,Almeria,Barcelona,1,2,A,1,0,H,21.08,8.5,1.17,17.0,7.5,1.14,13.0,7.0,1.18,12.5,6.5,1.2
2014/2015,2014-11-08 00:00:00,SP2,Spain,La Liga Segunda Division,,Girona,Las Palmas,1,2,A,1,2,A,2.51,3.3,3.04,2.4,3.3,2.88,2.2,3.2,3.0,2.35,3.2,2.8
2014/2015,2014-11-03 00:00:00,SP2,Spain,La Liga Segunda Division,,Zaragoza,Tenerife,2,3,A,1,1,D,2.26,3.15,3.71,2.1,3.2,3.6,1.9,3.3,3.6,2.05,3.2,3.3
2014/2015,2014-11-03 00:00:00,SP1,Spain,La Liga Primera Division,,Vallecano,Eibar,2,3,A,0,1,A,2.05,3.46,4.12,2.05,3.2,3.8,2.0,3.3,4.0,2.05,3.2,3.75
2014/2015,2014-11-02 00:00:00,SP1,Spain,La Liga Primera Division,,Villarreal,Valencia,1,3,A,0,1,A,2.09,3.64,3.74,2.1,3.4,3.4,2.15,3.5,3.4,2.1,3.3,3.4
2014/2015,2014-11-02 00:00:00,SP2,Spain,La Liga Segunda Division,,Recreativo,Numancia,0,3,A,0,2,A,2.13,3.18,4.06,2.05,3.2,3.8,1.91,3.25,3.75,2.05,3.2,3.3
2014/2015,2014-11-01 00:00:00,SP2,Spain,La Liga Segunda Division,,Llagostera,Santander,0,2,A,0,1,A,2.93,3.13,2.71,2.8,3.1,2.6,2.5,3.1,2.62,2.65,3.0,2.6
2014/2015,2014-11-01 00:00:00,SP1,Spain,La Liga Primera Division,,Sociedad,Malaga,0,1,A,0,0,D,2.22,3.45,3.58,2.2,3.4,3.2,2.15,3.4,3.4,2.1,3.3,3.4
2014/2015,2014-11-01 00:00:00,SP1,Spain,La Liga Primera Division,,Granada,Real Madrid,0,4,A,0,2,A,14.45,6.84,1.24,12.0,7.0,1.2,11.0,6.0,1.25,10.5,5.75,1.25
2014/2015,2014-11-01 00:00:00,SP1,Spain,La Liga Primera Division,,Barcelona,Celta,0,1,A,0,0,D,1.14,10.39,22.5,1.13,8.5,17.0,1.15,8.5,17.0,1.11,8.25,19.0
2014/2015,2014-10-31 00:00:00,SP1,Spain,La Liga Primera Division,,La Coruna,Getafe,1,2,A,0,1,A,2.33,3.2,3.59,2.2,3.1,3.5,2.25,3.2,3.5,2.3,3.1,3.2
2014/2015,2014-10-26 00:00:00,SP2,Spain,La Liga Segunda Division,,Alcorcon,Zaragoza,1,3,A,1,1,D,2.0,3.32,4.39,1.95,3.3,4.0,1.9,3.4,3.6,1.91,3.4,3.5
2014/2015,2014-10-26 00:00:00,SP2,Spain,La Liga Segunda Division,,Albacete,Valladolid,3,4,A,1,3,A,3.2,3.16,2.49,3.0,3.25,2.38,3.1,3.2,2.15,2.8,3.1,2.4
2014/2015,2014-10-26 00:00:00,SP1,Spain,La Liga Primera Division,,Getafe,Ath Madrid,0,1,A,0,1,A,7.59,4.14,1.55,7.0,3.75,1.53,6.5,3.75,1.6,6.0,3.8,1.57
2014/2015,2014-10-25 00:00:00,SP1,Spain,La Liga Primera Division,,Almeria,Ath Bilbao,0,1,A,0,0,D,3.52,3.52,2.21,3.3,3.25,2.2,3.3,3.3,2.2,3.2,3.2,2.25
2014/2015,2014-10-20 00:00:00,SP1,Spain,La Liga Primera Division,,Sociedad,Getafe,1,2,A,0,0,D,1.57,4.25,6.77,1.53,4.0,6.0,1.61,3.8,5.5,1.57,3.75,6.0
2014/2015,2014-10-19 00:00:00,SP1,Spain,La Liga Primera Division,,Elche,Sevilla,0,2,A,0,0,D,4.29,3.42,2.02,3.6,3.4,2.05,3.6,3.4,2.05,3.7,3.25,2.05
2014/2015,2014-10-19 00:00:00,SP2,Spain,La Liga Segunda Division,,Llagostera,Mallorca,1,4,A,0,1,A,3.08,3.11,2.6,3.1,3.1,2.4,2.5,3.2,2.6,2.55,3.1,2.6
2014/2015,2014-10-18 00:00:00,SP1,Spain,La Liga Primera Division,,Levante,Real Madrid,0,5,A,0,2,A,18.07,7.95,1.19,13.0,7.5,1.17,13.0,7.0,1.2,12.5,6.5,1.2
2014/2015,2014-10-18 00:00:00,SP1,Spain,La Liga Primera Division,,Cordoba,Malaga,1,2,A,0,2,A,3.43,3.13,2.45,3.25,3.0,2.38,3.0,3.1,2.5,2.95,3.2,2.4
2014/2015,2014-10-18 00:00:00,SP2,Spain,La Liga Segunda Division,,Sabadell,Girona,0,2,A,0,2,A,2.75,3.16,2.85,2.6,3.1,2.8,2.62,3.1,2.37,2.55,3.2,2.55
2014/2015,2014-10-17 00:00:00,SP1,Spain,La Liga Primera Division,,Granada,Vallecano,0,1,A,0,0,D,2.35,3.39,3.34,2.2,3.3,3.3,2.25,3.3,3.4,2.25,3.3,3.1
2014/2015,2014-10-12 00:00:00,SP2,Spain,La Liga Segunda Division,,Llagostera,Sabadell,0,1,A,0,0,D,2.63,3.22,2.94,2.6,3.2,2.75,2.25,3.1,3.0,2.25,3.1,3.0
2014/2015,2014-10-11 00:00:00,SP2,Spain,La Liga Segunda Division,,Albacete,Girona,0,1,A,0,1,A,2.51,3.25,3.09,2.38,3.3,2.9,2.5,3.1,2.7,2.5,3.2,2.6
2014/2015,2014-10-11 00:00:00,SP2,Spain,La Liga Segunda Division,,Numancia,Valladolid,0,1,A,0,1,A,2.79,3.19,2.8,2.7,3.2,2.63,2.87,3.2,2.3,2.7,3.0,2.55
2014/2015,2014-10-11 00:00:00,SP2,Spain,La Liga Segunda Division,,Tenerife,Recreativo,0,2,A,0,1,A,2.18,3.28,3.75,2.15,3.2,3.5,2.25,3.2,2.87,2.2,3.2,3.0
2014/2015,2014-10-05 00:00:00,SP1,Spain,La Liga Primera Division,,Celta,Villarreal,1,3,A,1,2,A,2.57,3.4,2.96,2.38,3.2,3.0,2.37,3.25,3.0,2.45,3.2,2.85
2014/2015,2014-10-04 00:00:00,SP2,Spain,La Liga Segunda Division,,Barcelona B,Lugo,0,1,A,0,0,D,1.92,3.68,4.21,1.91,3.4,4.0,1.9,3.3,3.7,1.87,3.25,3.9
2014/2015,2014-10-04 00:00:00,SP2,Spain,La Liga Segunda Division,,Osasuna,Santander,0,2,A,0,1,A,2.0,3.47,4.16,2.0,3.4,3.75,1.9,3.2,3.75,1.85,3.2,4.1
2014/2015,2014-10-04 00:00:00,SP1,Spain,La Liga Primera Division,,Vallecano,Barcelona,0,2,A,0,2,A,10.9,6.3,1.3,9.0,6.5,1.25,10.0,6.0,1.28,8.75,5.5,1.3
2014/2015,2014-09-28 00:00:00,SP1,Spain,La Liga Primera Division,,La Coruna,Almeria,0,1,A,0,0,D,2.07,3.41,4.12,2.05,3.4,3.6,2.1,3.3,3.6,2.1,3.3,3.4
2014/2015,2014-09-27 00:00:00,SP1,Spain,La Liga Primera Division,,Villarreal,Real Madrid,0,2,A,0,2,A,5.44,4.27,1.66,5.25,4.0,1.62,5.5,4.0,1.6,4.75,3.8,1.67
2014/2015,2014-09-27 00:00:00,SP1,Spain,La Liga Primera Division,,Levante,Vallecano,0,2,A,0,2,A,2.98,3.41,2.56,3.0,3.2,2.4,2.8,3.25,2.5,2.7,3.3,2.5
2014/2015,2014-09-27 00:00:00,SP2,Spain,La Liga Segunda Division,,Llagostera,Zaragoza,0,1,A,0,1,A,2.87,3.11,2.78,2.9,3.0,2.6,2.37,3.1,2.62,2.65,2.95,2.6
2014/2015,2014-09-26 00:00:00,SP1,Spain,La Liga Primera Division,,Elche,Celta,0,1,A,0,0,D,3.1,3.3,2.53,2.8,3.4,2.4,3.0,3.2,2.45,2.95,3.1,2.45
2014/2015,2014-09-24 00:00:00,SP1,Spain,La Liga Primera Division,,Granada,Levante,0,1,A,0,0,D,1.57,4.15,7.02,1.5,3.9,7.0,1.57,3.8,6.0,1.57,3.9,5.75
2014/2015,2014-09-24 00:00:00,SP1,Spain,La Liga Primera Division,,Almeria,Ath Madrid,0,1,A,0,0,D,6.4,4.02,1.62,6.0,3.8,1.57,6.0,4.0,1.57,5.75,3.6,1.62
2014/2015,2014-09-22 00:00:00,SP1,Spain,La Liga Primera Division,,Getafe,Valencia,0,3,A,0,2,A,4.03,3.51,2.05,3.6,3.3,2.05,3.75,3.4,2.0,3.75,3.4,2.1
2014/2015,2014-09-21 00:00:00,SP1,Spain,La Liga Primera Division,,Sociedad,Almeria,1,2,A,0,1,A,1.46,4.85,7.7,1.44,4.5,6.5,1.5,4.33,6.0,1.5,4.25,7.25
2014/2015,2014-09-21 00:00:00,SP1,Spain,La Liga Primera Division,,Levante,Barcelona,0,5,A,0,2,A,18.43,7.84,1.19,15.0,7.5,1.18,13.0,6.5,1.2,14.0,6.75,1.22
2014/2015,2014-09-21 00:00:00,SP1,Spain,La Liga Primera Division,,Cordoba,Sevilla,1,3,A,0,1,A,4.41,3.5,1.97,3.8,3.3,2.0,3.8,3.3,2.0,3.8,3.5,2.05
2014/2015,2014-09-21 00:00:00,SP2,Spain,La Liga Segunda Division,,Girona,Betis,1,3,A,1,2,A,2.94,3.19,2.65,2.88,3.2,2.5,2.5,3.1,2.5,2.5,3.2,2.6
2014/2015,2014-09-21 00:00:00,SP2,Spain,La Liga Segunda Division,,Albacete,Numancia,0,1,A,0,1,A,2.42,3.13,3.37,2.4,3.1,3.1,,,,2.25,3.0,3.1
2014/2015,2014-09-20 00:00:00,SP1,Spain,La Liga Primera Division,,Ath Bilbao,Granada,0,1,A,0,1,A,1.44,4.73,8.69,1.44,4.2,7.5,1.45,4.33,7.0,1.48,4.33,7.5
2014/2015,2014-09-20 00:00:00,SP2,Spain,La Liga Segunda Division,,Barcelona B,Llagostera,0,1,A,0,1,A,1.66,3.95,5.7,1.62,3.8,5.5,1.66,3.4,4.5,1.67,3.5,4.6
2014/2015,2014-09-20 00:00:00,SP1,Spain,La Liga Primera Division,,La Coruna,Real Madrid,2,8,A,0,3,A,11.58,6.39,1.29,9.5,6.0,1.25,9.0,5.5,1.3,9.75,5.5,1.33
2014/2015,2014-09-20 00:00:00,SP2,Spain,La Liga Segunda Division,,Mirandes,Sp Gijon,0,2,A,0,1,A,3.54,3.23,2.29,3.4,3.1,2.25,2.75,3.1,2.3,3.1,2.9,2.3
2014/2015,2014-09-19 00:00:00,SP1,Spain,La Liga Primera Division,,Elche,Eibar,0,2,A,0,2,A,2.23,3.13,3.98,2.15,3.0,3.8,2.15,3.1,3.6,2.35,3.2,3.3
2014/2015,2014-09-15 00:00:00,SP1,Spain,La Liga Primera Division,,Eibar,La Coruna,0,1,A,0,1,A,2.09,3.22,4.34,2.1,3.2,3.6,2.1,3.2,3.6,2.05,3.3,3.6
2014/2015,2014-09-14 00:00:00,SP2,Spain,La Liga Segunda Division,,Alcorcon,Valladolid,0,1,A,0,1,A,2.32,3.17,3.53,2.25,3.2,3.3,2.3,3.2,2.7,2.15,3.2,3.1
2014/2015,2014-09-14 00:00:00,SP2,Spain,La Liga Segunda Division,,Betis,Albacete,0,1,A,0,0,D,1.5,4.22,7.86,1.5,3.8,7.5,1.55,3.6,5.0,1.42,4.0,7.0
2014/2015,2014-09-14 00:00:00,SP1,Spain,La Liga Primera Division,,Vallecano,Elche,2,3,A,1,1,D,1.77,3.78,5.27,1.73,3.5,5.0,1.8,3.5,4.33,1.8,3.4,4.5
2014/2015,2014-09-13 00:00:00,SP1,Spain,La Liga Primera Division,,Real Madrid,Ath Madrid,1,2,A,1,1,D,1.7,4.0,5.42,1.67,3.75,5.0,1.7,3.75,4.8,1.72,3.8,4.5
2014/2015,2014-09-13 00:00:00,SP2,Spain,La Liga Segunda Division,,Alaves,Barcelona B,2,3,A,0,3,A,2.31,3.37,3.34,2.25,3.2,3.3,2.2,3.3,2.75,2.15,3.1,3.2
2014/2015,2014-09-13 00:00:00,SP2,Spain,La Liga Segunda Division,,Mallorca,Recreativo,1,2,A,0,1,A,2.19,3.19,3.86,2.1,3.25,3.6,,,,2.15,3.0,3.3
2014/2015,2014-09-13 00:00:00,SP2,Spain,La Liga Segunda Division,,Numancia,Ponferradina,1,3,A,1,1,D,2.4,3.15,3.37,2.3,3.2,3.2,1.95,3.2,3.5,2.15,3.1,3.25
2014/2015,2014-09-13 00:00:00,SP2,Spain,La Liga Segunda Division,,Santander,Las Palmas,1,2,A,1,0,H,2.94,3.18,2.67,2.75,3.1,2.63,2.5,3.1,2.5,2.45,3.2,2.65
2014/2015,2014-09-07 00:00:00,SP2,Spain,La Liga Segunda Division,,Mirandes,Alcorcon,1,2,A,0,2,A,2.85,3.12,2.78,2.7,3.1,2.7,2.38,3.2,2.7,2.55,2.95,2.7
2014/2015,2014-09-06 00:00:00,SP2,Spain,La Liga Segunda Division,,Osasuna,Alaves,1,3,A,0,1,A,1.9,3.39,4.76,1.85,3.4,4.33,1.7,3.5,4.33,1.7,3.3,4.75
2014/2015,2014-09-06 00:00:00,SP2,Spain,La Liga Segunda Division,,Sabadell,Numancia,0,3,A,0,2,A,2.25,3.26,3.6,2.2,3.1,3.5,2.25,3.2,2.88,2.05,3.2,3.3
2014/2015,2014-08-31 00:00:00,SP1,Spain,La Liga Primera Division,,Villarreal,Barcelona,0,1,A,0,0,D,5.58,4.48,1.62,5.0,4.2,1.57,5.5,4.33,1.53,5.75,3.75,1.6
2014/2015,2014-08-30 00:00:00,SP1,Spain,La Liga Primera Division,,Espanol,Sevilla,1,2,A,0,1,A,2.53,3.35,3.06,2.5,3.2,2.88,2.62,3.25,2.62,2.55,3.25,2.7
2014/2015,2014-08-30 00:00:00,SP2,Spain,La Liga Segunda Division,,Alcorcon,Girona,1,2,A,0,0,D,1.93,3.38,4.67,1.91,3.4,4.0,1.9,3.3,3.75,1.95,3.25,3.6
2014/2015,2014-08-30 00:00:00,SP2,Spain,La Liga Segunda Division,,Santander,Mirandes,1,2,A,0,1,A,1.97,3.3,4.56,2.0,3.3,3.8,2.0,3.1,3.6,2.0,3.3,3.4
2014/2015,2014-08-24 00:00:00,SP1,Spain,La Liga Primera Division,,Levante,Villarreal,0,2,A,0,0,D,3.84,3.42,2.14,3.4,3.4,2.1,3.25,3.25,2.25,3.2,3.25,2.2
2014/2015,2014-08-24 00:00:00,SP2,Spain,La Liga Segunda Division,,Albacete,Alcorcon,2,3,A,1,1,D,2.76,3.1,2.89,2.63,3.0,2.88,2.4,3.1,2.6,2.65,2.9,2.65
2014/2015,2014-08-24 00:00:00,SP2,Spain,La Liga Segunda Division,,Sabadell,Betis,2,3,A,0,2,A,2.77,3.23,2.77,2.75,3.1,2.63,2.37,3.1,2.6,2.65,3.0,2.55
2014/2015,2014-08-23 00:00:00,SP2,Spain,La Liga Segunda Division,,Numancia,Sp Gijon,1,2,A,0,0,D,2.49,3.17,3.2,2.5,3.1,2.9,2.37,3.1,2.6,2.4,3.1,2.8
2013/2014,2014-06-07 00:00:00,SP2,Spain,La Liga Segunda Division,,Hercules,Barcelona B,1,2,A,0,2,A,3.06,3.42,2.43,2.8,3.25,2.5,2.75,3.2,2.37,2.6,3.3,2.4
2013/2014,2014-06-07 00:00:00,SP2,Spain,La Liga Segunda Division,,Jaen,Alaves,2,3,A,0,0,D,2.32,3.47,3.22,2.3,3.1,3.3,2.2,3.2,3.0,2.1,3.15,3.25
2013/2014,2014-05-31 00:00:00,SP2,Spain,La Liga Segunda Division,,Tenerife,Murcia,0,1,A,0,1,A,3.27,3.28,2.38,3.2,3.3,2.25,2.7,3.3,2.25,3.0,3.1,2.25
2013/2014,2014-05-31 00:00:00,SP2,Spain,La Liga Segunda Division,,Ponferradina,Girona,1,2,A,0,1,A,2.48,3.25,3.14,2.5,3.1,2.9,2.2,3.2,2.87,2.25,3.0,3.1
2013/2014,2014-05-31 00:00:00,SP2,Spain,La Liga Segunda Division,,Mirandes,Hercules,0,1,A,0,0,D,1.91,3.63,4.33,1.83,3.6,4.2,1.8,3.3,3.75,1.9,3.25,3.8
2013/2014,2014-05-25 00:00:00,SP2,Spain,La Liga Segunda Division,,Las Palmas,Recreativo,2,3,A,1,0,H,1.77,3.5,5.58,1.73,3.5,5.0,1.65,3.4,5.0,1.75,3.3,4.5
2013/2014,2014-05-25 00:00:00,SP2,Spain,La Liga Segunda Division,,Jaen,Ponferradina,0,1,A,0,1,A,2.22,3.17,3.78,2.2,3.2,3.4,2.1,3.1,3.3,2.15,2.95,3.4
2013/2014,2014-05-18 00:00:00,SP1,Spain,La Liga Primera Division,,Vallecano,Getafe,1,2,A,0,1,A,4.13,3.21,2.14,4.0,3.1,2.05,3.8,3.0,2.1,3.9,2.95,2.1
2013/2014,2014-05-18 00:00:00,SP1,Spain,La Liga Primera Division,,Valladolid,Granada,0,1,A,0,1,A,2.26,3.5,3.43,2.1,3.3,3.5,2.1,3.3,3.5,2.05,3.4,3.5
2013/2014,2014-05-18 00:00:00,SP2,Spain,La Liga Segunda Division,,Ponferradina,Numancia,0,1,A,0,0,D,2.16,3.34,3.8,2.1,3.3,3.5,2.2,3.1,2.9,2.05,3.25,3.25
2013/2014,2014-05-18 00:00:00,SP2,Spain,La Liga Segunda Division,,Lugo,Alaves,0,1,A,0,1,A,2.34,3.24,3.4,2.3,3.2,3.2,2.1,3.1,3.1,2.1,3.1,3.3
2013/2014,2014-05-18 00:00:00,SP1,Spain,La Liga Primera Division,,Sociedad,Villarreal,1,2,A,0,1,A,2.08,3.78,3.63,2.0,3.6,3.5,1.9,3.75,3.6,1.91,3.6,3.7
2013/2014,2014-05-17 00:00:00,SP2,Spain,La Liga Segunda Division,,Hercules,Alcorcon,1,2,A,0,0,D,2.69,3.17,2.92,2.6,3.0,2.9,2.37,3.0,2.7,2.55,3.0,2.7
2013/2014,2014-05-17 00:00:00,SP2,Spain,La Liga Segunda Division,,Tenerife,Cordoba,0,1,A,0,1,A,1.92,3.47,4.67,1.83,3.5,4.33,1.9,3.2,3.5,1.8,3.3,4.1
2013/2014,2014-05-11 00:00:00,SP2,Spain,La Liga Segunda Division,,Cordoba,Zaragoza,1,2,A,1,0,H,2.51,3.22,3.11,2.38,3.2,3.0,2.0,3.2,3.2,2.25,3.1,3.0
2013/2014,2014-05-11 00:00:00,SP1,Spain,La Liga Primera Division,,Granada,Almeria,0,2,A,0,1,A,1.92,3.77,4.3,1.91,3.5,4.0,1.95,3.6,3.6,1.9,3.5,3.9
2013/2014,2014-05-04 00:00:00,SP2,Spain,La Liga Segunda Division,,Mallorca,Eibar,0,2,A,0,0,D,2.2,3.28,3.68,2.1,3.1,3.8,2.1,3.1,3.25,2.1,3.25,3.2
2013/2014,2014-05-04 00:00:00,SP2,Spain,La Liga Segunda Division,,Tenerife,Girona,0,1,A,0,0,D,1.89,3.57,4.53,1.83,3.25,4.75,1.8,3.2,4.33,1.78,3.25,4.4
2013/2014,2014-05-04 00:00:00,SP2,Spain,La Liga Segunda Division,,Zaragoza,Las Palmas,1,2,A,1,2,A,2.62,3.22,2.96,2.5,3.0,3.0,2.37,3.0,2.87,2.35,2.95,2.95
2013/2014,2014-05-03 00:00:00,SP2,Spain,La Liga Segunda Division,,Hercules,Murcia,2,3,A,1,1,D,2.2,3.26,3.72,2.1,3.2,3.6,2.1,3.1,3.3,2.05,3.1,3.4
2013/2014,2014-05-03 00:00:00,SP2,Spain,La Liga Segunda Division,,Barcelona B,Cordoba,0,1,A,0,0,D,2.06,3.58,3.75,2.0,3.5,3.6,1.9,3.5,3.4,1.9,3.4,3.6
2013/2014,2014-05-03 00:00:00,SP1,Spain,La Liga Primera Division,,Malaga,Elche,0,1,A,0,1,A,2.31,3.38,3.44,2.25,3.25,3.25,2.15,3.3,3.4,2.2,3.2,3.25
2013/2014,2014-05-03 00:00:00,SP1,Spain,La Liga Primera Division,,Osasuna,Celta,0,2,A,0,2,A,1.95,3.7,4.2,1.91,3.5,4.0,1.95,3.5,3.8,1.83,3.5,4.25
2013/2014,2014-05-02 00:00:00,SP1,Spain,La Liga Primera Division,,Vallecano,Ath Bilbao,0,3,A,0,2,A,3.8,3.85,2.01,3.75,3.6,1.91,3.6,3.6,1.95,3.9,3.6,1.85
2013/2014,2014-04-27 00:00:00,SP1,Spain,La Liga Primera Division,,Espanol,Almeria,1,2,A,1,0,H,1.64,4.18,5.89,1.62,3.75,5.5,1.7,3.75,4.8,1.65,3.75,5.0
2013/2014,2014-04-27 00:00:00,SP1,Spain,La Liga Primera Division,,Valencia,Ath Madrid,0,1,A,0,1,A,4.84,3.7,1.84,4.33,3.75,1.75,4.5,3.6,1.75,4.5,3.6,1.75
2013/2014,2014-04-27 00:00:00,SP1,Spain,La Liga Primera Division,,Villarreal,Barcelona,2,3,A,1,0,H,7.2,4.76,1.49,6.5,4.5,1.44,6.0,4.33,1.5,6.5,4.4,1.45
2013/2014,2014-04-26 00:00:00,SP1,Spain,La Liga Primera Division,,Betis,Sociedad,0,1,A,0,0,D,3.16,3.7,2.31,3.1,3.5,2.2,3.1,3.5,2.2,3.1,3.4,2.2
2013/2014,2014-04-26 00:00:00,SP1,Spain,La Liga Primera Division,,Granada,Vallecano,0,3,A,0,0,D,2.31,3.57,3.25,2.2,3.3,3.3,2.15,3.4,3.25,2.2,3.3,3.2
2013/2014,2014-04-26 00:00:00,SP2,Spain,La Liga Segunda Division,,La Coruna,Ponferradina,0,3,A,0,1,A,1.71,3.66,5.81,1.73,3.5,5.0,1.57,3.5,5.0,1.7,3.25,5.0
2013/2014,2014-04-26 00:00:00,SP2,Spain,La Liga Segunda Division,,Las Palmas,Barcelona B,0,2,A,0,0,D,1.87,3.74,4.38,1.8,3.6,4.33,1.85,3.4,3.5,1.83,3.4,3.9
2013/2014,2014-04-20 00:00:00,SP1,Spain,La Liga Primera Division,,Almeria,Celta,2,4,A,1,1,D,2.68,3.3,2.91,2.5,3.25,2.8,2.45,3.3,2.8,2.5,3.2,2.8
2013/2014,2014-04-20 00:00:00,SP2,Spain,La Liga Segunda Division,,Mallorca,La Coruna,0,3,A,0,1,A,2.3,3.27,3.45,2.3,3.2,3.2,2.4,3.1,2.63,2.25,3.1,3.0
2013/2014,2014-04-20 00:00:00,SP2,Spain,La Liga Segunda Division,,Recreativo,Alaves,0,2,A,0,1,A,2.08,3.3,4.06,1.91,3.4,4.0,1.83,3.1,4.0,2.0,3.1,3.6
2013/2014,2014-04-19 00:00:00,SP2,Spain,La Liga Segunda Division,,Real Madrid B,Eibar,0,1,A,0,1,A,2.23,3.32,3.57,2.1,3.6,3.2,2.25,3.3,2.7,2.1,3.2,3.25
2013/2014,2014-04-19 00:00:00,SP2,Spain,La Liga Segunda Division,,Hercules,Cordoba,0,1,A,0,1,A,2.1,3.25,4.08,2.05,3.5,3.4,2.1,3.25,3.0,2.05,3.2,3.3
2013/2014,2014-04-13 00:00:00,SP1,Spain,La Liga Primera Division,,Betis,Sevilla,0,2,A,0,1,A,3.45,3.64,2.2,3.2,3.4,2.2,3.1,3.4,2.25,3.2,3.4,2.15
2013/2014,2014-04-13 00:00:00,SP2,Spain,La Liga Segunda Division,,Eibar,Tenerife,1,2,A,1,0,H,2.2,3.12,3.94,2.05,3.1,4.0,1.9,3.2,3.5,2.0,3.2,3.5
2013/2014,2014-04-13 00:00:00,SP2,Spain,La Liga Segunda Division,,Jaen,Barcelona B,0,3,A,0,1,A,2.37,3.24,3.34,2.2,3.3,3.25,2.25,3.1,2.8,2.15,3.1,3.2
2013/2014,2014-04-13 00:00:00,SP1,Spain,La Liga Primera Division,,Getafe,Ath Madrid,0,2,A,0,1,A,8.56,4.33,1.49,8.5,4.0,1.44,7.0,4.0,1.5,7.75,4.0,1.45
2013/2014,2014-04-07 00:00:00,SP1,Spain,La Liga Primera Division,,Levante,Ath Bilbao,1,2,A,0,2,A,4.21,3.47,2.02,3.9,3.4,1.95,3.8,3.4,1.95,3.9,3.4,1.95
2013/2014,2014-04-06 00:00:00,SP2,Spain,La Liga Segunda Division,,Sp Gijon,Cordoba,1,2,A,0,1,A,1.64,3.89,6.19,1.62,3.75,5.5,1.6,3.2,5.5,1.62,3.5,5.0
2013/2014,2014-04-05 00:00:00,SP1,Spain,La Liga Primera Division,,Sociedad,Real Madrid,0,4,A,0,1,A,5.8,4.54,1.6,5.25,4.2,1.57,4.6,4.33,1.61,5.5,4.25,1.55
2013/2014,2014-04-05 00:00:00,SP2,Spain,La Liga Segunda Division,,Real Madrid B,La Coruna,0,2,A,0,1,A,2.24,3.32,3.55,2.2,3.3,3.3,2.25,3.2,2.75,2.1,3.3,3.1
2013/2014,2014-04-04 00:00:00,SP1,Spain,La Liga Primera Division,,Almeria,Osasuna,1,2,A,0,2,A,2.3,3.36,3.48,2.2,3.2,3.4,2.3,3.2,3.2,2.3,3.1,3.3
2013/2014,2014-03-31 00:00:00,SP1,Spain,La Liga Primera Division,,Granada,Levante,0,2,A,0,0,D,1.88,3.48,4.96,1.85,3.5,4.2,1.9,3.3,4.2,1.78,3.4,4.75
2013/2014,2014-03-31 00:00:00,SP1,Spain,La Liga Primera Division,,Betis,Malaga,1,2,A,1,0,H,2.2,3.42,3.66,2.2,3.3,3.3,2.25,3.3,3.2,2.15,3.25,3.4
2013/2014,2014-03-30 00:00:00,SP1,Spain,La Liga Primera Division,,Valencia,Getafe,1,3,A,1,2,A,1.42,4.95,8.83,1.4,4.33,8.5,1.44,4.33,7.0,1.4,4.4,8.0
2013/2014,2014-03-29 00:00:00,SP2,Spain,La Liga Segunda Division,,Numancia,Mirandes,0,1,A,0,0,D,1.93,3.33,4.72,1.85,3.4,4.33,1.85,3.0,4.0,1.87,3.0,4.33
2013/2014,2014-03-29 00:00:00,SP1,Spain,La Liga Primera Division,,Espanol,Barcelona,0,1,A,0,0,D,9.61,5.48,1.36,9.0,5.0,1.33,8.0,5.5,1.33,8.5,5.0,1.33
2013/2014,2014-03-29 00:00:00,SP1,Spain,La Liga Primera Division,,Ath Bilbao,Ath Madrid,1,2,A,1,1,D,3.25,3.34,2.42,2.9,3.3,2.4,3.0,3.4,2.3,3.0,3.2,2.4
2013/2014,2014-03-27 00:00:00,SP1,Spain,La Liga Primera Division,,Getafe,Villarreal,0,1,A,0,1,A,3.64,3.41,2.21,3.3,3.3,2.2,3.1,3.3,2.3,3.3,3.4,2.15
2013/2014,2014-03-27 00:00:00,SP1,Spain,La Liga Primera Division,,Levante,Betis,1,3,A,1,1,D,2.48,3.36,3.13,2.3,3.2,3.1,2.4,3.25,2.9,2.35,3.25,3.0
2013/2014,2014-03-25 00:00:00,SP1,Spain,La Liga Primera Division,,Malaga,Espanol,1,2,A,1,1,D,2.58,3.25,3.08,2.45,3.1,3.0,2.4,3.2,3.1,2.3,3.25,3.1
2013/2014,2014-03-23 00:00:00,SP2,Spain,La Liga Segunda Division,,Zaragoza,La Coruna,0,1,A,0,1,A,2.66,3.17,2.95,2.63,3.0,2.88,2.5,3.1,2.5,2.45,3.1,2.7
2013/2014,2014-03-23 00:00:00,SP2,Spain,La Liga Segunda Division,,Real Madrid B,Mallorca,1,2,A,0,0,D,2.24,3.51,3.35,2.25,3.2,3.3,1.95,3.2,3.4,2.2,3.25,3.0
2013/2014,2014-03-23 00:00:00,SP1,Spain,La Liga Primera Division,,Betis,Ath Madrid,0,2,A,0,0,D,6.84,4.09,1.59,6.0,3.8,1.57,6.0,4.0,1.55,6.25,3.8,1.55
2013/2014,2014-03-23 00:00:00,SP1,Spain,La Liga Primera Division,,Osasuna,Sevilla,1,2,A,0,2,A,3.15,3.45,2.42,2.9,3.3,2.38,2.9,3.3,2.45,2.8,3.4,2.4
2013/2014,2014-03-23 00:00:00,SP1,Spain,La Liga Primera Division,,Real Madrid,Barcelona,3,4,A,2,2,D,2.2,3.71,3.38,2.25,3.5,3.0,2.25,3.6,3.1,2.25,3.5,3.0
2013/2014,2014-03-22 00:00:00,SP2,Spain,La Liga Segunda Division,,Mirandes,Eibar,1,4,A,0,1,A,2.43,3.09,3.4,2.38,3.0,3.25,2.37,3.1,2.62,2.45,2.85,2.9
2013/2014,2014-03-22 00:00:00,SP2,Spain,La Liga Segunda Division,,Murcia,Las Palmas,1,3,A,0,1,A,2.47,3.17,3.23,2.4,3.1,3.1,2.25,2.87,3.0,2.3,2.95,3.1
2013/2014,2014-03-21 00:00:00,SP1,Spain,La Liga Primera Division,,Celta,Malaga,0,2,A,0,2,A,2.04,3.48,4.12,1.91,3.4,4.0,2.05,3.3,3.8,2.0,3.3,3.8
2013/2014,2014-03-16 00:00:00,SP2,Spain,La Liga Segunda Division,,Girona,Murcia,0,1,A,0,0,D,2.25,3.15,3.73,2.2,3.1,3.5,2.25,3.1,2.8,2.2,3.0,3.25
2013/2014,2014-03-16 00:00:00,SP2,Spain,La Liga Segunda Division,,Numancia,Alcorcon,0,1,A,0,1,A,2.16,3.24,3.87,2.1,3.1,3.8,1.95,3.2,3.4,2.05,3.1,3.4
2013/2014,2014-03-15 00:00:00,SP1,Spain,La Liga Primera Division,,Levante,Celta,0,1,A,0,1,A,2.58,3.2,3.13,2.5,3.1,2.9,2.3,3.3,3.1,2.5,3.2,2.85
2013/2014,2014-03-15 00:00:00,SP1,Spain,La Liga Primera Division,,Malaga,Real Madrid,0,1,A,0,1,A,12.62,6.32,1.28,12.0,6.0,1.25,10.0,5.5,1.28,12.5,6.0,1.22
2013/2014,2014-03-15 00:00:00,SP2,Spain,La Liga Segunda Division,,Recreativo,Real Madrid B,2,3,A,1,2,A,2.38,3.38,3.18,2.4,3.2,3.0,2.2,3.1,2.87,2.15,3.1,3.2
2013/2014,2014-03-15 00:00:00,SP2,Spain,La Liga Segunda Division,,Alaves,Mirandes,0,2,A,0,1,A,2.0,3.44,4.17,2.0,3.2,4.0,2.0,3.2,3.3,2.0,3.1,3.6
2013/2014,2014-03-10 00:00:00,SP1,Spain,La Liga Primera Division,,Sociedad,Vallecano,2,3,A,2,1,H,1.49,4.84,6.99,1.44,4.5,6.5,1.44,4.5,6.5,1.45,4.4,6.75
2013/2014,2014-03-10 00:00:00,SP1,Spain,La Liga Primera Division,,Osasuna,Malaga,0,2,A,0,1,A,2.38,3.25,3.41,2.3,3.1,3.25,2.3,3.3,3.1,2.25,3.2,3.25
2013/2014,2014-03-09 00:00:00,SP1,Spain,La Liga Primera Division,,Almeria,Sevilla,1,3,A,0,1,A,3.8,3.59,2.09,3.4,3.4,2.1,3.4,3.4,2.1,3.5,3.4,2.05
2013/2014,2014-03-08 00:00:00,SP2,Spain,La Liga Segunda Division,,Cordoba,Las Palmas,0,1,A,0,1,A,2.41,3.17,3.34,2.25,3.1,3.4,2.1,3.2,3.0,2.15,3.1,3.2
2013/2014,2014-03-08 00:00:00,SP1,Spain,La Liga Primera Division,,Celta,Ath Madrid,0,2,A,0,0,D,4.7,3.51,1.92,4.0,3.4,1.91,4.6,3.6,1.75,4.2,3.3,1.91
2013/2014,2014-03-02 00:00:00,SP2,Spain,La Liga Segunda Division,,Jaen,Sabadell,0,1,A,0,0,D,2.02,3.37,4.22,1.95,3.2,4.2,1.85,3.2,3.75,1.87,3.3,3.8
2013/2014,2014-03-02 00:00:00,SP2,Spain,La Liga Segunda Division,,Girona,Cordoba,0,1,A,0,0,D,2.32,3.28,3.4,2.25,3.2,3.3,2.05,3.0,3.3,2.1,3.2,3.2
2013/2014,2014-03-01 00:00:00,SP2,Spain,La Liga Segunda Division,,Mallorca,Barcelona B,1,2,A,0,2,A,1.99,3.61,4.0,1.95,3.3,4.0,1.9,3.4,3.25,1.91,3.5,3.4
2013/2014,2014-02-24 00:00:00,SP1,Spain,La Liga Primera Division,,Espanol,Villarreal,1,2,A,0,1,A,2.58,3.24,3.1,2.5,3.25,2.8,2.5,3.3,2.75,2.5,3.1,2.9
2013/2014,2014-02-23 00:00:00,SP2,Spain,La Liga Segunda Division,,Alcorcon,La Coruna,1,2,A,1,1,D,2.31,3.17,3.55,2.3,3.1,3.3,2.3,3.1,2.75,2.25,3.0,3.1
2013/2014,2014-02-23 00:00:00,SP2,Spain,La Liga Segunda Division,,Lugo,Tenerife,1,3,A,1,1,D,2.3,3.14,3.62,2.2,3.1,3.5,2.05,3.25,3.1,2.1,3.1,3.3
2013/2014,2014-02-23 00:00:00,SP2,Spain,La Liga Segunda Division,,Zaragoza,Real Madrid B,0,2,A,0,1,A,2.12,3.39,3.79,2.1,3.3,3.5,1.85,3.3,3.6,1.91,3.3,3.6
2013/2014,2014-02-23 00:00:00,SP1,Spain,La Liga Primera Division,,Betis,Ath Bilbao,0,2,A,0,1,A,3.2,3.48,2.38,2.88,3.4,2.38,3.0,3.4,2.3,2.95,3.3,2.35
2013/2014,2014-02-23 00:00:00,SP1,Spain,La Liga Primera Division,,Vallecano,Sevilla,0,1,A,0,0,D,3.33,3.68,2.23,3.1,3.4,2.25,3.25,3.4,2.15,3.25,3.3,2.2
2013/2014,2014-02-22 00:00:00,SP2,Spain,La Liga Segunda Division,,Barcelona B,Recreativo,0,1,A,0,1,A,2.17,3.53,3.5,2.1,3.4,3.4,2.1,3.4,2.87,2.15,3.25,3.1
2013/2014,2014-02-17 00:00:00,SP1,Spain,La Liga Primera Division,,Malaga,Sociedad,0,1,A,0,1,A,2.76,3.38,2.76,2.7,3.25,2.6,2.62,3.4,2.62,2.8,3.3,2.45
2013/2014,2014-02-16 00:00:00,SP2,Spain,La Liga Segunda Division,,Ponferradina,Alcorcon,0,2,A,0,1,A,2.31,3.13,3.6,2.25,3.0,3.5,2.25,3.1,2.8,2.15,3.0,3.3
2013/2014,2014-02-16 00:00:00,SP1,Spain,La Liga Primera Division,,Getafe,Real Madrid,0,3,A,0,2,A,12.2,6.16,1.29,10.0,5.25,1.29,10.0,5.0,1.3,9.75,5.0,1.31
2013/2014,2014-02-16 00:00:00,SP1,Spain,La Liga Primera Division,,Ath Bilbao,Espanol,1,2,A,0,1,A,1.64,4.16,5.94,1.57,3.8,6.0,1.53,4.0,6.0,1.6,3.75,5.75
2013/2014,2014-02-16 00:00:00,SP2,Spain,La Liga Segunda Division,,Alaves,Murcia,0,1,A,0,1,A,2.34,3.14,3.53,2.15,3.25,3.4,2.0,3.0,3.5,2.2,3.1,3.1
2013/2014,2014-02-15 00:00:00,SP1,Spain,La Liga Primera Division,,Villarreal,Celta,0,2,A,0,0,D,1.56,4.26,7.03,1.53,4.0,6.0,1.57,4.0,6.0,1.57,3.7,6.25
2013/2014,2014-02-15 00:00:00,SP2,Spain,La Liga Segunda Division,,Mallorca,Hercules,0,1,A,0,1,A,1.78,3.74,5.03,1.75,3.75,4.33,1.61,3.3,5.0,1.75,3.4,4.2
2013/2014,2014-02-09 00:00:00,SP2,Spain,La Liga Segunda Division,,Cordoba,Eibar,0,2,A,0,1,A,2.08,3.25,4.15,2.0,3.1,4.2,2.05,3.3,3.0,2.05,3.2,3.3
2013/2014,2014-02-09 00:00:00,SP1,Spain,La Liga Primera Division,,Sevilla,Barcelona,1,4,A,1,2,A,5.69,4.64,1.59,6.0,4.0,1.53,6.0,4.33,1.5,5.5,4.33,1.53
2013/2014,2014-02-09 00:00:00,SP2,Spain,La Liga Segunda Division,,Hercules,Recreativo,1,2,A,0,0,D,2.41,3.26,3.25,2.3,3.25,3.1,2.5,3.1,2.5,2.4,3.0,2.85
2013/2014,2014-02-08 00:00:00,SP2,Spain,La Liga Segunda Division,,Sabadell,Alaves,0,4,A,0,2,A,2.4,3.25,3.28,2.3,3.2,3.2,2.05,3.3,3.0,2.25,3.1,3.0
2013/2014,2014-02-02 00:00:00,SP2,Spain,La Liga Segunda Division,,Mallorca,Sp Gijon,1,3,A,0,1,A,2.2,3.44,3.51,2.1,3.3,3.5,2.15,3.0,3.1,2.15,3.2,3.1
2013/2014,2014-02-02 00:00:00,SP2,Spain,La Liga Segunda Division,,Zaragoza,Barcelona B,0,2,A,0,1,A,1.99,3.46,4.21,1.95,3.2,4.2,1.72,3.4,4.0,1.83,3.3,4.0
2013/2014,2014-02-01 00:00:00,SP1,Spain,La Liga Primera Division,,Barcelona,Valencia,2,3,A,1,1,D,1.13,10.9,24.39,1.13,8.0,19.0,1.14,8.0,17.0,1.13,8.0,17.0
2013/2014,2014-01-31 00:00:00,SP1,Spain,La Liga Primera Division,,Granada,Celta,1,2,A,1,1,D,2.17,3.5,3.67,2.1,3.5,3.25,2.1,3.3,3.5,2.0,3.4,3.7
2013/2014,2014-01-26 00:00:00,SP1,Spain,La Liga Primera Division,,Vallecano,Ath Madrid,2,4,A,1,3,A,9.25,4.91,1.41,8.0,4.5,1.4,8.5,4.5,1.36,7.75,4.5,1.4
2013/2014,2014-01-26 00:00:00,SP2,Spain,La Liga Segunda Division,,Alcorcon,Real Madrid B,0,2,A,0,0,D,2.03,3.41,4.08,1.85,3.4,4.33,1.95,3.2,3.4,1.9,3.4,3.6
2013/2014,2014-01-26 00:00:00,SP2,Spain,La Liga Segunda Division,,Hercules,Tenerife,2,3,A,1,2,A,2.14,3.27,3.9,2.05,3.4,3.5,2.0,3.2,3.2,2.05,3.1,3.4
2013/2014,2014-01-26 00:00:00,SP1,Spain,La Liga Primera Division,,Osasuna,Ath Bilbao,1,5,A,1,2,A,3.55,3.46,2.23,3.5,3.2,2.15,3.1,3.4,2.25,3.4,3.25,2.15
2013/2014,2014-01-25 00:00:00,SP2,Spain,La Liga Segunda Division,,Las Palmas,Alaves,0,2,A,0,1,A,1.75,3.6,5.6,1.67,3.5,5.5,1.72,3.25,4.2,1.7,3.3,4.75
2013/2014,2014-01-25 00:00:00,SP2,Spain,La Liga Segunda Division,,Cordoba,La Coruna,0,1,A,0,0,D,2.49,3.16,3.21,2.3,3.2,3.2,2.2,3.25,2.8,2.35,3.1,2.85
2013/2014,2014-01-25 00:00:00,SP1,Spain,La Liga Primera Division,,Sevilla,Levante,2,3,A,1,1,D,1.38,5.1,9.76,1.36,4.75,8.5,1.4,4.5,7.5,1.35,4.75,9.0
2013/2014,2014-01-25 00:00:00,SP2,Spain,La Liga Segunda Division,,Mirandes,Zaragoza,0,1,A,0,0,D,2.82,3.16,2.79,2.6,3.2,2.7,2.6,3.1,2.4,2.45,3.1,2.7
2013/2014,2014-01-19 00:00:00,SP2,Spain,La Liga Segunda Division,,Numancia,Lugo,0,1,A,0,0,D,1.89,3.38,4.84,1.85,3.3,4.5,1.83,3.2,3.75,1.83,3.25,4.0
2013/2014,2014-01-19 00:00:00,SP2,Spain,La Liga Segunda Division,,La Coruna,Las Palmas,1,2,A,1,1,D,2.06,3.34,4.1,2.0,3.3,3.8,1.85,3.2,3.75,1.91,3.2,3.75
2013/2014,2014-01-19 00:00:00,SP2,Spain,La Liga Segunda Division,,Ponferradina,Cordoba,0,1,A,0,0,D,2.08,3.35,3.98,2.05,3.3,3.6,1.9,3.2,3.5,2.05,3.1,3.4
2013/2014,2014-01-18 00:00:00,SP1,Spain,La Liga Primera Division,,Betis,Real Madrid,0,5,A,0,3,A,11.55,6.17,1.3,8.5,6.0,1.29,10.0,5.5,1.28,11.0,5.5,1.26
2013/2014,2014-01-18 00:00:00,SP2,Spain,La Liga Segunda Division,,Tenerife,Alcorcon,0,4,A,0,2,A,2.13,3.26,3.94,2.05,3.25,3.75,1.9,3.2,3.5,2.0,3.2,3.5
2013/2014,2014-01-18 00:00:00,SP2,Spain,La Liga Segunda Division,,Real Madrid B,Sp Gijon,1,2,A,0,1,A,2.58,3.42,2.86,2.5,3.3,2.8,2.4,3.1,2.6,2.35,3.2,2.75
2013/2014,2014-01-12 00:00:00,SP1,Spain,La Liga Primera Division,,Betis,Osasuna,1,2,A,0,1,A,1.8,3.72,5.1,1.8,3.5,4.5,1.85,3.4,4.33,1.8,3.5,4.5
2013/2014,2014-01-12 00:00:00,SP1,Spain,La Liga Primera Division,,Espanol,Real Madrid,0,1,A,0,0,D,8.81,5.46,1.38,7.5,5.5,1.33,8.5,5.5,1.3,8.0,5.0,1.35
2013/2014,2014-01-12 00:00:00,SP2,Spain,La Liga Segunda Division,,Eibar,Numancia,1,2,A,0,1,A,2.22,3.25,3.68,2.1,3.3,3.5,1.95,3.2,3.4,2.05,3.25,3.3
2013/2014,2014-01-12 00:00:00,SP2,Spain,La Liga Segunda Division,,Recreativo,Sabadell,1,2,A,1,0,H,1.85,3.59,4.75,1.8,3.6,4.33,1.72,3.4,4.0,1.8,3.4,4.0
2013/2014,2014-01-12 00:00:00,SP1,Spain,La Liga Primera Division,,Getafe,Vallecano,0,1,A,0,1,A,2.06,3.65,3.9,2.0,3.4,3.75,1.95,3.4,4.0,1.95,3.5,3.75
2013/2014,2014-01-11 00:00:00,SP2,Spain,La Liga Segunda Division,,Alaves,Jaen,1,2,A,0,0,D,1.8,3.47,5.36,1.75,3.4,5.0,1.75,3.2,4.2,1.7,3.2,5.0
2013/2014,2014-01-06 00:00:00,SP1,Spain,La Liga Primera Division,,Vallecano,Villarreal,2,5,A,0,3,A,3.57,3.58,2.17,3.3,3.4,2.15,3.5,3.4,2.1,3.5,3.4,2.05
2013/2014,2014-01-05 00:00:00,SP2,Spain,La Liga Segunda Division,,Sp Gijon,Zaragoza,2,3,A,1,1,D,1.86,3.69,4.49,1.75,3.4,5.0,1.75,3.3,4.0,1.8,3.4,4.0
2013/2014,2014-01-04 00:00:00,SP2,Spain,La Liga Segunda Division,,Murcia,Tenerife,1,2,A,1,2,A,2.26,3.35,3.45,2.1,3.2,3.6,2.0,3.2,3.3,2.1,3.1,3.3
2013/2014,2014-01-04 00:00:00,SP2,Spain,La Liga Segunda Division,,Numancia,Alaves,0,2,A,0,0,D,1.82,3.61,4.92,1.8,3.4,4.75,1.72,3.25,4.33,1.78,3.3,4.2
2013/2014,2014-01-04 00:00:00,SP1,Spain,La Liga Primera Division,,Malaga,Ath Madrid,0,1,A,0,0,D,6.8,4.2,1.57,6.0,4.1,1.53,6.5,4.0,1.53,7.0,3.9,1.5
2013/2014,2013-12-22 00:00:00,SP1,Spain,La Liga Primera Division,,Valencia,Real Madrid,2,3,A,1,2,A,5.47,4.38,1.64,5.5,4.0,1.57,5.0,4.0,1.61,5.5,4.25,1.55
2013/2014,2013-12-22 00:00:00,SP1,Spain,La Liga Primera Division,,Getafe,Barcelona,2,5,A,2,3,A,8.59,5.06,1.42,7.0,4.75,1.4,6.5,4.33,1.45,7.25,4.5,1.42
2013/2014,2013-12-22 00:00:00,SP2,Spain,La Liga Segunda Division,,Recreativo,Las Palmas,1,3,A,1,2,A,2.11,3.35,3.88,2.0,3.4,3.75,2.0,3.3,3.2,1.95,3.2,3.7
2013/2014,2013-12-21 00:00:00,SP1,Spain,La Liga Primera Division,,Granada,Sociedad,1,3,A,1,2,A,2.64,3.37,2.9,2.4,3.3,2.88,2.62,3.25,2.62,2.45,3.3,2.85
2013/2014,2013-12-21 00:00:00,SP1,Spain,La Liga Primera Division,,Villarreal,Sevilla,1,2,A,0,1,A,1.86,3.72,4.65,1.85,3.6,4.0,1.9,3.6,3.75,1.83,3.6,4.2
2013/2014,2013-12-21 00:00:00,SP2,Spain,La Liga Segunda Division,,Alaves,Eibar,0,2,A,0,1,A,2.23,3.36,3.52,2.1,3.3,3.5,2.2,3.2,2.8,2.15,3.1,3.2
2013/2014,2013-12-21 00:00:00,SP2,Spain,La Liga Segunda Division,,Lugo,Hercules,1,3,A,0,2,A,2.28,3.29,3.49,2.2,3.2,3.4,2.1,3.25,3.0,2.1,3.1,3.3
2013/2014,2013-12-21 00:00:00,SP2,Spain,La Liga Segunda Division,,Tenerife,Sabadell,0,3,A,0,1,A,1.75,3.59,5.52,1.73,3.5,5.0,1.66,3.4,4.5,1.7,3.25,5.0
2013/2014,2013-12-21 00:00:00,SP1,Spain,La Liga Primera Division,,Betis,Almeria,0,1,A,0,1,A,1.74,3.91,5.33,1.73,3.75,4.5,1.8,3.5,4.5,1.75,3.6,4.6
2013/2014,2013-12-20 00:00:00,SP1,Spain,La Liga Primera Division,,Elche,Malaga,0,1,A,0,1,A,2.5,3.28,3.17,2.3,3.2,3.2,2.25,3.25,3.2,2.45,3.1,3.0
2013/2014,2013-12-14 00:00:00,SP1,Spain,La Liga Primera Division,,Vallecano,Granada,0,2,A,0,1,A,2.1,3.5,3.86,2.05,3.3,3.6,2.0,3.4,3.75,1.95,3.3,4.0
2013/2014,2013-12-14 00:00:00,SP2,Spain,La Liga Segunda Division,,Las Palmas,Real Madrid B,0,2,A,0,1,A,2.01,3.45,4.12,2.0,3.4,3.75,1.72,3.4,4.0,1.83,3.4,3.9
2013/2014,2013-12-14 00:00:00,SP2,Spain,La Liga Segunda Division,,Alcorcon,Hercules,0,2,A,0,0,D,1.95,3.42,4.45,1.91,3.4,4.0,1.95,3.2,3.4,1.75,3.3,4.5
2013/2014,2013-12-07 00:00:00,SP2,Spain,La Liga Segunda Division,,Hercules,Sp Gijon,0,1,A,0,1,A,2.66,3.28,2.87,2.6,3.1,2.8,2.5,3.1,2.5,2.6,3.2,2.5
2013/2014,2013-12-04 00:00:00,SP2,Spain,La Liga Segunda Division,,Lugo,Alcorcon,1,2,A,0,0,D,2.41,3.18,3.32,2.3,3.2,3.1,2.25,3.1,2.8,2.15,3.1,3.2
2013/2014,2013-12-01 00:00:00,SP2,Spain,La Liga Segunda Division,,Jaen,Real Madrid B,0,1,A,0,0,D,2.01,3.44,4.14,2.0,3.3,3.8,1.8,3.3,3.75,1.91,3.25,3.7
2013/2014,2013-12-01 00:00:00,SP2,Spain,La Liga Segunda Division,,Murcia,Hercules,1,2,A,0,2,A,2.24,3.37,3.49,2.25,3.25,3.25,2.0,3.1,3.3,2.05,3.2,3.3
2013/2014,2013-12-01 00:00:00,SP2,Spain,La Liga Segunda Division,,Numancia,Recreativo,2,3,A,2,1,H,2.06,3.39,4.02,2.0,3.3,3.8,2.1,3.2,3.0,2.05,3.2,3.3
2013/2014,2013-12-01 00:00:00,SP1,Spain,La Liga Primera Division,,Granada,Sevilla,1,2,A,0,1,A,3.05,3.35,2.54,2.8,3.25,2.5,2.75,3.3,2.5,2.85,3.2,2.5
2013/2014,2013-11-30 00:00:00,SP2,Spain,La Liga Segunda Division,,Cordoba,Barcelona B,1,2,A,0,1,A,1.89,3.58,4.5,1.83,3.4,4.5,1.72,3.2,4.33,1.75,3.25,4.5
2013/2014,2013-11-30 00:00:00,SP1,Spain,La Liga Primera Division,,Espanol,Sociedad,1,2,A,1,0,H,2.24,3.43,3.54,2.2,3.4,3.2,2.3,3.3,3.0,2.2,3.25,3.3
2013/2014,2013-11-30 00:00:00,SP2,Spain,La Liga Segunda Division,,Las Palmas,Zaragoza,0,1,A,0,0,D,1.96,3.47,4.42,1.91,3.4,4.0,1.75,3.2,4.2,1.91,3.3,3.6
2013/2014,2013-11-30 00:00:00,SP2,Spain,La Liga Segunda Division,,Eibar,Mallorca,0,1,A,0,0,D,2.34,3.29,3.41,2.25,3.2,3.25,2.1,3.1,3.1,2.1,3.1,3.3
2013/2014,2013-11-30 00:00:00,SP1,Spain,La Liga Primera Division,,Elche,Ath Madrid,0,2,A,0,0,D,7.83,4.2,1.53,7.0,4.0,1.5,6.5,4.0,1.53,7.25,3.9,1.5
2013/2014,2013-11-25 00:00:00,SP1,Spain,La Liga Primera Division,,Malaga,Ath Bilbao,1,2,A,1,0,H,2.71,3.37,2.83,2.6,3.25,2.7,2.5,3.4,2.7,2.45,3.4,2.75
2013/2014,2013-11-24 00:00:00,SP1,Spain,La Liga Primera Division,,Vallecano,Espanol,1,4,A,0,1,A,2.49,3.38,3.1,2.4,3.3,2.88,2.37,3.3,2.9,2.45,3.1,3.0
2013/2014,2013-11-24 00:00:00,SP1,Spain,La Liga Primera Division,,Levante,Villarreal,0,3,A,0,1,A,3.88,3.41,2.13,3.5,3.3,2.1,3.3,3.25,2.2,3.6,3.3,2.05
2013/2014,2013-11-24 00:00:00,SP2,Spain,La Liga Segunda Division,,Ponferradina,La Coruna,0,1,A,0,1,A,2.63,3.17,3.0,2.5,3.1,2.9,2.5,3.1,2.5,2.6,3.0,2.6
2013/2014,2013-11-24 00:00:00,SP2,Spain,La Liga Segunda Division,,Lugo,Sp Gijon,1,3,A,1,2,A,2.76,3.23,2.79,2.6,3.2,2.75,2.3,3.2,2.62,2.4,3.2,2.7
2013/2014,2013-11-24 00:00:00,SP2,Spain,La Liga Segunda Division,,Recreativo,Eibar,1,2,A,0,0,D,2.11,3.28,3.99,2.05,3.3,3.6,1.85,3.3,3.6,1.87,3.3,3.8
2013/2014,2013-11-23 00:00:00,SP1,Spain,La Liga Primera Division,,Almeria,Real Madrid,0,5,A,0,1,A,11.42,5.6,1.32,9.5,5.5,1.29,8.5,6.0,1.28,9.5,6.0,1.26
2013/2014,2013-11-23 00:00:00,SP2,Spain,La Liga Segunda Division,,Barcelona B,Las Palmas,1,2,A,1,0,H,2.52,3.16,3.27,2.4,3.3,2.9,2.2,3.2,2.8,2.35,2.95,3.0
2013/2014,2013-11-22 00:00:00,SP1,Spain,La Liga Primera Division,,Valladolid,Osasuna,0,1,A,0,0,D,2.04,3.49,4.09,2.0,3.4,3.75,2.05,3.3,3.6,1.95,3.3,4.0
2013/2014,2013-11-16 00:00:00,SP2,Spain,La Liga Segunda Division,,Girona,Barcelona B,1,2,A,1,1,D,1.86,3.71,4.47,1.85,3.5,4.2,1.75,3.3,4.0,1.8,3.3,4.1
2013/2014,2013-11-16 00:00:00,SP2,Spain,La Liga Segunda Division,,Ponferradina,Lugo,0,2,A,0,0,D,2.06,3.35,4.08,2.05,3.25,3.75,2.1,3.2,3.0,2.05,3.1,3.5
2013/2014,2013-11-16 00:00:00,SP2,Spain,La Liga Segunda Division,,Sabadell,Alcorcon,1,2,A,0,1,A,2.91,3.24,2.65,2.63,3.25,2.63,2.65,2.9,2.65,2.7,3.1,2.45
2013/2014,2013-11-10 00:00:00,SP2,Spain,La Liga Segunda Division,,Recreativo,La Coruna,0,1,A,0,0,D,2.53,3.25,3.06,2.5,3.2,2.88,2.3,3.2,2.7,2.25,3.2,2.9
2013/2014,2013-11-10 00:00:00,SP2,Spain,La Liga Segunda Division,,Mirandes,Girona,1,2,A,0,2,A,2.37,3.24,3.34,2.4,3.1,3.1,2.25,3.2,2.75,2.3,3.2,2.85
2013/2014,2013-11-10 00:00:00,SP1,Spain,La Liga Primera Division,,Betis,Barcelona,1,4,A,0,2,A,12.65,6.51,1.27,11.0,6.0,1.25,10.0,6.0,1.25,11.5,6.0,1.23
2013/2014,2013-11-10 00:00:00,SP1,Spain,La Liga Primera Division,,Espanol,Sevilla,1,3,A,1,2,A,2.38,3.44,3.24,2.38,3.25,3.0,2.37,3.4,2.87,2.35,3.25,3.0
2013/2014,2013-11-09 00:00:00,SP2,Spain,La Liga Segunda Division,,Zaragoza,Numancia,1,2,A,0,0,D,2.01,3.39,4.22,2.0,3.3,3.8,1.8,3.3,3.75,1.78,3.25,4.33
2013/2014,2013-11-09 00:00:00,SP2,Spain,La Liga Segunda Division,,Barcelona B,Jaen,0,3,A,0,2,A,2.02,3.53,3.97,1.95,3.5,3.75,1.95,3.3,3.25,1.95,3.3,3.5
2013/2014,2013-11-09 00:00:00,SP1,Spain,La Liga Primera Division,,Celta,Vallecano,0,2,A,0,1,A,1.95,3.61,4.34,1.91,3.5,4.0,2.0,3.5,3.6,1.91,3.4,4.1
2013/2014,2013-11-08 00:00:00,SP1,Spain,La Liga Primera Division,,Osasuna,Almeria,0,1,A,0,1,A,2.14,3.44,3.83,2.05,3.4,3.5,2.2,3.3,3.3,2.1,3.3,3.5
2013/2014,2013-11-04 00:00:00,SP1,Spain,La Liga Primera Division,,Elche,Villarreal,0,1,A,0,0,D,3.54,3.34,2.28,3.3,3.3,2.2,3.4,3.25,2.15,3.3,3.25,2.2
2013/2014,2013-11-03 00:00:00,SP2,Spain,La Liga Segunda Division,,Jaen,Mirandes,1,2,A,0,1,A,2.05,3.37,4.1,1.91,3.4,4.0,2.05,3.2,3.1,1.95,3.2,3.6
2013/2014,2013-11-03 00:00:00,SP1,Spain,La Liga Primera Division,,Levante,Granada,0,1,A,0,0,D,2.13,3.29,4.05,2.05,3.3,3.6,2.0,3.3,3.8,2.05,3.2,3.8
2013/2014,2013-11-03 00:00:00,SP1,Spain,La Liga Primera Division,,Getafe,Valencia,0,1,A,0,1,A,2.67,3.39,2.86,2.6,3.2,2.75,2.45,3.4,2.75,2.55,3.25,2.75
2013/2014,2013-11-02 00:00:00,SP1,Spain,La Liga Primera Division,,Vallecano,Real Madrid,2,3,A,0,2,A,11.22,6.34,1.29,11.0,6.0,1.25,9.0,5.5,1.3,10.0,6.0,1.25
2013/2014,2013-11-02 00:00:00,SP1,Spain,La Liga Primera Division,,Sevilla,Celta,0,1,A,0,0,D,1.57,4.4,6.37,1.5,4.33,6.0,1.57,4.0,5.5,1.5,4.2,6.25
2013/2014,2013-10-31 00:00:00,SP1,Spain,La Liga Primera Division,,Granada,Ath Madrid,1,2,A,0,1,A,7.33,4.13,1.56,6.0,4.0,1.53,6.0,3.8,1.57,6.5,3.75,1.55
2013/2014,2013-10-31 00:00:00,SP1,Spain,La Liga Primera Division,,Villarreal,Getafe,0,2,A,0,1,A,1.5,4.52,7.49,1.44,4.2,7.5,1.53,3.8,6.5,1.5,4.0,6.5
2013/2014,2013-10-30 00:00:00,SP1,Spain,La Liga Primera Division,,Valencia,Almeria,1,2,A,1,0,H,1.44,4.95,8.13,1.4,4.5,8.0,1.44,4.5,6.5,1.4,4.6,7.5
2013/2014,2013-10-29 00:00:00,SP1,Spain,La Liga Primera Division,,Celta,Barcelona,0,3,A,0,1,A,11.39,6.04,1.3,10.0,5.5,1.29,11.0,6.0,1.25,11.0,5.5,1.25
2013/2014,2013-10-28 00:00:00,SP1,Spain,La Liga Primera Division,,Getafe,Ath Bilbao,0,1,A,0,1,A,2.7,3.4,2.81,2.63,3.2,2.7,2.62,3.3,2.62,2.65,3.2,2.7
2013/2014,2013-10-27 00:00:00,SP2,Spain,La Liga Segunda Division,,Sp Gijon,Las Palmas,2,3,A,2,2,D,1.96,3.45,4.35,1.91,3.5,4.0,1.95,3.2,3.4,1.95,3.2,3.6
2013/2014,2013-10-27 00:00:00,SP2,Spain,La Liga Segunda Division,,Hercules,Jaen,0,1,A,0,0,D,1.91,3.43,4.66,1.85,3.4,4.33,1.95,3.2,3.4,1.83,3.4,3.9
2013/2014,2013-10-27 00:00:00,SP2,Spain,La Liga Segunda Division,,Barcelona B,Eibar,0,2,A,0,0,D,2.1,3.6,3.65,2.0,3.4,3.75,2.0,3.25,3.2,1.95,3.25,3.6
2013/2014,2013-10-26 00:00:00,SP1,Spain,La Liga Primera Division,,Elche,Granada,0,1,A,0,1,A,1.94,3.54,4.48,1.91,3.4,4.0,1.9,3.4,3.75,1.9,3.25,4.25
2013/2014,2013-10-26 00:00:00,SP1,Spain,La Liga Primera Division,,Malaga,Celta,0,5,A,0,2,A,1.74,3.87,5.39,1.7,3.6,5.0,1.75,3.5,4.8,1.65,3.7,5.25
2013/2014,2013-10-25 00:00:00,SP1,Spain,La Liga Primera Division,,Vallecano,Valladolid,0,3,A,0,2,A,2.05,3.56,3.98,1.91,3.6,3.8,2.05,3.4,3.5,2.0,3.3,3.8
2013/2014,2013-10-21 00:00:00,SP1,Spain,La Liga Primera Division,,Celta,Levante,0,1,A,0,0,D,2.04,3.52,4.06,2.05,3.4,3.5,2.1,3.3,3.5,2.05,3.25,3.7
2013/2014,2013-10-20 00:00:00,SP1,Spain,La Liga Primera Division,,Granada,Getafe,0,2,A,0,0,D,2.15,3.37,3.86,2.1,3.4,3.4,2.1,3.3,3.5,2.05,3.3,3.7
2013/2014,2013-10-20 00:00:00,SP1,Spain,La Liga Primera Division,,Betis,Elche,1,2,A,1,2,A,1.78,3.73,5.25,1.73,3.5,5.0,1.8,3.6,4.33,1.72,3.5,5.0
2013/2014,2013-10-20 00:00:00,SP1,Spain,La Liga Primera Division,,Almeria,Vallecano,0,1,A,0,0,D,2.02,3.6,4.04,1.91,3.6,3.75,2.0,3.5,3.6,1.83,3.6,4.1
2013/2014,2013-10-19 00:00:00,SP2,Spain,La Liga Segunda Division,,Ponferradina,Tenerife,0,1,A,0,0,D,2.04,3.33,4.18,2.0,3.3,3.8,1.85,3.2,3.75,1.85,3.2,4.0
2013/2014,2013-10-19 00:00:00,SP2,Spain,La Liga Segunda Division,,Alaves,Barcelona B,2,3,A,1,2,A,2.07,3.49,3.84,2.0,3.3,3.8,1.95,3.25,3.3,2.05,3.3,3.25
2013/2014,2013-10-19 00:00:00,SP1,Spain,La Liga Primera Division,,Valencia,Sociedad,1,2,A,0,1,A,1.78,3.88,4.98,1.73,3.5,5.0,1.8,3.6,4.33,1.75,3.75,4.5
2013/2014,2013-10-13 00:00:00,SP2,Spain,La Liga Segunda Division,,Alcorcon,Numancia,0,1,A,0,0,D,1.95,3.4,4.5,1.83,3.5,4.2,1.8,3.2,4.0,1.83,3.2,4.2
2013/2014,2013-10-13 00:00:00,SP2,Spain,La Liga Segunda Division,,Barcelona B,La Coruna,0,1,A,0,1,A,2.93,3.44,2.51,3.0,3.4,2.3,2.7,3.2,2.3,2.7,3.25,2.35
2013/2014,2013-10-13 00:00:00,SP2,Spain,La Liga Segunda Division,,Tenerife,Mallorca,0,1,A,0,0,D,2.67,3.21,2.91,2.55,3.3,2.7,2.5,3.1,2.5,2.4,3.1,2.75
2013/2014,2013-10-12 00:00:00,SP2,Spain,La Liga Segunda Division,,Mirandes,Alaves,2,3,A,1,3,A,2.27,3.26,3.54,2.2,3.3,3.3,2.1,3.2,3.0,2.05,3.2,3.3
2013/2014,2013-10-12 00:00:00,SP2,Spain,La Liga Segunda Division,,Real Madrid B,Recreativo,1,2,A,1,2,A,2.37,3.38,3.2,2.3,3.3,3.1,2.4,3.1,2.62,2.35,3.4,2.6
2013/2014,2013-10-06 00:00:00,SP2,Spain,La Liga Segunda Division,,Mallorca,Zaragoza,2,4,A,1,3,A,1.99,3.4,4.29,1.91,3.4,4.0,2.0,3.25,3.2,1.95,3.2,3.6
2013/2014,2013-10-05 00:00:00,SP1,Spain,La Liga Primera Division,,Levante,Real Madrid,2,3,A,0,0,D,10.03,5.67,1.34,9.0,5.0,1.33,7.5,5.0,1.36,8.25,5.0,1.34
2013/2014,2013-10-04 00:00:00,SP1,Spain,La Liga Primera Division,,Malaga,Osasuna,0,1,A,0,1,A,1.57,4.22,6.74,1.53,4.0,6.0,1.57,3.75,6.0,1.57,3.8,6.0
2013/2014,2013-09-29 00:00:00,SP2,Spain,La Liga Segunda Division,,Hercules,La Coruna,0,2,A,0,2,A,2.81,3.26,2.72,2.75,3.2,2.6,2.62,3.2,2.37,2.65,3.1,2.5
2013/2014,2013-09-29 00:00:00,SP2,Spain,La Liga Segunda Division,,Barcelona B,Mallorca,0,1,A,0,0,D,2.52,3.54,2.85,2.3,3.3,3.1,2.1,3.4,2.87,2.25,3.3,2.8
2013/2014,2013-09-29 00:00:00,SP2,Spain,La Liga Segunda Division,,Zaragoza,Recreativo,1,2,A,0,1,A,2.1,3.42,3.82,2.05,3.4,3.6,2.1,3.2,3.0,1.95,3.2,3.6
2013/2014,2013-09-29 00:00:00,SP1,Spain,La Liga Primera Division,,Celta,Elche,0,1,A,0,0,D,1.95,3.51,4.49,1.91,3.4,4.0,1.9,3.4,4.0,1.87,3.3,4.4
2013/2014,2013-09-29 00:00:00,SP1,Spain,La Liga Primera Division,,Osasuna,Levante,0,1,A,0,0,D,2.19,3.34,3.79,2.05,3.3,3.6,2.1,3.3,3.5,2.05,3.25,3.7
2013/2014,2013-09-29 00:00:00,SP1,Spain,La Liga Primera Division,,Espanol,Getafe,0,2,A,0,0,D,1.78,3.72,5.29,1.7,3.6,5.0,1.8,3.4,4.8,1.75,3.4,5.0
2013/2014,2013-09-28 00:00:00,SP1,Spain,La Liga Primera Division,,Almeria,Barcelona,0,2,A,0,1,A,18.09,8.3,1.18,13.0,7.0,1.18,13.0,7.5,1.16,13.5,7.0,1.18
2013/2014,2013-09-28 00:00:00,SP1,Spain,La Liga Primera Division,,Real Madrid,Ath Madrid,0,1,A,0,1,A,1.68,4.2,5.35,1.62,3.75,5.5,1.61,4.0,5.2,1.62,4.2,4.75
2013/2014,2013-09-25 00:00:00,SP1,Spain,La Liga Primera Division,,Granada,Valencia,0,1,A,0,0,D,3.26,3.41,2.37,3.1,3.25,2.3,3.0,3.25,2.38,3.1,3.2,2.3
2013/2014,2013-09-25 00:00:00,SP1,Spain,La Liga Primera Division,,Elche,Real Madrid,1,2,A,0,0,D,11.8,6.15,1.29,10.0,5.5,1.29,10.0,5.5,1.29,9.25,5.5,1.28
2013/2014,2013-09-22 00:00:00,SP2,Spain,La Liga Segunda Division,,Girona,Las Palmas,0,2,A,0,0,D,2.31,3.35,3.35,2.3,3.25,3.1,2.05,3.2,3.1,2.25,3.1,3.0
2013/2014,2013-09-21 00:00:00,SP1,Spain,La Liga Primera Division,,Valladolid,Ath Madrid,0,2,A,0,0,D,5.75,3.88,1.7,5.0,3.6,1.7,5.0,3.6,1.7,5.5,3.7,1.62
2013/2014,2013-09-21 00:00:00,SP1,Spain,La Liga Primera Division,,Vallecano,Barcelona,0,4,A,0,1,A,16.85,7.75,1.2,13.0,6.5,1.2,13.0,7.0,1.18,13.0,6.5,1.2
2013/2014,2013-09-21 00:00:00,SP2,Spain,La Liga Segunda Division,,Tenerife,Lugo,0,1,A,0,0,D,2.06,3.29,4.16,2.0,3.3,3.8,2.15,3.2,2.9,2.0,3.1,3.6
2013/2014,2013-09-21 00:00:00,SP2,Spain,La Liga Segunda Division,,Real Madrid B,Zaragoza,1,2,A,0,1,A,3.19,3.29,2.43,3.0,3.2,2.38,2.75,3.2,2.25,2.8,3.2,2.3
2013/2014,2013-09-15 00:00:00,SP2,Spain,La Liga Segunda Division,,Alcorcon,Ponferradina,0,1,A,0,1,A,1.76,3.64,5.35,1.7,3.6,5.0,1.73,3.3,4.2,1.7,3.4,4.6
2013/2014,2013-09-15 00:00:00,SP1,Spain,La Liga Primera Division,,Granada,Espanol,0,1,A,0,0,D,2.42,3.46,3.14,2.4,3.2,3.0,2.25,3.2,3.2,2.4,3.2,3.2
2013/2014,2013-09-14 00:00:00,SP2,Spain,La Liga Segunda Division,,Lugo,Girona,1,2,A,1,0,H,2.23,3.33,3.55,2.1,3.5,3.3,2.15,3.2,2.88,2.15,3.2,3.1
2013/2014,2013-09-14 00:00:00,SP2,Spain,La Liga Segunda Division,,Mirandes,Recreativo,0,3,A,0,1,A,2.11,3.26,3.99,2.1,3.25,3.6,1.95,3.2,3.4,1.95,3.1,3.75
2013/2014,2013-09-08 00:00:00,SP2,Spain,La Liga Segunda Division,,Real Madrid B,Mirandes,0,1,A,0,1,A,2.0,3.51,4.11,1.91,3.4,4.0,1.91,3.2,3.5,1.9,3.3,3.7
2013/2014,2013-09-08 00:00:00,SP2,Spain,La Liga Segunda Division,,La Coruna,Murcia,0,1,A,0,1,A,1.66,3.87,5.95,1.6,4.0,5.25,1.5,3.75,5.5,1.57,3.7,5.25
2013/2014,2013-09-07 00:00:00,SP2,Spain,La Liga Segunda Division,,Zaragoza,Lugo,0,1,A,0,0,D,1.63,3.66,6.96,1.62,3.75,5.5,1.6,3.6,4.5,1.62,3.3,5.5
2013/2014,2013-09-01 00:00:00,SP1,Spain,La Liga Primera Division,,Sociedad,Ath Madrid,1,2,A,0,1,A,2.88,3.51,2.58,2.9,3.3,2.38,2.87,3.4,2.37,2.8,3.25,2.5
2013/2014,2013-09-01 00:00:00,SP1,Spain,La Liga Primera Division,,Valencia,Barcelona,2,3,A,2,3,A,6.13,4.54,1.57,5.5,4.33,1.53,6.0,4.33,1.5,6.25,4.4,1.48
2013/2014,2013-08-31 00:00:00,SP2,Spain,La Liga Segunda Division,,Sabadell,La Coruna,0,3,A,0,0,D,2.95,3.35,2.55,2.88,3.4,2.38,2.7,3.2,2.3,2.75,3.2,2.35
2013/2014,2013-08-31 00:00:00,SP1,Spain,La Liga Primera Division,,Osasuna,Villarreal,0,3,A,0,2,A,2.65,3.31,2.93,2.5,3.2,2.88,2.45,3.2,2.87,2.5,3.25,2.8
2013/2014,2013-08-30 00:00:00,SP1,Spain,La Liga Primera Division,,Vallecano,Levante,1,2,A,0,1,A,1.83,3.74,4.8,1.73,3.6,4.75,1.8,3.5,4.5,1.8,3.7,4.2
2013/2014,2013-08-26 00:00:00,SP1,Spain,La Liga Primera Division,,Granada,Real Madrid,0,1,A,0,1,A,9.11,5.52,1.37,7.5,5.5,1.33,9.0,5.5,1.3,9.25,5.25,1.3
2013/2014,2013-08-25 00:00:00,SP2,Spain,La Liga Segunda Division,,Mallorca,Murcia,2,4,A,0,2,A,1.59,4.04,6.45,1.62,3.8,5.5,1.57,3.5,5.0,1.48,3.8,6.25
2013/2014,2013-08-25 00:00:00,SP1,Spain,La Liga Primera Division,,Malaga,Barcelona,0,1,A,0,1,A,13.7,6.78,1.25,13.0,6.0,1.22,12.0,6.0,1.22,14.0,6.25,1.2
2013/2014,2013-08-25 00:00:00,SP1,Spain,La Liga Primera Division,,Betis,Celta,1,2,A,0,0,D,1.86,3.64,4.78,1.8,3.5,4.5,1.7,3.6,5.0,1.72,3.7,4.75
2013/2014,2013-08-24 00:00:00,SP2,Spain,La Liga Segunda Division,,Real Madrid B,Alcorcon,0,1,A,0,1,A,2.37,3.52,3.08,2.3,3.3,3.1,2.15,3.2,2.87,2.15,3.25,3.1
2013/2014,2013-08-24 00:00:00,SP2,Spain,La Liga Segunda Division,,La Coruna,Cordoba,0,1,A,0,0,D,1.77,3.68,5.19,1.75,3.6,4.75,1.61,3.4,4.75,1.62,3.5,5.0
2013/2014,2013-08-24 00:00:00,SP2,Spain,La Liga Segunda Division,,Eibar,Girona,0,3,A,0,0,D,2.25,3.3,3.53,2.2,3.2,3.4,2.2,3.2,2.8,2.15,3.1,3.2
2013/2014,2013-08-19 00:00:00,SP1,Spain,La Liga Primera Division,,Almeria,Villarreal,2,3,A,1,0,H,2.7,3.32,2.87,2.6,3.2,2.75,2.37,3.2,2.87,2.55,3.25,2.75
2013/2014,2013-08-18 00:00:00,SP1,Spain,La Liga Primera Division,,Sevilla,Ath Madrid,1,3,A,1,1,D,2.89,3.39,2.64,2.8,3.3,2.5,2.75,3.3,2.5,2.7,3.4,2.5
2013/2014,2013-08-18 00:00:00,SP1,Spain,La Liga Primera Division,,Osasuna,Granada,1,2,A,0,2,A,2.13,3.37,3.95,2.0,3.3,3.75,2.0,3.3,3.5,2.0,3.3,3.8
2013/2014,2013-08-18 00:00:00,SP2,Spain,La Liga Segunda Division,,Jaen,Eibar,1,2,A,0,1,A,2.42,3.15,3.34,2.3,3.2,3.2,2.0,3.2,3.25,2.2,3.0,3.2
2013/2014,2013-08-18 00:00:00,SP2,Spain,La Liga Segunda Division,,Murcia,Recreativo,2,3,A,0,1,A,2.47,3.22,3.18,2.4,3.3,2.9,2.1,3.2,3.0,2.35,3.0,2.9
2013/2014,2013-08-17 00:00:00,SP2,Spain,La Liga Segunda Division,,Las Palmas,La Coruna,0,1,A,0,0,D,2.47,3.33,3.08,2.3,3.3,3.1,2.37,3.1,2.62,2.4,3.2,2.7
2013/2014,2013-08-17 00:00:00,SP1,Spain,La Liga Primera Division,,Valladolid,Ath Bilbao,1,2,A,1,1,D,2.69,3.35,2.86,2.5,3.3,2.8,2.6,3.3,2.6,2.6,3.3,2.65
2012/2013,2013-06-02 00:00:00,SP2,Spain,La Liga Segunda Division,,Barcelona B,Villarreal,0,3,A,0,1,A,5.18,4.16,1.68,5.0,3.8,1.65,4.5,3.6,1.6,4.75,3.75,1.6
2012/2013,2013-06-02 00:00:00,SP2,Spain,La Liga Segunda Division,,Cordoba,Mirandes,1,2,A,0,1,A,3.21,3.42,2.35,3.0,3.25,2.35,3.2,3.0,2.1,2.85,3.1,2.35
2012/2013,2013-06-02 00:00:00,SP2,Spain,La Liga Segunda Division,,Guadalajara,Lugo,0,1,A,0,0,D,2.14,3.36,3.78,2.05,3.4,3.6,1.83,3.2,3.75,2.05,3.25,3.3
2012/2013,2013-06-02 00:00:00,SP2,Spain,La Liga Segunda Division,,Hercules,Murcia,0,2,A,0,1,A,3.37,4.21,2.01,3.3,3.75,1.91,,,,,,
2012/2013,2013-06-01 00:00:00,SP1,Spain,La Liga Primera Division,,La Coruna,Sociedad,0,1,A,0,1,A,2.67,3.83,2.6,2.6,3.5,2.6,2.62,3.5,2.5,2.55,3.8,2.4
2012/2013,2013-06-01 00:00:00,SP1,Spain,La Liga Primera Division,,Zaragoza,Ath Madrid,1,3,A,0,0,D,2.3,3.52,3.33,2.2,3.5,3.1,2.05,3.5,3.4,2.25,3.6,2.9
2012/2013,2013-05-26 00:00:00,SP1,Spain,La Liga Primera Division,,Valladolid,Celta,0,2,A,0,1,A,2.99,3.5,2.5,3.0,3.4,2.3,2.7,3.4,2.5,2.85,3.4,2.35
2012/2013,2013-05-26 00:00:00,SP1,Spain,La Liga Primera Division,,Getafe,Vallecano,1,2,A,0,0,D,2.17,3.7,3.45,2.1,3.5,3.3,2.1,3.4,3.4,2.1,3.4,3.3
2012/2013,2013-05-26 00:00:00,SP1,Spain,La Liga Primera Division,,Espanol,Barcelona,0,2,A,0,1,A,5.82,4.42,1.61,5.5,4.1,1.57,5.5,3.8,1.57,5.75,3.9,1.57
2012/2013,2013-05-26 00:00:00,SP1,Spain,La Liga Primera Division,,Ath Bilbao,Levante,0,1,A,0,0,D,1.44,4.82,8.13,1.45,4.33,7.0,1.5,4.0,6.5,1.45,4.1,7.25
2012/2013,2013-05-26 00:00:00,SP2,Spain,La Liga Segunda Division,,Murcia,Ponferradina,0,2,A,0,0,D,2.14,3.35,3.77,2.15,3.2,3.5,2.2,3.2,2.8,2.1,3.1,3.3
2012/2013,2013-05-25 00:00:00,SP2,Spain,La Liga Segunda Division,,Alcorcon,Almeria,0,3,A,0,1,A,2.44,3.37,3.1,2.38,3.2,3.0,2.2,3.2,2.8,2.3,3.0,3.0
2012/2013,2013-05-19 00:00:00,SP1,Spain,La Liga Primera Division,,Levante,Vallecano,2,3,A,0,1,A,2.66,3.48,2.79,2.5,3.3,2.75,2.38,3.4,2.88,2.45,3.3,2.8
2012/2013,2013-05-19 00:00:00,SP1,Spain,La Liga Primera Division,,Zaragoza,Ath Bilbao,1,2,A,1,0,H,1.91,3.8,4.3,1.85,3.5,4.2,1.91,3.6,3.8,1.83,3.6,4.1
2012/2013,2013-05-19 00:00:00,SP2,Spain,La Liga Segunda Division,,Sabadell,Santander,0,2,A,0,1,A,2.39,3.29,3.24,2.38,3.25,3.0,2.1,3.5,2.75,2.25,3.2,2.9
2012/2013,2013-05-18 00:00:00,SP1,Spain,La Liga Primera Division,,Sevilla,Sociedad,1,2,A,1,2,A,1.9,3.96,4.13,1.91,3.6,3.75,1.91,3.6,3.75,1.85,3.7,3.9
2012/2013,2013-05-18 00:00:00,SP1,Spain,La Liga Primera Division,,Getafe,Valencia,0,1,A,0,1,A,4.9,3.94,1.78,4.5,3.75,1.75,4.2,3.6,1.83,4.4,3.7,1.75
2012/2013,2013-05-18 00:00:00,SP2,Spain,La Liga Segunda Division,,Xerez,Sp Gijon,0,2,A,0,1,A,3.26,3.42,2.34,3.2,3.4,2.2,3.6,3.3,1.85,3.3,3.1,2.1
2012/2013,2013-05-13 00:00:00,SP2,Spain,La Liga Segunda Division,,Recreativo,Hercules,0,2,A,0,1,A,2.37,3.17,3.42,2.2,3.4,3.2,2.15,3.2,2.88,2.2,3.0,3.2
2012/2013,2013-05-12 00:00:00,SP1,Spain,La Liga Primera Division,,Ath Madrid,Barcelona,1,2,A,0,0,D,3.95,4.04,1.93,4.0,3.5,1.91,3.6,3.75,1.91,3.9,3.5,1.9
2012/2013,2013-05-12 00:00:00,SP1,Spain,La Liga Primera Division,,Vallecano,Valencia,0,4,A,0,2,A,3.66,3.69,2.1,3.6,3.3,2.05,3.6,3.5,2.0,3.75,3.3,2.0
2012/2013,2013-05-12 00:00:00,SP2,Spain,La Liga Segunda Division,,Alcorcon,Villarreal,1,3,A,0,2,A,2.66,3.16,2.96,2.5,3.0,3.0,2.38,3.0,2.7,2.45,3.1,2.7
2012/2013,2013-05-11 00:00:00,SP2,Spain,La Liga Segunda Division,,Girona,Xerez,2,4,A,1,3,A,1.3,5.62,12.25,1.29,5.5,10.0,1.22,5.0,9.5,1.26,5.0,9.5
2012/2013,2013-05-11 00:00:00,SP2,Spain,La Liga Segunda Division,,Lugo,Almeria,3,5,A,1,1,D,3.53,3.29,2.25,3.3,3.3,2.2,2.8,3.1,2.25,2.9,3.2,2.25
2012/2013,2013-05-08 00:00:00,SP1,Spain,La Liga Primera Division,,Celta,Ath Madrid,1,3,A,0,0,D,3.31,3.6,2.27,3.4,3.2,2.2,3.4,3.3,2.15,3.3,3.3,2.15
2012/2013,2013-05-05 00:00:00,SP2,Spain,La Liga Segunda Division,,Villarreal,Elche,2,3,A,1,0,H,1.75,3.66,5.36,1.73,3.5,5.0,1.72,3.25,4.2,1.72,3.25,4.75
2012/2013,2013-05-03 00:00:00,SP2,Spain,La Liga Segunda Division,,Xerez,Cordoba,1,3,A,1,0,H,4.11,3.5,2.02,4.0,3.4,1.91,3.75,3.3,1.8,3.8,3.3,1.87
2012/2013,2013-04-28 00:00:00,SP1,Spain,La Liga Primera Division,,Espanol,Granada,0,1,A,0,1,A,2.03,3.56,4.07,1.95,3.5,3.8,1.95,3.4,3.8,1.95,3.5,3.8
2012/2013,2013-04-27 00:00:00,SP1,Spain,La Liga Primera Division,,Ath Madrid,Real Madrid,1,2,A,1,1,D,2.68,3.61,2.68,2.63,3.5,2.5,2.62,3.5,2.5,2.35,3.5,2.8
2012/2013,2013-04-27 00:00:00,SP1,Spain,La Liga Primera Division,,Levante,Celta,0,1,A,0,1,A,2.17,3.5,3.65,2.05,3.3,3.6,2.1,3.4,3.4,2.15,3.4,3.3
2012/2013,2013-04-27 00:00:00,SP2,Spain,La Liga Segunda Division,,Sp Gijon,Hercules,0,1,A,0,0,D,1.88,3.51,4.72,1.8,3.5,4.5,1.85,3.2,3.75,1.83,3.1,4.33
2012/2013,2013-04-26 00:00:00,SP2,Spain,La Liga Segunda Division,,Santander,Barcelona B,1,2,A,1,1,D,2.42,3.57,3.01,2.38,3.4,2.88,2.2,3.2,2.8,2.25,3.2,2.9
2012/2013,2013-04-21 00:00:00,SP1,Spain,La Liga Primera Division,,Getafe,Espanol,0,2,A,0,1,A,2.3,3.4,3.43,2.2,3.2,3.4,2.2,3.3,3.3,2.25,3.25,3.2
2012/2013,2013-04-21 00:00:00,SP1,Spain,La Liga Primera Division,,Sevilla,Ath Madrid,0,1,A,0,0,D,2.54,3.42,3.0,2.4,3.3,2.88,2.5,3.3,2.75,2.45,3.3,2.8
2012/2013,2013-04-20 00:00:00,SP2,Spain,La Liga Segunda Division,,Xerez,Las Palmas,1,2,A,1,1,D,5.27,3.86,1.72,4.75,3.6,1.73,5.0,3.3,1.61,5.5,3.4,1.6
2012/2013,2013-04-14 00:00:00,SP1,Spain,La Liga Primera Division,,Zaragoza,Barcelona,0,3,A,0,2,A,7.33,4.89,1.47,7.5,4.75,1.4,8.0,4.8,1.36,7.0,4.4,1.44
2012/2013,2013-04-14 00:00:00,SP1,Spain,La Liga Primera Division,,Ath Bilbao,Real Madrid,0,3,A,0,1,A,6.62,4.74,1.52,7.0,4.5,1.44,6.5,4.5,1.44,6.25,4.6,1.45
2012/2013,2013-04-14 00:00:00,SP1,Spain,La Liga Primera Division,,Vallecano,Sociedad,0,2,A,0,2,A,2.5,3.58,2.93,2.5,3.4,2.7,2.4,3.4,2.8,2.5,3.4,2.7
2012/2013,2013-04-14 00:00:00,SP2,Spain,La Liga Segunda Division,,Cordoba,Ponferradina,0,1,A,0,0,D,1.79,3.7,4.99,1.75,3.5,4.75,1.8,3.3,3.75,1.75,3.3,4.4
2012/2013,2013-04-13 00:00:00,SP1,Spain,La Liga Primera Division,,Levante,La Coruna,0,4,A,0,3,A,2.23,3.54,3.46,2.2,3.3,3.3,2.1,3.4,3.4,2.25,3.25,3.2
2012/2013,2013-04-13 00:00:00,SP2,Spain,La Liga Segunda Division,,Numancia,Barcelona B,0,1,A,0,0,D,2.2,3.5,3.46,2.2,3.4,3.2,2.1,3.2,3.0,2.15,3.2,3.1
2012/2013,2013-04-13 00:00:00,SP2,Spain,La Liga Segunda Division,,Lugo,Alcorcon,0,1,A,0,1,A,2.82,3.19,2.77,2.7,3.1,2.7,2.37,3.1,2.62,2.55,2.9,2.75
2012/2013,2013-04-13 00:00:00,SP2,Spain,La Liga Segunda Division,,Recreativo,Real Madrid B,1,3,A,0,0,D,2.2,3.52,3.45,2.2,3.4,3.2,2.0,3.3,3.2,2.1,3.2,3.2
2012/2013,2013-04-13 00:00:00,SP2,Spain,La Liga Segunda Division,,Santander,Girona,0,1,A,0,0,D,2.64,3.25,2.91,2.6,3.1,2.8,2.6,3.2,2.37,2.5,2.95,2.75
2012/2013,2013-04-07 00:00:00,SP1,Spain,La Liga Primera Division,,Osasuna,Espanol,0,2,A,0,0,D,2.01,3.39,4.41,2.0,3.3,3.8,2.05,3.3,3.6,1.95,3.3,4.0
2012/2013,2013-04-07 00:00:00,SP1,Spain,La Liga Primera Division,,Celta,Vallecano,0,2,A,0,1,A,2.08,3.62,3.79,2.0,3.5,3.6,2.1,3.4,3.4,2.0,3.5,3.6
2012/2013,2013-04-06 00:00:00,SP2,Spain,La Liga Segunda Division,,Alcorcon,Santander,0,1,A,0,1,A,1.6,3.86,6.9,1.57,3.8,6.0,1.6,3.4,5.0,1.55,3.4,6.25
2012/2013,2013-04-06 00:00:00,SP2,Spain,La Liga Segunda Division,,Ponferradina,Las Palmas,0,1,A,0,0,D,2.68,3.33,2.8,2.5,3.3,2.75,2.3,3.3,2.6,2.45,3.0,2.8
2012/2013,2013-04-05 00:00:00,SP1,Spain,La Liga Primera Division,,Granada,Betis,1,5,A,0,3,A,2.32,3.44,3.35,2.3,3.3,3.1,2.25,3.3,3.1,2.35,3.25,3.0
2012/2013,2013-03-31 00:00:00,SP1,Spain,La Liga Primera Division,,Mallorca,La Coruna,2,3,A,1,1,D,1.98,3.6,4.18,1.91,3.5,4.0,2.0,3.4,3.75,1.87,3.5,4.1
2012/2013,2013-03-31 00:00:00,SP1,Spain,La Liga Primera Division,,Valladolid,Osasuna,1,3,A,1,0,H,2.26,3.31,3.63,2.1,3.2,3.6,2.05,3.3,3.6,2.0,3.3,3.8
2012/2013,2013-03-31 00:00:00,SP2,Spain,La Liga Segunda Division,,Mirandes,Villarreal,1,5,A,1,2,A,4.14,3.28,2.07,4.2,3.1,2.0,3.4,3.1,2.0,3.5,3.1,2.05
2012/2013,2013-03-31 00:00:00,SP2,Spain,La Liga Segunda Division,,Huesca,Almeria,1,2,A,0,1,A,3.41,3.15,2.38,3.2,3.25,2.25,2.7,3.25,2.25,3.2,2.9,2.25
2012/2013,2013-03-30 00:00:00,SP2,Spain,La Liga Segunda Division,,Las Palmas,Guadalajara,0,1,A,0,0,D,1.61,4.06,6.11,1.57,3.8,6.0,1.57,3.3,5.5,1.57,3.5,5.75
2012/2013,2013-03-30 00:00:00,SP1,Spain,La Liga Primera Division,,Vallecano,Malaga,1,3,A,1,1,D,1.87,3.68,4.68,1.85,3.4,4.33,1.9,3.5,3.75,1.91,3.2,4.4
2012/2013,2013-03-24 00:00:00,SP2,Spain,La Liga Segunda Division,,Almeria,Sp Gijon,0,1,A,0,1,A,1.83,3.67,4.75,1.83,3.5,4.33,1.75,3.3,4.0,1.85,3.3,3.9
2012/2013,2013-03-24 00:00:00,SP2,Spain,La Liga Segunda Division,,Sabadell,Las Palmas,0,4,A,0,2,A,2.65,3.39,2.79,2.6,3.1,2.8,2.5,3.1,2.5,2.55,3.1,2.6
2012/2013,2013-03-24 00:00:00,SP2,Spain,La Liga Segunda Division,,Guadalajara,Hercules,0,2,A,0,1,A,2.0,3.42,4.2,1.91,3.25,4.33,1.95,3.25,3.3,1.95,3.2,3.6
2012/2013,2013-03-23 00:00:00,SP2,Spain,La Liga Segunda Division,,Xerez,Ponferradina,1,2,A,0,1,A,2.7,3.17,2.9,2.5,3.3,2.75,2.6,3.1,2.4,2.65,2.95,2.6
2012/2013,2013-03-23 00:00:00,SP2,Spain,La Liga Segunda Division,,Barcelona B,Huesca,0,1,A,0,1,A,1.72,3.9,5.15,1.67,3.75,5.0,1.57,3.5,5.0,1.62,3.75,4.6
2012/2013,2013-03-17 00:00:00,SP2,Spain,La Liga Segunda Division,,Mirandes,Alcorcon,0,2,A,0,2,A,2.77,3.09,2.89,2.7,3.0,2.8,2.4,3.1,2.6,2.4,2.95,2.9
2012/2013,2013-03-17 00:00:00,SP2,Spain,La Liga Segunda Division,,Murcia,Lugo,0,1,A,0,1,A,1.93,3.39,4.64,1.91,3.25,4.33,1.8,3.2,4.0,1.78,3.2,4.4
2012/2013,2013-03-17 00:00:00,SP1,Spain,La Liga Primera Division,,Osasuna,Ath Madrid,0,2,A,0,1,A,3.75,3.4,2.17,3.4,3.3,2.15,3.75,3.4,2.0,3.6,3.5,2.0
2012/2013,2013-03-17 00:00:00,SP1,Spain,La Liga Primera Division,,Malaga,Espanol,0,2,A,0,0,D,1.95,3.53,4.45,1.91,3.3,4.2,1.83,3.5,4.33,1.91,3.3,4.2
2012/2013,2013-03-16 00:00:00,SP2,Spain,La Liga Segunda Division,,Huesca,Villarreal,0,1,A,0,0,D,3.72,3.17,2.24,3.6,3.2,2.1,3.0,3.2,2.1,3.3,3.0,2.15
2012/2013,2013-03-16 00:00:00,SP2,Spain,La Liga Segunda Division,,Recreativo,Girona,1,3,A,0,2,A,2.15,3.41,3.68,2.1,3.2,3.6,2.05,3.25,3.1,2.1,3.2,3.2
2012/2013,2013-03-10 00:00:00,SP1,Spain,La Liga Primera Division,,Ath Madrid,Sociedad,0,1,A,0,0,D,1.53,4.45,6.94,1.5,4.33,6.0,1.53,4.2,6.0,1.53,4.2,5.75
2012/2013,2013-03-10 00:00:00,SP1,Spain,La Liga Primera Division,,Celta,Real Madrid,1,2,A,0,0,D,7.65,4.93,1.46,6.5,4.5,1.45,6.5,4.5,1.44,7.25,4.75,1.4
2012/2013,2013-03-09 00:00:00,SP2,Spain,La Liga Segunda Division,,Elche,Mirandes,0,1,A,0,1,A,1.54,3.95,7.86,1.53,3.75,7.0,1.4,3.75,7.0,1.45,3.7,7.0
2012/2013,2013-03-09 00:00:00,SP2,Spain,La Liga Segunda Division,,Sabadell,Ponferradina,0,3,A,0,1,A,2.04,3.4,4.08,2.0,3.4,3.75,1.9,3.2,3.5,2.0,3.2,3.5
2012/2013,2013-03-09 00:00:00,SP2,Spain,La Liga Segunda Division,,Xerez,Guadalajara,0,1,A,0,0,D,2.62,3.16,3.0,2.4,3.2,3.0,2.5,3.1,2.5,2.5,2.95,2.75
2012/2013,2013-03-09 00:00:00,SP2,Spain,La Liga Segunda Division,,Almeria,Las Palmas,2,3,A,0,2,A,1.9,3.65,4.36,1.85,3.5,4.2,1.72,3.3,4.2,1.83,3.3,4.0
2012/2013,2013-03-03 00:00:00,SP2,Spain,La Liga Segunda Division,,Cordoba,Villarreal,0,2,A,0,2,A,2.68,3.24,2.95,2.5,3.1,2.9,2.2,3.2,2.8,2.6,3.0,2.6
2012/2013,2013-03-03 00:00:00,SP2,Spain,La Liga Segunda Division,,Huesca,Alcorcon,0,1,A,0,0,D,2.77,3.25,2.77,2.75,3.1,2.63,2.3,3.2,2.7,2.55,3.0,2.65
2012/2013,2013-03-03 00:00:00,SP1,Spain,La Liga Primera Division,,Granada,Mallorca,1,2,A,1,1,D,2.05,3.49,4.07,2.05,3.25,3.75,2.0,3.4,3.75,1.95,3.3,4.0
2012/2013,2013-03-03 00:00:00,SP2,Spain,La Liga Segunda Division,,Hercules,Almeria,0,2,A,0,0,D,3.03,3.27,2.53,2.9,3.1,2.5,2.6,3.1,2.4,2.85,3.1,2.35
2012/2013,2013-03-02 00:00:00,SP1,Spain,La Liga Primera Division,,Osasuna,Ath Bilbao,0,1,A,0,0,D,2.31,3.44,3.37,2.3,3.25,3.1,2.3,3.3,3.1,2.35,3.25,3.0
2012/2013,2013-03-02 00:00:00,SP2,Spain,La Liga Segunda Division,,Recreativo,Elche,1,2,A,0,1,A,3.1,3.16,2.56,2.9,3.0,2.6,2.5,3.0,2.6,2.65,3.0,2.55
2012/2013,2013-02-25 00:00:00,SP1,Spain,La Liga Primera Division,,Levante,Osasuna,0,2,A,0,0,D,2.04,3.42,4.21,1.91,3.4,4.0,2.0,3.4,3.75,1.87,3.4,4.25
2012/2013,2013-02-24 00:00:00,SP2,Spain,La Liga Segunda Division,,Xerez,Sabadell,0,1,A,0,0,D,2.41,3.35,3.16,2.38,3.25,3.0,2.4,3.1,2.6,2.4,3.1,2.75
2012/2013,2013-02-24 00:00:00,SP1,Spain,La Liga Primera Division,,Vallecano,Valladolid,1,2,A,0,0,D,1.78,3.81,5.08,1.75,3.5,4.75,1.8,3.5,4.5,1.78,3.5,4.6
2012/2013,2013-02-23 00:00:00,SP1,Spain,La Liga Primera Division,,La Coruna,Real Madrid,1,2,A,1,0,H,8.36,5.44,1.4,8.5,5.0,1.33,7.5,5.5,1.33,8.25,5.0,1.34
2012/2013,2013-02-23 00:00:00,SP1,Spain,La Liga Primera Division,,Mallorca,Getafe,1,3,A,1,0,H,2.19,3.51,3.59,2.2,3.2,3.4,2.25,3.25,3.2,2.15,3.4,3.3
2012/2013,2013-02-23 00:00:00,SP2,Spain,La Liga Segunda Division,,Alcorcon,Sp Gijon,0,1,A,0,1,A,1.98,3.58,4.07,1.91,3.4,4.0,1.8,3.3,3.75,1.83,3.3,4.0
2012/2013,2013-02-22 00:00:00,SP1,Spain,La Liga Primera Division,,Ath Bilbao,Sociedad,1,3,A,1,1,D,2.32,3.59,3.21,2.25,3.4,3.1,2.3,3.4,3.0,2.3,3.4,2.95
2012/2013,2013-02-17 00:00:00,SP2,Spain,La Liga Segunda Division,,Sp Gijon,Elche,0,2,A,0,1,A,2.55,3.22,3.06,2.45,3.25,2.88,2.4,3.1,2.6,2.5,3.0,2.7
2012/2013,2013-02-17 00:00:00,SP1,Spain,La Liga Primera Division,,Valladolid,Ath Madrid,0,3,A,0,1,A,3.94,3.56,2.06,3.75,3.4,2.0,3.8,3.4,1.95,3.6,3.3,2.05
2012/2013,2013-02-17 00:00:00,SP2,Spain,La Liga Segunda Division,,Mirandes,Murcia,0,1,A,0,1,A,2.09,3.25,4.1,2.0,3.2,4.0,1.85,3.2,3.75,2.0,3.1,3.6
2012/2013,2013-02-16 00:00:00,SP1,Spain,La Liga Primera Division,,Granada,Barcelona,1,2,A,1,0,H,12.2,6.32,1.28,10.0,6.0,1.25,10.0,6.0,1.25,11.5,6.25,1.22
2012/2013,2013-02-10 00:00:00,SP1,Spain,La Liga Primera Division,,Zaragoza,Sociedad,1,2,A,0,2,A,2.57,3.43,2.95,2.4,3.3,2.88,2.4,3.3,2.87,2.4,3.25,2.95
2012/2013,2013-02-10 00:00:00,SP1,Spain,La Liga Primera Division,,Ath Bilbao,Espanol,0,4,A,0,1,A,1.76,3.94,5.06,1.73,3.6,4.75,1.8,3.6,4.33,1.72,3.6,4.75
2012/2013,2013-02-09 00:00:00,SP2,Spain,La Liga Segunda Division,,Lugo,Sp Gijon,1,2,A,0,1,A,2.75,3.26,2.78,2.6,3.1,2.8,2.2,3.1,2.87,2.6,3.0,2.6
2012/2013,2013-02-09 00:00:00,SP2,Spain,La Liga Segunda Division,,Murcia,Recreativo,1,2,A,0,0,D,2.35,3.28,3.33,2.3,3.2,3.1,2.3,3.2,2.7,2.25,3.1,3.0
2012/2013,2013-02-09 00:00:00,SP2,Spain,La Liga Segunda Division,,Xerez,Real Madrid B,0,1,A,0,0,D,2.42,3.49,3.03,2.4,3.2,3.0,2.4,3.3,2.5,2.25,3.3,2.85
2012/2013,2013-02-09 00:00:00,SP1,Spain,La Liga Primera Division,,La Coruna,Granada,0,3,A,0,1,A,2.04,3.59,3.98,2.0,3.3,3.8,2.15,3.4,3.2,2.05,3.3,3.6
2012/2013,2013-02-09 00:00:00,SP2,Spain,La Liga Segunda Division,,Barcelona B,Guadalajara,0,1,A,0,0,D,1.62,4.24,5.68,1.57,3.8,6.0,1.53,3.3,6.0,1.57,3.8,5.0
2012/2013,2013-02-09 00:00:00,SP1,Spain,La Liga Primera Division,,Levante,Malaga,1,2,A,1,1,D,2.57,3.45,2.93,2.5,3.25,2.8,2.5,3.25,2.75,2.55,3.25,2.75
2012/2013,2013-02-09 00:00:00,SP1,Spain,La Liga Primera Division,,Celta,Valencia,0,1,A,0,0,D,2.91,3.44,2.59,2.63,3.3,2.63,2.75,3.3,2.5,2.65,3.3,2.6
2012/2013,2013-02-02 00:00:00,SP2,Spain,La Liga Segunda Division,,Sp Gijon,Santander,1,2,A,1,0,H,1.48,4.3,8.2,1.44,4.2,7.5,1.44,3.6,6.5,1.4,4.0,7.25
2012/2013,2013-01-27 00:00:00,SP1,Spain,La Liga Primera Division,,Mallorca,Malaga,2,3,A,1,2,A,3.0,3.36,2.56,3.0,3.2,2.4,3.0,3.2,2.4,3.0,3.2,2.4
2012/2013,2013-01-27 00:00:00,SP2,Spain,La Liga Segunda Division,,Numancia,Huesca,1,2,A,0,0,D,1.86,3.42,4.99,1.73,3.5,5.0,1.8,3.1,4.2,1.75,3.25,4.5
2012/2013,2013-01-27 00:00:00,SP2,Spain,La Liga Segunda Division,,Xerez,Almeria,0,2,A,0,2,A,3.18,3.25,2.45,2.75,3.3,2.5,3.0,3.2,2.1,2.9,3.1,2.3
2012/2013,2013-01-26 00:00:00,SP2,Spain,La Liga Segunda Division,,Santander,Cordoba,1,3,A,1,1,D,2.95,3.28,2.59,2.7,3.2,2.6,2.37,3.1,2.6,2.65,3.0,2.55
2012/2013,2013-01-26 00:00:00,SP1,Spain,La Liga Primera Division,,La Coruna,Valencia,2,3,A,2,1,H,3.08,3.42,2.47,2.88,3.2,2.5,2.9,3.3,2.37,2.85,3.4,2.4
2012/2013,2013-01-20 00:00:00,SP2,Spain,La Liga Segunda Division,,Huesca,Mirandes,0,1,A,0,0,D,2.35,3.25,3.36,2.3,3.2,3.2,2.2,3.0,3.0,2.25,3.0,3.1
2012/2013,2013-01-20 00:00:00,SP1,Spain,La Liga Primera Division,,Valencia,Real Madrid,0,5,A,0,5,A,4.46,3.96,1.84,4.5,3.75,1.75,4.5,3.75,1.72,4.1,3.8,1.8
2012/2013,2013-01-13 00:00:00,SP2,Spain,La Liga Segunda Division,,Ponferradina,Lugo,0,1,A,0,0,D,1.88,3.53,4.67,1.83,3.4,4.33,1.83,3.25,3.75,1.8,3.3,4.1
2012/2013,2013-01-13 00:00:00,SP1,Spain,La Liga Primera Division,,Malaga,Barcelona,1,3,A,0,1,A,7.7,4.87,1.46,7.0,4.75,1.4,6.5,4.5,1.44,7.5,4.33,1.42
2012/2013,2013-01-11 00:00:00,SP1,Spain,La Liga Primera Division,,Ath Bilbao,Vallecano,1,2,A,0,0,D,2.0,3.86,3.83,1.91,3.5,4.0,1.95,3.5,3.75,1.91,3.7,3.7
2012/2013,2013-01-06 00:00:00,SP2,Spain,La Liga Segunda Division,,Girona,Almeria,0,1,A,0,0,D,2.35,3.27,3.35,2.2,3.25,3.25,2.1,3.2,3.0,2.25,3.1,3.0
2012/2013,2013-01-05 00:00:00,SP2,Spain,La Liga Segunda Division,,Villarreal,Barcelona B,1,3,A,0,1,A,1.98,3.54,4.13,2.0,3.3,3.75,1.95,3.2,3.4,1.91,3.4,3.5
2012/2013,2013-01-05 00:00:00,SP1,Spain,La Liga Primera Division,,Granada,Valencia,1,2,A,0,0,D,3.31,3.41,2.35,3.25,3.2,2.25,3.25,3.3,2.2,3.2,3.25,2.25
2012/2013,2013-01-04 00:00:00,SP1,Spain,La Liga Primera Division,,Zaragoza,Betis,1,2,A,0,1,A,2.26,3.55,3.38,2.2,3.4,3.2,2.3,3.3,3.0,2.25,3.25,3.2
2012/2013,2012-12-22 00:00:00,SP2,Spain,La Liga Segunda Division,,Hercules,Numancia,1,3,A,1,3,A,2.33,3.3,3.36,2.3,3.25,3.1,2.2,3.0,3.0,2.25,3.1,3.0
2012/2013,2012-12-22 00:00:00,SP2,Spain,La Liga Segunda Division,,Cordoba,Recreativo,0,2,A,0,1,A,1.85,3.47,4.93,1.83,3.4,4.5,1.7,3.3,4.33,1.78,3.2,4.4
2012/2013,2012-12-22 00:00:00,SP2,Spain,La Liga Segunda Division,,Sabadell,Lugo,0,1,A,0,1,A,2.05,3.35,4.11,2.05,3.25,3.75,1.85,3.2,3.75,1.95,3.2,3.6
2012/2013,2012-12-22 00:00:00,SP1,Spain,La Liga Primera Division,,Osasuna,Granada,1,2,A,1,1,D,1.97,3.46,4.46,1.95,3.3,4.0,2.0,3.3,3.75,1.9,3.3,4.25
2012/2013,2012-12-22 00:00:00,SP1,Spain,La Liga Primera Division,,Betis,Mallorca,1,2,A,1,1,D,1.77,3.87,5.1,1.7,3.6,5.0,1.75,3.6,4.5,1.7,3.6,5.0
2012/2013,2012-12-22 00:00:00,SP1,Spain,La Liga Primera Division,,Ath Bilbao,Zaragoza,0,2,A,0,2,A,1.86,3.78,4.58,1.83,3.5,4.2,1.85,3.4,4.33,1.83,3.5,4.33
2012/2013,2012-12-22 00:00:00,SP1,Spain,La Liga Primera Division,,Valladolid,Barcelona,1,3,A,0,1,A,13.7,6.95,1.25,13.0,6.0,1.22,10.0,6.0,1.25,14.0,6.25,1.2
2012/2013,2012-12-21 00:00:00,SP2,Spain,La Liga Segunda Division,,Almeria,Alcorcon,0,1,A,0,1,A,2.02,3.49,4.12,2.0,3.2,4.0,1.8,3.4,3.7,1.95,3.1,3.8
2012/2013,2012-12-21 00:00:00,SP2,Spain,La Liga Segunda Division,,Real Madrid B,Elche,0,1,A,0,0,D,2.82,3.57,2.56,2.8,3.4,2.4,2.62,3.25,2.3,2.7,3.3,2.35
2012/2013,2012-12-17 00:00:00,SP1,Spain,La Liga Primera Division,,Celta,Betis,0,1,A,0,0,D,2.07,3.54,3.93,2.05,3.4,3.5,2.1,3.4,3.4,2.0,3.4,3.6
2012/2013,2012-12-16 00:00:00,SP1,Spain,La Liga Primera Division,,Valencia,Vallecano,0,1,A,0,0,D,1.48,4.8,7.35,1.44,4.33,7.0,1.5,4.33,6.0,1.42,4.33,7.5
2012/2013,2012-12-16 00:00:00,SP1,Spain,La Liga Primera Division,,Zaragoza,Levante,0,1,A,0,1,A,2.02,3.57,4.08,2.0,3.4,3.75,2.05,3.4,3.5,1.95,3.3,3.9
2012/2013,2012-12-16 00:00:00,SP2,Spain,La Liga Segunda Division,,Santander,Sabadell,0,1,A,0,1,A,2.46,3.32,3.1,2.4,3.1,3.1,2.5,3.1,2.5,2.45,3.0,2.8
2012/2013,2012-12-16 00:00:00,SP2,Spain,La Liga Segunda Division,,Numancia,Ponferradina,0,1,A,0,1,A,2.22,3.27,3.66,2.2,3.1,3.5,2.1,3.1,3.0,2.15,3.1,3.2
2012/2013,2012-12-15 00:00:00,SP1,Spain,La Liga Primera Division,,Sevilla,Malaga,0,2,A,0,0,D,2.1,3.64,3.73,2.1,3.3,3.5,2.15,3.3,3.25,2.0,3.3,3.75
2012/2013,2012-12-15 00:00:00,SP1,Spain,La Liga Primera Division,,Mallorca,Ath Bilbao,0,1,A,0,1,A,2.45,3.49,3.07,2.4,3.4,2.8,2.4,3.4,2.8,2.35,3.2,3.0
2012/2013,2012-12-15 00:00:00,SP2,Spain,La Liga Segunda Division,,Murcia,Guadalajara,0,1,A,0,0,D,2.11,3.27,3.99,2.1,3.2,3.6,1.8,3.2,4.0,1.95,3.2,3.6
2012/2013,2012-12-15 00:00:00,SP2,Spain,La Liga Segunda Division,,Huesca,Cordoba,1,3,A,1,1,D,2.58,3.23,3.01,2.5,3.2,2.88,2.3,3.0,2.8,2.45,3.1,2.7
2012/2013,2012-12-10 00:00:00,SP1,Spain,La Liga Primera Division,,Vallecano,Zaragoza,0,2,A,0,1,A,2.27,3.58,3.32,2.25,3.3,3.2,2.15,3.5,3.2,2.2,3.3,3.2
2012/2013,2012-12-09 00:00:00,SP2,Spain,La Liga Segunda Division,,Xerez,Girona,0,2,A,0,1,A,2.59,3.3,2.93,2.5,3.25,2.8,2.4,3.1,2.6,2.4,3.1,2.75
2012/2013,2012-12-09 00:00:00,SP1,Spain,La Liga Primera Division,,Betis,Barcelona,1,2,A,1,2,A,11.24,6.06,1.31,9.0,5.5,1.3,8.5,5.0,1.33,9.0,5.25,1.3
2012/2013,2012-12-08 00:00:00,SP1,Spain,La Liga Primera Division,,Osasuna,Valencia,0,1,A,0,0,D,2.74,3.34,2.8,2.63,3.3,2.63,2.75,3.3,2.5,2.8,3.1,2.55
2012/2013,2012-12-08 00:00:00,SP1,Spain,La Liga Primera Division,,Valladolid,Real Madrid,2,3,A,2,2,D,11.45,6.24,1.29,10.0,6.0,1.25,9.5,5.5,1.29,11.5,5.5,1.25
2012/2013,2012-12-08 00:00:00,SP2,Spain,La Liga Segunda Division,,Almeria,Lugo,0,1,A,0,0,D,1.5,4.36,7.57,1.5,4.0,7.0,1.4,3.75,7.0,1.45,3.9,6.5
2012/2013,2012-12-03 00:00:00,SP1,Spain,La Liga Primera Division,,Sevilla,Valladolid,1,2,A,0,2,A,1.74,3.95,5.25,1.7,3.75,4.75,1.8,3.6,4.33,1.75,3.5,4.75
2012/2013,2012-12-02 00:00:00,SP2,Spain,La Liga Segunda Division,,Santander,Almeria,3,4,A,1,3,A,3.28,3.21,2.42,3.1,3.1,2.38,2.7,3.2,2.3,2.75,3.1,2.4
2012/2013,2012-12-02 00:00:00,SP1,Spain,La Liga Primera Division,,La Coruna,Betis,2,3,A,0,1,A,2.15,3.55,3.65,2.1,3.4,3.4,2.2,3.4,3.2,2.1,3.3,3.4
2012/2013,2012-12-02 00:00:00,SP2,Spain,La Liga Segunda Division,,Recreativo,Ponferradina,0,2,A,0,1,A,2.1,3.4,3.86,2.0,3.2,3.8,1.8,3.3,3.8,2.0,3.25,3.4
2012/2013,2012-12-01 00:00:00,SP1,Spain,La Liga Primera Division,,Valencia,Sociedad,2,5,A,1,1,D,1.67,4.04,5.74,1.6,3.8,5.75,1.62,3.8,5.5,1.6,3.7,5.75
2012/2013,2012-12-01 00:00:00,SP2,Spain,La Liga Segunda Division,,Lugo,Barcelona B,1,2,A,1,0,H,3.08,3.54,2.36,3.1,3.3,2.3,2.62,3.1,2.38,2.85,3.2,2.3
2012/2013,2012-11-26 00:00:00,SP1,Spain,La Liga Primera Division,,Zaragoza,Celta,0,1,A,0,0,D,2.16,3.5,3.69,2.1,3.3,3.5,2.15,3.4,3.25,2.15,3.3,3.3
2012/2013,2012-11-25 00:00:00,SP2,Spain,La Liga Segunda Division,,Real Madrid B,Numancia,2,4,A,1,1,D,2.14,3.56,3.55,2.0,3.3,3.75,1.85,3.2,3.75,1.95,3.3,3.5
2012/2013,2012-11-25 00:00:00,SP2,Spain,La Liga Segunda Division,,Xerez,Alcorcon,2,4,A,0,1,A,2.72,3.2,2.86,2.6,3.2,2.75,2.3,3.1,2.75,2.5,3.0,2.7
2012/2013,2012-11-25 00:00:00,SP1,Spain,La Liga Primera Division,,Espanol,Getafe,0,2,A,0,1,A,2.23,3.46,3.53,2.1,3.4,3.4,2.15,3.4,3.2,2.1,3.25,3.5
2012/2013,2012-11-25 00:00:00,SP1,Spain,La Liga Primera Division,,Levante,Barcelona,0,4,A,0,0,D,13.4,6.57,1.26,13.0,6.5,1.2,9.0,5.5,1.3,10.5,5.75,1.25
2012/2013,2012-11-24 00:00:00,SP2,Spain,La Liga Segunda Division,,Girona,Elche,0,1,A,0,1,A,2.44,3.25,3.19,2.4,3.2,3.0,2.3,3.1,2.75,2.15,3.1,3.2
2012/2013,2012-11-18 00:00:00,SP2,Spain,La Liga Segunda Division,,Recreativo,Sabadell,2,5,A,1,2,A,1.83,3.58,4.94,1.8,3.5,4.5,1.67,3.4,4.33,1.7,3.4,4.6
2012/2013,2012-11-18 00:00:00,SP2,Spain,La Liga Segunda Division,,Cordoba,Hercules,1,2,A,1,1,D,1.67,3.81,5.93,1.62,3.75,5.5,1.53,3.5,5.5,1.55,3.6,5.75
2012/2013,2012-11-18 00:00:00,SP1,Spain,La Liga Primera Division,,Granada,Ath Madrid,0,1,A,0,0,D,5.25,3.7,1.79,4.5,3.75,1.73,4.5,3.75,1.73,4.5,3.5,1.78
2012/2013,2012-11-18 00:00:00,SP1,Spain,La Liga Primera Division,,La Coruna,Levante,0,2,A,0,1,A,2.06,3.56,3.93,2.05,3.4,3.5,2.1,3.4,3.4,2.1,3.4,3.7
2012/2013,2012-11-17 00:00:00,SP2,Spain,La Liga Segunda Division,,Santander,Villarreal,0,3,A,0,2,A,3.22,3.2,2.45,3.2,3.0,2.4,2.5,3.1,2.5,2.8,3.0,2.45
2012/2013,2012-11-17 00:00:00,SP2,Spain,La Liga Segunda Division,,Lugo,Girona,1,2,A,0,1,A,2.94,3.21,2.64,2.8,3.25,2.5,2.6,3.1,2.4,2.75,3.1,2.4
2012/2013,2012-11-16 00:00:00,SP2,Spain,La Liga Segunda Division,,Sp Gijon,Ponferradina,2,3,A,2,1,H,1.7,3.76,5.65,1.67,3.6,5.25,1.62,3.3,5.0,1.65,3.4,5.0
2012/2013,2012-11-12 00:00:00,SP2,Spain,La Liga Segunda Division,,Real Madrid B,Recreativo,0,1,A,0,0,D,2.13,3.59,3.55,2.05,3.4,3.5,2.0,3.2,3.2,1.95,3.25,3.55
2012/2013,2012-11-11 00:00:00,SP2,Spain,La Liga Segunda Division,,Hercules,Las Palmas,0,2,A,0,2,A,2.29,3.32,3.43,2.3,3.25,3.1,2.1,3.25,3.0,2.1,3.2,3.2
2012/2013,2012-11-11 00:00:00,SP2,Spain,La Liga Segunda Division,,Ponferradina,Cordoba,3,5,A,1,3,A,2.55,3.11,3.16,2.4,3.1,3.1,2.3,3.2,2.7,2.45,3.0,2.8
2012/2013,2012-11-11 00:00:00,SP1,Spain,La Liga Primera Division,,Mallorca,Barcelona,2,4,A,0,3,A,13.48,6.68,1.26,13.0,6.0,1.22,10.0,6.0,1.25,11.0,5.5,1.25
2012/2013,2012-11-11 00:00:00,SP1,Spain,La Liga Primera Division,,Levante,Real Madrid,1,2,A,0,1,A,11.0,5.7,1.33,9.0,5.5,1.3,9.0,5.0,1.33,9.0,5.25,1.3
2012/2013,2012-11-10 00:00:00,SP1,Spain,La Liga Primera Division,,Espanol,Osasuna,0,3,A,0,1,A,1.91,3.66,4.49,1.8,3.5,4.5,1.85,3.4,4.33,1.83,3.5,4.2
2012/2013,2012-11-10 00:00:00,SP1,Spain,La Liga Primera Division,,Malaga,Sociedad,1,2,A,1,1,D,1.58,4.19,6.72,1.53,4.0,6.0,1.62,3.75,5.5,1.57,4.1,6.25
2012/2013,2012-11-09 00:00:00,SP1,Spain,La Liga Primera Division,,Betis,Granada,1,2,A,0,1,A,1.77,3.86,5.11,1.7,3.8,4.75,1.75,3.6,4.5,1.78,3.7,4.75
2012/2013,2012-11-05 00:00:00,SP1,Spain,La Liga Primera Division,,Getafe,Betis,2,4,A,0,0,D,1.98,3.64,4.16,1.91,3.4,4.0,2.0,3.4,3.75,2.0,3.5,3.9
2012/2013,2012-11-04 00:00:00,SP1,Spain,La Liga Primera Division,,Sociedad,Espanol,0,1,A,0,0,D,1.89,3.66,4.56,1.83,3.5,4.33,1.85,3.6,4.0,1.85,3.4,4.25
2012/2013,2012-11-04 00:00:00,SP1,Spain,La Liga Primera Division,,Osasuna,Valladolid,0,1,A,0,0,D,2.13,3.42,3.88,2.05,3.2,3.8,2.0,3.3,3.75,1.95,3.3,3.9
2012/2013,2012-11-04 00:00:00,SP2,Spain,La Liga Segunda Division,,Hercules,Xerez,1,5,A,0,2,A,1.96,3.34,4.52,1.8,3.4,4.75,1.8,3.2,4.0,1.83,3.2,4.1
2012/2013,2012-11-04 00:00:00,SP1,Spain,La Liga Primera Division,,Granada,Ath Bilbao,1,2,A,0,2,A,2.41,3.49,3.13,2.38,3.4,2.88,2.4,3.4,2.8,2.4,3.3,2.85
2012/2013,2012-11-04 00:00:00,SP2,Spain,La Liga Segunda Division,,Recreativo,Almeria,0,2,A,0,1,A,2.3,3.28,3.44,2.1,3.2,3.6,2.15,3.2,2.9,2.1,3.1,3.3
2012/2013,2012-11-03 00:00:00,SP2,Spain,La Liga Segunda Division,,Murcia,Girona,0,1,A,0,0,D,2.67,3.32,2.82,2.5,3.1,2.9,2.2,3.2,2.8,2.55,2.9,2.75
2012/2013,2012-11-03 00:00:00,SP1,Spain,La Liga Primera Division,,Malaga,Vallecano,1,2,A,0,1,A,1.41,5.14,8.49,1.4,4.5,8.0,1.4,4.5,7.5,1.34,4.75,8.75
2012/2013,2012-10-31 00:00:00,SP2,Spain,La Liga Segunda Division,,Huesca,Barcelona B,1,4,A,1,0,H,3.33,3.37,2.31,3.2,3.25,2.25,2.8,3.0,2.3,2.9,3.2,2.25
2012/2013,2012-10-28 00:00:00,SP2,Spain,La Liga Segunda Division,,Real Madrid B,Sp Gijon,2,4,A,1,2,A,1.96,3.89,3.8,1.91,3.6,3.8,1.85,3.3,3.6,1.85,3.25,4.0
2012/2013,2012-10-28 00:00:00,SP1,Spain,La Liga Primera Division,,Mallorca,Real Madrid,0,5,A,0,2,A,9.15,5.34,1.38,8.0,4.5,1.4,8.0,4.5,1.36,8.75,4.75,1.4
2012/2013,2012-10-28 00:00:00,SP1,Spain,La Liga Primera Division,,Ath Bilbao,Getafe,1,2,A,0,1,A,1.92,3.65,4.45,1.85,3.5,4.2,1.85,3.4,4.0,1.8,3.5,4.4
2012/2013,2012-10-27 00:00:00,SP2,Spain,La Liga Segunda Division,,Guadalajara,Las Palmas,2,3,A,2,1,H,2.85,3.39,2.6,,,,2.4,3.1,2.6,2.55,3.2,2.55
2012/2013,2012-10-27 00:00:00,SP1,Spain,La Liga Primera Division,,Vallecano,Barcelona,0,5,A,0,1,A,11.1,6.45,1.29,11.0,6.0,1.25,9.5,5.5,1.25,11.5,6.0,1.22
2012/2013,2012-10-26 00:00:00,SP2,Spain,La Liga Segunda Division,,Barcelona B,Recreativo,2,3,A,1,1,D,1.74,3.94,5.01,1.7,3.75,4.75,1.67,3.3,4.5,1.7,3.4,4.6
2012/2013,2012-10-21 00:00:00,SP1,Spain,La Liga Primera Division,,Granada,Zaragoza,1,2,A,0,2,A,1.99,3.41,4.37,1.91,3.4,4.0,1.91,3.4,3.75,1.95,3.1,4.2
2012/2013,2012-10-21 00:00:00,SP1,Spain,La Liga Primera Division,,Getafe,Levante,0,1,A,0,0,D,1.86,3.65,4.75,1.83,3.5,4.2,1.91,3.4,3.75,1.88,3.5,4.5
2012/2013,2012-10-21 00:00:00,SP1,Spain,La Liga Primera Division,,Sociedad,Ath Madrid,0,1,A,0,0,D,3.62,3.61,2.14,3.4,3.4,2.1,3.4,3.4,2.0,3.6,3.4,2.0
2012/2013,2012-10-20 00:00:00,SP2,Spain,La Liga Segunda Division,,Numancia,Alcorcon,0,1,A,0,0,D,2.32,3.21,3.46,2.2,3.1,3.5,2.0,3.2,3.2,2.15,3.1,3.2
2012/2013,2012-10-20 00:00:00,SP1,Spain,La Liga Primera Division,,La Coruna,Barcelona,4,5,A,2,4,A,10.92,5.64,1.33,10.0,5.0,1.3,8.5,5.0,1.3,8.5,5.5,1.3
2012/2013,2012-10-20 00:00:00,SP2,Spain,La Liga Segunda Division,,Ponferradina,Xerez,0,1,A,0,0,D,1.91,3.56,4.4,1.91,3.25,4.2,1.85,3.2,3.75,1.91,3.25,3.7
2012/2013,2012-10-14 00:00:00,SP2,Spain,La Liga Segunda Division,,Sabadell,Hercules,1,2,A,0,2,A,1.98,3.41,4.3,1.91,3.4,4.0,1.8,3.2,4.0,1.9,3.3,3.7
2012/2013,2012-10-08 00:00:00,SP2,Spain,La Liga Segunda Division,,Hercules,Real Madrid B,2,4,A,2,1,H,2.41,3.39,3.12,2.38,3.2,3.0,2.25,3.1,2.8,2.25,3.3,2.85
2012/2013,2012-10-07 00:00:00,SP1,Spain,La Liga Primera Division,,Mallorca,Granada,1,2,A,0,0,D,1.91,3.55,4.65,1.83,3.5,4.33,1.83,3.4,4.0,1.75,3.6,4.5
2012/2013,2012-10-06 00:00:00,SP2,Spain,La Liga Segunda Division,,Las Palmas,Almeria,1,2,A,0,0,D,2.62,3.35,2.86,2.4,3.2,3.0,2.5,3.1,2.5,2.4,3.25,2.65
2012/2013,2012-10-06 00:00:00,SP2,Spain,La Liga Segunda Division,,Mirandes,Elche,1,2,A,0,1,A,3.23,3.13,2.49,2.9,3.1,2.5,2.8,3.1,2.25,3.1,3.0,2.25
2012/2013,2012-10-06 00:00:00,SP1,Spain,La Liga Primera Division,,Zaragoza,Getafe,0,1,A,0,0,D,2.34,3.39,3.35,2.3,3.3,3.1,2.25,3.2,3.1,2.35,3.1,3.1
2012/2013,2012-09-30 00:00:00,SP1,Spain,La Liga Primera Division,,Espanol,Ath Madrid,0,1,A,0,1,A,3.71,3.67,2.08,3.6,3.5,2.0,3.4,3.4,2.0,3.6,3.3,2.05
2012/2013,2012-09-29 00:00:00,SP1,Spain,La Liga Primera Division,,Sevilla,Barcelona,2,3,A,1,0,H,6.19,4.44,1.58,6.0,4.33,1.5,6.0,4.33,1.44,6.25,4.1,1.5
2012/2013,2012-09-29 00:00:00,SP2,Spain,La Liga Segunda Division,,Xerez,Murcia,0,3,A,0,2,A,2.13,3.29,3.89,2.15,3.2,3.5,2.05,3.1,3.2,2.1,3.1,3.3
2012/2013,2012-09-28 00:00:00,SP2,Spain,La Liga Segunda Division,,Real Madrid B,Ponferradina,1,2,A,1,0,H,1.93,3.73,4.12,1.83,3.75,4.0,1.67,3.5,4.2,1.65,3.6,4.6
2012/2013,2012-09-26 00:00:00,SP1,Spain,La Liga Primera Division,,Betis,Ath Madrid,2,4,A,2,1,H,3.31,3.56,2.29,3.1,3.3,2.3,3.1,3.4,2.2,3.25,3.25,2.15
2012/2013,2012-09-24 00:00:00,SP1,Spain,La Liga Primera Division,,Vallecano,Real Madrid,0,2,A,0,1,A,11.19,5.78,1.32,9.0,5.5,1.3,8.5,5.0,1.25,10.0,5.0,1.3
2012/2013,2012-09-24 00:00:00,SP1,Spain,La Liga Primera Division,,La Coruna,Sevilla,0,2,A,0,0,D,2.72,3.31,2.77,2.6,3.3,2.63,2.7,3.25,2.25,2.65,3.3,2.75
2012/2013,2012-09-22 00:00:00,SP2,Spain,La Liga Segunda Division,,Guadalajara,Real Madrid B,3,4,A,1,1,D,3.4,3.51,2.21,3.2,3.25,2.25,3.0,3.2,2.1,2.9,3.2,2.25
2012/2013,2012-09-22 00:00:00,SP2,Spain,La Liga Segunda Division,,Hercules,Barcelona B,0,3,A,0,0,D,2.41,3.38,3.13,2.3,3.4,3.0,2.1,3.2,3.0,2.25,3.2,2.9
2012/2013,2012-09-22 00:00:00,SP2,Spain,La Liga Segunda Division,,Mirandes,Santander,0,1,A,0,0,D,2.02,3.3,4.31,1.91,3.4,4.0,1.91,3.1,3.6,1.95,3.1,3.75
2012/2013,2012-09-17 00:00:00,SP1,Spain,La Liga Primera Division,,Valladolid,Betis,0,1,A,0,0,D,2.11,3.53,3.79,2.1,3.3,3.5,2.15,3.2,2.88,2.15,3.5,3.4
2012/2013,2012-09-15 00:00:00,SP2,Spain,La Liga Segunda Division,,Lugo,Huesca,2,4,A,0,1,A,2.4,3.1,3.44,2.2,3.2,3.4,2.1,3.0,3.2,2.25,3.0,3.1
2012/2013,2012-09-15 00:00:00,SP1,Spain,La Liga Primera Division,,Getafe,Barcelona,1,4,A,0,1,A,11.0,5.85,1.32,11.0,6.0,1.25,8.0,5.0,1.25,10.5,5.5,1.26
2012/2013,2012-09-14 00:00:00,SP2,Spain,La Liga Segunda Division,,Real Madrid B,Sabadell,2,3,A,2,0,H,1.63,3.99,6.0,1.6,3.8,5.75,1.62,3.25,5.0,1.62,3.7,4.75
2012/2013,2012-09-09 00:00:00,SP2,Spain,La Liga Segunda Division,,Cordoba,Elche,0,1,A,0,1,A,2.37,3.34,3.23,2.2,3.2,3.4,2.2,3.2,2.8,2.15,3.2,3.1
2012/2013,2012-09-08 00:00:00,SP2,Spain,La Liga Segunda Division,,Las Palmas,Alcorcon,1,3,A,1,2,A,2.04,3.4,4.15,2.0,3.2,4.0,1.91,3.2,3.5,1.95,3.2,3.6
2012/2013,2012-09-08 00:00:00,SP2,Spain,La Liga Segunda Division,,Guadalajara,Barcelona B,0,1,A,0,0,D,3.09,3.51,2.4,2.88,3.4,2.38,2.7,3.0,2.4,2.9,3.3,2.2
2012/2013,2012-09-08 00:00:00,SP2,Spain,La Liga Segunda Division,,Ponferradina,Villarreal,0,1,A,0,0,D,3.59,3.35,2.23,3.5,3.25,2.1,3.0,3.0,2.2,3.3,3.0,2.15
2012/2013,2012-09-01 00:00:00,SP2,Spain,La Liga Segunda Division,,Xerez,Mirandes,0,4,A,0,1,A,2.26,3.22,3.6,2.25,3.2,3.25,2.1,3.1,3.1,2.15,3.0,3.3
2012/2013,2012-09-01 00:00:00,SP1,Spain,La Liga Primera Division,,Zaragoza,Malaga,0,1,A,0,0,D,2.91,3.3,2.68,2.7,3.25,2.6,2.6,3.25,2.7,2.7,3.2,2.6
2012/2013,2012-08-26 00:00:00,SP2,Spain,La Liga Segunda Division,,Hercules,Elche,1,2,A,0,2,A,2.09,3.41,3.96,2.0,3.3,3.75,2.0,3.1,3.3,1.85,3.25,4.0
2012/2013,2012-08-26 00:00:00,SP1,Spain,La Liga Primera Division,,Osasuna,Barcelona,1,2,A,1,0,H,15.37,6.66,1.24,12.0,6.0,1.22,10.0,5.0,1.22,11.0,6.25,1.22
2012/2013,2012-08-25 00:00:00,SP1,Spain,La Liga Primera Division,,Betis,Vallecano,1,2,A,1,1,D,1.72,3.97,5.41,1.7,3.6,5.0,1.73,3.2,4.33,1.7,3.7,4.75
2012/2013,2012-08-25 00:00:00,SP2,Spain,La Liga Segunda Division,,Sp Gijon,Murcia,2,3,A,1,1,D,1.72,3.69,5.77,1.67,3.5,5.5,1.65,3.4,4.5,1.65,3.5,4.75
2012/2013,2012-08-25 00:00:00,SP2,Spain,La Liga Segunda Division,,Guadalajara,Girona,1,5,A,1,1,D,2.5,3.22,3.13,2.4,3.2,3.0,2.1,3.2,3.0,2.2,3.2,3.0
2012/2013,2012-08-25 00:00:00,SP1,Spain,La Liga Primera Division,,Espanol,Zaragoza,1,2,A,1,0,H,1.7,3.83,5.82,1.67,3.6,5.25,1.67,3.4,4.33,1.75,3.4,5.0
2012/2013,2012-08-20 00:00:00,SP1,Spain,La Liga Primera Division,,Zaragoza,Valladolid,0,1,A,0,1,A,2.23,3.5,3.5,2.15,3.3,3.4,2.0,3.4,3.4,2.05,3.3,3.6
2012/2013,2012-08-19 00:00:00,SP1,Spain,La Liga Primera Division,,Ath Bilbao,Betis,3,5,A,0,3,A,1.89,3.77,4.41,1.83,3.5,4.2,1.85,3.5,4.2,1.85,3.5,4.1
2012/2013,2012-08-19 00:00:00,SP2,Spain,La Liga Segunda Division,,Santander,Las Palmas,0,1,A,0,1,A,2.09,3.42,3.93,2.0,3.4,3.75,1.73,3.4,4.0,2.0,3.25,3.4
2012/2013,2012-08-18 00:00:00,SP1,Spain,La Liga Primera Division,,Celta,Malaga,0,1,A,0,0,D,2.31,3.38,3.43,2.25,3.25,3.2,2.38,3.2,2.88,2.25,3.4,3.25
2012/2013,2012-08-17 00:00:00,SP2,Spain,La Liga Segunda Division,,Mirandes,Huesca,0,1,A,0,1,A,1.92,3.36,4.84,1.85,3.3,4.5,1.91,3.25,3.5,1.85,3.1,4.2
2012/2013,2012-08-17 00:00:00,SP2,Spain,La Liga Segunda Division,,Barcelona B,Almeria,4,5,A,2,2,D,2.16,3.46,3.65,2.1,3.4,3.4,1.91,3.2,3.5,2.05,3.2,3.3
2011/2012,2012-06-03 00:00:00,SP2,Spain,La Liga Segunda Division,,Xerez,Barcelona B,0,6,A,0,2,A,,,,2.4,3.2,2.6,2.38,3.1,2.7,2.4,3.25,2.65
2011/2012,2012-06-03 00:00:00,SP2,Spain,La Liga Segunda Division,,Huesca,Hercules,1,2,A,1,2,A,,,,10.0,5.5,1.2,8.0,5.0,1.14,8.5,5.25,1.26
2011/2012,2012-06-03 00:00:00,SP2,Spain,La Liga Segunda Division,,Numancia,Alcorcon,0,1,A,0,0,D,,,,4.5,3.2,1.73,4.5,2.8,1.85,4.4,2.85,1.91
2011/2012,2012-06-03 00:00:00,SP2,Spain,La Liga Segunda Division,,Valladolid,Guadalajara,1,3,A,1,1,D,,,,1.14,7.0,10.0,1.12,6.5,12.0,1.15,6.75,12.0
2011/2012,2012-06-03 00:00:00,SP2,Spain,La Liga Segunda Division,,Villarreal B,La Coruna,0,1,A,0,0,D,,,,3.0,3.4,2.1,2.9,3.25,2.1,3.0,3.4,2.1
2011/2012,2012-06-02 00:00:00,SP2,Spain,La Liga Segunda Division,,Recreativo,Cartagena,1,2,A,0,2,A,,,,1.67,3.6,4.75,1.8,3.3,3.75,1.75,3.4,4.25
2011/2012,2012-06-02 00:00:00,SP2,Spain,La Liga Segunda Division,,Murcia,Girona,1,2,A,0,1,A,,,,2.4,3.25,2.9,2.1,3.2,3.0,2.25,3.3,2.85
2011/2012,2012-05-27 00:00:00,SP2,Spain,La Liga Segunda Division,,Gimnastic,Celta,1,2,A,0,2,A,,,,12.0,6.5,1.17,9.0,5.5,1.2,12.0,5.5,1.2
2011/2012,2012-05-27 00:00:00,SP2,Spain,La Liga Segunda Division,,Guadalajara,Almeria,0,1,A,0,0,D,,,,12.0,6.5,1.17,8.0,5.0,1.17,9.5,5.75,1.22
2011/2012,2012-05-27 00:00:00,SP2,Spain,La Liga Segunda Division,,Sabadell,Numancia,1,3,A,0,1,A,,,,1.91,3.4,3.6,2.0,3.2,3.2,1.87,3.4,3.7
2011/2012,2012-05-23 00:00:00,SP2,Spain,La Liga Segunda Division,,Alcoyano,Hercules,0,5,A,0,1,A,,,,4.75,3.6,1.75,4.0,3.2,1.8,4.6,3.5,1.67
2011/2012,2012-05-23 00:00:00,SP2,Spain,La Liga Segunda Division,,Elche,Las Palmas,1,2,A,0,1,A,,,,2.2,3.3,3.25,2.25,3.0,2.88,2.15,3.3,3.0
2011/2012,2012-05-23 00:00:00,SP2,Spain,La Liga Segunda Division,,Gimnastic,La Coruna,1,2,A,1,1,D,,,,10.0,5.0,1.3,7.5,4.0,1.36,7.5,4.5,1.34
2011/2012,2012-05-23 00:00:00,SP2,Spain,La Liga Segunda Division,,Murcia,Huesca,0,1,A,0,1,A,,,,2.2,3.3,3.3,2.1,3.0,3.2,2.15,3.2,3.1
2011/2012,2012-05-19 00:00:00,SP2,Spain,La Liga Segunda Division,,Elche,Guadalajara,2,3,A,1,3,A,,,,1.91,3.4,4.0,1.67,3.25,4.5,1.91,3.5,3.4
2011/2012,2012-05-16 00:00:00,SP2,Spain,La Liga Segunda Division,,Alcoyano,Murcia,1,3,A,1,1,D,,,,2.3,3.4,3.0,2.25,3.3,2.7,2.35,3.2,2.75
2011/2012,2012-05-16 00:00:00,SP2,Spain,La Liga Segunda Division,,Barcelona B,Valladolid,1,2,A,0,0,D,,,,2.8,3.1,2.4,2.38,3.1,2.62,2.9,3.0,2.35
2011/2012,2012-05-16 00:00:00,SP2,Spain,La Liga Segunda Division,,Guadalajara,Celta,0,3,A,0,1,A,,,,5.5,4.0,1.57,4.0,3.4,1.73,5.0,3.4,1.65
2011/2012,2012-05-16 00:00:00,SP2,Spain,La Liga Segunda Division,,Hercules,Numancia,1,3,A,0,0,D,,,,1.53,3.8,5.5,1.5,3.5,6.0,1.55,3.75,5.25
2011/2012,2012-05-16 00:00:00,SP2,Spain,La Liga Segunda Division,,Recreativo,Cordoba,0,1,A,0,0,D,,,,2.5,3.2,2.63,2.5,3.1,2.5,2.55,3.2,2.55
2011/2012,2012-05-13 00:00:00,SP2,Spain,La Liga Segunda Division,,Xerez,Villarreal B,0,1,A,0,0,D,,,,1.91,3.5,4.0,1.91,3.1,3.6,1.85,3.4,3.75
2011/2012,2012-05-13 00:00:00,SP1,Spain,La Liga Primera Division,,Villarreal,Ath Madrid,0,1,A,0,0,D,,,,2.3,3.4,3.0,2.38,3.4,2.88,2.3,3.4,2.95
2011/2012,2012-05-13 00:00:00,SP1,Spain,La Liga Primera Division,,Santander,Osasuna,2,4,A,1,0,H,,,,6.0,4.0,1.53,5.0,4.0,1.62,5.0,4.1,1.6
2011/2012,2012-05-13 00:00:00,SP1,Spain,La Liga Primera Division,,Getafe,Zaragoza,0,2,A,0,0,D,,,,5.5,4.0,1.57,4.5,3.75,1.67,4.75,3.9,1.65
2011/2012,2012-05-12 00:00:00,SP2,Spain,La Liga Segunda Division,,Numancia,La Coruna,0,3,A,0,2,A,,,,3.2,3.2,2.3,2.6,3.1,2.4,3.3,3.25,2.05
2011/2012,2012-05-12 00:00:00,SP2,Spain,La Liga Segunda Division,,Huesca,Recreativo,0,2,A,0,1,A,,,,2.2,3.2,3.4,1.91,3.2,3.5,2.05,3.2,3.3
2011/2012,2012-05-12 00:00:00,SP2,Spain,La Liga Segunda Division,,Almeria,Barcelona B,1,2,A,0,2,A,,,,2.0,3.4,3.75,1.91,3.25,3.4,1.85,3.4,3.75
2011/2012,2012-05-11 00:00:00,SP2,Spain,La Liga Segunda Division,,Las Palmas,Cartagena,1,2,A,1,0,H,,,,1.73,3.5,5.0,1.57,3.5,5.0,1.65,3.6,4.6
2011/2012,2012-05-05 00:00:00,SP1,Spain,La Liga Primera Division,,Granada,Real Madrid,1,2,A,1,0,H,,,,7.5,5.0,1.36,9.0,5.0,1.3,8.5,5.0,1.33
2011/2012,2012-05-05 00:00:00,SP2,Spain,La Liga Segunda Division,,Guadalajara,Girona,1,4,A,0,2,A,,,,2.25,3.25,3.2,1.95,3.25,3.3,2.4,3.1,2.75
2011/2012,2012-05-05 00:00:00,SP2,Spain,La Liga Segunda Division,,Sabadell,Celta,1,2,A,0,1,A,,,,4.5,3.4,1.83,3.5,3.2,1.91,4.0,3.4,1.8
2011/2012,2012-05-05 00:00:00,SP2,Spain,La Liga Segunda Division,,Villarreal B,Las Palmas,1,4,A,0,1,A,,,,2.1,3.25,3.5,2.0,3.2,3.2,2.1,3.2,3.2
2011/2012,2012-05-05 00:00:00,SP2,Spain,La Liga Segunda Division,,Barcelona B,Elche,0,1,A,0,0,D,,,,1.8,3.6,4.33,1.85,3.2,3.75,1.85,3.5,3.7
2011/2012,2012-05-02 00:00:00,SP1,Spain,La Liga Primera Division,,Ath Bilbao,Real Madrid,0,3,A,0,2,A,,,,6.0,4.0,1.53,6.0,4.2,1.5,6.0,4.4,1.48
2011/2012,2012-05-02 00:00:00,SP1,Spain,La Liga Primera Division,,Sevilla,Betis,1,2,A,1,1,D,,,,1.73,3.6,4.75,1.73,3.6,4.8,1.7,3.7,4.75
2011/2012,2012-05-01 00:00:00,SP1,Spain,La Liga Primera Division,,Sp Gijon,Villarreal,2,3,A,1,2,A,,,,2.4,3.4,2.8,2.3,3.4,2.9,2.35,3.5,2.8
2011/2012,2012-04-29 00:00:00,SP2,Spain,La Liga Segunda Division,,Elche,Hercules,0,3,A,0,0,D,,,,2.25,3.25,3.25,2.3,3.1,2.75,2.05,3.2,3.3
2011/2012,2012-04-29 00:00:00,SP1,Spain,La Liga Primera Division,,Vallecano,Barcelona,0,7,A,0,3,A,,,,9.0,5.0,1.33,7.0,5.0,1.36,7.75,5.0,1.35
2011/2012,2012-04-28 00:00:00,SP2,Spain,La Liga Segunda Division,,Las Palmas,Huesca,1,3,A,0,0,D,,,,1.91,3.3,4.2,1.91,3.0,3.75,1.83,3.3,4.0
2011/2012,2012-04-28 00:00:00,SP2,Spain,La Liga Segunda Division,,Numancia,Villarreal B,0,1,A,0,0,D,,,,1.67,3.8,5.0,1.67,3.25,4.5,1.6,3.6,5.0
2011/2012,2012-04-28 00:00:00,SP1,Spain,La Liga Primera Division,,Getafe,Mallorca,1,3,A,0,1,A,,,,1.91,3.4,4.0,1.83,3.5,4.2,1.95,3.3,3.9
2011/2012,2012-04-28 00:00:00,SP1,Spain,La Liga Primera Division,,Espanol,Sp Gijon,0,3,A,0,0,D,,,,1.67,3.75,5.0,1.67,3.75,5.0,1.67,3.8,4.75
2011/2012,2012-04-22 00:00:00,SP1,Spain,La Liga Primera Division,,Santander,Ath Bilbao,0,1,A,0,1,A,,,,3.6,3.5,2.0,3.75,3.6,1.91,3.8,3.55,1.88
2011/2012,2012-04-21 00:00:00,SP2,Spain,La Liga Segunda Division,,Sabadell,Girona,2,3,A,0,1,A,,,,2.25,3.2,3.25,1.95,3.2,3.4,2.2,3.1,3.1
2011/2012,2012-04-21 00:00:00,SP2,Spain,La Liga Segunda Division,,Recreativo,Alcoyano,1,3,A,1,1,D,,,,1.53,3.75,7.0,1.57,3.3,5.5,1.5,3.6,6.5
2011/2012,2012-04-21 00:00:00,SP1,Spain,La Liga Primera Division,,Barcelona,Real Madrid,1,2,A,0,1,A,,,,1.62,4.0,5.0,1.67,4.2,4.33,1.67,4.33,4.5
2011/2012,2012-04-20 00:00:00,SP2,Spain,La Liga Segunda Division,,Villarreal B,Valladolid,0,1,A,0,1,A,,,,3.8,3.4,1.95,3.2,3.2,2.0,3.5,3.4,1.91
2011/2012,2012-04-15 00:00:00,SP2,Spain,La Liga Segunda Division,,Gimnastic,Alcorcon,0,2,A,0,1,A,,,,3.2,3.25,2.25,2.75,3.25,2.25,3.2,3.1,2.15
2011/2012,2012-04-15 00:00:00,SP2,Spain,La Liga Segunda Division,,Celta,La Coruna,2,3,A,0,1,A,,,,2.2,3.25,3.25,2.2,3.0,3.0,2.1,3.2,3.2
2011/2012,2012-04-15 00:00:00,SP1,Spain,La Liga Primera Division,,Vallecano,Ath Madrid,0,1,A,0,0,D,,,,2.8,3.4,2.4,2.8,3.4,2.4,2.9,3.4,2.45
2011/2012,2012-04-14 00:00:00,SP1,Spain,La Liga Primera Division,,Levante,Barcelona,1,2,A,1,0,H,,,,15.0,6.0,1.2,12.0,6.0,1.22,12.0,6.0,1.22
2011/2012,2012-04-14 00:00:00,SP2,Spain,La Liga Segunda Division,,Murcia,Hercules,2,6,A,1,2,A,,,,2.9,3.1,2.5,2.75,3.1,2.3,2.7,3.1,2.45
2011/2012,2012-04-14 00:00:00,SP2,Spain,La Liga Segunda Division,,Alcoyano,Guadalajara,0,1,A,0,0,D,,,,2.1,3.25,3.5,2.0,3.2,3.2,2.05,3.1,3.5
2011/2012,2012-04-12 00:00:00,SP1,Spain,La Liga Primera Division,,Santander,Mallorca,0,3,A,0,1,A,,,,2.7,3.2,2.63,2.5,3.1,2.9,2.45,3.2,2.85
2011/2012,2012-04-11 00:00:00,SP1,Spain,La Liga Primera Division,,Ath Madrid,Real Madrid,1,4,A,0,1,A,,,,5.5,4.0,1.57,6.0,4.33,1.5,5.5,4.33,1.57
2011/2012,2012-04-07 00:00:00,SP1,Spain,La Liga Primera Division,,Zaragoza,Barcelona,1,4,A,1,2,A,,,,19.0,7.5,1.14,15.0,7.0,1.17,15.0,8.0,1.14
2011/2012,2012-04-07 00:00:00,SP2,Spain,La Liga Segunda Division,,Xerez,Valladolid,0,4,A,0,2,A,,,,3.1,3.25,2.3,2.8,3.1,2.25,3.0,3.2,2.2
2011/2012,2012-03-31 00:00:00,SP1,Spain,La Liga Primera Division,,Sp Gijon,Zaragoza,1,2,A,0,1,A,,,,2.1,3.3,3.5,2.15,3.3,3.3,2.15,3.2,3.4
2011/2012,2012-03-31 00:00:00,SP1,Spain,La Liga Primera Division,,Malaga,Betis,0,2,A,0,2,A,,,,1.67,3.8,5.0,1.62,3.8,5.0,1.6,3.8,5.5
2011/2012,2012-03-31 00:00:00,SP1,Spain,La Liga Primera Division,,Osasuna,Real Madrid,1,5,A,0,3,A,,,,8.0,4.5,1.4,7.0,4.5,1.4,7.75,4.6,1.42
2011/2012,2012-03-31 00:00:00,SP1,Spain,La Liga Primera Division,,Santander,Granada,0,1,A,0,0,D,,,,2.1,3.3,3.5,2.15,3.25,3.3,2.2,3.25,3.5
2011/2012,2012-03-31 00:00:00,SP2,Spain,La Liga Segunda Division,,Guadalajara,Alcorcon,1,2,A,0,1,A,,,,3.0,3.2,2.4,2.62,3.1,2.38,3.1,3.1,2.2
2011/2012,2012-03-31 00:00:00,SP2,Spain,La Liga Segunda Division,,Elche,Huesca,1,2,A,1,0,H,,,,1.57,3.75,6.25,1.62,3.5,4.5,1.55,3.6,5.75
2011/2012,2012-03-26 00:00:00,SP1,Spain,La Liga Primera Division,,Granada,Sevilla,0,3,A,0,1,A,,,,3.0,3.25,2.38,2.88,3.2,2.4,3.1,3.2,2.4
2011/2012,2012-03-25 00:00:00,SP1,Spain,La Liga Primera Division,,Vallecano,Villarreal,0,2,A,0,1,A,,,,2.1,3.4,3.4,2.2,3.3,3.1,2.15,3.3,3.6
2011/2012,2012-03-25 00:00:00,SP1,Spain,La Liga Primera Division,,Levante,Osasuna,0,2,A,0,1,A,,,,2.1,3.3,3.5,2.0,3.3,3.6,2.05,3.3,3.6
2011/2012,2012-03-25 00:00:00,SP2,Spain,La Liga Segunda Division,,Numancia,Valladolid,1,4,A,0,3,A,,,,2.38,3.2,3.0,2.38,3.1,2.62,2.45,3.1,2.7
2011/2012,2012-03-25 00:00:00,SP1,Spain,La Liga Primera Division,,Espanol,Malaga,1,2,A,1,0,H,,,,2.38,3.25,3.0,2.4,3.3,2.8,2.4,3.4,2.95
2011/2012,2012-03-24 00:00:00,SP2,Spain,La Liga Segunda Division,,Recreativo,Alcorcon,1,2,A,0,1,A,,,,2.2,3.25,3.25,2.1,3.0,3.2,2.1,3.0,3.4
2011/2012,2012-03-24 00:00:00,SP2,Spain,La Liga Segunda Division,,Hercules,Gimnastic,1,3,A,0,2,A,,,,1.4,4.2,9.0,1.44,3.5,7.0,1.45,3.75,7.0
2011/2012,2012-03-24 00:00:00,SP1,Spain,La Liga Primera Division,,Mallorca,Barcelona,0,2,A,0,1,A,,,,13.0,6.0,1.22,12.0,5.5,1.25,12.0,6.0,1.22
2011/2012,2012-03-22 00:00:00,SP1,Spain,La Liga Primera Division,,Santander,Sevilla,0,3,A,0,1,A,,,,3.2,3.25,2.25,3.0,3.2,2.38,3.3,3.2,2.2
2011/2012,2012-03-21 00:00:00,SP1,Spain,La Liga Primera Division,,Sociedad,Levante,1,3,A,1,2,A,,,,2.0,3.4,3.75,2.1,3.4,3.3,2.0,3.25,3.8
2011/2012,2012-03-21 00:00:00,SP1,Spain,La Liga Primera Division,,Sp Gijon,Mallorca,2,3,A,1,1,D,,,,2.38,3.25,3.0,2.25,3.3,3.1,2.4,3.4,2.95
2011/2012,2012-03-21 00:00:00,SP1,Spain,La Liga Primera Division,,Valencia,Zaragoza,1,2,A,1,1,D,,,,1.29,5.0,11.0,1.3,5.0,10.0,1.3,5.0,10.0
2011/2012,2012-03-18 00:00:00,SP1,Spain,La Liga Primera Division,,Ath Bilbao,Valencia,0,3,A,0,1,A,,,,2.25,3.4,3.1,2.3,3.4,2.8,2.2,3.3,3.2
2011/2012,2012-03-17 00:00:00,SP2,Spain,La Liga Segunda Division,,Cartagena,Gimnastic,1,3,A,0,0,D,,,,1.85,3.4,4.33,1.85,3.2,3.75,1.78,3.25,4.33
2011/2012,2012-03-17 00:00:00,SP1,Spain,La Liga Primera Division,,Sevilla,Barcelona,0,2,A,0,2,A,,,,8.5,4.75,1.36,7.5,5.0,1.36,7.75,5.0,1.35
2011/2012,2012-03-12 00:00:00,SP1,Spain,La Liga Primera Division,,Villarreal,Getafe,1,2,A,1,1,D,,,,1.91,3.4,4.0,1.91,3.4,4.0,1.91,3.4,4.33
2011/2012,2012-03-11 00:00:00,SP1,Spain,La Liga Primera Division,,Santander,Barcelona,0,2,A,0,1,A,,,,13.0,6.0,1.22,12.0,6.0,1.22,12.5,5.25,1.25
2011/2012,2012-03-11 00:00:00,SP2,Spain,La Liga Segunda Division,,Elche,Valladolid,1,2,A,1,0,H,,,,2.38,3.1,3.1,2.15,3.2,2.88,2.35,3.1,2.85
2011/2012,2012-03-10 00:00:00,SP2,Spain,La Liga Segunda Division,,Gimnastic,Villarreal B,0,1,A,0,0,D,,,,2.5,3.0,3.0,2.5,3.1,2.5,2.4,2.95,2.9
2011/2012,2012-03-10 00:00:00,SP2,Spain,La Liga Segunda Division,,Guadalajara,La Coruna,1,2,A,0,1,A,,,,4.0,3.4,1.91,3.3,3.25,1.95,3.7,3.25,1.91
2011/2012,2012-03-10 00:00:00,SP2,Spain,La Liga Segunda Division,,Murcia,Las Palmas,1,2,A,1,1,D,,,,2.1,3.2,3.6,2.1,3.0,3.25,2.05,2.75,4.0
2011/2012,2012-03-10 00:00:00,SP1,Spain,La Liga Primera Division,,Betis,Real Madrid,2,3,A,1,1,D,,,,7.0,4.33,1.44,7.5,4.5,1.4,6.75,4.4,1.44
2011/2012,2012-03-04 00:00:00,SP2,Spain,La Liga Segunda Division,,Almeria,Elche,0,2,A,0,1,A,,,,2.05,3.25,3.75,1.8,3.3,3.75,1.95,3.3,3.5
2011/2012,2012-03-04 00:00:00,SP1,Spain,La Liga Primera Division,,Granada,Valencia,0,1,A,0,1,A,,,,3.5,3.3,2.1,3.6,3.4,2.0,3.5,3.4,2.05
2011/2012,2012-03-03 00:00:00,SP1,Spain,La Liga Primera Division,,Getafe,Malaga,1,3,A,1,0,H,,,,2.4,3.2,3.0,2.5,3.3,2.75,2.4,3.3,3.0
2011/2012,2012-03-03 00:00:00,SP2,Spain,La Liga Segunda Division,,Cartagena,Guadalajara,0,2,A,0,0,D,,,,2.0,3.2,4.0,1.8,3.2,4.0,1.88,3.2,3.9
2011/2012,2012-03-03 00:00:00,SP2,Spain,La Liga Segunda Division,,Valladolid,Celta,1,2,A,1,1,D,,,,2.2,3.2,3.4,2.1,3.2,3.0,2.15,3.1,3.2
2011/2012,2012-03-03 00:00:00,SP2,Spain,La Liga Segunda Division,,Xerez,Cordoba,1,2,A,0,0,D,,,,2.3,3.1,3.3,2.25,3.0,2.88,2.15,3.0,3.3
2011/2012,2012-02-26 00:00:00,SP1,Spain,La Liga Primera Division,,Ath Madrid,Barcelona,1,2,A,0,1,A,,,,7.0,4.33,1.44,5.5,4.2,1.5,6.5,4.6,1.48
2011/2012,2012-02-26 00:00:00,SP1,Spain,La Liga Primera Division,,Vallecano,Real Madrid,0,1,A,0,0,D,,,,8.0,4.75,1.36,7.5,5.0,1.33,8.5,5.0,1.33
2011/2012,2012-02-26 00:00:00,SP1,Spain,La Liga Primera Division,,Valencia,Sevilla,1,2,A,1,1,D,,,,1.75,3.5,4.75,1.75,3.5,4.33,1.75,3.6,4.5
2011/2012,2012-02-25 00:00:00,SP2,Spain,La Liga Segunda Division,,Alcoyano,Huesca,0,3,A,0,2,A,,,,2.1,3.25,3.5,1.95,3.1,3.5,1.95,3.25,3.6
2011/2012,2012-02-25 00:00:00,SP2,Spain,La Liga Segunda Division,,Elche,Recreativo,0,3,A,0,2,A,,,,1.91,3.4,4.0,1.91,3.3,3.4,1.83,3.2,4.2
2011/2012,2012-02-25 00:00:00,SP1,Spain,La Liga Primera Division,,Espanol,Levante,1,2,A,0,1,A,,,,1.73,3.5,5.0,1.75,3.5,4.33,1.75,3.5,4.75
2011/2012,2012-02-25 00:00:00,SP2,Spain,La Liga Segunda Division,,Gimnastic,Xerez,0,1,A,0,1,A,,,,2.6,3.1,2.8,2.6,3.1,2.4,2.65,2.9,2.65
2011/2012,2012-02-25 00:00:00,SP2,Spain,La Liga Segunda Division,,Guadalajara,Villarreal B,0,2,A,0,1,A,,,,2.1,3.2,3.6,2.05,3.0,3.3,2.15,3.0,3.3
2011/2012,2012-02-24 00:00:00,SP2,Spain,La Liga Segunda Division,,Barcelona B,Hercules,0,1,A,0,1,A,,,,1.91,3.4,4.0,1.91,3.1,3.6,1.8,3.4,4.0
2011/2012,2012-02-20 00:00:00,SP1,Spain,La Liga Primera Division,,Zaragoza,Betis,0,2,A,0,1,A,,,,2.6,3.2,2.75,2.4,3.2,2.8,2.55,3.2,2.75
2011/2012,2012-02-19 00:00:00,SP2,Spain,La Liga Segunda Division,,Elche,Celta,0,2,A,0,0,D,,,,2.1,3.3,3.5,2.1,3.1,3.1,2.0,3.1,3.6
2011/2012,2012-02-19 00:00:00,SP1,Spain,La Liga Primera Division,,Levante,Vallecano,3,5,A,0,1,A,,,,2.3,3.2,3.2,2.2,3.25,3.1,2.3,3.1,3.2
2011/2012,2012-02-18 00:00:00,SP2,Spain,La Liga Segunda Division,,Villarreal B,Alcorcon,0,3,A,0,2,A,,,,3.0,3.25,2.38,2.75,3.1,2.3,2.95,3.1,2.3
2011/2012,2012-02-12 00:00:00,SP2,Spain,La Liga Segunda Division,,Girona,Almeria,0,1,A,0,0,D,,,,2.7,3.2,2.6,2.7,3.0,2.38,2.75,2.95,2.5
2011/2012,2012-02-12 00:00:00,SP2,Spain,La Liga Segunda Division,,Hercules,La Coruna,1,4,A,0,2,A,,,,2.5,3.25,2.8,2.38,3.1,2.62,2.4,3.1,2.75
2011/2012,2012-02-12 00:00:00,SP1,Spain,La Liga Primera Division,,Espanol,Zaragoza,0,2,A,0,0,D,,,,1.62,3.75,5.5,1.6,3.6,5.5,1.57,3.8,6.0
2011/2012,2012-02-11 00:00:00,SP2,Spain,La Liga Segunda Division,,Guadalajara,Xerez,1,2,A,1,1,D,,,,2.5,3.25,2.8,2.25,3.0,2.88,2.45,3.0,2.8
2011/2012,2012-02-11 00:00:00,SP2,Spain,La Liga Segunda Division,,Murcia,Elche,0,2,A,0,1,A,,,,3.25,3.3,2.2,2.7,3.2,2.3,3.1,3.0,2.25
2011/2012,2012-02-05 00:00:00,SP2,Spain,La Liga Segunda Division,,Cartagena,Hercules,0,3,A,0,2,A,,,,2.63,3.1,2.75,2.5,3.1,2.5,2.55,3.1,2.6
2011/2012,2012-02-05 00:00:00,SP1,Spain,La Liga Primera Division,,Sevilla,Villarreal,1,2,A,1,1,D,,,,1.83,3.5,4.33,1.75,3.5,4.33,1.75,3.5,4.75
2011/2012,2012-02-05 00:00:00,SP1,Spain,La Liga Primera Division,,Zaragoza,Vallecano,1,2,A,1,0,H,,,,2.38,3.2,3.0,2.3,3.2,3.0,2.3,3.3,3.0
2011/2012,2012-02-04 00:00:00,SP2,Spain,La Liga Segunda Division,,Recreativo,La Coruna,0,1,A,0,1,A,,,,3.0,3.2,2.38,2.75,3.0,2.38,2.9,3.1,2.3
2011/2012,2012-02-04 00:00:00,SP1,Spain,La Liga Primera Division,,Getafe,Real Madrid,0,1,A,0,1,A,,,,9.0,5.0,1.33,7.5,5.0,1.33,9.25,4.75,1.33
2011/2012,2012-01-30 00:00:00,SP1,Spain,La Liga Primera Division,,Osasuna,Ath Madrid,0,1,A,0,1,A,,,,3.1,3.3,2.3,2.75,3.3,2.38,3.1,3.3,2.35
2011/2012,2012-01-29 00:00:00,SP1,Spain,La Liga Primera Division,,Betis,Granada,1,2,A,0,2,A,,,,1.62,3.75,5.5,1.67,3.5,5.0,1.62,3.6,5.75
2011/2012,2012-01-29 00:00:00,SP1,Spain,La Liga Primera Division,,Levante,Getafe,1,2,A,0,1,A,,,,2.4,3.3,2.88,2.38,3.3,2.9,2.5,3.4,2.85
2011/2012,2012-01-29 00:00:00,SP2,Spain,La Liga Segunda Division,,Gimnastic,Almeria,1,2,A,0,1,A,,,,3.0,3.0,2.5,2.8,3.1,2.25,2.95,3.0,2.35
2011/2012,2012-01-28 00:00:00,SP1,Spain,La Liga Primera Division,,Vallecano,Ath Bilbao,2,3,A,2,2,D,,,,3.0,3.2,2.38,2.75,3.2,2.5,2.9,3.25,2.4
2011/2012,2012-01-28 00:00:00,SP2,Spain,La Liga Segunda Division,,Alcoyano,Valladolid,0,1,A,0,0,D,,,,3.5,3.1,2.2,3.2,3.0,2.1,3.3,3.1,2.1
2011/2012,2012-01-28 00:00:00,SP2,Spain,La Liga Segunda Division,,Girona,Celta,0,1,A,0,1,A,,,,3.25,3.1,2.3,2.8,3.0,2.3,3.1,3.1,2.2
2011/2012,2012-01-28 00:00:00,SP2,Spain,La Liga Segunda Division,,Hercules,Villarreal B,0,2,A,0,0,D,,,,1.57,3.6,6.5,1.53,3.5,5.5,1.55,3.5,6.0
2011/2012,2012-01-28 00:00:00,SP2,Spain,La Liga Segunda Division,,Murcia,Recreativo,0,3,A,0,2,A,,,,2.1,3.1,3.75,2.1,3.0,3.2,2.1,3.1,3.3
2011/2012,2012-01-22 00:00:00,SP1,Spain,La Liga Primera Division,,Vallecano,Mallorca,0,1,A,0,0,D,,,,2.0,3.4,3.75,2.1,3.3,3.5,2.05,3.25,3.6
2011/2012,2012-01-22 00:00:00,SP1,Spain,La Liga Primera Division,,Malaga,Barcelona,1,4,A,0,1,A,,,,9.5,5.5,1.29,10.0,5.5,1.29,10.0,5.25,1.28
2011/2012,2012-01-21 00:00:00,SP1,Spain,La Liga Primera Division,,Sociedad,Ath Madrid,0,4,A,0,1,A,,,,2.9,3.3,2.4,2.88,3.3,2.4,3.1,3.3,2.35
2011/2012,2012-01-21 00:00:00,SP1,Spain,La Liga Primera Division,,Santander,Getafe,1,2,A,1,1,D,,,,2.5,3.2,2.8,2.4,3.25,2.88,2.5,3.2,2.8
2011/2012,2012-01-21 00:00:00,SP2,Spain,La Liga Segunda Division,,Guadalajara,Valladolid,0,3,A,0,1,A,,,,3.4,3.2,2.2,3.0,3.1,2.2,3.3,3.1,2.1
2011/2012,2012-01-15 00:00:00,SP2,Spain,La Liga Segunda Division,,Huesca,La Coruna,0,2,A,0,1,A,,,,3.5,3.3,2.1,3.2,3.2,2.1,3.3,3.1,2.1
2011/2012,2012-01-15 00:00:00,SP1,Spain,La Liga Primera Division,,Osasuna,Santander,0,2,A,0,1,A,,,,1.73,3.5,5.0,1.73,3.5,5.0,1.8,3.5,4.4
2011/2012,2012-01-14 00:00:00,SP1,Spain,La Liga Primera Division,,Valencia,Sociedad,0,1,A,0,0,D,,,,1.4,4.5,8.0,1.4,4.5,8.0,1.4,4.33,8.0
2011/2012,2012-01-14 00:00:00,SP1,Spain,La Liga Primera Division,,Mallorca,Real Madrid,1,2,A,1,0,H,,,,11.0,5.0,1.29,12.0,5.5,1.25,11.5,5.5,1.25
2011/2012,2012-01-14 00:00:00,SP1,Spain,La Liga Primera Division,,Granada,Vallecano,1,2,A,0,1,A,,,,2.25,3.2,3.25,2.25,3.25,3.2,2.25,3.3,3.3
2011/2012,2012-01-14 00:00:00,SP2,Spain,La Liga Segunda Division,,Elche,Alcoyano,1,2,A,0,0,D,,,,1.36,4.5,9.5,1.33,4.0,8.5,1.35,4.2,8.25
2011/2012,2012-01-07 00:00:00,SP2,Spain,La Liga Segunda Division,,Guadalajara,Elche,2,4,A,2,2,D,,,,3.4,3.25,2.15,3.1,3.1,2.1,3.4,3.0,2.1
2011/2012,2012-01-07 00:00:00,SP2,Spain,La Liga Segunda Division,,Gimnastic,Murcia,0,2,A,0,1,A,,,,2.75,3.1,2.63,2.62,2.87,2.5,2.6,3.0,2.6
2011/2012,2012-01-07 00:00:00,SP2,Spain,La Liga Segunda Division,,Sabadell,Valladolid,1,4,A,0,3,A,,,,3.25,3.25,2.2,3.1,3.1,2.1,3.1,3.1,2.2
2011/2012,2012-01-06 00:00:00,SP2,Spain,La Liga Segunda Division,,Alcoyano,Celta,0,3,A,0,2,A,,,,3.25,3.25,2.2,3.2,3.0,2.1,3.2,3.0,2.2
2011/2012,2011-12-18 00:00:00,SP2,Spain,La Liga Segunda Division,,Las Palmas,La Coruna,0,1,A,0,0,D,,,,2.8,3.2,2.5,2.5,3.1,2.5,2.6,3.2,2.5
2011/2012,2011-12-18 00:00:00,SP1,Spain,La Liga Primera Division,,Ath Madrid,Betis,0,2,A,0,0,D,,,,1.5,4.0,6.5,1.53,3.8,6.0,1.5,3.9,6.75
2011/2012,2011-12-17 00:00:00,SP1,Spain,La Liga Primera Division,,Mallorca,Getafe,1,2,A,1,2,A,,,,2.1,3.4,3.4,2.1,3.3,3.3,2.05,3.2,3.7
2011/2012,2011-12-17 00:00:00,SP1,Spain,La Liga Primera Division,,Sevilla,Real Madrid,2,6,A,0,3,A,,,,8.0,4.5,1.4,6.5,4.33,1.44,6.75,4.4,1.48
2011/2012,2011-12-17 00:00:00,SP1,Spain,La Liga Primera Division,,Sp Gijon,Espanol,1,2,A,0,1,A,,,,2.2,3.25,3.25,2.25,3.2,3.1,2.2,3.2,3.3
2011/2012,2011-12-11 00:00:00,SP1,Spain,La Liga Primera Division,,Zaragoza,Mallorca,0,1,A,0,1,A,,,,2.1,3.25,3.6,2.2,3.25,3.3,2.1,3.2,3.6
2011/2012,2011-12-11 00:00:00,SP1,Spain,La Liga Primera Division,,Vallecano,Sp Gijon,1,3,A,0,2,A,,,,2.0,3.2,4.0,2.1,3.3,3.5,2.0,3.2,3.9
2011/2012,2011-12-10 00:00:00,SP1,Spain,La Liga Primera Division,,Real Madrid,Barcelona,1,3,A,1,1,D,,,,2.4,3.5,2.8,2.4,3.4,2.8,2.35,3.5,2.85
2011/2012,2011-12-03 00:00:00,SP2,Spain,La Liga Segunda Division,,Gimnastic,Recreativo,1,2,A,1,1,D,,,,2.4,3.2,3.0,2.5,3.0,2.6,2.35,2.95,3.0
2011/2012,2011-12-03 00:00:00,SP1,Spain,La Liga Primera Division,,Sp Gijon,Real Madrid,0,3,A,0,1,A,,,,13.0,6.0,1.22,12.0,5.5,1.25,13.0,6.25,1.2
2011/2012,2011-12-03 00:00:00,SP2,Spain,La Liga Segunda Division,,Murcia,Alcorcon,0,2,A,0,1,A,,,,1.91,3.25,4.2,1.75,3.2,4.2,1.83,3.25,4.1
2011/2012,2011-12-03 00:00:00,SP2,Spain,La Liga Segunda Division,,Xerez,Huesca,1,3,A,0,2,A,,,,1.73,3.5,5.0,1.73,3.25,4.33,1.67,3.4,4.75
2011/2012,2011-11-27 00:00:00,SP2,Spain,La Liga Segunda Division,,Hercules,Elche,1,2,A,0,2,A,,,,2.1,3.2,3.6,1.91,3.2,3.5,2.05,3.2,3.3
2011/2012,2011-11-27 00:00:00,SP1,Spain,La Liga Primera Division,,Ath Bilbao,Granada,0,1,A,0,1,A,,,,1.44,4.2,7.5,1.44,4.33,7.0,1.45,4.1,7.25
2011/2012,2011-11-27 00:00:00,SP1,Spain,La Liga Primera Division,,Betis,Sociedad,2,3,A,0,0,D,,,,2.0,3.4,3.75,1.9,3.4,4.0,1.95,3.4,3.8
2011/2012,2011-11-27 00:00:00,SP1,Spain,La Liga Primera Division,,Espanol,Osasuna,1,2,A,0,1,A,,,,1.83,3.5,4.33,1.85,3.4,4.33,1.8,3.3,4.75
2011/2012,2011-11-27 00:00:00,SP1,Spain,La Liga Primera Division,,Zaragoza,Sevilla,0,1,A,0,1,A,,,,2.9,3.25,2.4,2.88,3.3,2.4,2.9,3.25,2.5
2011/2012,2011-11-26 00:00:00,SP2,Spain,La Liga Segunda Division,,Recreativo,Xerez,1,2,A,0,0,D,,,,2.1,3.2,3.6,2.1,3.0,3.2,2.05,3.1,3.5
2011/2012,2011-11-26 00:00:00,SP1,Spain,La Liga Primera Division,,Vallecano,Valencia,1,2,A,0,1,A,,,,3.4,3.4,2.1,3.6,3.4,2.0,3.5,3.2,2.2
2011/2012,2011-11-21 00:00:00,SP1,Spain,La Liga Primera Division,,Santander,Malaga,1,3,A,0,0,D,,,,3.2,3.2,2.25,3.0,3.2,2.38,3.1,3.2,2.4
2011/2012,2011-11-20 00:00:00,SP1,Spain,La Liga Primera Division,,Sevilla,Ath Bilbao,1,2,A,1,1,D,,,,1.91,3.5,4.0,1.91,3.4,4.0,2.0,3.25,3.8
2011/2012,2011-11-19 00:00:00,SP2,Spain,La Liga Segunda Division,,Murcia,Barcelona B,0,2,A,0,0,D,,,,2.5,3.2,2.88,2.5,3.1,2.5,2.45,3.25,2.6
2011/2012,2011-11-19 00:00:00,SP1,Spain,La Liga Primera Division,,Valencia,Real Madrid,2,3,A,0,1,A,,,,6.0,4.0,1.53,5.5,4.0,1.57,5.75,4.1,1.57
2011/2012,2011-11-19 00:00:00,SP2,Spain,La Liga Segunda Division,,Celta,Hercules,0,1,A,0,1,A,,,,2.0,3.2,4.0,2.0,3.2,3.2,2.0,3.2,3.5
2011/2012,2011-11-12 00:00:00,SP2,Spain,La Liga Segunda Division,,Xerez,Numancia,1,2,A,0,0,D,,,,2.2,3.2,3.4,2.0,3.2,3.25,2.15,3.1,3.2
2011/2012,2011-11-12 00:00:00,SP2,Spain,La Liga Segunda Division,,Sabadell,Cordoba,0,3,A,0,1,A,,,,2.3,3.2,3.2,2.1,3.25,3.0,2.15,3.1,3.2
2011/2012,2011-11-12 00:00:00,SP2,Spain,La Liga Segunda Division,,Alcorcon,Gimnastic,0,1,A,0,0,D,,,,1.73,3.3,5.5,1.67,3.4,4.5,1.67,3.3,5.0
2011/2012,2011-11-12 00:00:00,SP2,Spain,La Liga Segunda Division,,Hercules,Murcia,0,1,A,0,0,D,,,,2.0,3.3,3.8,1.8,3.2,4.0,1.95,3.1,3.8
2011/2012,2011-11-05 00:00:00,SP2,Spain,La Liga Segunda Division,,Guadalajara,Recreativo,0,2,A,0,1,A,,,,2.2,3.2,3.4,2.0,3.2,3.2,2.2,3.0,3.2
2011/2012,2011-11-05 00:00:00,SP1,Spain,La Liga Primera Division,,Levante,Valencia,0,2,A,0,1,A,,,,3.0,3.25,2.38,2.9,3.25,2.38,3.0,3.3,2.4
2011/2012,2011-10-31 00:00:00,SP1,Spain,La Liga Primera Division,,Sevilla,Granada,1,2,A,1,0,H,,,,1.4,4.5,8.0,1.4,4.33,8.0,1.37,4.5,8.5
2011/2012,2011-10-30 00:00:00,SP2,Spain,La Liga Segunda Division,,Villarreal B,Celta,2,3,A,2,1,H,,,,2.9,3.3,2.4,2.9,3.1,2.2,3.0,2.95,2.35
2011/2012,2011-10-30 00:00:00,SP2,Spain,La Liga Segunda Division,,Cartagena,Murcia,1,2,A,1,0,H,,,,2.6,3.1,2.8,2.88,3.0,2.25,2.65,3.1,2.5
2011/2012,2011-10-29 00:00:00,SP2,Spain,La Liga Segunda Division,,Huesca,Elche,0,1,A,0,0,D,,,,2.8,3.1,2.6,2.6,3.0,2.5,2.65,2.9,2.65
2011/2012,2011-10-29 00:00:00,SP2,Spain,La Liga Segunda Division,,Xerez,Almeria,0,1,A,0,0,D,,,,2.3,3.1,3.3,2.38,3.0,2.75,2.45,2.95,2.85
2011/2012,2011-10-29 00:00:00,SP1,Spain,La Liga Primera Division,,Sociedad,Real Madrid,0,1,A,0,1,A,,,,15.0,7.0,1.17,12.0,6.0,1.22,12.5,7.0,1.18
2011/2012,2011-10-26 00:00:00,SP1,Spain,La Liga Primera Division,,Zaragoza,Valencia,0,1,A,0,0,D,,,,3.3,3.3,2.2,3.4,3.4,2.1,3.3,3.4,2.2
2011/2012,2011-10-26 00:00:00,SP1,Spain,La Liga Primera Division,,Mallorca,Sp Gijon,1,2,A,1,0,H,,,,2.0,3.3,3.8,1.9,3.4,4.0,1.91,3.3,4.1
2011/2012,2011-10-26 00:00:00,SP2,Spain,La Liga Segunda Division,,Elche,Cordoba,0,1,A,0,0,D,,,,1.83,3.25,4.75,1.8,3.3,3.75,1.88,3.2,3.9
2011/2012,2011-10-26 00:00:00,SP2,Spain,La Liga Segunda Division,,Huesca,Barcelona B,0,1,A,0,0,D,,,,3.0,3.25,2.38,2.88,3.0,2.25,2.85,3.3,2.25
2011/2012,2011-10-26 00:00:00,SP2,Spain,La Liga Segunda Division,,Recreativo,Murcia,0,2,A,0,1,A,,,,2.15,3.2,3.5,1.91,3.2,3.5,2.1,3.0,3.4
2011/2012,2011-10-25 00:00:00,SP1,Spain,La Liga Primera Division,,Granada,Barcelona,0,1,A,0,1,A,,,,23.0,9.0,1.1,17.0,7.5,1.14,21.0,7.75,1.12
2011/2012,2011-10-25 00:00:00,SP2,Spain,La Liga Segunda Division,,Villarreal B,Hercules,0,1,A,0,0,D,,,,3.0,3.2,2.4,2.88,3.1,2.2,3.0,3.0,2.3
2011/2012,2011-10-23 00:00:00,SP1,Spain,La Liga Primera Division,,Villarreal,Levante,0,3,A,0,2,A,,,,1.91,3.3,4.2,1.91,3.4,4.0,1.95,3.3,3.9
2011/2012,2011-10-23 00:00:00,SP1,Spain,La Liga Primera Division,,Betis,Vallecano,0,2,A,0,0,D,,,,1.73,3.6,4.75,1.73,3.5,5.0,1.78,3.6,4.75
2011/2012,2011-10-22 00:00:00,SP1,Spain,La Liga Primera Division,,Malaga,Real Madrid,0,4,A,0,4,A,,,,7.5,4.5,1.4,7.0,4.33,1.44,8.0,4.75,1.4
2011/2012,2011-10-22 00:00:00,SP1,Spain,La Liga Primera Division,,Santander,Espanol,0,1,A,0,0,D,,,,2.5,3.2,2.88,2.38,3.25,2.9,2.4,3.1,3.0
2011/2012,2011-10-22 00:00:00,SP2,Spain,La Liga Segunda Division,,Girona,Cartagena,0,2,A,0,0,D,,,,1.95,3.3,4.0,2.0,3.2,3.2,1.91,3.25,3.7
2011/2012,2011-10-22 00:00:00,SP2,Spain,La Liga Segunda Division,,Cordoba,La Coruna,0,2,A,0,1,A,,,,2.8,3.1,2.6,2.5,3.1,2.5,2.65,3.1,2.5
2011/2012,2011-10-22 00:00:00,SP2,Spain,La Liga Segunda Division,,Alcoyano,Barcelona B,1,4,A,1,1,D,,,,2.7,3.1,2.7,2.38,3.2,2.6,2.65,3.1,2.5
2011/2012,2011-10-22 00:00:00,SP2,Spain,La Liga Segunda Division,,Gimnastic,Hercules,0,1,A,0,0,D,,,,3.25,3.2,2.25,3.2,3.0,2.1,3.0,3.0,2.3
2011/2012,2011-10-16 00:00:00,SP2,Spain,La Liga Segunda Division,,Barcelona B,Guadalajara,1,2,A,0,1,A,,,,1.8,3.5,4.5,1.8,3.1,4.0,1.8,3.3,4.1
2011/2012,2011-10-16 00:00:00,SP1,Spain,La Liga Primera Division,,Vallecano,Espanol,0,1,A,0,0,D,,,,2.2,3.2,3.4,2.25,3.25,3.1,2.15,3.3,3.3
2011/2012,2011-10-09 00:00:00,SP2,Spain,La Liga Segunda Division,,Guadalajara,Hercules,1,2,A,0,1,A,,,,2.25,3.2,3.2,2.25,3.0,2.88,2.3,3.1,2.95
2011/2012,2011-10-08 00:00:00,SP2,Spain,La Liga Segunda Division,,Celta,Las Palmas,1,2,A,1,1,D,,,,1.73,3.5,5.0,1.73,3.3,4.2,1.65,3.5,5.0
2011/2012,2011-10-02 00:00:00,SP2,Spain,La Liga Segunda Division,,Numancia,Celta,0,2,A,0,1,A,,,,2.5,3.1,2.9,2.25,3.2,2.75,2.55,2.95,2.7
2011/2012,2011-10-02 00:00:00,SP1,Spain,La Liga Primera Division,,Sp Gijon,Barcelona,0,1,A,0,1,A,,,,13.0,7.5,1.17,13.0,7.5,1.17,14.0,7.5,1.15
2011/2012,2011-10-02 00:00:00,SP1,Spain,La Liga Primera Division,,Sociedad,Ath Bilbao,1,2,A,0,1,A,,,,2.4,3.2,3.0,2.38,3.3,2.9,2.4,3.4,2.8
2011/2012,2011-10-02 00:00:00,SP1,Spain,La Liga Primera Division,,Espanol,Real Madrid,0,4,A,0,1,A,,,,10.0,6.0,1.25,10.0,5.0,1.3,10.0,5.25,1.28
2011/2012,2011-10-02 00:00:00,SP1,Spain,La Liga Primera Division,,Betis,Levante,0,1,A,0,1,A,,,,1.73,3.6,4.75,1.8,3.5,4.5,1.75,3.6,4.5
2011/2012,2011-10-01 00:00:00,SP2,Spain,La Liga Segunda Division,,Barcelona B,Sabadell,0,1,A,0,1,A,,,,1.83,3.5,4.33,1.8,3.3,3.75,1.8,3.4,4.0
2011/2012,2011-10-01 00:00:00,SP2,Spain,La Liga Segunda Division,,Cartagena,Alcoyano,1,2,A,1,2,A,,,,2.2,3.1,3.5,2.2,3.2,2.8,2.25,2.95,3.2
2011/2012,2011-10-01 00:00:00,SP2,Spain,La Liga Segunda Division,,Huesca,Cordoba,0,1,A,0,0,D,,,,2.2,3.1,3.5,2.2,3.2,2.8,2.1,2.95,3.5
2011/2012,2011-10-01 00:00:00,SP2,Spain,La Liga Segunda Division,,Recreativo,Almeria,0,1,A,0,1,A,,,,2.63,3.1,2.8,2.6,3.0,2.5,2.65,3.05,2.5
2011/2012,2011-09-24 00:00:00,SP2,Spain,La Liga Segunda Division,,Gimnastic,Huesca,1,3,A,0,2,A,,,,2.1,3.1,3.75,2.1,3.2,3.0,2.05,3.0,3.6
2011/2012,2011-09-23 00:00:00,SP2,Spain,La Liga Segunda Division,,Elche,Almeria,1,3,A,0,1,A,,,,2.1,3.2,3.25,2.1,3.2,3.0,2.1,3.1,3.3
2011/2012,2011-09-21 00:00:00,SP1,Spain,La Liga Primera Division,,Vallecano,Levante,1,2,A,0,2,A,,,,2.1,3.25,3.5,2.2,3.3,3.3,2.1,3.25,3.5
2011/2012,2011-09-18 00:00:00,SP1,Spain,La Liga Primera Division,,Ath Bilbao,Betis,2,3,A,1,3,A,,,,2.0,3.4,3.75,2.0,3.3,3.75,2.0,3.4,3.9
2011/2012,2011-09-18 00:00:00,SP1,Spain,La Liga Primera Division,,Getafe,Vallecano,0,1,A,0,1,A,,,,1.95,3.5,3.8,1.91,3.4,4.0,1.95,3.4,4.1
2011/2012,2011-09-17 00:00:00,SP1,Spain,La Liga Primera Division,,Sp Gijon,Valencia,0,1,A,0,1,A,,,,3.3,3.3,2.2,3.5,3.3,2.1,3.5,3.35,2.05
2011/2012,2011-09-17 00:00:00,SP1,Spain,La Liga Primera Division,,Mallorca,Malaga,0,1,A,0,1,A,,,,3.1,3.4,2.25,2.88,3.4,2.38,3.1,3.3,2.25
2011/2012,2011-09-17 00:00:00,SP2,Spain,La Liga Segunda Division,,Las Palmas,Cordoba,0,1,A,0,0,D,,,,2.0,3.2,4.0,1.8,3.2,4.0,1.95,3.05,3.8
2011/2012,2011-09-17 00:00:00,SP2,Spain,La Liga Segunda Division,,Valladolid,Murcia,1,3,A,0,2,A,,,,1.57,3.8,6.0,1.5,3.5,6.0,1.5,3.75,6.0
2011/2012,2011-09-17 00:00:00,SP2,Spain,La Liga Segunda Division,,Cartagena,Alcorcon,0,2,A,0,0,D,,,,2.5,3.2,2.88,2.38,3.1,2.62,2.45,3.0,2.8
2011/2012,2011-09-11 00:00:00,SP2,Spain,La Liga Segunda Division,,Gimnastic,Las Palmas,1,3,A,0,1,A,,,,2.4,3.0,3.2,2.25,3.1,2.8,2.4,2.95,2.9
2011/2012,2011-09-11 00:00:00,SP2,Spain,La Liga Segunda Division,,Celta,Elche,1,2,A,1,1,D,,,,2.1,3.1,3.75,2.1,3.2,3.0,2.1,3.1,3.3
2011/2012,2011-09-11 00:00:00,SP2,Spain,La Liga Segunda Division,,Barcelona B,La Coruna,2,3,A,1,3,A,,,,2.25,3.25,3.2,2.1,3.2,3.0,2.3,3.0,3.0
2011/2012,2011-09-10 00:00:00,SP2,Spain,La Liga Segunda Division,,Murcia,Almeria,0,2,A,0,1,A,,,,2.5,3.1,2.9,2.5,3.2,2.5,2.45,3.1,2.7
2011/2012,2011-09-10 00:00:00,SP2,Spain,La Liga Segunda Division,,Hercules,Recreativo,0,1,A,0,0,D,,,,1.7,3.4,5.5,1.62,3.3,5.0,1.62,3.4,5.25
2011/2012,2011-09-10 00:00:00,SP2,Spain,La Liga Segunda Division,,Alcoyano,Xerez,0,1,A,0,0,D,,,,2.5,3.2,2.8,2.4,3.1,2.62,2.45,3.0,2.8
2011/2012,2011-09-04 00:00:00,SP2,Spain,La Liga Segunda Division,,Cartagena,Barcelona B,0,4,A,0,2,A,,,,2.5,3.3,2.8,2.38,3.2,2.6,2.35,3.2,2.75
2011/2012,2011-09-04 00:00:00,SP2,Spain,La Liga Segunda Division,,La Coruna,Hercules,0,1,A,0,1,A,,,,2.0,3.3,3.8,1.8,3.2,4.0,1.88,3.1,4.1
2011/2012,2011-09-04 00:00:00,SP2,Spain,La Liga Segunda Division,,Recreativo,Celta,1,2,A,0,1,A,,,,2.4,3.1,3.1,2.5,3.2,2.5,2.4,3.1,2.75
2011/2012,2011-09-03 00:00:00,SP2,Spain,La Liga Segunda Division,,Xerez,Guadalajara,0,2,A,0,1,A,,,,1.95,3.3,4.0,1.73,3.2,4.33,1.75,3.3,4.4
2011/2012,2011-09-03 00:00:00,SP2,Spain,La Liga Segunda Division,,Villarreal B,Sabadell,3,4,A,1,1,D,,,,2.1,3.25,3.6,1.9,3.2,3.5,2.05,3.3,3.2
2011/2012,2011-09-03 00:00:00,SP2,Spain,La Liga Segunda Division,,Huesca,Alcorcon,0,3,A,0,0,D,,,,2.15,3.1,3.6,1.9,3.2,3.5,2.15,3.0,3.3
2011/2012,2011-08-28 00:00:00,SP1,Spain,La Liga Primera Division,,Zaragoza,Real Madrid,0,6,A,0,2,A,,,,8.5,5.0,1.33,9.0,5.0,1.33,8.25,5.5,1.34
2011/2012,2011-08-28 00:00:00,SP2,Spain,La Liga Segunda Division,,Murcia,Celta,1,3,A,1,2,A,,,,2.5,3.1,2.9,2.62,3.1,2.4,2.5,3.0,2.7
2011/2012,2011-08-28 00:00:00,SP2,Spain,La Liga Segunda Division,,Gimnastic,Valladolid,0,3,A,0,3,A,,,,2.75,3.0,2.75,2.38,3.2,2.6,2.6,3.0,2.6
2011/2012,2011-08-27 00:00:00,SP1,Spain,La Liga Primera Division,,Sp Gijon,Sociedad,1,2,A,0,1,A,,,,2.05,3.25,3.75,2.1,3.3,3.5,2.05,3.25,3.6
2011/2012,2011-08-27 00:00:00,SP1,Spain,La Liga Primera Division,,Granada,Betis,0,1,A,0,0,D,,,,2.3,3.4,3.0,2.4,3.3,2.88,2.35,3.4,2.85
2011/2012,2011-08-27 00:00:00,SP2,Spain,La Liga Segunda Division,,Alcorcon,Xerez,0,1,A,0,0,D,,,,2.3,3.25,3.1,2.2,3.2,2.8,2.35,3.1,2.85
2011/2012,2011-08-27 00:00:00,SP2,Spain,La Liga Segunda Division,,Barcelona B,Villarreal B,0,2,A,0,1,A,,,,1.62,3.75,5.5,1.57,3.5,5.0,1.57,3.75,5.0
2011/2012,2011-08-26 00:00:00,SP2,Spain,La Liga Segunda Division,,Girona,Elche,1,4,A,0,2,A,,,,2.5,3.1,2.9,2.2,3.2,2.8,2.4,3.05,2.8
2010/2011,2011-06-04 00:00:00,SP2,Spain,La Liga Segunda Division,,Vallecano,Barcelona B,2,3,A,1,2,A,,,,1.75,3.6,4.0,1.8,3.4,3.6,1.7,3.3,4.5
2010/2011,2011-05-29 00:00:00,SP2,Spain,La Liga Segunda Division,,Cartagena,Vallecano,2,4,A,1,2,A,,,,2.75,3.25,2.25,2.5,3.25,2.38,2.65,3.25,2.35
2010/2011,2011-05-21 00:00:00,SP2,Spain,La Liga Segunda Division,,Girona,Barcelona B,0,2,A,0,1,A,,,,2.63,3.1,2.75,2.2,3.25,2.75,2.3,3.1,2.8
2010/2011,2011-05-21 00:00:00,SP2,Spain,La Liga Segunda Division,,Albacete,Tenerife,1,2,A,1,1,D,,,,2.63,3.3,2.6,2.25,3.2,2.75,2.45,3.4,2.45
2010/2011,2011-05-21 00:00:00,SP1,Spain,La Liga Primera Division,,La Coruna,Valencia,0,2,A,0,1,A,,,,1.44,4.2,6.0,1.5,3.6,5.5,1.42,4.6,6.15
2010/2011,2011-05-21 00:00:00,SP1,Spain,La Liga Primera Division,,Levante,Zaragoza,1,2,A,0,1,A,,,,5.5,4.33,1.53,5.0,3.75,1.53,5.4,4.3,1.5
2010/2011,2011-05-21 00:00:00,SP1,Spain,La Liga Primera Division,,Malaga,Barcelona,1,3,A,1,1,D,,,,3.25,3.5,2.1,2.88,3.3,2.1,3.3,3.45,2.05
2010/2011,2011-05-21 00:00:00,SP1,Spain,La Liga Primera Division,,Mallorca,Ath Madrid,3,4,A,0,2,A,,,,2.5,2.75,3.3,2.38,2.8,2.88,2.55,2.7,3.15
2010/2011,2011-05-21 00:00:00,SP1,Spain,La Liga Primera Division,,Espanol,Sevilla,2,3,A,0,2,A,,,,3.0,3.5,2.25,2.75,3.25,2.2,3.05,3.6,2.1
2010/2011,2011-05-21 00:00:00,SP1,Spain,La Liga Primera Division,,Santander,Ath Bilbao,1,2,A,0,2,A,,,,3.0,3.5,2.25,2.75,3.25,2.2,3.0,3.65,2.1
2010/2011,2011-05-15 00:00:00,SP1,Spain,La Liga Primera Division,,Villarreal,Real Madrid,1,3,A,0,2,A,,,,4.0,3.8,1.8,4.5,3.75,1.73,4.0,3.9,1.75
2010/2011,2011-05-15 00:00:00,SP2,Spain,La Liga Segunda Division,,Barcelona B,Las Palmas,3,5,A,3,3,D,,,,1.53,3.75,5.5,1.73,3.3,4.2,1.65,3.5,4.5
2010/2011,2011-05-12 00:00:00,SP2,Spain,La Liga Segunda Division,,Villarreal B,Alcorcon,1,4,A,1,4,A,,,,2.25,3.25,2.9,2.2,3.25,2.75,2.15,3.1,3.1
2010/2011,2011-05-12 00:00:00,SP2,Spain,La Liga Segunda Division,,Vallecano,Elche,1,2,A,0,2,A,,,,1.73,3.3,4.75,1.8,3.2,4.0,1.75,3.25,4.25
2010/2011,2011-05-11 00:00:00,SP2,Spain,La Liga Segunda Division,,Albacete,Numancia,1,2,A,0,1,A,,,,2.63,3.2,2.5,2.3,3.1,2.75,2.5,3.1,2.6
2010/2011,2011-05-08 00:00:00,SP2,Spain,La Liga Segunda Division,,Gimnastic,Granada,0,3,A,0,1,A,,,,2.6,3.1,2.8,2.6,3.0,2.5,2.5,3.0,2.65
2010/2011,2011-05-08 00:00:00,SP1,Spain,La Liga Primera Division,,Zaragoza,Osasuna,1,3,A,1,0,H,,,,2.1,3.3,3.5,2.1,3.3,3.5,2.1,3.25,3.35
2010/2011,2011-05-07 00:00:00,SP1,Spain,La Liga Primera Division,,Sevilla,Real Madrid,2,6,A,0,3,A,,,,3.0,3.5,2.25,2.9,3.6,2.25,3.0,3.4,2.2
2010/2011,2011-05-07 00:00:00,SP1,Spain,La Liga Primera Division,,Hercules,Santander,2,3,A,2,3,A,,,,2.1,3.25,3.5,2.2,3.25,3.3,2.05,3.3,3.5
2010/2011,2011-05-07 00:00:00,SP1,Spain,La Liga Primera Division,,Ath Madrid,Malaga,0,3,A,0,2,A,,,,1.57,4.0,5.5,1.62,3.75,5.5,1.57,4.1,5.0
2010/2011,2011-05-07 00:00:00,SP2,Spain,La Liga Segunda Division,,Celta,Girona,0,4,A,0,3,A,,,,1.53,3.8,6.5,1.62,3.3,5.0,1.55,3.5,5.5
2010/2011,2011-05-07 00:00:00,SP2,Spain,La Liga Segunda Division,,Vallecano,Salamanca,1,2,A,0,1,A,,,,1.44,4.0,8.0,1.4,3.75,7.0,1.4,4.0,6.75
2010/2011,2011-05-01 00:00:00,SP2,Spain,La Liga Segunda Division,,Girona,Vallecano,1,3,A,1,0,H,,,,3.25,3.1,2.3,2.75,3.1,2.3,2.85,3.0,2.35
2010/2011,2011-05-01 00:00:00,SP1,Spain,La Liga Primera Division,,Almeria,Sevilla,0,1,A,0,0,D,,,,4.0,3.8,1.8,4.33,3.6,1.8,4.35,3.7,1.72
2010/2011,2011-04-30 00:00:00,SP2,Spain,La Liga Segunda Division,,Ponferradina,Xerez,1,2,A,1,0,H,,,,3.1,3.1,2.4,2.75,3.1,2.3,2.75,3.0,2.4
2010/2011,2011-04-30 00:00:00,SP2,Spain,La Liga Segunda Division,,Villarreal B,Gimnastic,0,2,A,0,0,D,,,,2.15,3.1,3.2,2.1,3.1,3.1,2.1,3.1,3.2
2010/2011,2011-04-30 00:00:00,SP2,Spain,La Liga Segunda Division,,Alcorcon,Huesca,0,1,A,0,0,D,,,,1.85,3.3,4.5,1.7,3.2,4.5,1.8,3.2,4.1
2010/2011,2011-04-30 00:00:00,SP2,Spain,La Liga Segunda Division,,Albacete,Cartagena,1,2,A,1,1,D,,,,2.38,3.1,3.1,2.2,3.2,2.8,2.35,3.1,2.75
2010/2011,2011-04-30 00:00:00,SP1,Spain,La Liga Primera Division,,Real Madrid,Zaragoza,2,3,A,0,1,A,,,,1.3,5.5,9.0,1.29,5.0,11.0,1.25,5.75,9.5
2010/2011,2011-04-30 00:00:00,SP1,Spain,La Liga Primera Division,,La Coruna,Ath Madrid,0,1,A,0,0,D,,,,3.3,3.4,2.15,3.3,3.3,2.2,3.25,3.25,2.15
2010/2011,2011-04-24 00:00:00,SP1,Spain,La Liga Primera Division,,Santander,Malaga,1,2,A,0,2,A,,,,2.3,3.3,3.1,2.3,3.4,3.0,2.2,3.25,3.1
2010/2011,2011-04-24 00:00:00,SP2,Spain,La Liga Segunda Division,,Barcelona B,Betis,0,3,A,0,2,A,,,,2.63,3.2,2.7,2.4,3.1,2.6,2.5,3.2,2.5
2010/2011,2011-04-23 00:00:00,SP2,Spain,La Liga Segunda Division,,Numancia,Recreativo,1,2,A,0,1,A,,,,2.4,3.2,3.0,2.1,3.1,3.1,2.45,2.95,2.75
2010/2011,2011-04-23 00:00:00,SP2,Spain,La Liga Segunda Division,,Tenerife,Villarreal B,0,1,A,0,1,A,,,,1.85,3.3,4.5,1.91,3.25,3.4,1.8,3.25,4.0
2010/2011,2011-04-23 00:00:00,SP1,Spain,La Liga Primera Division,,Valencia,Real Madrid,3,6,A,0,4,A,,,,2.38,3.5,2.8,2.3,3.6,2.8,2.35,3.5,2.7
2010/2011,2011-04-17 00:00:00,SP2,Spain,La Liga Segunda Division,,Albacete,Celta,0,1,A,0,1,A,,,,3.25,3.25,2.2,2.8,3.0,2.3,3.0,3.1,2.2
2010/2011,2011-04-17 00:00:00,SP2,Spain,La Liga Segunda Division,,Villarreal B,Cordoba,0,3,A,0,1,A,,,,2.1,3.25,3.5,2.0,3.2,3.2,2.05,3.1,3.3
2010/2011,2011-04-17 00:00:00,SP1,Spain,La Liga Primera Division,,Osasuna,Ath Bilbao,1,2,A,0,0,D,,,,2.4,3.25,2.9,2.38,3.25,3.0,2.35,3.2,2.95
2010/2011,2011-04-16 00:00:00,SP1,Spain,La Liga Primera Division,,Almeria,Valencia,0,3,A,0,0,D,,,,3.8,3.4,2.0,3.75,3.5,1.91,3.9,3.5,1.85
2010/2011,2011-04-16 00:00:00,SP2,Spain,La Liga Segunda Division,,Ponferradina,Vallecano,0,1,A,0,0,D,,,,4.25,3.25,1.91,3.3,3.1,2.0,3.6,3.25,1.91
2010/2011,2011-04-10 00:00:00,SP2,Spain,La Liga Segunda Division,,Cordoba,Alcorcon,1,4,A,1,2,A,,,,2.2,3.1,3.5,1.91,3.2,3.5,2.2,3.1,3.0
2010/2011,2011-04-10 00:00:00,SP2,Spain,La Liga Segunda Division,,Xerez,Betis,2,3,A,0,0,D,,,,3.5,3.1,2.2,2.6,3.1,2.38,3.1,3.1,2.15
2010/2011,2011-04-09 00:00:00,SP1,Spain,La Liga Primera Division,,Ath Bilbao,Real Madrid,0,3,A,0,1,A,,,,4.5,3.75,1.73,4.33,3.6,1.8,4.4,3.75,1.7
2010/2011,2011-04-09 00:00:00,SP2,Spain,La Liga Segunda Division,,Celta,Valladolid,1,2,A,0,1,A,,,,2.1,3.1,3.75,1.91,3.2,3.5,2.05,3.2,3.2
2010/2011,2011-04-09 00:00:00,SP2,Spain,La Liga Segunda Division,,Cartagena,Recreativo,1,3,A,1,2,A,,,,2.3,3.1,3.25,1.91,3.2,3.5,2.25,3.1,2.9
2010/2011,2011-04-09 00:00:00,SP2,Spain,La Liga Segunda Division,,Tenerife,Huesca,0,1,A,0,0,D,,,,1.95,3.2,4.2,1.91,3.2,3.5,2.0,3.1,3.45
2010/2011,2011-04-04 00:00:00,SP1,Spain,La Liga Primera Division,,Almeria,Ath Bilbao,1,3,A,1,1,D,,,,2.9,3.3,2.4,2.88,3.3,2.4,2.9,3.25,2.35
2010/2011,2011-04-03 00:00:00,SP1,Spain,La Liga Primera Division,,Espanol,Santander,1,2,A,1,0,H,,,,1.91,3.4,4.0,1.91,3.4,4.0,1.85,3.25,4.25
2010/2011,2011-04-03 00:00:00,SP1,Spain,La Liga Primera Division,,Sociedad,Hercules,1,3,A,0,0,D,,,,1.83,3.5,4.33,1.8,3.5,4.5,1.83,3.4,4.2
2010/2011,2011-04-03 00:00:00,SP1,Spain,La Liga Primera Division,,Osasuna,Ath Madrid,2,3,A,1,1,D,,,,2.5,3.25,2.8,2.5,3.3,2.8,2.5,3.3,2.65
2010/2011,2011-04-02 00:00:00,SP1,Spain,La Liga Primera Division,,Villarreal,Barcelona,0,1,A,0,0,D,,,,5.5,3.8,1.62,5.5,3.75,1.62,4.75,4.1,1.6
2010/2011,2011-04-02 00:00:00,SP1,Spain,La Liga Primera Division,,Real Madrid,Sp Gijon,0,1,A,0,0,D,,,,1.14,7.5,17.0,1.17,7.5,13.0,1.15,7.25,14.0
2010/2011,2011-04-02 00:00:00,SP2,Spain,La Liga Segunda Division,,Villarreal B,Barcelona B,2,3,A,2,1,H,,,,2.75,3.1,2.63,2.6,3.1,2.4,2.6,3.15,2.45
2010/2011,2011-04-02 00:00:00,SP1,Spain,La Liga Primera Division,,Getafe,Valencia,2,4,A,1,0,H,,,,2.8,3.25,2.5,2.88,3.3,2.4,2.9,3.25,2.35
2010/2011,2011-03-27 00:00:00,SP2,Spain,La Liga Segunda Division,,Salamanca,Valladolid,0,5,A,0,0,D,,,,2.75,3.0,2.7,2.5,3.0,2.6,2.5,2.95,2.7
2010/2011,2011-03-26 00:00:00,SP2,Spain,La Liga Segunda Division,,Celta,Recreativo,0,3,A,0,1,A,,,,1.7,3.6,5.0,1.7,3.2,4.5,1.6,3.4,5.25
2010/2011,2011-03-20 00:00:00,SP1,Spain,La Liga Primera Division,,Valencia,Sevilla,0,1,A,0,0,D,,,,1.95,3.5,3.7,2.0,3.4,3.75,1.95,3.4,3.65
2010/2011,2011-03-20 00:00:00,SP1,Spain,La Liga Primera Division,,La Coruna,Levante,0,1,A,0,0,D,,,,2.1,3.4,3.4,2.1,3.3,3.5,2.0,3.1,3.9
2010/2011,2011-03-20 00:00:00,SP1,Spain,La Liga Primera Division,,Hercules,Osasuna,0,4,A,0,2,A,,,,2.15,3.25,3.4,2.2,3.3,3.3,2.15,3.0,3.5
2010/2011,2011-03-20 00:00:00,SP1,Spain,La Liga Primera Division,,Ath Bilbao,Villarreal,0,1,A,0,0,D,,,,2.3,3.4,3.0,2.3,3.3,3.1,2.3,3.4,2.85
2010/2011,2011-03-19 00:00:00,SP2,Spain,La Liga Segunda Division,,Ponferradina,Elche,0,1,A,0,0,D,,,,3.1,3.0,2.4,2.8,3.1,2.25,2.8,2.9,2.45
2010/2011,2011-03-19 00:00:00,SP2,Spain,La Liga Segunda Division,,Tenerife,Cordoba,1,2,A,1,1,D,,,,1.83,3.25,4.6,1.91,3.2,3.5,1.91,3.15,3.7
2010/2011,2011-03-19 00:00:00,SP1,Spain,La Liga Primera Division,,Ath Madrid,Real Madrid,1,2,A,0,2,A,,,,5.25,4.0,1.62,5.5,3.75,1.62,5.25,4.1,1.55
2010/2011,2011-03-19 00:00:00,SP2,Spain,La Liga Segunda Division,,Albacete,Las Palmas,0,1,A,0,1,A,,,,2.3,3.1,3.25,2.3,3.1,2.75,2.25,3.0,3.0
2010/2011,2011-03-18 00:00:00,SP2,Spain,La Liga Segunda Division,,Villarreal B,Xerez,1,2,A,0,1,A,,,,2.3,3.25,3.1,2.0,3.2,3.2,2.1,3.0,3.3
2010/2011,2011-03-13 00:00:00,SP1,Spain,La Liga Primera Division,,Sociedad,Malaga,0,2,A,0,1,A,,,,2.0,3.4,3.75,1.91,3.25,3.4,1.95,3.2,3.9
2010/2011,2011-03-13 00:00:00,SP2,Spain,La Liga Segunda Division,,Salamanca,Recreativo,0,1,A,0,0,D,,,,2.38,3.0,3.2,2.2,3.1,2.9,2.2,2.9,3.2
2010/2011,2011-03-12 00:00:00,SP2,Spain,La Liga Segunda Division,,Girona,Betis,0,1,A,0,0,D,,,,3.1,3.0,2.4,2.5,3.2,2.5,2.7,3.1,2.4
2010/2011,2011-03-12 00:00:00,SP2,Spain,La Liga Segunda Division,,Celta,Villarreal B,0,1,A,0,0,D,,,,1.57,3.6,6.5,1.62,3.3,5.0,1.53,3.6,5.75
2010/2011,2011-03-07 00:00:00,SP2,Spain,La Liga Segunda Division,,Tenerife,Barcelona B,1,4,A,0,2,A,,,,2.1,3.25,3.4,2.0,3.2,3.2,2.1,3.2,3.1
2010/2011,2011-03-06 00:00:00,SP1,Spain,La Liga Primera Division,,Malaga,Osasuna,0,1,A,0,0,D,,,,2.0,3.3,3.75,1.91,3.25,3.4,2.05,3.2,3.6
2010/2011,2011-03-06 00:00:00,SP1,Spain,La Liga Primera Division,,Santander,Real Madrid,1,3,A,0,2,A,,,,8.0,4.75,1.36,7.0,3.75,1.4,8.0,5.0,1.38
2010/2011,2011-03-06 00:00:00,SP2,Spain,La Liga Segunda Division,,Cordoba,Numancia,1,2,A,1,1,D,,,,2.25,3.1,3.25,2.0,3.2,3.2,2.2,2.95,3.15
2010/2011,2011-03-06 00:00:00,SP1,Spain,La Liga Primera Division,,Hercules,Almeria,1,2,A,0,0,D,,,,2.0,3.4,3.75,2.0,3.2,3.2,1.95,3.25,3.8
2010/2011,2011-03-05 00:00:00,SP1,Spain,La Liga Primera Division,,Mallorca,Valencia,1,2,A,1,1,D,,,,2.7,3.2,2.6,2.62,3.3,2.6,2.75,3.2,2.5
2010/2011,2011-03-05 00:00:00,SP2,Spain,La Liga Segunda Division,,Granada,Salamanca,0,1,A,0,0,D,,,,1.5,4.0,7.0,1.44,3.6,6.5,1.45,3.9,6.0
2010/2011,2011-03-05 00:00:00,SP2,Spain,La Liga Segunda Division,,Villarreal B,Vallecano,1,2,A,0,1,A,,,,2.8,3.0,2.6,2.5,3.1,2.5,2.6,3.0,2.55
2010/2011,2011-03-05 00:00:00,SP2,Spain,La Liga Segunda Division,,Albacete,Elche,0,2,A,0,0,D,,,,2.7,3.0,2.7,2.5,3.1,2.5,2.45,2.95,2.75
2010/2011,2011-03-03 00:00:00,SP2,Spain,La Liga Segunda Division,,Celta,Huesca,1,2,A,0,1,A,,,,1.5,3.75,7.0,1.44,3.6,6.5,1.4,4.0,6.75
2010/2011,2011-03-02 00:00:00,SP2,Spain,La Liga Segunda Division,,Xerez,Gimnastic,1,2,A,1,1,D,,,,1.8,3.25,4.75,1.7,3.2,4.5,1.65,3.5,4.5
2010/2011,2011-03-02 00:00:00,SP1,Spain,La Liga Primera Division,,Valencia,Barcelona,0,1,A,0,0,D,,,,5.5,4.0,1.57,6.0,3.75,1.57,5.25,4.1,1.55
2010/2011,2011-03-01 00:00:00,SP1,Spain,La Liga Primera Division,,Espanol,Mallorca,1,2,A,1,0,H,,,,2.1,3.3,3.5,2.0,3.4,3.75,2.1,3.25,3.4
2010/2011,2011-02-27 00:00:00,SP1,Spain,La Liga Primera Division,,Ath Bilbao,Valencia,1,2,A,1,0,H,,,,2.3,3.3,3.1,2.38,3.25,3.0,2.3,3.25,2.95
2010/2011,2011-02-26 00:00:00,SP2,Spain,La Liga Segunda Division,,Gimnastic,Celta,1,2,A,0,1,A,,,,3.3,3.1,2.25,3.2,3.0,2.1,3.0,3.0,2.25
2010/2011,2011-02-26 00:00:00,SP2,Spain,La Liga Segunda Division,,Numancia,Barcelona B,4,6,A,1,1,D,,,,2.0,3.25,3.8,2.0,3.2,3.2,2.05,3.0,3.45
2010/2011,2011-02-26 00:00:00,SP2,Spain,La Liga Segunda Division,,Villarreal B,Girona,0,1,A,0,1,A,,,,2.2,3.1,3.4,2.0,3.1,3.3,2.15,3.1,3.1
2010/2011,2011-02-26 00:00:00,SP1,Spain,La Liga Primera Division,,Mallorca,Barcelona,0,3,A,0,1,A,,,,8.5,5.0,1.33,8.0,4.8,1.36,7.25,4.75,1.37
2010/2011,2011-02-20 00:00:00,SP1,Spain,La Liga Primera Division,,Getafe,Santander,0,1,A,0,0,D,,,,1.8,3.5,4.5,1.8,3.5,4.5,1.78,3.5,4.33
2010/2011,2011-02-19 00:00:00,SP2,Spain,La Liga Segunda Division,,Xerez,Cordoba,1,3,A,1,2,A,,,,1.7,3.4,5.25,1.7,3.2,4.5,1.65,3.4,4.75
2010/2011,2011-02-19 00:00:00,SP1,Spain,La Liga Primera Division,,Zaragoza,Ath Madrid,0,1,A,0,0,D,,,,2.88,3.3,2.4,2.62,3.3,2.6,2.75,3.25,2.45
2010/2011,2011-02-13 00:00:00,SP1,Spain,La Liga Primera Division,,Espanol,Real Madrid,0,1,A,0,1,A,,,,7.0,4.33,1.44,6.0,3.75,1.44,6.75,4.4,1.42
2010/2011,2011-02-12 00:00:00,SP1,Spain,La Liga Primera Division,,Ath Madrid,Valencia,1,2,A,1,1,D,,,,2.1,3.4,3.4,2.0,3.2,3.2,2.1,3.3,3.3
2010/2011,2011-02-12 00:00:00,SP2,Spain,La Liga Segunda Division,,Recreativo,Valladolid,0,1,A,0,0,D,,,,2.2,3.0,3.6,1.91,3.2,3.5,2.25,3.0,3.0
2010/2011,2011-02-12 00:00:00,SP2,Spain,La Liga Segunda Division,,Betis,Elche,1,4,A,0,2,A,,,,1.5,3.8,7.5,1.5,3.5,6.0,1.44,3.8,6.5
2010/2011,2011-02-12 00:00:00,SP2,Spain,La Liga Segunda Division,,Huesca,Girona,0,1,A,0,0,D,,,,2.1,3.2,3.6,2.2,3.0,3.0,2.05,3.0,3.5
2010/2011,2011-02-06 00:00:00,SP2,Spain,La Liga Segunda Division,,Ponferradina,Alcorcon,1,2,A,0,2,A,,,,2.5,3.0,2.9,2.3,3.1,2.75,2.4,3.0,2.75
2010/2011,2011-02-06 00:00:00,SP2,Spain,La Liga Segunda Division,,Betis,Recreativo,0,1,A,0,0,D,,,,1.53,3.8,6.5,1.44,3.6,6.5,1.5,3.6,6.0
2010/2011,2011-02-05 00:00:00,SP2,Spain,La Liga Segunda Division,,Albacete,Villarreal B,0,2,A,0,0,D,,,,2.38,3.1,3.0,2.38,3.1,2.62,2.45,2.85,2.85
2010/2011,2011-02-05 00:00:00,SP2,Spain,La Liga Segunda Division,,Elche,Cartagena,1,2,A,1,1,D,,,,2.05,3.2,3.7,2.1,3.0,3.2,2.15,3.0,3.2
2010/2011,2011-02-05 00:00:00,SP2,Spain,La Liga Segunda Division,,Salamanca,Tenerife,1,2,A,1,1,D,,,,2.4,3.1,3.0,2.38,3.2,2.6,2.4,2.95,2.9
2010/2011,2011-02-05 00:00:00,SP2,Spain,La Liga Segunda Division,,Valladolid,Granada,2,3,A,1,2,A,,,,2.0,3.3,3.75,2.0,3.2,3.2,1.91,3.2,3.7
2010/2011,2011-02-05 00:00:00,SP1,Spain,La Liga Primera Division,,Villarreal,Levante,0,1,A,0,0,D,,,,1.25,5.25,13.0,1.25,5.5,12.0,1.22,6.0,10.5
2010/2011,2011-01-30 00:00:00,SP1,Spain,La Liga Primera Division,,Espanol,Villarreal,0,1,A,0,1,A,,,,2.5,3.25,2.8,2.38,3.3,2.9,2.45,3.3,2.7
2010/2011,2011-01-30 00:00:00,SP1,Spain,La Liga Primera Division,,Ath Madrid,Ath Bilbao,0,2,A,0,1,A,,,,1.83,3.5,4.33,1.83,3.5,4.33,1.7,3.7,4.5
2010/2011,2011-01-29 00:00:00,SP2,Spain,La Liga Segunda Division,,Cartagena,Xerez,1,2,A,1,1,D,,,,2.2,3.1,3.5,2.25,3.1,2.8,2.2,3.2,2.9
2010/2011,2011-01-29 00:00:00,SP1,Spain,La Liga Primera Division,,Mallorca,Sp Gijon,0,4,A,0,1,A,,,,1.8,3.25,5.0,1.73,3.5,5.0,1.7,3.4,5.0
2010/2011,2011-01-29 00:00:00,SP1,Spain,La Liga Primera Division,,Malaga,Zaragoza,1,2,A,1,1,D,,,,1.83,3.5,4.33,1.91,3.4,4.0,1.8,3.45,4.25
2010/2011,2011-01-29 00:00:00,SP1,Spain,La Liga Primera Division,,Hercules,Barcelona,0,3,A,0,1,A,,,,15.0,7.0,1.17,13.0,7.5,1.17,15.5,7.25,1.14
2010/2011,2011-01-29 00:00:00,SP2,Spain,La Liga Segunda Division,,Numancia,Vallecano,0,3,A,0,2,A,,,,2.3,3.0,3.4,2.3,3.1,2.75,2.3,2.9,3.0
2010/2011,2011-01-23 00:00:00,SP1,Spain,La Liga Primera Division,,Getafe,Espanol,1,3,A,1,0,H,,,,2.1,3.3,3.5,2.2,3.2,3.4,2.15,3.25,3.25
2010/2011,2011-01-22 00:00:00,SP2,Spain,La Liga Segunda Division,,Cartagena,Celta,0,4,A,0,2,A,,,,2.6,3.0,2.8,2.38,3.0,2.75,2.45,2.9,2.8
2010/2011,2011-01-22 00:00:00,SP2,Spain,La Liga Segunda Division,,Barcelona B,Vallecano,1,2,A,1,1,D,,,,2.4,3.0,3.1,2.38,3.1,2.62,2.35,3.0,2.85
2010/2011,2011-01-16 00:00:00,SP2,Spain,La Liga Segunda Division,,Salamanca,Barcelona B,2,3,A,1,1,D,,,,2.5,3.1,2.9,2.38,3.1,2.62,2.45,3.05,2.65
2010/2011,2011-01-15 00:00:00,SP1,Spain,La Liga Primera Division,,Getafe,Sociedad,0,4,A,0,2,A,,,,1.8,3.25,5.0,1.73,3.5,5.0,1.75,3.35,4.75
2010/2011,2011-01-15 00:00:00,SP1,Spain,La Liga Primera Division,,Sevilla,Espanol,1,2,A,0,1,A,,,,1.73,3.5,5.0,1.67,3.75,5.0,1.67,3.75,5.5
2010/2011,2011-01-15 00:00:00,SP2,Spain,La Liga Segunda Division,,Las Palmas,Cordoba,0,1,A,0,1,A,,,,1.83,3.4,4.33,1.9,3.1,3.6,1.85,3.1,4.0
2010/2011,2011-01-15 00:00:00,SP2,Spain,La Liga Segunda Division,,Albacete,Gimnastic,0,1,A,0,0,D,,,,2.1,3.1,3.75,1.83,3.2,3.75,2.05,3.1,3.3
2010/2011,2011-01-09 00:00:00,SP2,Spain,La Liga Segunda Division,,Tenerife,Albacete,0,1,A,0,1,A,,,,1.83,3.25,4.0,1.9,3.2,3.5,1.85,3.1,4.0
2010/2011,2011-01-09 00:00:00,SP2,Spain,La Liga Segunda Division,,Xerez,Vallecano,0,1,A,0,0,D,,,,2.3,3.1,2.9,2.25,3.0,2.88,2.25,3.1,2.9
2010/2011,2011-01-09 00:00:00,SP1,Spain,La Liga Primera Division,,Levante,Valencia,0,1,A,0,0,D,,,,4.33,3.4,1.85,4.33,3.2,1.91,4.15,3.5,1.8
2010/2011,2011-01-08 00:00:00,SP1,Spain,La Liga Primera Division,,La Coruna,Barcelona,0,4,A,0,1,A,,,,13.0,6.5,1.2,15.0,6.0,1.2,12.0,6.0,1.2
2010/2011,2011-01-08 00:00:00,SP1,Spain,La Liga Primera Division,,Sociedad,Sevilla,2,3,A,2,1,H,,,,2.8,3.25,2.5,2.8,3.3,2.5,2.85,3.0,2.5
2010/2011,2011-01-08 00:00:00,SP2,Spain,La Liga Segunda Division,,Barcelona B,Girona,1,2,A,0,0,D,,,,1.62,3.75,5.5,1.62,3.3,5.0,1.5,3.5,6.25
2010/2011,2011-01-08 00:00:00,SP2,Spain,La Liga Segunda Division,,Elche,Celta,1,3,A,0,1,A,,,,2.55,3.0,2.9,2.5,3.0,2.6,2.35,3.05,2.8
2010/2011,2011-01-03 00:00:00,SP1,Spain,La Liga Primera Division,,Getafe,Real Madrid,2,3,A,1,2,A,,,,10.0,5.25,1.29,8.0,4.5,1.29,9.0,5.0,1.3
2010/2011,2011-01-03 00:00:00,SP2,Spain,La Liga Segunda Division,,Salamanca,Xerez,2,3,A,0,1,A,,,,2.3,3.0,3.1,2.3,3.1,2.75,2.3,3.15,2.8
2010/2011,2011-01-02 00:00:00,SP2,Spain,La Liga Segunda Division,,Ponferradina,Numancia,0,4,A,0,3,A,,,,2.8,3.0,2.63,2.5,3.0,2.6,2.9,2.85,2.45
2010/2011,2011-01-02 00:00:00,SP2,Spain,La Liga Segunda Division,,Recreativo,Huesca,0,1,A,0,0,D,,,,1.91,3.1,4.0,1.9,3.1,3.6,1.95,2.85,4.0
2010/2011,2011-01-02 00:00:00,SP2,Spain,La Liga Segunda Division,,Vallecano,Celta,1,3,A,1,0,H,,,,2.05,3.0,3.6,2.0,3.0,3.5,2.05,3.1,3.3
2010/2011,2011-01-02 00:00:00,SP1,Spain,La Liga Primera Division,,Sp Gijon,Malaga,1,2,A,1,1,D,,,,2.2,3.3,3.25,2.1,3.2,3.0,2.15,3.2,3.3
2010/2011,2011-01-02 00:00:00,SP1,Spain,La Liga Primera Division,,Ath Bilbao,La Coruna,1,2,A,0,1,A,,,,1.67,3.5,5.5,1.62,3.3,5.0,1.65,3.55,5.15
2010/2011,2010-12-19 00:00:00,SP1,Spain,La Liga Primera Division,,Almeria,Getafe,2,3,A,2,1,H,,,,2.5,3.2,2.8,2.6,3.25,2.75,2.5,3.25,2.7
2010/2011,2010-12-19 00:00:00,SP1,Spain,La Liga Primera Division,,Malaga,Ath Madrid,0,3,A,0,1,A,,,,3.25,3.5,2.1,3.3,3.3,2.2,3.2,3.3,2.15
2010/2011,2010-12-18 00:00:00,SP1,Spain,La Liga Primera Division,,Sociedad,Valencia,1,2,A,1,1,D,,,,3.1,3.25,2.3,2.88,3.3,2.38,2.85,3.25,2.35
2010/2011,2010-12-18 00:00:00,SP1,Spain,La Liga Primera Division,,Levante,Ath Bilbao,1,2,A,1,1,D,,,,2.8,3.25,2.5,2.6,3.3,2.62,2.6,3.2,2.6
2010/2011,2010-12-18 00:00:00,SP1,Spain,La Liga Primera Division,,Espanol,Barcelona,1,5,A,0,2,A,,,,12.0,5.5,1.25,11.0,5.0,1.29,10.0,5.5,1.25
2010/2011,2010-12-18 00:00:00,SP2,Spain,La Liga Segunda Division,,Tenerife,Betis,0,3,A,0,3,A,,,,3.1,3.1,2.38,3.0,3.2,2.1,2.9,3.1,2.25
2010/2011,2010-12-18 00:00:00,SP2,Spain,La Liga Segunda Division,,Numancia,Albacete,0,1,A,0,0,D,,,,1.73,3.5,5.0,1.62,3.3,5.0,1.7,3.25,4.6
2010/2011,2010-12-18 00:00:00,SP2,Spain,La Liga Segunda Division,,Alcorcon,Villarreal B,1,2,A,1,1,D,,,,2.1,3.1,3.75,2.1,3.2,3.0,2.1,3.1,3.2
2010/2011,2010-12-12 00:00:00,SP2,Spain,La Liga Segunda Division,,Salamanca,Vallecano,0,1,A,0,1,A,,,,2.55,3.1,2.8,2.38,3.1,2.62,2.45,3.0,2.7
2010/2011,2010-12-12 00:00:00,SP1,Spain,La Liga Primera Division,,Zaragoza,Real Madrid,1,3,A,0,2,A,,,,12.0,5.5,1.25,10.0,6.0,1.25,10.5,6.0,1.22
2010/2011,2010-12-12 00:00:00,SP1,Spain,La Liga Primera Division,,Mallorca,Santander,0,1,A,0,0,D,,,,1.73,3.5,5.0,1.73,3.5,5.0,1.65,3.5,5.25
2010/2011,2010-12-11 00:00:00,SP1,Spain,La Liga Primera Division,,Sevilla,Almeria,1,3,A,0,0,D,,,,1.4,4.5,7.5,1.44,4.2,7.5,1.4,4.25,7.5
2010/2011,2010-12-11 00:00:00,SP2,Spain,La Liga Segunda Division,,Alcorcon,Elche,0,1,A,0,0,D,,,,2.5,3.2,2.8,2.38,2.9,2.8,2.35,3.05,2.8
2010/2011,2010-12-11 00:00:00,SP2,Spain,La Liga Segunda Division,,Las Palmas,Xerez,0,3,A,0,0,D,,,,2.1,3.25,3.5,2.0,3.1,3.3,2.05,3.2,3.3
2010/2011,2010-12-11 00:00:00,SP2,Spain,La Liga Segunda Division,,Valladolid,Numancia,4,5,A,3,2,H,,,,1.8,3.4,4.6,1.7,3.2,4.5,1.7,3.35,4.4
2010/2011,2010-12-10 00:00:00,SP2,Spain,La Liga Segunda Division,,Ponferradina,Cartagena,1,2,A,0,1,A,,,,2.63,3.25,2.63,2.5,3.1,2.5,2.65,3.0,2.5
2010/2011,2010-12-04 00:00:00,SP1,Spain,La Liga Primera Division,,Osasuna,Barcelona,0,3,A,0,1,A,,,,15.0,6.0,1.2,12.0,5.5,1.25,11.5,5.75,1.22
2010/2011,2010-12-04 00:00:00,SP2,Spain,La Liga Segunda Division,,Numancia,Betis,1,2,A,1,2,A,,,,3.1,3.1,2.38,2.8,3.0,2.3,2.85,3.1,2.3
2010/2011,2010-12-04 00:00:00,SP2,Spain,La Liga Segunda Division,,Gimnastic,Villarreal B,1,2,A,0,0,D,,,,2.1,3.1,3.75,2.2,3.0,3.0,2.1,3.1,3.2
2010/2011,2010-11-28 00:00:00,SP1,Spain,La Liga Primera Division,,Sp Gijon,Sociedad,1,3,A,1,2,A,,,,2.1,3.25,3.6,2.1,3.2,3.0,2.05,3.25,3.5
2010/2011,2010-11-28 00:00:00,SP2,Spain,La Liga Segunda Division,,Villarreal B,Tenerife,0,2,A,0,1,A,,,,2.3,3.1,3.2,2.2,3.2,2.8,2.2,3.2,2.9
2010/2011,2010-11-28 00:00:00,SP2,Spain,La Liga Segunda Division,,Valladolid,Cartagena,0,1,A,0,0,D,,,,1.8,3.4,4.5,1.8,3.2,4.0,1.8,3.25,4.0
2010/2011,2010-11-27 00:00:00,SP1,Spain,La Liga Primera Division,,Zaragoza,Villarreal,0,3,A,0,2,A,,,,3.25,3.25,2.2,3.0,3.2,2.1,3.4,3.35,2.05
2010/2011,2010-11-27 00:00:00,SP1,Spain,La Liga Primera Division,,Ath Madrid,Espanol,2,3,A,1,1,D,,,,1.62,3.6,6.0,1.67,3.3,4.5,1.67,3.8,5.25
2010/2011,2010-11-27 00:00:00,SP1,Spain,La Liga Primera Division,,Sevilla,Getafe,1,3,A,1,0,H,,,,1.67,3.75,5.0,1.57,3.5,5.0,1.67,3.8,5.25
2010/2011,2010-11-21 00:00:00,SP1,Spain,La Liga Primera Division,,Sevilla,Mallorca,1,2,A,0,1,A,,,,1.67,3.75,5.0,1.62,3.75,5.5,1.57,3.85,5.35
2010/2011,2010-11-21 00:00:00,SP1,Spain,La Liga Primera Division,,Sociedad,Ath Madrid,2,4,A,1,0,H,,,,2.75,3.3,2.5,2.8,3.3,2.5,2.7,3.3,2.45
2010/2011,2010-11-20 00:00:00,SP1,Spain,La Liga Primera Division,,Almeria,Barcelona,0,8,A,0,5,A,,,,12.0,5.5,1.25,12.0,5.5,1.25,11.0,5.85,1.22
2010/2011,2010-11-14 00:00:00,SP1,Spain,La Liga Primera Division,,Zaragoza,Sevilla,1,2,A,0,1,A,,,,3.0,3.25,2.38,3.0,3.25,2.38,2.9,3.3,2.3
2010/2011,2010-11-14 00:00:00,SP1,Spain,La Liga Primera Division,,Sp Gijon,Real Madrid,0,1,A,0,0,D,,,,12.0,5.5,1.25,10.0,6.0,1.25,10.0,5.5,1.25
2010/2011,2010-11-07 00:00:00,SP1,Spain,La Liga Primera Division,,Levante,La Coruna,1,2,A,0,1,A,,,,2.3,3.2,3.2,2.3,3.25,3.1,2.2,3.2,3.15
2010/2011,2010-11-07 00:00:00,SP2,Spain,La Liga Segunda Division,,Tenerife,Gimnastic,0,2,A,0,0,D,,,,1.83,3.3,4.5,1.75,3.1,4.33,1.85,3.25,3.8
2010/2011,2010-11-07 00:00:00,SP1,Spain,La Liga Primera Division,,Getafe,Barcelona,1,3,A,0,2,A,,,,8.5,5.0,1.33,10.0,5.0,1.3,8.0,4.9,1.33
2010/2011,2010-10-31 00:00:00,SP1,Spain,La Liga Primera Division,,Malaga,Sociedad,1,2,A,0,1,A,,,,2.1,3.25,3.6,2.0,3.5,3.6,2.0,3.3,3.6
2010/2011,2010-10-31 00:00:00,SP2,Spain,La Liga Segunda Division,,Alcorcon,Barcelona B,1,3,A,1,1,D,,,,2.3,3.2,3.1,2.0,3.2,3.2,2.1,3.1,3.2
2010/2011,2010-10-30 00:00:00,SP1,Spain,La Liga Primera Division,,Hercules,Real Madrid,1,3,A,1,0,H,,,,10.0,5.0,1.3,9.0,5.5,1.3,9.0,5.0,1.3
2010/2011,2010-10-24 00:00:00,SP2,Spain,La Liga Segunda Division,,Salamanca,Betis,0,3,A,0,2,A,,,,3.1,3.1,2.35,3.0,3.2,2.1,2.95,3.05,2.25
2010/2011,2010-10-23 00:00:00,SP2,Spain,La Liga Segunda Division,,Barcelona B,Huesca,0,1,A,0,0,D,,,,1.67,3.5,5.25,1.67,3.3,4.5,1.65,3.4,4.7
2010/2011,2010-10-23 00:00:00,SP1,Spain,La Liga Primera Division,,Valencia,Mallorca,1,2,A,1,2,A,,,,1.57,3.75,6.0,1.57,3.75,6.0,1.55,3.8,5.75
2010/2011,2010-10-23 00:00:00,SP1,Spain,La Liga Primera Division,,Zaragoza,Barcelona,0,2,A,0,1,A,,,,11.0,5.75,1.25,13.0,6.0,1.22,9.0,5.85,1.25
2010/2011,2010-10-17 00:00:00,SP1,Spain,La Liga Primera Division,,Mallorca,Espanol,0,1,A,0,1,A,,,,1.91,3.4,4.0,2.0,3.4,3.75,1.95,3.3,3.75
2010/2011,2010-10-16 00:00:00,SP1,Spain,La Liga Primera Division,,Malaga,Real Madrid,1,4,A,0,2,A,,,,8.0,4.5,1.4,9.0,4.6,1.36,8.0,5.0,1.38
2010/2011,2010-10-16 00:00:00,SP2,Spain,La Liga Segunda Division,,Albacete,Ponferradina,0,1,A,0,0,D,,,,1.8,3.3,4.75,1.7,3.2,4.5,1.7,3.2,4.75
2010/2011,2010-10-15 00:00:00,SP2,Spain,La Liga Segunda Division,,Recreativo,Salamanca,0,2,A,0,0,D,,,,2.25,3.1,3.3,2.2,3.0,3.0,2.2,2.9,3.2
2010/2011,2010-10-10 00:00:00,SP2,Spain,La Liga Segunda Division,,Salamanca,Granada,1,2,A,1,1,D,,,,2.1,3.1,3.75,1.8,3.2,4.0,1.95,3.25,3.45
2010/2011,2010-10-10 00:00:00,SP2,Spain,La Liga Segunda Division,,Xerez,Huesca,1,3,A,0,2,A,,,,1.73,3.25,5.5,1.62,3.25,5.0,1.67,3.3,4.7
2010/2011,2010-10-02 00:00:00,SP2,Spain,La Liga Segunda Division,,Huesca,Celta,1,2,A,0,0,D,,,,2.6,3.1,2.8,2.6,3.1,2.4,2.55,2.85,2.7
2010/2011,2010-10-02 00:00:00,SP2,Spain,La Liga Segunda Division,,Gimnastic,Xerez,0,2,A,0,1,A,,,,2.6,3.1,2.8,2.6,3.1,2.4,2.55,3.1,2.5
2010/2011,2010-10-01 00:00:00,SP2,Spain,La Liga Segunda Division,,Villarreal B,Salamanca,0,1,A,0,0,D,,,,2.2,3.2,3.3,2.1,3.2,3.0,2.05,3.1,3.3
2010/2011,2010-09-27 00:00:00,SP1,Spain,La Liga Primera Division,,Malaga,Villarreal,2,3,A,2,3,A,,,,3.0,3.25,2.38,2.8,3.4,2.4,2.7,3.3,2.45
2010/2011,2010-09-26 00:00:00,SP1,Spain,La Liga Primera Division,,La Coruna,Almeria,0,2,A,0,2,A,,,,2.1,3.3,3.5,2.0,3.4,3.75,2.05,3.25,3.5
2010/2011,2010-09-26 00:00:00,SP1,Spain,La Liga Primera Division,,Santander,Getafe,0,1,A,0,1,A,,,,2.4,3.3,2.9,2.25,3.2,2.75,2.45,3.25,2.75
2010/2011,2010-09-25 00:00:00,SP1,Spain,La Liga Primera Division,,Ath Bilbao,Barcelona,1,3,A,0,0,D,,,,6.0,3.8,1.57,5.5,3.75,1.62,5.5,3.9,1.55
2010/2011,2010-09-25 00:00:00,SP1,Spain,La Liga Primera Division,,Sp Gijon,Valencia,0,2,A,0,2,A,,,,3.25,3.3,2.2,3.5,3.3,2.1,3.4,3.3,2.05
2010/2011,2010-09-25 00:00:00,SP2,Spain,La Liga Segunda Division,,Girona,Villarreal B,2,3,A,2,1,H,,,,2.3,3.2,3.1,2.1,3.2,3.0,2.2,3.0,3.1
2010/2011,2010-09-25 00:00:00,SP2,Spain,La Liga Segunda Division,,Cartagena,Cordoba,1,2,A,1,1,D,,,,1.91,3.4,4.0,1.7,3.2,4.5,1.85,3.3,3.7
2010/2011,2010-09-23 00:00:00,SP1,Spain,La Liga Primera Division,,Getafe,Malaga,0,2,A,0,0,D,,,,1.8,3.4,4.75,1.8,3.3,3.75,1.75,3.5,4.45
2010/2011,2010-09-22 00:00:00,SP1,Spain,La Liga Primera Division,,Almeria,Levante,0,1,A,0,1,A,,,,1.75,3.5,4.75,1.8,3.5,4.5,1.7,3.55,4.7
2010/2011,2010-09-19 00:00:00,SP2,Spain,La Liga Segunda Division,,Gimnastic,Vallecano,0,1,A,0,1,A,,,,2.55,3.1,2.8,2.4,3.1,2.6,2.45,3.05,2.65
2010/2011,2010-09-19 00:00:00,SP1,Spain,La Liga Primera Division,,Ath Madrid,Barcelona,1,2,A,1,2,A,,,,5.0,3.75,1.67,5.0,3.5,1.73,4.35,3.8,1.7
2010/2011,2010-09-19 00:00:00,SP1,Spain,La Liga Primera Division,,Hercules,Valencia,1,2,A,1,2,A,,,,3.5,3.2,2.15,3.3,3.25,2.2,3.2,3.3,2.15
2010/2011,2010-09-19 00:00:00,SP1,Spain,La Liga Primera Division,,Levante,Villarreal,1,2,A,0,2,A,,,,3.75,3.3,2.0,3.8,3.3,2.0,3.6,3.3,2.0
2010/2011,2010-09-19 00:00:00,SP1,Spain,La Liga Primera Division,,Malaga,Sevilla,1,2,A,1,2,A,,,,3.25,3.25,2.2,3.25,3.25,2.25,3.1,3.3,2.2
2010/2011,2010-09-18 00:00:00,SP1,Spain,La Liga Primera Division,,Sociedad,Real Madrid,1,2,A,0,0,D,,,,8.5,4.6,1.36,8.5,4.33,1.4,8.0,4.6,1.35
2010/2011,2010-09-18 00:00:00,SP2,Spain,La Liga Segunda Division,,Cordoba,Xerez,0,2,A,0,1,A,,,,2.3,3.1,3.25,2.2,3.2,2.8,2.35,2.95,2.9
2010/2011,2010-09-18 00:00:00,SP2,Spain,La Liga Segunda Division,,Tenerife,Celta,0,2,A,0,2,A,,,,2.2,3.1,3.4,2.1,3.2,3.0,2.05,3.15,3.25
2010/2011,2010-09-18 00:00:00,SP2,Spain,La Liga Segunda Division,,Huesca,Salamanca,0,1,A,0,0,D,,,,2.4,3.1,3.0,2.4,3.1,2.6,2.35,2.9,2.95
2010/2011,2010-09-17 00:00:00,SP2,Spain,La Liga Segunda Division,,Villarreal B,Las Palmas,0,3,A,0,1,A,,,,2.25,3.1,3.3,2.0,3.2,3.2,2.1,3.05,3.25
2010/2011,2010-09-12 00:00:00,SP1,Spain,La Liga Primera Division,,Zaragoza,Malaga,3,5,A,1,5,A,,,,1.91,3.4,4.0,1.91,3.3,4.2,1.9,3.3,3.95
2010/2011,2010-09-11 00:00:00,SP1,Spain,La Liga Primera Division,,Barcelona,Hercules,0,2,A,0,1,A,,,,1.06,11.0,34.0,1.07,12.0,21.0,1.07,10.0,21.0
2010/2011,2010-09-11 00:00:00,SP2,Spain,La Liga Segunda Division,,Ponferradina,Villarreal B,1,5,A,0,2,A,,,,2.3,3.0,3.3,2.3,3.2,2.7,2.35,3.05,2.8
2010/2011,2010-09-11 00:00:00,SP1,Spain,La Liga Primera Division,,Ath Bilbao,Ath Madrid,1,2,A,0,1,A,,,,3.0,3.25,2.38,2.88,3.3,2.4,3.1,3.3,2.2
2010/2011,2010-09-11 00:00:00,SP2,Spain,La Liga Segunda Division,,Elche,Betis,0,2,A,0,0,D,,,,2.8,3.0,2.63,2.6,3.1,2.4,2.5,3.0,2.65
2010/2011,2010-09-05 00:00:00,SP2,Spain,La Liga Segunda Division,,Numancia,Celta,1,3,A,0,3,A,,,,2.1,3.2,3.6,1.9,3.0,3.75,2.05,3.15,3.25
2010/2011,2010-09-05 00:00:00,SP2,Spain,La Liga Segunda Division,,Tenerife,Salamanca,1,2,A,1,0,H,,,,1.73,3.3,5.25,1.6,3.3,5.0,1.68,3.3,4.65
2010/2011,2010-09-05 00:00:00,SP2,Spain,La Liga Segunda Division,,Granada,Valladolid,0,1,A,0,1,A,,,,3.0,3.0,2.5,2.7,3.1,2.3,2.75,2.95,2.45
2010/2011,2010-09-04 00:00:00,SP2,Spain,La Liga Segunda Division,,Recreativo,Betis,1,3,A,0,1,A,,,,2.7,3.0,2.7,2.6,3.1,2.4,2.6,3.0,2.55
2010/2011,2010-09-04 00:00:00,SP2,Spain,La Liga Segunda Division,,Cartagena,Elche,0,1,A,0,0,D,,,,2.15,3.2,3.4,2.0,3.2,3.2,2.2,3.1,3.0
2010/2011,2010-09-04 00:00:00,SP2,Spain,La Liga Segunda Division,,Cordoba,Vallecano,2,3,A,2,0,H,,,,2.4,3.1,3.0,2.25,3.1,2.8,2.4,3.0,2.75
2010/2011,2010-08-29 00:00:00,SP1,Spain,La Liga Primera Division,,Santander,Barcelona,0,3,A,0,2,A,,,,15.0,6.0,1.2,10.0,5.0,1.22,12.5,6.0,1.2
2010/2011,2010-08-28 00:00:00,SP1,Spain,La Liga Primera Division,,Levante,Sevilla,1,4,A,1,2,A,,,,3.6,3.5,2.0,3.2,3.2,2.0,3.9,3.3,1.91
2010/2011,2010-08-28 00:00:00,SP2,Spain,La Liga Segunda Division,,Celta,Barcelona B,1,2,A,0,2,A,,,,2.1,3.1,3.6,2.1,3.2,3.0,1.95,3.2,3.5
2010/2011,2010-08-28 00:00:00,SP2,Spain,La Liga Segunda Division,,Xerez,Cartagena,1,4,A,1,1,D,,,,1.95,3.25,4.0,1.9,3.2,3.5,1.9,3.2,3.65
2010/2011,2010-08-28 00:00:00,SP1,Spain,La Liga Primera Division,,Hercules,Ath Bilbao,0,1,A,0,0,D,,,,2.5,3.25,2.8,2.5,3.2,2.5,2.55,3.2,2.65
2010/2011,2010-08-28 00:00:00,SP1,Spain,La Liga Primera Division,,Malaga,Valencia,1,3,A,1,1,D,,,,2.88,3.3,2.4,2.8,3.2,2.2,2.85,3.3,2.35
2009/2010,2010-06-19 00:00:00,SP2,Spain,La Liga Segunda Division,,Real Union,Hercules,0,2,A,0,1,A,,,,5.5,3.8,1.6,4.5,3.3,1.67,5.4,3.8,1.5
2009/2010,2010-06-19 00:00:00,SP2,Spain,La Liga Segunda Division,,Celta,Huesca,0,1,A,0,1,A,,,,4.0,3.4,1.91,3.75,3.2,1.85,3.6,3.25,1.9
2009/2010,2010-06-19 00:00:00,SP2,Spain,La Liga Segunda Division,,Castellon,Cordoba,0,1,A,0,0,D,,,,2.7,3.0,2.75,2.6,3.0,2.5,2.75,2.85,2.5
2009/2010,2010-06-19 00:00:00,SP2,Spain,La Liga Segunda Division,,Cartagena,Albacete,0,4,A,0,4,A,,,,5.25,4.0,1.57,4.5,3.5,1.6,6.0,3.6,1.5
2009/2010,2010-06-19 00:00:00,SP2,Spain,La Liga Segunda Division,,Villarreal B,Salamanca,1,2,A,1,1,D,,,,4.2,3.5,1.83,4.2,3.3,1.7,3.65,3.2,1.9
2009/2010,2010-06-05 00:00:00,SP2,Spain,La Liga Segunda Division,,Castellon,Salamanca,1,2,A,0,0,D,,,,5.25,3.8,1.55,4.0,3.6,1.67,4.8,3.55,1.6
2009/2010,2010-06-05 00:00:00,SP2,Spain,La Liga Segunda Division,,Elche,Murcia,1,2,A,0,1,A,,,,2.3,3.4,2.88,1.91,3.3,3.5,2.2,3.2,2.9
2009/2010,2010-06-05 00:00:00,SP2,Spain,La Liga Segunda Division,,Las Palmas,Girona,0,1,A,0,1,A,,,,1.8,3.4,4.5,1.75,3.2,4.2,1.67,3.25,4.85
2009/2010,2010-06-05 00:00:00,SP2,Spain,La Liga Segunda Division,,Albacete,Recreativo,1,3,A,1,1,D,,,,1.5,3.75,6.5,1.7,3.2,4.5,1.6,3.5,4.95
2009/2010,2010-06-05 00:00:00,SP2,Spain,La Liga Segunda Division,,Cadiz,Sociedad,1,3,A,0,1,A,,,,2.9,3.0,2.6,2.7,3.0,2.4,2.7,2.85,2.55
2009/2010,2010-05-30 00:00:00,SP2,Spain,La Liga Segunda Division,,Gimnastic,Cadiz,0,2,A,0,1,A,,,,2.4,3.1,3.0,2.1,3.0,3.2,2.3,2.85,3.05
2009/2010,2010-05-29 00:00:00,SP2,Spain,La Liga Segunda Division,,Huesca,Betis,0,1,A,0,0,D,,,,4.2,3.1,2.0,3.0,3.2,2.1,3.3,3.1,2.05
2009/2010,2010-05-29 00:00:00,SP2,Spain,La Liga Segunda Division,,Cordoba,Cartagena,1,2,A,0,1,A,,,,3.1,3.25,2.3,2.6,3.2,2.38,3.1,2.95,2.25
2009/2010,2010-05-22 00:00:00,SP2,Spain,La Liga Segunda Division,,Castellon,Huesca,1,2,A,0,0,D,,,,2.8,3.0,2.7,2.3,3.1,2.75,2.6,2.85,2.65
2009/2010,2010-05-22 00:00:00,SP2,Spain,La Liga Segunda Division,,Cartagena,Levante,3,5,A,2,1,H,,,,2.38,3.0,3.2,2.25,3.0,2.9,2.3,2.95,2.95
2009/2010,2010-05-15 00:00:00,SP1,Spain,La Liga Primera Division,,Almeria,Sevilla,2,3,A,1,1,D,,,,6.5,4.5,1.44,5.5,4.33,1.4,6.9,4.5,1.4
2009/2010,2010-05-15 00:00:00,SP1,Spain,La Liga Primera Division,,Ath Madrid,Getafe,0,3,A,0,1,A,,,,4.75,4.2,1.65,4.0,3.6,1.67,4.5,3.95,1.65
2009/2010,2010-05-15 00:00:00,SP2,Spain,La Liga Segunda Division,,Gimnastic,Betis,0,1,A,0,0,D,,,,3.2,3.2,2.3,2.75,3.0,2.38,3.05,3.05,2.2
2009/2010,2010-05-15 00:00:00,SP2,Spain,La Liga Segunda Division,,Huesca,Real Union,2,3,A,1,0,H,,,,2.1,3.1,3.8,2.0,3.0,3.4,2.05,3.1,3.3
2009/2010,2010-05-08 00:00:00,SP2,Spain,La Liga Segunda Division,,Villarreal B,Las Palmas,2,5,A,0,3,A,,,,2.0,3.2,4.0,1.8,3.2,4.0,1.85,3.1,4.0
2009/2010,2010-05-08 00:00:00,SP2,Spain,La Liga Segunda Division,,Recreativo,Levante,0,1,A,0,1,A,,,,2.5,3.0,3.0,2.4,3.0,2.7,2.4,2.9,2.85
2009/2010,2010-05-08 00:00:00,SP1,Spain,La Liga Primera Division,,Sevilla,Barcelona,2,3,A,0,2,A,,,,6.0,4.33,1.5,5.0,4.0,1.5,6.0,4.5,1.45
2009/2010,2010-05-05 00:00:00,SP1,Spain,La Liga Primera Division,,Santander,Sevilla,1,5,A,0,2,A,,,,3.2,3.3,2.25,3.0,3.5,2.2,3.2,3.3,2.15
2009/2010,2010-05-05 00:00:00,SP1,Spain,La Liga Primera Division,,Mallorca,Real Madrid,1,4,A,1,1,D,,,,5.75,4.2,1.53,5.5,3.75,1.62,5.75,4.15,1.5
2009/2010,2010-05-03 00:00:00,SP2,Spain,La Liga Segunda Division,,Gimnastic,Real Union,1,2,A,1,0,H,,,,1.91,3.4,4.0,1.7,3.3,4.2,1.7,3.35,4.45
2009/2010,2010-05-02 00:00:00,SP1,Spain,La Liga Primera Division,,Ath Bilbao,Mallorca,1,3,A,1,1,D,,,,2.0,3.4,3.75,1.91,3.25,3.4,2.0,3.3,3.6
2009/2010,2010-05-02 00:00:00,SP2,Spain,La Liga Segunda Division,,Salamanca,Recreativo,1,2,A,0,1,A,,,,2.4,3.0,3.1,2.4,3.1,2.6,2.4,3.0,2.75
2009/2010,2010-05-01 00:00:00,SP2,Spain,La Liga Segunda Division,,Huesca,Cartagena,0,2,A,0,0,D,,,,2.6,3.0,2.88,2.4,3.1,2.6,2.45,2.9,2.8
2009/2010,2010-05-01 00:00:00,SP1,Spain,La Liga Primera Division,,Villarreal,Barcelona,1,4,A,0,3,A,,,,5.5,3.8,1.57,5.5,3.6,1.5,6.0,4.0,1.5
2009/2010,2010-05-01 00:00:00,SP1,Spain,La Liga Primera Division,,La Coruna,Zaragoza,0,1,A,0,0,D,,,,2.4,3.3,2.88,2.25,3.2,2.75,2.35,3.25,2.85
2009/2010,2010-05-01 00:00:00,SP1,Spain,La Liga Primera Division,,Espanol,Valencia,0,2,A,0,0,D,,,,2.88,3.3,2.4,2.75,3.2,2.25,2.85,3.25,2.35
2009/2010,2010-04-30 00:00:00,SP2,Spain,La Liga Segunda Division,,Elche,Villarreal B,2,3,A,0,2,A,,,,1.85,3.3,4.5,1.9,3.2,3.5,1.75,3.25,4.25
2009/2010,2010-04-25 00:00:00,SP1,Spain,La Liga Primera Division,,Sp Gijon,Valladolid,0,2,A,0,0,D,,,,2.25,3.25,3.25,2.1,3.2,3.0,2.25,3.2,3.1
2009/2010,2010-04-25 00:00:00,SP2,Spain,La Liga Segunda Division,,Recreativo,Numancia,1,3,A,1,2,A,,,,2.38,3.0,3.25,2.1,3.0,3.2,2.25,2.75,3.3
2009/2010,2010-04-25 00:00:00,SP1,Spain,La Liga Primera Division,,Santander,Villarreal,1,2,A,1,0,H,,,,3.0,3.25,2.38,2.6,3.2,2.38,2.9,3.3,2.3
2009/2010,2010-04-25 00:00:00,SP1,Spain,La Liga Primera Division,,Almeria,Espanol,0,1,A,0,0,D,,,,2.2,3.2,3.4,2.2,3.0,3.0,2.15,2.85,3.75
2009/2010,2010-04-24 00:00:00,SP1,Spain,La Liga Primera Division,,Zaragoza,Real Madrid,1,2,A,0,0,D,,,,10.0,5.5,1.29,8.0,4.5,1.29,9.0,5.25,1.34
2009/2010,2010-04-24 00:00:00,SP2,Spain,La Liga Segunda Division,,Betis,Elche,0,3,A,0,2,A,,,,1.83,3.3,4.75,1.7,3.3,4.2,1.75,3.3,4.2
2009/2010,2010-04-23 00:00:00,SP2,Spain,La Liga Segunda Division,,Vallecano,Gimnastic,2,3,A,1,2,A,,,,2.0,3.2,4.0,2.0,3.0,3.5,2.0,3.05,3.5
2009/2010,2010-04-18 00:00:00,SP2,Spain,La Liga Segunda Division,,Murcia,Vallecano,0,3,A,0,1,A,,,,2.2,3.0,3.6,2.2,2.9,3.1,2.15,3.0,3.2
2009/2010,2010-04-17 00:00:00,SP2,Spain,La Liga Segunda Division,,Huesca,Recreativo,1,2,A,1,1,D,,,,2.3,3.0,3.4,2.2,2.9,3.1,2.25,2.9,3.1
2009/2010,2010-04-16 00:00:00,SP2,Spain,La Liga Segunda Division,,Girona,Levante,0,4,A,0,1,A,,,,2.55,3.0,2.88,2.25,3.0,2.9,2.5,2.95,2.7
2009/2010,2010-04-15 00:00:00,SP1,Spain,La Liga Primera Division,,Almeria,Real Madrid,1,2,A,1,1,D,,,,10.0,5.5,1.29,8.0,4.5,1.29,8.25,5.25,1.3
2009/2010,2010-04-14 00:00:00,SP1,Spain,La Liga Primera Division,,Ath Madrid,Xerez,1,2,A,1,1,D,,,,1.36,4.5,9.0,1.36,4.0,7.0,1.35,4.6,8.0
2009/2010,2010-04-13 00:00:00,SP1,Spain,La Liga Primera Division,,Sp Gijon,Tenerife,0,2,A,0,0,D,,,,1.91,3.4,4.0,1.73,3.4,4.0,1.85,3.35,4.1
2009/2010,2010-04-10 00:00:00,SP2,Spain,La Liga Segunda Division,,Real Union,Elche,0,3,A,0,1,A,,,,2.63,3.1,2.75,2.5,3.0,2.6,2.55,3.1,2.5
2009/2010,2010-04-10 00:00:00,SP1,Spain,La Liga Primera Division,,Xerez,Getafe,0,1,A,0,0,D,,,,2.8,3.25,2.5,2.5,3.25,2.4,2.7,3.3,2.45
2009/2010,2010-04-10 00:00:00,SP1,Spain,La Liga Primera Division,,Real Madrid,Barcelona,0,2,A,0,1,A,,,,2.5,3.4,2.7,2.25,3.2,2.75,2.45,3.7,2.7
2009/2010,2010-04-10 00:00:00,SP1,Spain,La Liga Primera Division,,Malaga,Sevilla,1,2,A,1,0,H,,,,3.25,3.25,2.25,3.0,3.2,2.1,3.25,3.5,2.2
2009/2010,2010-04-09 00:00:00,SP2,Spain,La Liga Segunda Division,,Hercules,Huesca,0,2,A,0,0,D,,,,1.53,3.75,7.0,1.6,3.3,5.0,1.55,3.35,6.0
2009/2010,2010-04-04 00:00:00,SP1,Spain,La Liga Primera Division,,Santander,Real Madrid,0,2,A,0,1,A,,,,9.5,5.25,1.3,8.0,5.0,1.25,9.0,5.0,1.3
2009/2010,2010-04-04 00:00:00,SP1,Spain,La Liga Primera Division,,Valladolid,Villarreal,0,2,A,0,1,A,,,,2.88,3.3,2.4,2.6,3.2,2.38,2.95,3.25,2.3
2009/2010,2010-04-03 00:00:00,SP2,Spain,La Liga Segunda Division,,Celta,Real Union,0,1,A,0,0,D,,,,1.8,3.3,4.75,1.6,3.3,5.0,1.75,3.25,4.3
2009/2010,2010-04-03 00:00:00,SP2,Spain,La Liga Segunda Division,,Las Palmas,Cartagena,0,1,A,0,0,D,,,,2.3,3.1,3.3,2.25,3.0,2.9,2.3,2.95,2.95
2009/2010,2010-04-03 00:00:00,SP2,Spain,La Liga Segunda Division,,Murcia,Albacete,0,2,A,0,0,D,,,,1.85,3.25,4.5,1.8,3.2,4.0,1.8,3.15,4.2
2009/2010,2010-04-02 00:00:00,SP2,Spain,La Liga Segunda Division,,Numancia,Levante,0,1,A,0,0,D,,,,2.2,3.2,3.4,2.2,3.0,3.0,2.15,2.9,3.3
2009/2010,2010-03-28 00:00:00,SP2,Spain,La Liga Segunda Division,,Salamanca,Numancia,1,3,A,0,3,A,,,,2.8,2.8,2.8,2.4,3.0,2.7,2.45,2.9,2.8
2009/2010,2010-03-28 00:00:00,SP2,Spain,La Liga Segunda Division,,Cartagena,Elche,0,2,A,0,1,A,,,,2.25,3.0,3.4,2.0,3.0,3.5,2.2,3.05,3.05
2009/2010,2010-03-28 00:00:00,SP2,Spain,La Liga Segunda Division,,Hercules,Gimnastic,0,1,A,0,0,D,,,,1.62,3.5,6.0,1.55,3.5,5.0,1.6,3.4,5.15
2009/2010,2010-03-28 00:00:00,SP1,Spain,La Liga Primera Division,,La Coruna,Getafe,1,3,A,0,2,A,,,,2.1,3.3,3.5,2.0,3.2,3.2,2.0,3.3,3.6
2009/2010,2010-03-27 00:00:00,SP2,Spain,La Liga Segunda Division,,Betis,Girona,0,1,A,0,1,A,,,,1.5,3.8,7.0,1.5,3.5,6.0,1.5,3.4,6.5
2009/2010,2010-03-27 00:00:00,SP1,Spain,La Liga Primera Division,,Mallorca,Barcelona,0,1,A,0,0,D,,,,7.5,4.2,1.44,6.5,4.0,1.4,6.25,4.25,1.45
2009/2010,2010-03-27 00:00:00,SP2,Spain,La Liga Segunda Division,,Recreativo,Murcia,0,2,A,0,1,A,,,,2.3,3.0,3.3,2.0,3.0,3.5,2.2,3.0,3.1
2009/2010,2010-03-27 00:00:00,SP2,Spain,La Liga Segunda Division,,Vallecano,Celta,1,2,A,0,1,A,,,,2.38,2.9,3.25,2.5,3.0,2.6,2.3,3.0,2.9
2009/2010,2010-03-25 00:00:00,SP1,Spain,La Liga Primera Division,,Getafe,Real Madrid,2,4,A,1,4,A,,,,9.0,4.75,1.36,6.5,4.0,1.4,7.25,4.75,1.37
2009/2010,2010-03-21 00:00:00,SP1,Spain,La Liga Primera Division,,Zaragoza,Barcelona,2,4,A,0,1,A,,,,11.0,5.25,1.29,8.0,4.5,1.29,9.0,5.0,1.3
2009/2010,2010-03-21 00:00:00,SP1,Spain,La Liga Primera Division,,Osasuna,Santander,1,3,A,1,1,D,,,,2.0,3.3,3.75,1.91,3.2,3.5,2.05,3.25,3.5
2009/2010,2010-03-20 00:00:00,SP2,Spain,La Liga Segunda Division,,Gimnastic,Cordoba,0,2,A,0,1,A,,,,2.0,3.1,4.0,2.0,3.0,3.5,2.0,2.85,3.8
2009/2010,2010-03-20 00:00:00,SP1,Spain,La Liga Primera Division,,La Coruna,Valladolid,0,2,A,0,1,A,,,,1.67,3.6,5.25,1.57,3.5,5.0,1.62,3.7,5.25
2009/2010,2010-03-14 00:00:00,SP2,Spain,La Liga Segunda Division,,Albacete,Celta,0,2,A,0,0,D,,,,2.8,2.88,2.75,2.5,2.8,2.75,2.5,2.85,2.8
2009/2010,2010-03-14 00:00:00,SP1,Spain,La Liga Primera Division,,Valladolid,Real Madrid,1,4,A,0,2,A,,,,10.0,5.25,1.29,8.0,5.0,1.25,10.5,5.65,1.28
2009/2010,2010-03-14 00:00:00,SP2,Spain,La Liga Segunda Division,,Hercules,Las Palmas,0,1,A,0,0,D,,,,1.73,3.4,5.0,1.6,3.4,5.0,1.6,3.35,5.25
2009/2010,2010-03-13 00:00:00,SP2,Spain,La Liga Segunda Division,,Castellon,Girona,0,1,A,0,0,D,,,,2.2,3.0,3.6,2.3,2.9,2.9,2.2,2.95,3.15
2009/2010,2010-03-13 00:00:00,SP2,Spain,La Liga Segunda Division,,Cordoba,Murcia,0,1,A,0,1,A,,,,2.6,2.9,2.9,2.25,2.9,3.0,2.5,2.85,2.75
2009/2010,2010-03-13 00:00:00,SP2,Spain,La Liga Segunda Division,,Real Union,Betis,1,3,A,1,2,A,,,,3.25,2.9,2.4,3.2,3.0,2.1,3.1,3.0,2.2
2009/2010,2010-03-13 00:00:00,SP2,Spain,La Liga Segunda Division,,Vallecano,Villarreal B,0,2,A,0,1,A,,,,2.0,3.1,4.0,2.0,3.0,3.5,1.9,3.05,3.85
2009/2010,2010-03-07 00:00:00,SP1,Spain,La Liga Primera Division,,Malaga,Xerez,2,4,A,1,1,D,,,,1.62,3.6,5.75,1.57,3.5,5.0,1.55,3.6,6.25
2009/2010,2010-03-05 00:00:00,SP2,Spain,La Liga Segunda Division,,Gimnastic,Salamanca,1,2,A,0,2,A,,,,2.1,3.2,3.6,2.0,3.0,3.5,2.05,3.0,3.45
2009/2010,2010-02-28 00:00:00,SP1,Spain,La Liga Primera Division,,Valladolid,Mallorca,1,2,A,0,0,D,,,,2.5,3.25,2.8,2.25,3.2,2.75,2.4,3.25,2.8
2009/2010,2010-02-28 00:00:00,SP1,Spain,La Liga Primera Division,,Santander,Almeria,0,2,A,0,1,A,,,,2.1,3.3,3.5,2.1,3.2,3.0,2.15,3.25,3.25
2009/2010,2010-02-28 00:00:00,SP2,Spain,La Liga Segunda Division,,Cartagena,Betis,1,2,A,0,1,A,,,,2.6,2.9,3.0,2.3,3.0,2.8,2.4,2.95,2.8
2009/2010,2010-02-27 00:00:00,SP2,Spain,La Liga Segunda Division,,Salamanca,Murcia,0,2,A,0,1,A,,,,2.38,3.0,3.25,2.2,3.0,3.0,2.05,2.9,3.6
2009/2010,2010-02-27 00:00:00,SP1,Spain,La Liga Primera Division,,Getafe,Zaragoza,0,2,A,0,2,A,,,,1.91,3.4,4.0,1.67,3.4,4.33,1.8,3.4,4.3
2009/2010,2010-02-27 00:00:00,SP1,Spain,La Liga Primera Division,,Tenerife,Real Madrid,1,5,A,0,2,A,,,,11.0,5.75,1.25,8.0,4.5,1.29,9.0,5.25,1.28
2009/2010,2010-02-21 00:00:00,SP2,Spain,La Liga Segunda Division,,Gimnastic,Huesca,0,1,A,0,0,D,,,,2.0,3.3,3.8,2.0,3.1,3.3,1.95,3.1,3.6
2009/2010,2010-02-21 00:00:00,SP1,Spain,La Liga Primera Division,,Zaragoza,Sp Gijon,1,3,A,0,1,A,,,,1.91,3.4,4.0,1.8,3.3,3.75,1.9,3.35,3.9
2009/2010,2010-02-20 00:00:00,SP1,Spain,La Liga Primera Division,,Mallorca,Sevilla,1,3,A,1,1,D,,,,2.5,3.25,2.8,2.5,3.2,2.5,2.55,3.3,2.8
2009/2010,2010-02-14 00:00:00,SP2,Spain,La Liga Segunda Division,,Salamanca,Elche,0,1,A,0,0,D,,,,2.4,3.0,3.2,2.25,3.0,2.9,2.2,2.95,3.15
2009/2010,2010-02-14 00:00:00,SP1,Spain,La Liga Primera Division,,Santander,Malaga,0,3,A,0,2,A,,,,2.0,3.3,3.75,2.0,3.2,3.2,2.05,3.25,3.5
2009/2010,2010-02-13 00:00:00,SP1,Spain,La Liga Primera Division,,Xerez,Real Madrid,0,3,A,0,0,D,,,,13.0,5.5,1.25,9.0,5.5,1.2,10.0,5.5,1.25
2009/2010,2010-02-13 00:00:00,SP2,Spain,La Liga Segunda Division,,Vallecano,Girona,0,3,A,0,1,A,,,,1.73,3.4,5.25,1.7,3.2,4.5,1.7,3.15,4.85
2009/2010,2010-02-07 00:00:00,SP2,Spain,La Liga Segunda Division,,Vallecano,Cartagena,2,3,A,2,2,D,,,,2.0,3.2,4.0,2.1,3.0,3.2,2.0,3.0,3.6
2009/2010,2010-02-07 00:00:00,SP2,Spain,La Liga Segunda Division,,Cadiz,Levante,2,4,A,0,2,A,,,,2.3,3.1,3.3,2.25,3.0,2.9,2.4,2.9,2.85
2009/2010,2010-02-06 00:00:00,SP2,Spain,La Liga Segunda Division,,Elche,Numancia,0,1,A,0,0,D,,,,2.3,3.1,3.0,2.1,3.0,3.2,2.25,3.1,2.9
2009/2010,2010-02-06 00:00:00,SP2,Spain,La Liga Segunda Division,,Girona,Gimnastic,0,2,A,0,1,A,,,,2.4,3.1,3.1,2.5,3.0,2.6,2.45,2.85,2.85
2009/2010,2010-01-31 00:00:00,SP1,Spain,La Liga Primera Division,,Villarreal,Osasuna,0,2,A,0,1,A,,,,1.57,3.75,6.0,1.57,3.5,5.0,1.6,3.65,5.5
2009/2010,2010-01-31 00:00:00,SP1,Spain,La Liga Primera Division,,Tenerife,Zaragoza,1,3,A,0,0,D,,,,2.0,3.4,3.75,1.91,3.2,3.5,1.95,3.35,3.7
2009/2010,2010-01-31 00:00:00,SP1,Spain,La Liga Primera Division,,Ath Madrid,Malaga,0,2,A,0,1,A,,,,1.5,4.2,6.5,1.44,3.75,6.0,1.5,4.0,6.0
2009/2010,2010-01-31 00:00:00,SP2,Spain,La Liga Segunda Division,,Gimnastic,Murcia,2,3,A,2,1,H,,,,1.91,3.2,3.75,1.8,3.2,4.0,1.8,3.05,4.4
2009/2010,2010-01-31 00:00:00,SP2,Spain,La Liga Segunda Division,,Cordoba,Betis,0,1,A,0,1,A,,,,2.75,3.0,2.63,2.4,3.1,2.6,2.7,2.95,2.5
2009/2010,2010-01-30 00:00:00,SP2,Spain,La Liga Segunda Division,,Hercules,Castellon,1,2,A,1,1,D,,,,1.44,4.0,8.0,1.35,4.0,8.0,1.4,3.8,7.5
2009/2010,2010-01-30 00:00:00,SP1,Spain,La Liga Primera Division,,La Coruna,Real Madrid,1,3,A,0,2,A,,,,4.0,3.4,1.85,3.5,3.2,1.91,3.95,3.3,1.9
2009/2010,2010-01-30 00:00:00,SP1,Spain,La Liga Primera Division,,Sp Gijon,Barcelona,0,1,A,0,1,A,,,,13.0,6.5,1.2,11.0,5.0,1.2,11.5,6.25,1.2
2009/2010,2010-01-24 00:00:00,SP2,Spain,La Liga Segunda Division,,Sociedad,Elche,0,1,A,0,1,A,,,,1.62,3.5,5.25,1.55,3.4,5.5,1.55,3.35,6.0
2009/2010,2010-01-24 00:00:00,SP1,Spain,La Liga Primera Division,,Sp Gijon,Santander,0,1,A,0,1,A,,,,2.35,3.3,3.0,2.25,3.2,2.75,2.25,3.25,3.05
2009/2010,2010-01-24 00:00:00,SP1,Spain,La Liga Primera Division,,Xerez,Osasuna,1,2,A,1,1,D,,,,3.25,3.2,2.25,2.75,3.2,2.25,3.25,3.25,2.15
2009/2010,2010-01-23 00:00:00,SP1,Spain,La Liga Primera Division,,Valladolid,Barcelona,0,3,A,0,2,A,,,,10.0,5.25,1.29,8.0,4.5,1.29,9.25,5.25,1.28
2009/2010,2010-01-23 00:00:00,SP2,Spain,La Liga Segunda Division,,Numancia,Cadiz,1,3,A,0,1,A,,,,1.67,3.4,5.0,1.6,3.3,5.0,1.55,3.35,6.0
2009/2010,2010-01-23 00:00:00,SP2,Spain,La Liga Segunda Division,,Salamanca,Villarreal B,2,4,A,0,0,D,,,,2.0,3.1,3.6,2.1,3.0,3.2,1.9,3.1,3.8
2009/2010,2010-01-17 00:00:00,SP2,Spain,La Liga Segunda Division,,Real Union,Cordoba,2,3,A,1,1,D,,,,2.2,3.0,3.6,2.3,2.9,2.9,2.15,3.0,3.2
2009/2010,2010-01-16 00:00:00,SP2,Spain,La Liga Segunda Division,,Celta,Sociedad,0,1,A,0,0,D,,,,2.6,3.0,2.88,2.35,2.9,2.8,2.5,3.0,2.65
2009/2010,2010-01-16 00:00:00,SP2,Spain,La Liga Segunda Division,,Las Palmas,Murcia,0,3,A,0,3,A,,,,2.0,3.2,4.0,1.8,3.2,4.0,1.9,3.05,3.85
2009/2010,2010-01-10 00:00:00,SP1,Spain,La Liga Primera Division,,Xerez,Valencia,1,3,A,1,2,A,,,,6.0,3.75,1.57,6.0,3.75,1.44,5.85,3.75,1.55
2009/2010,2010-01-10 00:00:00,SP2,Spain,La Liga Segunda Division,,Huesca,Villarreal B,0,1,A,0,1,A,,,,2.1,3.2,3.7,2.0,3.0,3.5,2.05,3.05,3.35
2009/2010,2010-01-10 00:00:00,SP2,Spain,La Liga Segunda Division,,Girona,Las Palmas,0,2,A,0,0,D,,,,2.2,3.2,3.4,2.1,3.1,3.1,2.1,3.05,3.25
2009/2010,2010-01-10 00:00:00,SP1,Spain,La Liga Primera Division,,Tenerife,Barcelona,0,5,A,0,3,A,,,,7.5,4.5,1.4,8.0,4.0,1.33,7.0,4.45,1.4
2009/2010,2010-01-09 00:00:00,SP1,Spain,La Liga Primera Division,,Sevilla,Santander,1,2,A,0,2,A,,,,1.55,3.75,6.0,1.44,3.75,6.0,1.5,3.9,6.25
2009/2010,2010-01-09 00:00:00,SP1,Spain,La Liga Primera Division,,Valladolid,Ath Madrid,0,4,A,0,2,A,,,,2.5,3.3,2.75,2.5,3.2,2.5,2.6,3.3,2.55
2009/2010,2010-01-09 00:00:00,SP2,Spain,La Liga Segunda Division,,Gimnastic,Celta,0,2,A,0,2,A,,,,2.35,3.1,3.2,2.1,3.0,3.2,2.1,3.05,3.25
2009/2010,2010-01-09 00:00:00,SP2,Spain,La Liga Segunda Division,,Murcia,Elche,0,2,A,0,1,A,,,,2.3,3.1,3.3,2.2,3.0,3.0,2.3,2.95,2.95
2009/2010,2010-01-03 00:00:00,SP2,Spain,La Liga Segunda Division,,Elche,Las Palmas,2,5,A,2,1,H,,,,2.0,3.1,3.6,1.91,3.0,3.75,1.95,3.1,3.6
2009/2010,2010-01-03 00:00:00,SP2,Spain,La Liga Segunda Division,,Cadiz,Gimnastic,0,1,A,0,1,A,,,,2.25,3.0,3.1,2.25,2.88,3.0,2.35,2.95,2.9
2009/2010,2010-01-02 00:00:00,SP2,Spain,La Liga Segunda Division,,Castellon,Numancia,0,1,A,0,1,A,,,,2.8,3.0,2.6,2.75,2.88,2.4,2.75,3.0,2.4
2009/2010,2010-01-02 00:00:00,SP2,Spain,La Liga Segunda Division,,Albacete,Hercules,1,2,A,1,0,H,,,,3.1,3.0,2.4,2.8,2.88,2.38,2.85,3.0,2.35
2009/2010,2009-12-19 00:00:00,SP2,Spain,La Liga Segunda Division,,Cordoba,Albacete,0,2,A,0,1,A,,,,2.25,3.0,3.4,1.9,3.0,3.75,2.0,3.0,3.6
2009/2010,2009-12-19 00:00:00,SP1,Spain,La Liga Primera Division,,Sevilla,Getafe,1,2,A,0,2,A,,,,1.6,3.6,6.0,1.5,3.5,6.0,1.6,3.8,6.15
2009/2010,2009-12-19 00:00:00,SP2,Spain,La Liga Segunda Division,,Levante,Cartagena,1,2,A,0,1,A,,,,2.3,3.0,3.3,2.25,3.0,2.9,2.25,2.85,3.3
2009/2010,2009-12-19 00:00:00,SP2,Spain,La Liga Segunda Division,,Salamanca,Vallecano,0,1,A,0,0,D,,,,2.5,3.0,3.0,2.2,3.0,3.0,2.25,3.0,3.0
2009/2010,2009-12-13 00:00:00,SP1,Spain,La Liga Primera Division,,Ath Madrid,Villarreal,1,2,A,1,0,H,,,,2.0,3.5,3.6,1.83,3.3,3.6,2.05,3.55,3.55
2009/2010,2009-12-13 00:00:00,SP1,Spain,La Liga Primera Division,,Osasuna,Mallorca,0,1,A,0,0,D,,,,2.2,3.3,3.25,2.1,3.2,3.0,2.15,3.3,3.2
2009/2010,2009-12-13 00:00:00,SP1,Spain,La Liga Primera Division,,Sp Gijon,Sevilla,0,1,A,0,1,A,,,,3.5,3.3,2.1,3.2,3.2,2.0,3.6,3.35,2.1
2009/2010,2009-12-13 00:00:00,SP2,Spain,La Liga Segunda Division,,Cartagena,Salamanca,3,4,A,1,1,D,,,,1.91,3.25,4.2,1.9,3.0,3.75,1.95,3.05,3.65
2009/2010,2009-12-12 00:00:00,SP2,Spain,La Liga Segunda Division,,Castellon,Sociedad,0,1,A,0,1,A,,,,3.0,3.0,2.5,3.0,3.0,2.2,2.7,3.2,2.35
2009/2010,2009-12-12 00:00:00,SP1,Spain,La Liga Primera Division,,Zaragoza,Ath Bilbao,1,2,A,0,0,D,,,,2.2,3.3,3.3,2.2,3.25,2.75,2.1,3.3,3.3
2009/2010,2009-12-12 00:00:00,SP1,Spain,La Liga Primera Division,,Valencia,Real Madrid,2,3,A,0,0,D,,,,2.5,3.4,2.7,2.4,3.25,2.5,2.45,3.55,2.75
2009/2010,2009-12-06 00:00:00,SP1,Spain,La Liga Primera Division,,Espanol,Santander,0,4,A,0,0,D,,,,2.0,3.3,3.8,1.83,3.3,3.6,1.95,3.3,3.75
2009/2010,2009-12-06 00:00:00,SP1,Spain,La Liga Primera Division,,Ath Bilbao,Valencia,1,2,A,0,0,D,,,,3.2,3.4,2.2,2.75,3.2,2.25,2.95,3.35,2.25
2009/2010,2009-12-05 00:00:00,SP1,Spain,La Liga Primera Division,,La Coruna,Barcelona,1,3,A,1,1,D,,,,5.5,3.8,1.62,4.5,3.5,1.62,5.25,3.75,1.6
2009/2010,2009-12-05 00:00:00,SP2,Spain,La Liga Segunda Division,,Girona,Celta,1,2,A,0,1,A,,,,2.38,3.1,3.1,2.2,3.0,3.0,2.35,2.9,2.95
2009/2010,2009-12-05 00:00:00,SP1,Spain,La Liga Primera Division,,Xerez,Ath Madrid,0,2,A,0,1,A,,,,4.6,3.6,1.75,3.75,3.3,1.8,4.6,3.6,1.7
2009/2010,2009-12-02 00:00:00,SP1,Spain,La Liga Primera Division,,Xerez,Barcelona,0,2,A,0,0,D,,,,12.0,5.5,1.25,11.0,5.0,1.2,12.0,5.6,1.22
2009/2010,2009-11-29 00:00:00,SP1,Spain,La Liga Primera Division,,Zaragoza,Osasuna,0,1,A,0,1,A,,,,2.0,3.4,3.7,1.91,3.2,3.5,1.95,3.35,3.7
2009/2010,2009-11-29 00:00:00,SP1,Spain,La Liga Primera Division,,Santander,La Coruna,0,1,A,0,0,D,,,,2.63,3.25,2.63,2.6,3.2,2.38,2.5,3.3,2.65
2009/2010,2009-11-29 00:00:00,SP1,Spain,La Liga Primera Division,,Almeria,Ath Bilbao,1,4,A,0,2,A,,,,2.2,3.3,3.25,2.2,3.2,2.8,2.25,3.3,3.0
2009/2010,2009-11-29 00:00:00,SP2,Spain,La Liga Segunda Division,,Albacete,Numancia,2,3,A,1,0,H,,,,2.5,3.0,2.75,2.25,3.1,2.8,2.5,3.0,2.65
2009/2010,2009-11-28 00:00:00,SP2,Spain,La Liga Segunda Division,,Recreativo,Salamanca,0,2,A,0,1,A,,,,1.8,3.2,4.33,1.8,3.2,4.0,1.75,3.2,4.35
2009/2010,2009-11-22 00:00:00,SP1,Spain,La Liga Primera Division,,Osasuna,Valencia,1,3,A,0,2,A,,,,3.25,3.3,2.2,3.0,3.2,2.1,3.65,3.6,2.0
2009/2010,2009-11-22 00:00:00,SP1,Spain,La Liga Primera Division,,Espanol,Getafe,0,2,A,0,0,D,,,,2.1,3.3,3.5,1.91,3.25,3.4,2.15,3.0,3.55
2009/2010,2009-11-21 00:00:00,SP2,Spain,La Liga Segunda Division,,Celta,Villarreal B,0,2,A,0,0,D,,,,1.83,3.25,4.75,1.85,3.2,3.75,1.8,3.15,4.2
2009/2010,2009-11-21 00:00:00,SP1,Spain,La Liga Primera Division,,Tenerife,Sevilla,1,2,A,0,1,A,,,,5.0,3.5,1.73,4.5,3.5,1.62,5.5,3.6,1.6
2009/2010,2009-11-15 00:00:00,SP2,Spain,La Liga Segunda Division,,Cartagena,Gimnastic,0,2,A,0,2,A,,,,1.91,3.0,4.0,1.75,3.2,4.2,1.85,3.1,4.0
2009/2010,2009-11-14 00:00:00,SP2,Spain,La Liga Segunda Division,,Castellon,Elche,0,2,A,0,2,A,,,,2.38,3.0,2.88,2.3,3.1,2.75,2.3,3.0,2.9
2009/2010,2009-11-08 00:00:00,SP1,Spain,La Liga Primera Division,,Santander,Ath Bilbao,0,2,A,0,1,A,,,,2.25,3.3,3.2,2.25,3.2,2.75,2.2,3.35,3.05
2009/2010,2009-11-08 00:00:00,SP2,Spain,La Liga Segunda Division,,Murcia,Cartagena,1,4,A,0,3,A,,,,2.5,2.9,3.1,2.6,2.8,2.6,2.45,2.85,2.85
2009/2010,2009-11-07 00:00:00,SP2,Spain,La Liga Segunda Division,,Gimnastic,Albacete,1,3,A,0,1,A,,,,1.8,3.4,4.5,1.83,3.1,4.0,1.8,3.0,4.5
2009/2010,2009-11-07 00:00:00,SP1,Spain,La Liga Primera Division,,Ath Madrid,Real Madrid,2,3,A,0,2,A,,,,3.75,3.5,1.95,3.75,3.2,1.83,3.9,3.5,1.85
2009/2010,2009-11-07 00:00:00,SP1,Spain,La Liga Primera Division,,Getafe,La Coruna,0,2,A,0,1,A,,,,2.1,3.3,3.5,2.1,3.2,3.0,2.05,3.35,3.4
2009/2010,2009-11-01 00:00:00,SP1,Spain,La Liga Primera Division,,Malaga,Valencia,0,1,A,0,0,D,,,,3.8,3.6,1.91,3.75,3.3,1.8,4.2,3.45,1.8
2009/2010,2009-11-01 00:00:00,SP2,Spain,La Liga Segunda Division,,Salamanca,Girona,0,1,A,0,0,D,,,,2.0,3.0,3.8,1.8,3.2,4.0,1.8,3.1,4.25
2009/2010,2009-10-31 00:00:00,SP2,Spain,La Liga Segunda Division,,Recreativo,Gimnastic,0,1,A,0,1,A,,,,2.0,3.1,3.7,1.85,3.0,4.0,2.05,2.8,3.75
2009/2010,2009-10-31 00:00:00,SP2,Spain,La Liga Segunda Division,,Vallecano,Elche,0,1,A,0,1,A,,,,1.73,3.4,5.25,1.65,3.3,4.6,1.65,3.25,5.0
2009/2010,2009-10-31 00:00:00,SP1,Spain,La Liga Primera Division,,Xerez,Sevilla,0,2,A,0,1,A,,,,5.5,3.75,1.62,5.0,3.5,1.57,5.5,3.95,1.55
2009/2010,2009-10-25 00:00:00,SP1,Spain,La Liga Primera Division,,Almeria,Valencia,0,3,A,0,0,D,,,,3.5,3.3,2.1,3.0,3.2,2.1,3.2,3.4,2.25
2009/2010,2009-10-24 00:00:00,SP2,Spain,La Liga Segunda Division,,Murcia,Recreativo,0,1,A,0,0,D,,,,2.2,2.9,3.2,2.3,2.9,2.9,2.25,2.85,3.15
2009/2010,2009-10-24 00:00:00,SP2,Spain,La Liga Segunda Division,,Girona,Betis,0,2,A,0,1,A,,,,3.4,3.0,2.1,3.1,3.1,2.1,3.5,2.95,2.05
2009/2010,2009-10-18 00:00:00,SP1,Spain,La Liga Primera Division,,Ath Bilbao,Sp Gijon,1,2,A,0,0,D,,,,1.83,3.5,4.33,1.83,3.3,3.6,1.8,3.45,4.2
2009/2010,2009-10-18 00:00:00,SP1,Spain,La Liga Primera Division,,Malaga,Almeria,1,2,A,0,2,A,,,,2.1,3.2,3.3,1.91,3.2,3.5,2.05,3.3,3.45
2009/2010,2009-10-17 00:00:00,SP2,Spain,La Liga Segunda Division,,Real Union,Villarreal B,0,1,A,0,0,D,,,,1.85,3.0,4.2,1.9,3.2,3.5,1.95,3.0,3.75
2009/2010,2009-10-11 00:00:00,SP2,Spain,La Liga Segunda Division,,Cadiz,Cartagena,1,3,A,0,2,A,,,,2.2,3.0,3.2,2.2,3.0,3.0,2.15,3.1,3.1
2009/2010,2009-10-10 00:00:00,SP2,Spain,La Liga Segunda Division,,Villarreal B,Vallecano,0,2,A,0,2,A,,,,3.1,2.88,2.3,2.65,3.1,2.35,2.95,2.9,2.35
2009/2010,2009-10-04 00:00:00,SP1,Spain,La Liga Primera Division,,Santander,Valencia,0,1,A,0,0,D,,,,3.4,3.4,2.1,2.75,3.25,2.2,3.35,3.3,2.0
2009/2010,2009-10-04 00:00:00,SP2,Spain,La Liga Segunda Division,,Albacete,Cadiz,0,1,A,0,1,A,,,,2.3,3.0,3.1,2.0,3.0,3.5,2.05,3.1,3.3
2009/2010,2009-10-04 00:00:00,SP2,Spain,La Liga Segunda Division,,Numancia,Sociedad,1,3,A,0,2,A,,,,2.2,3.0,3.25,2.2,3.0,3.0,2.0,3.0,3.6
2009/2010,2009-10-03 00:00:00,SP1,Spain,La Liga Primera Division,,Tenerife,La Coruna,0,1,A,0,0,D,,,,2.5,3.3,2.75,2.38,3.2,2.6,2.5,3.2,2.6
2009/2010,2009-10-03 00:00:00,SP2,Spain,La Liga Segunda Division,,Recreativo,Celta,1,2,A,1,0,H,,,,1.8,3.25,4.33,1.7,3.2,4.5,1.77,3.05,4.55
2009/2010,2009-09-27 00:00:00,SP2,Spain,La Liga Segunda Division,,Gimnastic,Numancia,0,1,A,0,0,D,,,,2.38,3.0,2.88,2.35,3.0,2.75,2.45,3.0,2.7
2009/2010,2009-09-26 00:00:00,SP1,Spain,La Liga Primera Division,,Malaga,Barcelona,0,2,A,0,1,A,,,,11.0,5.0,1.29,8.0,4.5,1.29,9.0,5.75,1.22
2009/2010,2009-09-26 00:00:00,SP1,Spain,La Liga Primera Division,,Ath Bilbao,Sevilla,0,4,A,0,3,A,,,,2.9,3.3,2.4,2.6,3.2,2.38,2.9,3.3,2.2
2009/2010,2009-09-26 00:00:00,SP2,Spain,La Liga Segunda Division,,Castellon,Vallecano,1,3,A,0,1,A,,,,2.5,3.0,2.7,2.5,3.1,2.5,2.45,3.0,2.7
2009/2010,2009-09-26 00:00:00,SP2,Spain,La Liga Segunda Division,,Las Palmas,Levante,0,1,A,0,0,D,,,,2.1,3.0,3.4,2.25,2.9,3.0,2.15,2.95,3.25
2009/2010,2009-09-26 00:00:00,SP2,Spain,La Liga Segunda Division,,Girona,Real Union,0,2,A,0,0,D,,,,2.0,3.0,3.75,1.8,3.2,4.0,1.95,3.05,3.7
2009/2010,2009-09-26 00:00:00,SP2,Spain,La Liga Segunda Division,,Celta,Hercules,0,1,A,0,0,D,,,,2.38,3.0,2.88,2.25,3.0,2.9,2.4,2.95,2.8
2009/2010,2009-09-23 00:00:00,SP1,Spain,La Liga Primera Division,,Valladolid,Osasuna,1,2,A,0,1,A,,,,2.15,3.3,3.4,2.1,3.2,3.6,2.05,3.3,3.2
2009/2010,2009-09-23 00:00:00,SP1,Spain,La Liga Primera Division,,Xerez,La Coruna,0,3,A,0,1,A,,,,2.88,3.25,2.45,2.8,3.4,2.38,2.8,3.3,2.25
2009/2010,2009-09-23 00:00:00,SP1,Spain,La Liga Primera Division,,Villarreal,Real Madrid,0,2,A,0,1,A,,,,5.5,3.8,1.6,5.5,3.75,1.62,5.65,3.85,1.5
2009/2010,2009-09-22 00:00:00,SP1,Spain,La Liga Primera Division,,Santander,Barcelona,1,4,A,0,3,A,,,,10.0,5.0,1.3,10.0,5.0,1.29,8.5,5.4,1.25
2009/2010,2009-09-20 00:00:00,SP2,Spain,La Liga Segunda Division,,Salamanca,Las Palmas,0,1,A,0,0,D,,,,2.15,3.0,3.75,1.85,3.0,4.0,1.91,3.1,3.75
2009/2010,2009-09-20 00:00:00,SP1,Spain,La Liga Primera Division,,Zaragoza,Valladolid,1,2,A,1,1,D,,,,2.1,3.3,3.5,1.8,3.3,3.75,2.0,3.2,3.45
2009/2010,2009-09-20 00:00:00,SP2,Spain,La Liga Segunda Division,,Albacete,Betis,1,3,A,0,2,A,,,,2.8,3.0,2.65,2.8,3.0,2.3,2.65,2.85,2.6
2009/2010,2009-09-19 00:00:00,SP2,Spain,La Liga Segunda Division,,Huesca,Gimnastic,0,1,A,0,1,A,,,,2.25,3.1,3.4,2.2,2.9,3.1,2.2,2.95,3.15
2009/2010,2009-09-19 00:00:00,SP1,Spain,La Liga Primera Division,,La Coruna,Espanol,2,3,A,1,2,A,,,,1.95,3.4,3.8,1.83,3.2,3.75,1.9,3.25,3.75
2009/2010,2009-09-19 00:00:00,SP1,Spain,La Liga Primera Division,,Malaga,Santander,1,2,A,0,1,A,,,,2.05,3.3,3.6,1.8,3.3,3.75,2.05,3.25,3.25
2009/2010,2009-09-19 00:00:00,SP1,Spain,La Liga Primera Division,,Osasuna,Sevilla,0,2,A,0,1,A,,,,3.25,3.25,2.25,3.0,3.2,2.1,3.15,3.25,2.1
2009/2010,2009-09-13 00:00:00,SP1,Spain,La Liga Primera Division,,Xerez,Ath Bilbao,0,1,A,0,1,A,,,,2.75,3.2,2.63,2.6,3.2,2.38,2.65,3.2,2.45
2009/2010,2009-09-13 00:00:00,SP1,Spain,La Liga Primera Division,,Valladolid,Valencia,2,4,A,1,3,A,,,,3.4,3.4,2.1,3.0,3.2,2.1,3.45,3.2,2.0
2009/2010,2009-09-12 00:00:00,SP1,Spain,La Liga Primera Division,,Getafe,Barcelona,0,2,A,0,0,D,,,,6.5,4.2,1.5,7.0,4.0,1.36,6.2,4.0,1.45
2009/2010,2009-09-12 00:00:00,SP1,Spain,La Liga Primera Division,,Espanol,Real Madrid,0,3,A,0,1,A,,,,6.0,3.8,1.57,5.0,3.5,1.57,6.5,3.55,1.5
2009/2010,2009-09-12 00:00:00,SP2,Spain,La Liga Segunda Division,,Castellon,Albacete,3,5,A,1,2,A,,,,2.0,3.3,3.8,1.8,3.2,4.0,1.8,3.0,4.5
2009/2010,2009-09-12 00:00:00,SP2,Spain,La Liga Segunda Division,,Gimnastic,Sociedad,1,2,A,0,0,D,,,,2.3,3.2,3.2,2.3,2.9,2.9,2.25,2.85,3.15
2009/2010,2009-08-30 00:00:00,SP2,Spain,La Liga Segunda Division,,Cadiz,Salamanca,0,1,A,0,0,D,,,,2.25,3.2,2.9,2.1,3.1,3.1,2.2,3.1,3.0
2009/2010,2009-08-30 00:00:00,SP1,Spain,La Liga Primera Division,,Santander,Getafe,1,4,A,1,3,A,,,,2.15,3.3,3.4,1.91,3.2,3.5,2.05,3.25,3.25
2009/2010,2009-08-30 00:00:00,SP2,Spain,La Liga Segunda Division,,Murcia,Gimnastic,0,1,A,0,0,D,,,,2.25,3.2,2.9,2.2,3.2,2.8,2.15,3.05,3.15
2009/2010,2009-08-30 00:00:00,SP2,Spain,La Liga Segunda Division,,Elche,Huesca,0,2,A,0,1,A,,,,2.0,3.25,3.4,2.1,3.2,3.0,2.0,3.2,3.35
2009/2010,2009-08-29 00:00:00,SP2,Spain,La Liga Segunda Division,,Girona,Cartagena,0,1,A,0,1,A,,,,1.8,3.25,4.2,1.85,3.2,3.75,1.75,3.25,4.3
2009/2010,2009-08-29 00:00:00,SP2,Spain,La Liga Segunda Division,,Celta,Numancia,1,2,A,0,0,D,,,,2.25,3.2,2.9,2.25,3.2,2.75,2.25,3.1,2.9
2009/2010,2009-08-29 00:00:00,SP2,Spain,La Liga Segunda Division,,Real Union,Recreativo,0,1,A,0,0,D,,,,3.4,3.25,2.0,3.0,3.2,2.1,3.45,3.25,1.95
2008/2009,2009-06-21 00:00:00,SP2,Spain,La Liga Segunda Division,,Tenerife,Castellon,1,2,A,1,0,H,,,,1.5,3.75,5.75,1.45,3.75,6.0,1.5,3.45,6.5
2008/2009,2009-06-20 00:00:00,SP2,Spain,La Liga Segunda Division,,Elche,Sociedad,1,2,A,1,0,H,,,,2.5,3.1,2.88,2.3,3.1,2.75,2.3,2.85,3.05
2008/2009,2009-06-20 00:00:00,SP2,Spain,La Liga Segunda Division,,Salamanca,Hercules,1,5,A,1,4,A,,,,2.62,3.1,2.75,2.4,3.1,2.6,2.65,2.8,2.65
2008/2009,2009-06-13 00:00:00,SP2,Spain,La Liga Segunda Division,,Girona,Tenerife,0,1,A,0,1,A,,,,5.5,3.4,1.7,4.2,3.0,1.8,5.75,3.4,1.55
2008/2009,2009-06-06 00:00:00,SP2,Spain,La Liga Segunda Division,,Salamanca,Zaragoza,1,3,A,1,2,A,,,,5.0,3.5,1.75,3.6,3.25,1.85,4.95,3.5,1.6
2008/2009,2009-06-06 00:00:00,SP2,Spain,La Liga Segunda Division,,Alicante,Hercules,1,2,A,0,0,D,,,,6.0,3.75,1.6,5.0,3.3,1.6,5.5,3.8,1.5
2008/2009,2009-06-06 00:00:00,SP2,Spain,La Liga Segunda Division,,Gimnastic,Castellon,0,1,A,0,1,A,,,,2.1,3.2,3.6,2.1,3.1,3.1,1.95,3.1,3.6
2008/2009,2009-05-31 00:00:00,SP2,Spain,La Liga Segunda Division,,Sociedad,Cordoba,0,2,A,0,0,D,,,,1.7,3.25,5.25,1.6,3.4,5.0,1.6,3.5,5.0
2008/2009,2009-05-31 00:00:00,SP1,Spain,La Liga Primera Division,,Numancia,Sevilla,0,2,A,0,0,D,,,,4.2,3.6,1.83,3.5,3.2,1.91,3.9,3.25,1.85
2008/2009,2009-05-31 00:00:00,SP2,Spain,La Liga Segunda Division,,Elche,Castellon,0,1,A,0,1,A,,,,2.05,3.1,3.6,2.0,2.9,3.6,2.0,3.2,3.35
2008/2009,2009-05-30 00:00:00,SP1,Spain,La Liga Primera Division,,Mallorca,Villarreal,2,3,A,1,2,A,,,,3.4,3.3,2.15,3.2,3.2,2.0,3.3,3.5,1.95
2008/2009,2009-05-30 00:00:00,SP2,Spain,La Liga Segunda Division,,Sevilla B,Tenerife,0,4,A,0,3,A,,,,11.0,4.75,1.29,9.0,3.75,1.35,9.0,4.7,1.27
2008/2009,2009-05-24 00:00:00,SP2,Spain,La Liga Segunda Division,,Vallecano,Elche,1,2,A,0,0,D,,,,1.53,3.5,6.5,1.5,3.5,6.0,1.45,3.65,6.75
2008/2009,2009-05-24 00:00:00,SP1,Spain,La Liga Primera Division,,Real Madrid,Mallorca,1,3,A,1,1,D,,,,1.5,4.33,6.0,1.4,4.2,6.0,1.45,4.05,6.0
2008/2009,2009-05-24 00:00:00,SP2,Spain,La Liga Segunda Division,,Castellon,Girona,1,2,A,1,0,H,,,,2.1,3.2,3.3,1.85,3.2,3.75,2.15,2.9,3.3
2008/2009,2009-05-23 00:00:00,SP1,Spain,La Liga Primera Division,,Recreativo,Santander,0,1,A,0,0,D,,,,2.1,3.4,3.4,2.1,3.2,3.0,2.1,3.2,3.2
2008/2009,2009-05-23 00:00:00,SP1,Spain,La Liga Primera Division,,Valladolid,Sp Gijon,1,2,A,0,1,A,,,,2.38,3.25,3.0,2.25,3.5,2.5,2.25,3.15,2.95
2008/2009,2009-05-23 00:00:00,SP1,Spain,La Liga Primera Division,,Ath Bilbao,Ath Madrid,1,4,A,0,0,D,,,,4.0,3.75,1.83,3.4,3.5,1.83,4.1,3.5,1.75
2008/2009,2009-05-23 00:00:00,SP1,Spain,La Liga Primera Division,,Almeria,Espanol,0,3,A,0,1,A,,,,2.8,3.3,2.5,2.25,3.4,2.6,2.7,3.2,2.4
2008/2009,2009-05-23 00:00:00,SP1,Spain,La Liga Primera Division,,Barcelona,Osasuna,0,1,A,0,1,A,,,,2.0,3.5,3.6,1.73,3.4,4.0,1.9,3.35,3.6
2008/2009,2009-05-23 00:00:00,SP2,Spain,La Liga Segunda Division,,Alicante,Zaragoza,0,3,A,0,1,A,,,,5.75,3.5,1.67,4.2,3.2,1.75,5.1,3.45,1.6
2008/2009,2009-05-23 00:00:00,SP2,Spain,La Liga Segunda Division,,Salamanca,Sociedad,0,1,A,0,1,A,,,,2.4,3.0,3.2,2.2,3.0,3.0,2.3,2.9,3.0
2008/2009,2009-05-17 00:00:00,SP2,Spain,La Liga Segunda Division,,Levante,Salamanca,1,2,A,0,1,A,,,,2.2,3.1,3.1,2.1,3.0,3.2,2.15,3.05,3.15
2008/2009,2009-05-17 00:00:00,SP2,Spain,La Liga Segunda Division,,Sevilla B,Gimnastic,1,3,A,1,0,H,,,,4.0,3.1,1.91,3.75,3.0,1.9,3.9,3.05,1.9
2008/2009,2009-05-16 00:00:00,SP2,Spain,La Liga Segunda Division,,Las Palmas,Alicante,0,1,A,0,1,A,,,,1.85,3.0,4.5,1.85,3.2,3.75,1.85,3.15,3.95
2008/2009,2009-05-10 00:00:00,SP1,Spain,La Liga Primera Division,,Recreativo,La Coruna,1,2,A,1,1,D,,,,2.5,3.25,2.8,2.5,3.2,2.5,2.5,3.15,2.6
2008/2009,2009-05-10 00:00:00,SP2,Spain,La Liga Segunda Division,,Alicante,Sociedad,1,2,A,0,0,D,,,,3.6,3.0,2.2,2.9,3.0,2.25,3.25,2.95,2.15
2008/2009,2009-05-10 00:00:00,SP2,Spain,La Liga Segunda Division,,Girona,Xerez,0,2,A,0,2,A,,,,4.0,3.0,2.1,3.2,3.0,2.1,3.65,2.85,2.05
2008/2009,2009-05-09 00:00:00,SP2,Spain,La Liga Segunda Division,,Albacete,Levante,0,1,A,0,1,A,,,,2.1,3.1,3.75,2.2,3.0,3.0,2.05,2.95,3.5
2008/2009,2009-05-09 00:00:00,SP2,Spain,La Liga Segunda Division,,Celta,Las Palmas,0,1,A,0,0,D,,,,1.91,3.25,4.33,1.9,3.0,3.75,1.95,2.95,3.85
2008/2009,2009-05-09 00:00:00,SP2,Spain,La Liga Segunda Division,,Eibar,Hercules,0,1,A,0,0,D,,,,4.0,3.4,1.91,3.3,3.1,2.0,4.0,3.1,1.85
2008/2009,2009-05-09 00:00:00,SP2,Spain,La Liga Segunda Division,,Huesca,Zaragoza,0,1,A,0,0,D,,,,4.0,3.1,2.05,3.0,3.2,2.1,3.75,3.0,1.95
2008/2009,2009-05-09 00:00:00,SP2,Spain,La Liga Segunda Division,,Salamanca,Vallecano,0,1,A,0,1,A,,,,2.15,3.1,3.6,2.2,3.0,3.0,2.15,2.9,3.3
2008/2009,2009-05-03 00:00:00,SP2,Spain,La Liga Segunda Division,,Elche,Xerez,0,1,A,0,0,D,,,,2.87,3.0,2.4,2.7,2.9,2.5,2.8,2.95,2.4
2008/2009,2009-05-03 00:00:00,SP2,Spain,La Liga Segunda Division,,Cordoba,Salamanca,0,2,A,0,1,A,,,,2.1,3.2,3.25,2.2,2.9,3.1,2.05,2.95,3.5
2008/2009,2009-05-03 00:00:00,SP2,Spain,La Liga Segunda Division,,Alaves,Castellon,0,1,A,0,0,D,,,,1.9,3.2,4.0,1.9,3.1,3.6,2.0,2.95,3.65
2008/2009,2009-05-03 00:00:00,SP1,Spain,La Liga Primera Division,,Betis,Ath Madrid,0,2,A,0,1,A,,,,2.87,3.4,2.37,2.5,3.2,2.5,2.8,3.2,2.3
2008/2009,2009-05-03 00:00:00,SP1,Spain,La Liga Primera Division,,Osasuna,Recreativo,1,2,A,1,0,H,,,,1.75,3.5,4.75,1.73,3.2,4.33,1.65,3.45,4.85
2008/2009,2009-05-03 00:00:00,SP1,Spain,La Liga Primera Division,,Santander,Almeria,0,2,A,0,2,A,,,,2.25,3.1,3.2,2.0,3.2,3.2,2.2,3.15,3.05
2008/2009,2009-05-02 00:00:00,SP2,Spain,La Liga Segunda Division,,Vallecano,Albacete,0,3,A,0,1,A,,,,1.5,3.4,8.0,1.6,3.4,5.0,1.55,3.35,5.9
2008/2009,2009-05-02 00:00:00,SP1,Spain,La Liga Primera Division,,Real Madrid,Barcelona,2,6,A,1,3,A,,,,2.5,3.4,2.75,2.38,3.2,2.6,2.45,3.4,2.5
2008/2009,2009-05-02 00:00:00,SP1,Spain,La Liga Primera Division,,Villarreal,Sevilla,0,2,A,0,0,D,,,,2.37,3.4,2.87,2.25,3.2,2.75,2.35,3.25,2.7
2008/2009,2009-04-26 00:00:00,SP1,Spain,La Liga Primera Division,,Sevilla,Real Madrid,2,4,A,1,1,D,,,,2.62,3.3,2.6,2.75,3.2,2.25,2.65,3.35,2.35
2008/2009,2009-04-26 00:00:00,SP1,Spain,La Liga Primera Division,,Recreativo,Mallorca,2,4,A,0,2,A,,,,2.37,3.25,3.0,2.38,3.2,2.6,2.2,3.2,3.0
2008/2009,2009-04-26 00:00:00,SP1,Spain,La Liga Primera Division,,Getafe,Villarreal,1,2,A,0,2,A,,,,2.5,3.25,2.8,2.5,3.2,2.5,2.5,3.0,2.7
2008/2009,2009-04-26 00:00:00,SP2,Spain,La Liga Segunda Division,,Huesca,Sociedad,1,2,A,0,2,A,,,,2.6,2.9,2.7,2.25,2.9,3.0,2.55,2.8,2.75
2008/2009,2009-04-25 00:00:00,SP2,Spain,La Liga Segunda Division,,Eibar,Zaragoza,2,3,A,0,2,A,,,,4.0,3.2,1.85,4.0,3.0,1.85,3.95,3.15,1.85
2008/2009,2009-04-25 00:00:00,SP2,Spain,La Liga Segunda Division,,Girona,Alaves,0,1,A,0,1,A,,,,2.1,3.0,3.4,2.0,3.0,3.5,2.1,2.95,3.35
2008/2009,2009-04-23 00:00:00,SP1,Spain,La Liga Primera Division,,Sp Gijon,Espanol,0,3,A,0,1,A,,,,2.65,3.3,2.6,2.4,3.25,2.5,2.55,3.1,2.6
2008/2009,2009-04-22 00:00:00,SP1,Spain,La Liga Primera Division,,Betis,Valencia,1,2,A,0,0,D,,,,2.9,3.25,2.4,2.75,3.2,2.25,2.95,2.95,2.35
2008/2009,2009-04-22 00:00:00,SP1,Spain,La Liga Primera Division,,Osasuna,Malaga,2,3,A,2,1,H,,,,2.15,3.3,3.3,2.2,3.2,2.8,2.1,3.1,3.3
2008/2009,2009-04-21 00:00:00,SP1,Spain,La Liga Primera Division,,Numancia,Ath Bilbao,1,2,A,1,1,D,,,,2.62,3.4,2.6,2.38,3.2,2.6,2.65,3.15,2.45
2008/2009,2009-04-19 00:00:00,SP2,Spain,La Liga Segunda Division,,Alaves,Xerez,1,2,A,0,0,D,,,,2.9,3.1,2.3,3.1,2.8,2.25,2.9,3.0,2.3
2008/2009,2009-04-18 00:00:00,SP1,Spain,La Liga Primera Division,,Getafe,Barcelona,0,1,A,0,1,A,,,,7.0,4.33,1.44,6.0,3.75,1.44,7.25,4.0,1.4
2008/2009,2009-04-18 00:00:00,SP1,Spain,La Liga Primera Division,,Recreativo,Real Madrid,0,1,A,0,0,D,,,,6.0,3.8,1.57,5.5,3.5,1.53,5.75,3.85,1.5
2008/2009,2009-04-18 00:00:00,SP1,Spain,La Liga Primera Division,,Ath Bilbao,La Coruna,0,1,A,0,0,D,,,,2.15,3.4,3.3,2.0,3.2,3.2,2.1,3.2,3.2
2008/2009,2009-04-18 00:00:00,SP2,Spain,La Liga Segunda Division,,Sociedad,Tenerife,1,2,A,0,0,D,,,,2.3,3.0,3.4,2.3,2.9,2.9,2.25,2.9,3.1
2008/2009,2009-04-12 00:00:00,SP2,Spain,La Liga Segunda Division,,Huesca,Vallecano,0,1,A,0,0,D,,,,2.5,3.0,2.8,2.6,2.8,2.6,2.55,2.8,2.75
2008/2009,2009-04-12 00:00:00,SP1,Spain,La Liga Primera Division,,Sevilla,Getafe,0,1,A,0,0,D,,,,1.53,3.75,7.0,1.44,3.6,6.5,1.5,3.75,6.0
2008/2009,2009-04-12 00:00:00,SP1,Spain,La Liga Primera Division,,Santander,Betis,2,3,A,2,2,D,,,,2.0,3.4,3.75,1.91,3.2,3.5,1.95,3.25,3.55
2008/2009,2009-04-12 00:00:00,SP1,Spain,La Liga Primera Division,,La Coruna,Ath Madrid,1,2,A,0,1,A,,,,2.5,3.4,2.75,2.38,3.2,2.6,2.45,3.15,2.65
2008/2009,2009-04-12 00:00:00,SP1,Spain,La Liga Primera Division,,Sp Gijon,Valencia,2,3,A,1,1,D,,,,3.6,3.2,2.1,3.0,3.2,2.1,3.1,3.3,2.1
2008/2009,2009-04-11 00:00:00,SP1,Spain,La Liga Primera Division,,Villarreal,Malaga,0,2,A,0,1,A,,,,2.1,3.3,3.5,1.83,3.3,3.6,2.0,3.25,3.4
2008/2009,2009-04-05 00:00:00,SP2,Spain,La Liga Segunda Division,,Murcia,Xerez,1,2,A,0,1,A,,,,2.6,2.9,2.7,2.6,2.8,2.6,2.65,2.9,2.55
2008/2009,2009-04-05 00:00:00,SP1,Spain,La Liga Primera Division,,Sp Gijon,Santander,0,2,A,0,0,D,,,,2.62,3.25,2.62,2.38,3.2,2.6,2.6,3.0,2.6
2008/2009,2009-04-05 00:00:00,SP1,Spain,La Liga Primera Division,,Ath Madrid,Osasuna,2,4,A,1,2,A,,,,1.66,3.6,5.25,1.62,3.25,5.0,1.55,3.7,5.4
2008/2009,2009-04-05 00:00:00,SP2,Spain,La Liga Segunda Division,,Albacete,Alicante,0,2,A,0,1,A,,,,1.9,3.1,4.0,1.9,3.1,3.6,1.75,3.25,4.3
2008/2009,2009-04-04 00:00:00,SP1,Spain,La Liga Primera Division,,Valladolid,Barcelona,0,1,A,0,1,A,,,,6.0,4.0,1.53,6.0,3.75,1.44,6.25,4.25,1.42
2008/2009,2009-04-04 00:00:00,SP1,Spain,La Liga Primera Division,,Recreativo,Sevilla,0,1,A,0,1,A,,,,3.6,3.4,2.0,3.0,3.2,2.1,3.5,3.3,1.95
2008/2009,2009-04-04 00:00:00,SP1,Spain,La Liga Primera Division,,Malaga,Real Madrid,0,1,A,0,0,D,,,,4.75,3.6,1.72,4.5,3.3,1.67,4.5,3.45,1.7
2008/2009,2009-03-29 00:00:00,SP2,Spain,La Liga Segunda Division,,Alaves,Hercules,1,3,A,1,0,H,,,,2.87,2.87,2.5,2.8,2.9,2.35,2.9,2.85,2.4
2008/2009,2009-03-29 00:00:00,SP2,Spain,La Liga Segunda Division,,Eibar,Vallecano,0,1,A,0,1,A,,,,2.87,2.87,2.5,3.0,2.9,2.25,2.95,2.8,2.4
2008/2009,2009-03-29 00:00:00,SP2,Spain,La Liga Segunda Division,,Alicante,Elche,0,3,A,0,1,A,,,,2.5,2.87,2.9,2.3,3.0,2.8,2.7,2.8,2.6
2008/2009,2009-03-28 00:00:00,SP2,Spain,La Liga Segunda Division,,Castellon,Sociedad,0,3,A,0,1,A,,,,2.3,2.9,3.2,2.3,2.9,2.9,2.3,2.7,3.25
2008/2009,2009-03-28 00:00:00,SP2,Spain,La Liga Segunda Division,,Xerez,Zaragoza,1,2,A,0,1,A,,,,2.5,2.87,2.87,2.2,3.0,3.0,2.25,3.1,2.9
2008/2009,2009-03-22 00:00:00,SP1,Spain,La Liga Primera Division,,Santander,Valencia,0,1,A,0,0,D,,,,2.4,3.25,2.9,2.25,3.2,2.75,2.3,3.05,2.95
2008/2009,2009-03-21 00:00:00,SP2,Spain,La Liga Segunda Division,,Salamanca,Tenerife,1,2,A,1,1,D,,,,2.3,2.9,3.2,2.38,2.88,2.8,2.3,2.9,3.0
2008/2009,2009-03-21 00:00:00,SP2,Spain,La Liga Segunda Division,,Las Palmas,Xerez,2,3,A,1,1,D,,,,2.7,2.75,2.75,2.62,2.88,2.5,2.85,2.65,2.6
2008/2009,2009-03-21 00:00:00,SP2,Spain,La Liga Segunda Division,,Albacete,Huesca,0,2,A,0,2,A,,,,2.3,2.9,3.2,2.2,2.8,3.2,2.2,2.75,3.4
2008/2009,2009-03-15 00:00:00,SP1,Spain,La Liga Primera Division,,Almeria,Barcelona,0,2,A,0,0,D,,,,5.75,3.8,1.6,5.0,3.5,1.57,5.25,3.75,1.55
2008/2009,2009-03-15 00:00:00,SP2,Spain,La Liga Segunda Division,,Huesca,Alicante,0,1,A,0,1,A,,,,1.75,3.2,4.5,1.75,3.2,4.2,1.7,3.15,4.8
2008/2009,2009-03-15 00:00:00,SP2,Spain,La Liga Segunda Division,,Eibar,Salamanca,1,2,A,0,0,D,,,,2.5,2.9,2.75,2.5,3.1,2.5,2.6,2.85,2.65
2008/2009,2009-03-14 00:00:00,SP1,Spain,La Liga Primera Division,,Ath Bilbao,Real Madrid,2,5,A,2,2,D,,,,3.75,3.4,2.0,3.5,3.2,1.91,3.35,3.35,2.0
2008/2009,2009-03-14 00:00:00,SP2,Spain,La Liga Segunda Division,,Xerez,Sociedad,1,3,A,1,2,A,,,,1.91,3.0,4.0,1.85,3.0,4.0,1.8,3.15,4.15
2008/2009,2009-03-08 00:00:00,SP1,Spain,La Liga Primera Division,,Getafe,Malaga,1,2,A,0,2,A,,,,2.2,3.3,3.3,2.2,3.2,2.8,2.15,3.2,3.1
2008/2009,2009-03-08 00:00:00,SP1,Spain,La Liga Primera Division,,Osasuna,Sp Gijon,1,2,A,1,2,A,,,,1.66,3.4,6.0,1.67,3.4,4.33,1.65,3.4,5.0
2008/2009,2009-03-08 00:00:00,SP1,Spain,La Liga Primera Division,,Recreativo,Valladolid,2,3,A,1,2,A,,,,2.3,3.3,3.1,2.0,3.2,3.2,2.2,3.3,2.95
2008/2009,2009-03-07 00:00:00,SP2,Spain,La Liga Segunda Division,,Celta,Huesca,0,1,A,0,0,D,,,,2.0,3.0,4.25,2.0,3.0,3.5,2.1,2.9,3.45
2008/2009,2009-03-01 00:00:00,SP2,Spain,La Liga Segunda Division,,Eibar,Alicante,1,2,A,1,0,H,,,,1.95,3.1,3.75,1.9,3.2,3.5,1.9,2.9,4.15
2008/2009,2009-03-01 00:00:00,SP2,Spain,La Liga Segunda Division,,Sevilla B,Levante,1,2,A,1,2,A,,,,3.75,3.2,1.9,3.5,3.0,2.0,4.1,2.9,1.95
2008/2009,2009-03-01 00:00:00,SP1,Spain,La Liga Primera Division,,Numancia,La Coruna,0,1,A,0,0,D,,,,2.62,3.25,2.62,2.5,3.25,2.4,2.65,3.1,2.5
2008/2009,2009-03-01 00:00:00,SP1,Spain,La Liga Primera Division,,Malaga,Recreativo,0,2,A,0,0,D,,,,1.8,3.5,4.5,1.67,3.3,4.5,1.75,3.25,4.45
2008/2009,2009-03-01 00:00:00,SP1,Spain,La Liga Primera Division,,Valencia,Valladolid,1,2,A,0,2,A,,,,1.8,3.4,4.75,1.67,3.3,4.5,1.7,3.4,4.5
2008/2009,2009-03-01 00:00:00,SP1,Spain,La Liga Primera Division,,Sp Gijon,Mallorca,0,1,A,0,0,D,,,,2.3,3.25,3.1,2.25,3.2,2.75,2.3,2.95,3.05
2008/2009,2009-02-28 00:00:00,SP2,Spain,La Liga Segunda Division,,Murcia,Zaragoza,1,4,A,1,1,D,,,,2.62,2.8,2.7,2.3,2.9,2.9,2.5,2.7,2.95
2008/2009,2009-02-28 00:00:00,SP1,Spain,La Liga Primera Division,,Ath Bilbao,Sevilla,1,2,A,1,1,D,,,,2.75,3.25,2.6,2.6,3.2,2.38,2.65,3.15,2.45
2008/2009,2009-02-28 00:00:00,SP1,Spain,La Liga Primera Division,,Espanol,Real Madrid,0,2,A,0,0,D,,,,4.5,3.5,1.8,4.33,3.2,1.73,4.5,3.45,1.7
2008/2009,2009-02-22 00:00:00,SP2,Spain,La Liga Segunda Division,,Cordoba,Xerez,1,2,A,0,1,A,,,,2.62,2.8,2.75,2.9,2.9,2.3,2.8,2.75,2.55
2008/2009,2009-02-22 00:00:00,SP2,Spain,La Liga Segunda Division,,Levante,Alaves,2,3,A,1,2,A,,,,1.83,3.25,4.0,1.7,3.2,4.5,1.75,3.15,4.45
2008/2009,2009-02-22 00:00:00,SP2,Spain,La Liga Segunda Division,,Sociedad,Hercules,1,2,A,0,1,A,,,,2.1,3.0,3.4,2.0,2.9,3.6,2.15,2.7,3.6
2008/2009,2009-02-22 00:00:00,SP2,Spain,La Liga Segunda Division,,Alicante,Gimnastic,1,3,A,0,1,A,,,,2.45,2.9,2.8,2.6,3.1,2.4,2.7,2.8,2.6
2008/2009,2009-02-22 00:00:00,SP1,Spain,La Liga Primera Division,,Valladolid,Malaga,1,3,A,0,2,A,,,,2.2,3.25,3.25,2.2,3.2,2.8,2.1,3.2,3.2
2008/2009,2009-02-21 00:00:00,SP2,Spain,La Liga Segunda Division,,Las Palmas,Murcia,0,1,A,0,0,D,,,,2.2,3.0,3.2,2.25,3.1,2.9,2.25,2.8,3.25
2008/2009,2009-02-21 00:00:00,SP2,Spain,La Liga Segunda Division,,Celta,Eibar,1,2,A,0,0,D,,,,1.5,3.75,6.5,1.6,3.4,5.0,1.55,3.35,6.0
2008/2009,2009-02-21 00:00:00,SP1,Spain,La Liga Primera Division,,Barcelona,Espanol,1,2,A,0,0,D,,,,1.22,5.75,13.0,1.17,5.5,12.0,1.2,5.5,12.0
2008/2009,2009-02-15 00:00:00,SP1,Spain,La Liga Primera Division,,Sp Gijon,Real Madrid,0,4,A,0,2,A,,,,5.5,3.75,1.62,4.5,3.5,1.62,6.0,3.75,1.5
2008/2009,2009-02-15 00:00:00,SP1,Spain,La Liga Primera Division,,Numancia,Mallorca,0,1,A,0,1,A,,,,2.3,3.3,3.1,2.0,3.2,3.2,2.2,3.1,3.1
2008/2009,2009-02-15 00:00:00,SP1,Spain,La Liga Primera Division,,Espanol,Sevilla,0,2,A,0,0,D,,,,3.1,3.3,2.3,2.6,3.2,2.38,3.1,3.2,2.15
2008/2009,2009-02-15 00:00:00,SP2,Spain,La Liga Segunda Division,,Alaves,Vallecano,0,2,A,0,2,A,,,,2.5,3.0,3.0,2.7,3.0,2.4,2.65,2.9,2.55
2008/2009,2009-02-14 00:00:00,SP2,Spain,La Liga Segunda Division,,Sevilla B,Cordoba,0,2,A,0,2,A,,,,3.0,2.9,2.38,2.6,3.1,2.4,2.95,2.9,2.35
2008/2009,2009-02-08 00:00:00,SP2,Spain,La Liga Segunda Division,,Celta,Castellon,1,2,A,0,2,A,,,,2.25,2.87,3.2,2.0,3.1,3.4,2.25,2.9,3.1
2008/2009,2009-02-08 00:00:00,SP1,Spain,La Liga Primera Division,,Recreativo,Ath Madrid,0,3,A,0,3,A,,,,2.87,3.4,2.37,2.5,3.2,2.5,2.85,3.25,2.25
2008/2009,2009-02-07 00:00:00,SP1,Spain,La Liga Primera Division,,Sevilla,Betis,1,2,A,0,0,D,,,,1.75,3.5,4.75,1.73,3.1,4.5,1.7,3.4,4.5
2008/2009,2009-02-07 00:00:00,SP2,Spain,La Liga Segunda Division,,Albacete,Xerez,0,2,A,0,1,A,,,,2.6,2.87,2.7,2.75,2.8,2.5,2.72,2.75,2.6
2008/2009,2009-02-01 00:00:00,SP2,Spain,La Liga Segunda Division,,Eibar,Elche,1,2,A,1,0,H,,,,2.5,2.9,2.87,2.4,2.9,2.8,2.35,2.85,3.0
2008/2009,2009-02-01 00:00:00,SP2,Spain,La Liga Segunda Division,,Gimnastic,Tenerife,0,1,A,0,0,D,,,,2.37,3.0,3.0,2.3,2.9,2.9,2.35,2.95,2.9
2008/2009,2009-02-01 00:00:00,SP1,Spain,La Liga Primera Division,,Ath Madrid,Valladolid,1,2,A,0,0,D,,,,1.53,3.8,7.5,1.5,3.5,6.0,1.48,3.55,6.85
2008/2009,2009-02-01 00:00:00,SP1,Spain,La Liga Primera Division,,Santander,Barcelona,1,2,A,0,0,D,,,,7.5,3.75,1.5,6.5,3.6,1.44,6.75,3.45,1.5
2008/2009,2009-01-31 00:00:00,SP2,Spain,La Liga Segunda Division,,Murcia,Vallecano,0,1,A,0,1,A,,,,2.25,3.0,3.2,2.0,3.0,3.5,2.15,2.9,3.3
2008/2009,2009-01-31 00:00:00,SP2,Spain,La Liga Segunda Division,,Las Palmas,Sociedad,0,1,A,0,1,A,,,,2.37,3.0,3.0,2.25,2.8,3.1,2.4,2.8,2.95
2008/2009,2009-01-31 00:00:00,SP1,Spain,La Liga Primera Division,,Numancia,Real Madrid,0,2,A,0,0,D,,,,6.5,3.6,1.57,4.5,3.5,1.62,6.35,3.5,1.52
2008/2009,2009-01-25 00:00:00,SP1,Spain,La Liga Primera Division,,Sevilla,Santander,0,2,A,0,1,A,,,,1.53,3.8,6.5,1.5,3.5,6.0,1.45,3.7,7.0
2008/2009,2009-01-25 00:00:00,SP2,Spain,La Liga Segunda Division,,Sevilla B,Alicante,2,3,A,2,0,H,,,,2.3,2.9,3.2,2.25,3.0,2.9,2.2,2.85,3.25
2008/2009,2009-01-25 00:00:00,SP2,Spain,La Liga Segunda Division,,Zaragoza,Vallecano,2,3,A,2,1,H,,,,1.57,3.5,5.5,1.65,3.2,5.0,1.75,2.95,4.9
2008/2009,2009-01-24 00:00:00,SP2,Spain,La Liga Segunda Division,,Las Palmas,Levante,1,2,A,1,1,D,,,,2.1,2.9,3.6,2.2,3.0,3.0,2.15,2.75,3.5
2008/2009,2009-01-24 00:00:00,SP2,Spain,La Liga Segunda Division,,Alaves,Albacete,0,2,A,0,1,A,,,,2.2,3.0,3.25,2.1,3.1,3.1,2.15,2.9,3.3
2008/2009,2009-01-18 00:00:00,SP1,Spain,La Liga Primera Division,,Getafe,Santander,0,1,A,0,1,A,,,,2.2,3.3,3.3,2.1,3.2,3.0,2.1,3.1,3.3
2008/2009,2009-01-18 00:00:00,SP1,Spain,La Liga Primera Division,,Valladolid,Betis,1,3,A,1,1,D,,,,2.05,3.4,3.5,1.83,3.2,3.75,2.05,3.0,3.55
2008/2009,2009-01-18 00:00:00,SP2,Spain,La Liga Segunda Division,,Alicante,Alaves,0,2,A,0,0,D,,,,2.3,3.0,3.1,2.35,3.0,2.8,2.37,3.0,2.8
2008/2009,2009-01-18 00:00:00,SP2,Spain,La Liga Segunda Division,,Eibar,Castellon,0,1,A,0,0,D,,,,2.5,3.0,2.8,2.35,2.8,3.0,2.55,2.75,2.8
2008/2009,2009-01-17 00:00:00,SP2,Spain,La Liga Segunda Division,,Levante,Sociedad,0,2,A,0,1,A,,,,2.25,3.0,3.2,2.2,2.8,3.2,2.25,2.8,3.2
2008/2009,2009-01-17 00:00:00,SP2,Spain,La Liga Segunda Division,,Salamanca,Murcia,2,3,A,1,1,D,,,,1.91,3.2,3.8,1.7,3.2,4.5,1.7,3.2,4.7
2008/2009,2009-01-17 00:00:00,SP2,Spain,La Liga Segunda Division,,Albacete,Hercules,0,3,A,0,1,A,,,,2.4,3.0,2.9,2.25,2.9,3.0,2.65,2.75,2.7
2008/2009,2009-01-11 00:00:00,SP1,Spain,La Liga Primera Division,,Mallorca,Real Madrid,0,3,A,0,2,A,,,,4.75,3.5,1.75,4.33,3.2,1.73,4.75,3.45,1.66
2008/2009,2009-01-11 00:00:00,SP1,Spain,La Liga Primera Division,,Osasuna,Barcelona,2,3,A,0,1,A,,,,8.0,4.5,1.4,6.5,3.6,1.44,7.25,4.0,1.4
2008/2009,2009-01-11 00:00:00,SP1,Spain,La Liga Primera Division,,Ath Madrid,Ath Bilbao,2,3,A,1,1,D,,,,1.62,3.6,6.0,1.57,3.5,5.0,1.55,3.5,5.75
2008/2009,2009-01-11 00:00:00,SP1,Spain,La Liga Primera Division,,Betis,Malaga,1,2,A,1,1,D,,,,2.0,3.4,3.7,1.91,3.2,3.5,1.95,3.2,3.6
2008/2009,2009-01-11 00:00:00,SP2,Spain,La Liga Segunda Division,,Elche,Levante,0,2,A,0,1,A,,,,2.1,3.1,3.4,2.25,2.8,3.1,2.25,2.8,3.2
2008/2009,2009-01-10 00:00:00,SP1,Spain,La Liga Primera Division,,La Coruna,Sevilla,1,3,A,1,0,H,,,,2.7,3.2,2.7,2.38,3.2,2.6,2.65,3.25,2.4
2008/2009,2009-01-10 00:00:00,SP2,Spain,La Liga Segunda Division,,Alaves,Celta,1,2,A,0,1,A,,,,2.5,2.88,2.88,2.3,2.9,2.9,2.7,2.7,2.7
2008/2009,2009-01-10 00:00:00,SP2,Spain,La Liga Segunda Division,,Hercules,Alicante,1,2,A,0,1,A,,,,1.57,3.4,6.0,1.6,3.4,5.0,1.6,3.1,6.0
2008/2009,2009-01-04 00:00:00,SP1,Spain,La Liga Primera Division,,Getafe,La Coruna,1,2,A,1,1,D,,,,2.1,3.3,3.5,2.2,3.2,2.8,2.15,2.95,3.35
2008/2009,2009-01-04 00:00:00,SP1,Spain,La Liga Primera Division,,Valladolid,Santander,0,1,A,0,0,D,,,,2.0,3.4,3.75,1.91,3.25,3.4,1.9,3.25,3.7
2008/2009,2009-01-03 00:00:00,SP2,Spain,La Liga Segunda Division,,Alicante,Murcia,0,2,A,0,2,A,,,,2.37,3.0,3.2,2.4,2.9,2.75,2.35,3.0,2.85
2008/2009,2008-12-21 00:00:00,SP1,Spain,La Liga Primera Division,,Betis,Ath Bilbao,0,1,A,0,1,A,,,,2.1,3.25,3.6,2.0,3.2,3.2,2.05,3.25,3.25
2008/2009,2008-12-21 00:00:00,SP2,Spain,La Liga Segunda Division,,Xerez,Gimnastic,1,2,A,1,1,D,,,,1.9,3.25,4.33,1.7,3.0,5.0,1.68,3.15,4.95
2008/2009,2008-12-21 00:00:00,SP1,Spain,La Liga Primera Division,,Villarreal,Barcelona,1,2,A,0,0,D,,,,4.2,3.75,1.8,4.0,3.2,1.8,4.0,3.35,1.8
2008/2009,2008-12-21 00:00:00,SP2,Spain,La Liga Segunda Division,,Alaves,Tenerife,1,2,A,0,2,A,,,,2.5,3.0,3.0,2.2,2.9,3.1,2.35,2.75,3.08
2008/2009,2008-12-20 00:00:00,SP1,Spain,La Liga Primera Division,,Espanol,Ath Madrid,2,3,A,0,1,A,,,,3.4,3.4,2.1,3.0,3.2,2.1,3.35,3.15,2.05
2008/2009,2008-12-13 00:00:00,SP2,Spain,La Liga Segunda Division,,Alicante,Las Palmas,1,2,A,0,2,A,,,,2.5,2.88,2.9,2.5,3.0,2.6,2.7,2.85,2.55
2008/2009,2008-12-13 00:00:00,SP2,Spain,La Liga Segunda Division,,Cordoba,Vallecano,0,1,A,0,1,A,,,,2.5,2.88,2.88,2.3,2.8,3.0,2.55,2.7,2.85
2008/2009,2008-12-07 00:00:00,SP2,Spain,La Liga Segunda Division,,Sevilla B,Castellon,0,2,A,0,1,A,,,,3.0,2.8,2.5,3.0,2.9,2.25,2.8,2.8,2.5
2008/2009,2008-12-07 00:00:00,SP1,Spain,La Liga Primera Division,,Real Madrid,Sevilla,3,4,A,1,3,A,,,,2.1,3.4,3.4,2.0,3.2,3.2,2.0,3.25,3.4
2008/2009,2008-12-07 00:00:00,SP1,Spain,La Liga Primera Division,,Mallorca,Recreativo,2,3,A,2,2,D,,,,1.91,3.4,4.0,1.91,3.2,3.5,1.8,3.25,4.15
2008/2009,2008-12-06 00:00:00,SP1,Spain,La Liga Primera Division,,Sp Gijon,Ath Madrid,2,5,A,1,2,A,,,,3.4,3.2,2.2,2.75,3.2,2.25,3.45,2.9,2.15
2008/2009,2008-11-30 00:00:00,SP2,Spain,La Liga Segunda Division,,Tenerife,Zaragoza,1,2,A,0,1,A,,,,2.5,2.9,2.8,2.6,3.0,2.5,2.55,2.8,2.75
2008/2009,2008-11-30 00:00:00,SP2,Spain,La Liga Segunda Division,,Castellon,Alaves,0,1,A,0,1,A,,,,1.73,3.1,5.0,1.75,3.2,4.2,1.65,2.95,5.9
2008/2009,2008-11-30 00:00:00,SP2,Spain,La Liga Segunda Division,,Alicante,Levante,0,2,A,0,1,A,,,,2.2,3.0,3.2,2.4,2.9,2.75,2.45,2.8,2.9
2008/2009,2008-11-30 00:00:00,SP1,Spain,La Liga Primera Division,,Espanol,Sp Gijon,0,1,A,0,1,A,,,,2.1,3.3,3.5,2.1,3.2,3.0,2.05,2.9,3.7
2008/2009,2008-11-30 00:00:00,SP1,Spain,La Liga Primera Division,,Recreativo,Villarreal,1,2,A,0,2,A,,,,3.5,3.3,2.1,3.2,3.2,2.0,3.55,3.25,1.95
2008/2009,2008-11-30 00:00:00,SP1,Spain,La Liga Primera Division,,Almeria,La Coruna,0,1,A,0,0,D,,,,2.1,3.3,3.5,2.1,3.2,3.0,2.1,3.2,3.2
2008/2009,2008-11-29 00:00:00,SP1,Spain,La Liga Primera Division,,Sevilla,Barcelona,0,3,A,0,1,A,,,,3.4,3.5,2.1,2.8,3.2,2.2,3.05,3.25,2.15
2008/2009,2008-11-23 00:00:00,SP2,Spain,La Liga Segunda Division,,Levante,Celta,1,3,A,1,1,D,,,,2.3,2.9,3.1,2.25,2.9,3.0,2.2,2.7,3.45
2008/2009,2008-11-23 00:00:00,SP1,Spain,La Liga Primera Division,,Sp Gijon,Betis,1,2,A,1,0,H,,,,2.4,3.2,3.0,2.2,3.2,2.8,2.35,2.95,2.9
2008/2009,2008-11-22 00:00:00,SP1,Spain,La Liga Primera Division,,Villarreal,Valladolid,0,3,A,0,3,A,,,,1.44,4.0,8.0,1.4,4.0,6.5,1.46,3.7,6.75
2008/2009,2008-11-22 00:00:00,SP2,Spain,La Liga Segunda Division,,Sevilla B,Xerez,1,2,A,0,2,A,,,,3.25,3.0,2.2,2.9,2.9,2.3,3.0,2.85,2.35
2008/2009,2008-11-22 00:00:00,SP2,Spain,La Liga Segunda Division,,Las Palmas,Tenerife,0,1,A,0,1,A,,,,2.2,3.0,3.2,2.0,3.0,3.5,2.15,2.85,3.35
2008/2009,2008-11-16 00:00:00,SP2,Spain,La Liga Segunda Division,,Sevilla B,Elche,0,2,A,0,1,A,,,,2.4,3.0,2.9,2.25,3.0,2.9,2.25,3.0,3.0
2008/2009,2008-11-16 00:00:00,SP1,Spain,La Liga Primera Division,,Espanol,Numancia,3,4,A,1,1,D,,,,1.73,3.5,5.0,1.73,3.2,4.33,1.6,3.4,5.5
2008/2009,2008-11-16 00:00:00,SP1,Spain,La Liga Primera Division,,Getafe,Sevilla,0,2,A,0,1,A,,,,2.88,3.3,2.4,2.75,3.2,2.25,2.7,3.2,2.4
2008/2009,2008-11-16 00:00:00,SP1,Spain,La Liga Primera Division,,Recreativo,Barcelona,0,2,A,0,0,D,,,,9.0,5.0,1.33,8.0,4.0,1.33,9.0,4.0,1.35
2008/2009,2008-11-15 00:00:00,SP2,Spain,La Liga Segunda Division,,Eibar,Las Palmas,1,2,A,1,0,H,,,,2.25,3.0,3.2,2.2,2.9,3.1,2.25,2.9,3.1
2008/2009,2008-11-15 00:00:00,SP1,Spain,La Liga Primera Division,,Valencia,Sp Gijon,2,3,A,0,1,A,,,,1.36,4.75,8.5,1.36,3.75,8.0,1.35,4.2,8.0
2008/2009,2008-11-09 00:00:00,SP1,Spain,La Liga Primera Division,,Getafe,Valencia,0,3,A,0,1,A,,,,2.9,3.3,2.4,2.6,3.2,2.38,2.95,3.25,2.2
2008/2009,2008-11-09 00:00:00,SP1,Spain,La Liga Primera Division,,Numancia,Betis,2,4,A,1,3,A,,,,2.6,3.25,2.75,2.38,3.2,2.6,2.4,3.15,2.7
2008/2009,2008-11-08 00:00:00,SP2,Spain,La Liga Segunda Division,,Cordoba,Celta,3,4,A,1,2,A,,,,2.4,2.9,2.9,2.3,2.8,3.0,2.35,2.87,2.95
2008/2009,2008-11-02 00:00:00,SP2,Spain,La Liga Segunda Division,,Alicante,Albacete,1,2,A,1,2,A,,,,2.3,3.0,3.0,2.25,3.0,2.9,2.25,2.95,3.05
2008/2009,2008-11-02 00:00:00,SP2,Spain,La Liga Segunda Division,,Alaves,Elche,0,3,A,0,1,A,,,,1.73,3.2,4.75,1.65,3.2,5.0,1.65,3.25,5.0
2008/2009,2008-11-02 00:00:00,SP1,Spain,La Liga Primera Division,,Betis,La Coruna,0,3,A,0,0,D,,,,1.91,3.3,4.2,1.8,3.3,3.75,1.9,3.3,3.65
2008/2009,2008-11-02 00:00:00,SP2,Spain,La Liga Segunda Division,,Sevilla B,Hercules,1,2,A,1,0,H,,,,2.8,2.9,2.5,2.8,2.9,2.4,2.95,2.9,2.35
2008/2009,2008-11-01 00:00:00,SP2,Spain,La Liga Segunda Division,,Gimnastic,Sociedad,1,2,A,0,1,A,,,,2.3,3.0,3.0,2.2,2.9,3.1,2.25,3.0,3.0
2008/2009,2008-11-01 00:00:00,SP1,Spain,La Liga Primera Division,,Ath Bilbao,Villarreal,1,4,A,1,1,D,,,,3.25,3.3,2.2,3.2,3.2,2.0,3.25,3.25,2.05
2008/2009,2008-11-01 00:00:00,SP1,Spain,La Liga Primera Division,,Valencia,Santander,2,4,A,1,1,D,,,,1.36,4.5,9.0,1.4,3.75,7.0,1.35,4.2,8.0
2008/2009,2008-11-01 00:00:00,SP1,Spain,La Liga Primera Division,,Malaga,Barcelona,1,4,A,1,2,A,,,,9.0,4.5,1.36,6.0,3.75,1.44,8.1,3.75,1.4
2008/2009,2008-10-26 00:00:00,SP1,Spain,La Liga Primera Division,,La Coruna,Sp Gijon,0,3,A,0,2,A,,,,1.73,3.5,5.0,1.67,3.3,4.5,1.65,3.4,5.0
2008/2009,2008-10-26 00:00:00,SP1,Spain,La Liga Primera Division,,Sevilla,Malaga,0,1,A,0,1,A,,,,1.36,4.75,8.5,1.33,4.0,8.0,1.3,4.75,8.0
2008/2009,2008-10-26 00:00:00,SP2,Spain,La Liga Segunda Division,,Sociedad,Castellon,2,3,A,0,1,A,,,,2.0,3.1,3.6,1.85,3.0,4.0,1.75,3.2,4.35
2008/2009,2008-10-25 00:00:00,SP1,Spain,La Liga Primera Division,,Osasuna,Betis,0,2,A,0,0,D,,,,2.3,3.2,3.2,2.25,3.0,2.88,2.18,3.1,3.1
2008/2009,2008-10-19 00:00:00,SP1,Spain,La Liga Primera Division,,Almeria,Sevilla,0,1,A,0,0,D,,,,2.7,3.25,2.6,2.5,3.2,2.5,2.75,3.1,2.4
2008/2009,2008-10-19 00:00:00,SP1,Spain,La Liga Primera Division,,Ath Bilbao,Barcelona,0,1,A,0,0,D,,,,6.0,4.0,1.53,6.0,3.5,1.5,5.65,3.85,1.5
2008/2009,2008-10-19 00:00:00,SP2,Spain,La Liga Segunda Division,,Huesca,Albacete,1,2,A,0,2,A,,,,2.0,3.0,3.75,1.9,3.1,3.6,1.9,3.0,4.0
2008/2009,2008-10-18 00:00:00,SP2,Spain,La Liga Segunda Division,,Sevilla B,Zaragoza,0,4,A,0,2,A,,,,3.3,2.9,2.15,2.8,2.9,2.38,2.9,3.0,2.3
2008/2009,2008-10-18 00:00:00,SP2,Spain,La Liga Segunda Division,,Tenerife,Salamanca,2,3,A,2,2,D,,,,2.1,3.0,3.3,2.1,2.9,3.4,2.05,2.9,3.6
2008/2009,2008-10-18 00:00:00,SP1,Spain,La Liga Primera Division,,Ath Madrid,Real Madrid,1,2,A,0,1,A,,,,2.9,3.3,2.4,2.75,3.2,2.25,2.85,3.2,2.3
2008/2009,2008-10-12 00:00:00,SP2,Spain,La Liga Segunda Division,,Albacete,Tenerife,0,1,A,0,0,D,,,,2.25,3.0,3.2,2.0,3.2,3.2,2.15,2.95,3.25
2008/2009,2008-10-11 00:00:00,SP2,Spain,La Liga Segunda Division,,Alicante,Huesca,1,3,A,0,1,A,,,,2.3,3.0,3.1,2.3,2.8,3.0,2.2,2.95,3.15
2008/2009,2008-10-05 00:00:00,SP1,Spain,La Liga Primera Division,,Recreativo,Malaga,0,4,A,0,2,A,,,,2.1,3.25,3.6,1.91,3.2,3.5,2.05,3.2,3.3
2008/2009,2008-10-05 00:00:00,SP1,Spain,La Liga Primera Division,,Valladolid,Valencia,0,1,A,0,0,D,,,,3.3,3.25,2.2,2.8,3.2,2.2,3.25,3.25,2.05
2008/2009,2008-10-05 00:00:00,SP1,Spain,La Liga Primera Division,,Osasuna,Santander,0,1,A,0,0,D,,,,2.05,3.25,3.75,2.1,3.2,3.0,1.95,3.3,3.55
2008/2009,2008-10-05 00:00:00,SP1,Spain,La Liga Primera Division,,Mallorca,Sp Gijon,0,2,A,0,1,A,,,,1.62,3.6,6.0,1.57,3.5,5.0,1.55,3.65,5.5
2008/2009,2008-09-28 00:00:00,SP1,Spain,La Liga Primera Division,,Santander,Mallorca,1,2,A,1,1,D,,,,2.2,3.1,3.5,1.91,3.25,3.4,1.95,3.2,3.5
2008/2009,2008-09-28 00:00:00,SP1,Spain,La Liga Primera Division,,Ath Bilbao,Getafe,0,1,A,0,0,D,,,,2.2,3.25,3.3,2.2,3.25,2.75,2.1,3.2,3.2
2008/2009,2008-09-28 00:00:00,SP1,Spain,La Liga Primera Division,,Ath Madrid,Sevilla,0,1,A,0,1,A,,,,2.05,3.3,3.6,2.1,3.2,3.0,2.15,3.2,3.1
2008/2009,2008-09-27 00:00:00,SP1,Spain,La Liga Primera Division,,Betis,Real Madrid,1,2,A,0,1,A,,,,4.33,3.6,1.8,3.6,3.3,1.83,3.9,3.25,1.85
2008/2009,2008-09-27 00:00:00,SP1,Spain,La Liga Primera Division,,Espanol,Barcelona,1,2,A,1,0,H,,,,4.5,3.5,1.8,3.6,3.3,1.83,3.85,3.3,1.85
2008/2009,2008-09-27 00:00:00,SP1,Spain,La Liga Primera Division,,Sp Gijon,Villarreal,0,1,A,0,0,D,,,,5.5,3.75,1.62,5.0,3.5,1.67,5.0,3.4,1.65
2008/2009,2008-09-25 00:00:00,SP1,Spain,La Liga Primera Division,,Malaga,Valencia,0,2,A,0,0,D,,,,3.75,3.3,2.0,3.5,3.2,1.91,3.65,3.3,1.9
2008/2009,2008-09-24 00:00:00,SP1,Spain,La Liga Primera Division,,Getafe,Ath Madrid,1,2,A,0,1,A,,,,2.9,3.25,2.4,2.6,3.2,2.38,3.0,3.2,2.15
2008/2009,2008-09-21 00:00:00,SP2,Spain,La Liga Segunda Division,,Girona,Salamanca,0,1,A,0,0,D,,,,2.0,3.0,3.75,2.2,3.1,2.9,2.0,2.9,3.75
2008/2009,2008-09-21 00:00:00,SP1,Spain,La Liga Primera Division,,Numancia,Villarreal,1,2,A,1,0,H,,,,3.0,3.4,2.3,2.75,3.2,2.25,3.2,3.1,2.15
2008/2009,2008-09-21 00:00:00,SP1,Spain,La Liga Primera Division,,Santander,Real Madrid,0,2,A,0,0,D,,,,3.4,3.4,2.1,3.2,3.2,2.0,3.45,3.2,2.0
2008/2009,2008-09-21 00:00:00,SP1,Spain,La Liga Primera Division,,Sp Gijon,Barcelona,1,6,A,0,2,A,,,,7.5,3.8,1.5,5.5,3.5,1.53,7.0,3.75,1.45
2008/2009,2008-09-21 00:00:00,SP2,Spain,La Liga Segunda Division,,Xerez,Cordoba,0,1,A,0,1,A,,,,1.73,3.3,4.75,1.75,3.2,4.2,1.65,3.25,5.0
2008/2009,2008-09-14 00:00:00,SP1,Spain,La Liga Primera Division,,Recreativo,Espanol,0,1,A,0,0,D,,,,2.3,3.3,3.1,2.25,3.2,2.75,2.25,3.25,2.85
2008/2009,2008-09-14 00:00:00,SP2,Spain,La Liga Segunda Division,,Levante,Hercules,0,2,A,0,1,A,,,,2.0,3.0,3.6,1.85,3.1,3.8,1.95,3.1,3.6
2008/2009,2008-09-14 00:00:00,SP2,Spain,La Liga Segunda Division,,Elche,Tenerife,2,4,A,0,1,A,,,,2.3,3.0,3.1,2.2,3.0,3.0,2.15,2.85,3.35
2008/2009,2008-09-13 00:00:00,SP2,Spain,La Liga Segunda Division,,Celta,Gimnastic,0,2,A,0,0,D,,,,2.0,3.0,3.8,2.0,3.0,3.5,2.0,2.9,3.75
2008/2009,2008-09-07 00:00:00,SP2,Spain,La Liga Segunda Division,,Murcia,Levante,1,2,A,1,1,D,,,,2.1,3.1,3.75,2.1,3.0,3.2,1.95,3.1,3.6
2008/2009,2008-08-31 00:00:00,SP2,Spain,La Liga Segunda Division,,Elche,Eibar,0,1,A,0,0,D,,,,2.0,3.0,3.75,1.9,3.0,3.75,2.0,3.0,3.6
2008/2009,2008-08-31 00:00:00,SP2,Spain,La Liga Segunda Division,,Cordoba,Hercules,0,3,A,0,2,A,,,,2.38,2.9,3.0,2.5,3.0,2.6,2.35,2.9,2.95
2008/2009,2008-08-31 00:00:00,SP1,Spain,La Liga Primera Division,,Ath Bilbao,Almeria,1,3,A,0,2,A,,,,2.0,3.3,3.8,1.91,3.2,3.5,1.9,3.2,3.8
2008/2009,2008-08-31 00:00:00,SP1,Spain,La Liga Primera Division,,Betis,Recreativo,0,1,A,0,1,A,,,,2.0,3.25,3.8,1.83,3.2,3.75,1.75,3.3,4.4
2008/2009,2008-08-31 00:00:00,SP1,Spain,La Liga Primera Division,,Sp Gijon,Getafe,1,2,A,1,1,D,,,,2.62,3.3,2.62,2.38,3.2,2.6,2.6,3.15,2.5
2008/2009,2008-08-30 00:00:00,SP2,Spain,La Liga Segunda Division,,Celta,Girona,0,1,A,0,0,D,,,,1.83,3.25,4.2,1.7,3.2,4.5,1.7,3.35,4.5
2008/2009,2008-08-30 00:00:00,SP2,Spain,La Liga Segunda Division,,Alicante,Xerez,0,1,A,0,0,D,,,,2.38,3.0,2.9,2.25,2.9,3.0,2.35,2.9,2.95
2007/2008,2008-06-15 00:00:00,SP2,Spain,La Liga Segunda Division,,Celta,Alaves,2,3,A,1,0,H,,,,4.2,3.4,1.75,4.0,3.5,1.7,4.2,3.4,1.72
2007/2008,2008-06-14 00:00:00,SP2,Spain,La Liga Segunda Division,,Gimnastic,Salamanca,1,2,A,0,1,A,,,,2.1,2.8,3.8,2.2,2.8,3.2,2.1,2.7,3.75
2007/2008,2008-06-07 00:00:00,SP2,Spain,La Liga Segunda Division,,Elche,Hercules,0,2,A,0,2,A,,,,2.3,3.0,3.0,2.3,3.1,2.75,2.35,2.75,3.1
2007/2008,2008-06-01 00:00:00,SP2,Spain,La Liga Segunda Division,,Sevilla B,Hercules,3,4,A,1,2,A,,,,2.4,2.75,3.25,2.25,2.75,3.2,2.3,2.75,3.2
2007/2008,2008-05-31 00:00:00,SP2,Spain,La Liga Segunda Division,,Elche,Las Palmas,1,4,A,0,1,A,,,,2.2,3.1,3.4,2.3,2.9,2.9,2.21,2.75,3.35
2007/2008,2008-05-25 00:00:00,SP2,Spain,La Liga Segunda Division,,Hercules,Las Palmas,1,2,A,0,0,D,,,,2.05,2.9,4.0,2.2,2.75,3.25,2.05,3.0,3.42
2007/2008,2008-05-25 00:00:00,SP2,Spain,La Liga Segunda Division,,Cadiz,Gimnastic,0,2,A,0,0,D,,,,2.3,3.0,3.1,2.25,2.8,3.1,2.15,2.95,3.25
2007/2008,2008-05-24 00:00:00,SP2,Spain,La Liga Segunda Division,,Castellon,Albacete,0,2,A,0,1,A,,,,2.37,3.1,2.8,2.1,3.2,3.0,2.3,3.3,2.68
2007/2008,2008-05-24 00:00:00,SP2,Spain,La Liga Segunda Division,,Tenerife,Sociedad,1,2,A,1,1,D,,,,3.5,3.0,2.1,3.0,2.9,2.25,3.55,3.05,2.0
2007/2008,2008-05-24 00:00:00,SP2,Spain,La Liga Segunda Division,,Sevilla B,Malaga,0,1,A,0,1,A,,,,3.3,2.87,2.3,2.6,3.0,2.5,3.3,2.95,2.1
2007/2008,2008-05-18 00:00:00,SP2,Spain,La Liga Segunda Division,,Malaga,Hercules,4,6,A,3,1,H,,,,1.65,3.5,4.75,1.7,3.2,4.5,1.65,3.25,5.0
2007/2008,2008-05-18 00:00:00,SP2,Spain,La Liga Segunda Division,,Albacete,Cordoba,0,1,A,0,0,D,,,,1.95,3.2,3.75,2.0,3.2,3.2,2.05,2.95,3.5
2007/2008,2008-05-18 00:00:00,SP1,Spain,La Liga Primera Division,,La Coruna,Villarreal,0,2,A,0,1,A,,,,2.37,3.3,2.9,2.38,3.2,2.6,2.37,3.2,2.7
2007/2008,2008-05-18 00:00:00,SP1,Spain,La Liga Primera Division,,Espanol,Almeria,1,3,A,0,1,A,,,,2.1,3.3,3.5,2.1,3.2,3.0,2.0,3.2,3.45
2007/2008,2008-05-17 00:00:00,SP1,Spain,La Liga Primera Division,,Murcia,Barcelona,3,5,A,1,3,A,,,,5.5,4.0,1.57,5.0,3.5,1.57,5.0,3.75,1.57
2007/2008,2008-05-11 00:00:00,SP2,Spain,La Liga Segunda Division,,Hercules,Poli Ejido,1,2,A,1,1,D,,,,1.9,3.1,3.8,1.7,3.2,4.5,1.8,3.2,4.1
2007/2008,2008-05-11 00:00:00,SP1,Spain,La Liga Primera Division,,Levante,Valencia,1,5,A,1,3,A,,,,5.0,3.5,1.72,4.2,3.3,1.73,5.0,3.4,1.65
2007/2008,2008-05-11 00:00:00,SP1,Spain,La Liga Primera Division,,Betis,Sevilla,0,2,A,0,1,A,,,,3.4,3.4,2.1,3.0,3.2,2.1,3.5,3.3,1.95
2007/2008,2008-05-11 00:00:00,SP1,Spain,La Liga Primera Division,,Barcelona,Mallorca,2,3,A,1,0,H,,,,1.57,3.75,6.0,1.44,4.0,5.5,1.55,3.7,5.3
2007/2008,2008-05-11 00:00:00,SP1,Spain,La Liga Primera Division,,Almeria,Recreativo,0,2,A,0,2,A,,,,2.62,3.3,2.6,2.4,3.25,2.5,2.4,3.25,2.65
2007/2008,2008-05-11 00:00:00,SP2,Spain,La Liga Segunda Division,,Salamanca,Numancia,0,1,A,0,1,A,,,,3.1,3.0,2.45,3.1,2.8,2.25,3.35,2.85,2.15
2007/2008,2008-05-10 00:00:00,SP2,Spain,La Liga Segunda Division,,Malaga,Gimnastic,1,2,A,1,1,D,,,,1.66,3.4,4.75,1.7,3.0,5.0,1.65,3.35,4.85
2007/2008,2008-05-10 00:00:00,SP2,Spain,La Liga Segunda Division,,Tenerife,Sp Gijon,0,2,A,0,2,A,,,,2.87,3.0,2.37,2.6,2.8,2.6,3.1,3.0,2.2
2007/2008,2008-05-08 00:00:00,SP1,Spain,La Liga Primera Division,,Espanol,Ath Madrid,0,2,A,0,2,A,,,,3.4,3.25,2.15,2.75,3.2,2.25,3.1,3.2,2.15
2007/2008,2008-05-07 00:00:00,SP1,Spain,La Liga Primera Division,,Murcia,Ath Bilbao,1,2,A,1,1,D,,,,3.0,3.2,2.37,2.5,3.25,2.4,3.0,3.1,2.25
2007/2008,2008-05-07 00:00:00,SP1,Spain,La Liga Primera Division,,Recreativo,Villarreal,0,2,A,0,0,D,,,,3.0,3.2,2.37,2.75,3.2,2.25,2.65,3.25,2.4
2007/2008,2008-05-07 00:00:00,SP1,Spain,La Liga Primera Division,,Santander,Sevilla,0,3,A,0,1,A,,,,2.7,3.25,2.6,2.38,3.2,2.6,2.47,3.2,2.6
2007/2008,2008-05-04 00:00:00,SP2,Spain,La Liga Segunda Division,,Celta,Malaga,1,2,A,1,0,H,,,,2.55,2.9,2.87,2.25,2.9,3.0,2.55,2.85,2.7
2007/2008,2008-05-04 00:00:00,SP1,Spain,La Liga Primera Division,,Osasuna,Real Madrid,1,2,A,0,0,D,,,,3.0,3.2,2.37,3.0,3.2,2.1,3.05,3.2,2.16
2007/2008,2008-05-04 00:00:00,SP1,Spain,La Liga Primera Division,,Ath Bilbao,Mallorca,1,2,A,1,1,D,,,,2.2,3.3,3.25,2.0,3.2,3.2,2.25,2.9,3.2
2007/2008,2008-04-27 00:00:00,SP2,Spain,La Liga Segunda Division,,Cadiz,Sp Gijon,0,1,A,0,0,D,,,,2.55,2.87,2.87,2.25,2.9,3.0,2.4,2.9,2.85
2007/2008,2008-04-27 00:00:00,SP1,Spain,La Liga Primera Division,,Betis,Villarreal,0,1,A,0,1,A,,,,2.75,3.3,2.5,2.5,3.2,2.5,2.55,3.15,2.55
2007/2008,2008-04-26 00:00:00,SP2,Spain,La Liga Segunda Division,,Cordoba,Las Palmas,0,1,A,0,1,A,,,,2.2,2.9,3.1,2.3,2.9,2.9,2.35,2.85,3.0
2007/2008,2008-04-26 00:00:00,SP2,Spain,La Liga Segunda Division,,Malaga,Sociedad,0,2,A,0,1,A,,,,2.2,3.0,3.25,2.1,2.8,3.5,2.05,3.05,3.35
2007/2008,2008-04-20 00:00:00,SP1,Spain,La Liga Primera Division,,Osasuna,La Coruna,0,1,A,0,0,D,,,,2.2,3.3,3.25,2.1,3.2,3.0,2.2,3.1,3.05
2007/2008,2008-04-20 00:00:00,SP1,Spain,La Liga Primera Division,,Murcia,Mallorca,1,4,A,0,2,A,,,,2.62,3.3,2.6,2.5,3.25,2.4,2.55,3.1,2.6
2007/2008,2008-04-20 00:00:00,SP1,Spain,La Liga Primera Division,,Santander,Real Madrid,0,2,A,0,1,A,,,,2.9,3.25,2.4,2.75,3.2,2.25,3.15,3.15,2.15
2007/2008,2008-04-20 00:00:00,SP2,Spain,La Liga Segunda Division,,Elche,Salamanca,0,3,A,0,2,A,,,,1.95,3.0,3.8,1.8,2.9,4.5,1.8,3.1,4.3
2007/2008,2008-04-20 00:00:00,SP2,Spain,La Liga Segunda Division,,Numancia,Cadiz,0,1,A,0,0,D,,,,1.75,3.2,4.5,1.6,3.4,5.0,1.6,3.3,5.4
2007/2008,2008-04-20 00:00:00,SP2,Spain,La Liga Segunda Division,,Eibar,Castellon,1,2,A,0,0,D,,,,2.05,3.0,3.5,2.0,3.0,3.5,2.1,3.0,3.35
2007/2008,2008-04-19 00:00:00,SP1,Spain,La Liga Primera Division,,Ath Madrid,Betis,1,3,A,1,1,D,,,,1.61,3.6,6.0,1.62,3.5,4.5,1.65,3.3,5.15
2007/2008,2008-04-19 00:00:00,SP1,Spain,La Liga Primera Division,,Sevilla,Almeria,1,4,A,0,1,A,,,,1.5,3.8,7.5,1.5,3.5,6.0,1.55,3.5,5.75
2007/2008,2008-04-13 00:00:00,SP1,Spain,La Liga Primera Division,,Betis,Levante,0,1,A,0,0,D,,,,1.44,4.2,7.5,1.4,3.75,7.0,1.45,3.75,6.85
2007/2008,2008-04-13 00:00:00,SP1,Spain,La Liga Primera Division,,Espanol,Osasuna,0,1,A,0,1,A,,,,2.25,3.25,3.2,2.0,3.2,3.2,2.15,2.95,3.35
2007/2008,2008-04-13 00:00:00,SP1,Spain,La Liga Primera Division,,Mallorca,Sevilla,2,3,A,0,1,A,,,,2.8,3.4,2.4,2.6,3.0,2.5,2.55,3.2,2.5
2007/2008,2008-04-12 00:00:00,SP1,Spain,La Liga Primera Division,,Valencia,Santander,1,2,A,0,0,D,,,,2.1,3.3,3.5,2.1,3.2,3.0,2.1,3.25,3.15
2007/2008,2008-04-12 00:00:00,SP2,Spain,La Liga Segunda Division,,Cordoba,Eibar,0,1,A,0,0,D,,,,1.9,3.0,4.0,2.1,2.8,3.4,2.1,2.85,3.5
2007/2008,2008-04-06 00:00:00,SP1,Spain,La Liga Primera Division,,Levante,Valladolid,0,3,A,0,1,A,,,,2.9,3.3,2.37,2.6,3.25,2.3,2.7,3.15,2.4
2007/2008,2008-04-06 00:00:00,SP1,Spain,La Liga Primera Division,,Santander,La Coruna,1,3,A,1,3,A,,,,2.0,3.3,3.8,1.83,3.2,3.75,1.9,3.15,3.85
2007/2008,2008-04-06 00:00:00,SP1,Spain,La Liga Primera Division,,Zaragoza,Betis,0,3,A,0,2,A,,,,1.95,3.3,4.0,1.91,3.2,3.5,1.95,3.15,3.65
2007/2008,2008-04-05 00:00:00,SP1,Spain,La Liga Primera Division,,Osasuna,Recreativo,0,1,A,0,1,A,,,,1.85,3.5,4.2,1.8,3.2,4.0,1.85,3.2,4.0
2007/2008,2008-03-30 00:00:00,SP2,Spain,La Liga Segunda Division,,Sociedad,Ferrol,1,2,A,0,1,A,,,,1.65,3.3,5.5,1.65,3.25,5.0,1.55,3.6,5.3
2007/2008,2008-03-30 00:00:00,SP1,Spain,La Liga Primera Division,,Espanol,Santander,0,3,A,0,2,A,,,,2.1,3.3,3.5,2.1,3.2,3.0,2.07,3.0,3.5
2007/2008,2008-03-30 00:00:00,SP1,Spain,La Liga Primera Division,,Valencia,Mallorca,0,3,A,0,2,A,,,,1.9,3.4,4.0,1.73,3.2,4.33,1.8,3.1,4.5
2007/2008,2008-03-30 00:00:00,SP1,Spain,La Liga Primera Division,,Getafe,Osasuna,0,2,A,0,1,A,,,,2.2,3.2,3.4,1.91,3.2,3.5,2.15,3.15,3.15
2007/2008,2008-03-29 00:00:00,SP2,Spain,La Liga Segunda Division,,Gimnastic,Numancia,1,2,A,0,1,A,,,,2.62,3.0,2.7,2.9,2.8,2.35,2.9,2.85,2.4
2007/2008,2008-03-29 00:00:00,SP2,Spain,La Liga Segunda Division,,Granada 74,Las Palmas,0,3,A,0,0,D,,,,2.1,3.0,3.6,2.0,3.0,3.5,2.0,3.0,3.55
2007/2008,2008-03-23 00:00:00,SP2,Spain,La Liga Segunda Division,,Cordoba,Alaves,0,1,A,0,1,A,,,,2.05,2.9,3.6,2.0,2.9,3.6,2.05,2.9,3.55
2007/2008,2008-03-23 00:00:00,SP1,Spain,La Liga Primera Division,,Levante,Villarreal,1,2,A,0,1,A,,,,4.75,3.6,1.72,3.75,3.3,1.8,4.5,3.25,1.75
2007/2008,2008-03-23 00:00:00,SP1,Spain,La Liga Primera Division,,Osasuna,Betis,0,1,A,0,0,D,,,,2.05,3.3,3.6,2.0,3.2,3.2,2.0,3.05,3.65
2007/2008,2008-03-23 00:00:00,SP1,Spain,La Liga Primera Division,,Real Madrid,Valencia,2,3,A,1,1,D,,,,1.5,3.8,7.25,1.4,3.75,7.0,1.45,4.0,6.05
2007/2008,2008-03-23 00:00:00,SP2,Spain,La Liga Segunda Division,,Numancia,Celta,1,2,A,1,0,H,,,,2.1,3.1,3.75,1.75,3.2,4.2,1.85,3.1,4.0
2007/2008,2008-03-22 00:00:00,SP1,Spain,La Liga Primera Division,,Sevilla,Ath Madrid,1,2,A,0,1,A,,,,1.85,3.6,4.0,1.8,3.2,4.0,1.9,3.2,3.85
2007/2008,2008-03-16 00:00:00,SP2,Spain,La Liga Segunda Division,,Celta,Albacete,0,1,A,0,1,A,,,,1.61,3.3,5.25,1.7,3.2,4.5,1.7,3.15,4.8
2007/2008,2008-03-15 00:00:00,SP1,Spain,La Liga Primera Division,,Valencia,Sevilla,1,2,A,0,2,A,,,,2.5,3.3,2.75,2.5,3.2,2.5,2.55,3.05,2.6
2007/2008,2008-03-15 00:00:00,SP1,Spain,La Liga Primera Division,,Betis,Ath Bilbao,1,2,A,1,1,D,,,,2.25,3.25,3.2,2.0,3.0,3.5,2.0,3.15,3.5
2007/2008,2008-03-15 00:00:00,SP2,Spain,La Liga Segunda Division,,Sociedad,Numancia,0,1,A,0,0,D,,,,2.15,3.0,3.3,2.1,3.0,3.2,2.25,2.9,3.15
2007/2008,2008-03-09 00:00:00,SP2,Spain,La Liga Segunda Division,,Albacete,Sociedad,1,2,A,0,2,A,,,,3.0,2.9,2.37,2.9,2.9,2.3,3.05,2.85,2.3
2007/2008,2008-03-09 00:00:00,SP1,Spain,La Liga Primera Division,,Barcelona,Villarreal,1,2,A,0,1,A,,,,1.5,4.2,6.0,1.44,3.6,6.5,1.45,3.9,6.5
2007/2008,2008-03-09 00:00:00,SP1,Spain,La Liga Primera Division,,Murcia,Getafe,0,3,A,0,0,D,,,,2.75,3.25,2.5,2.75,3.0,2.38,2.6,3.05,2.55
2007/2008,2008-03-09 00:00:00,SP2,Spain,La Liga Segunda Division,,Las Palmas,Malaga,1,2,A,0,1,A,,,,2.4,3.2,2.7,2.6,3.0,2.5,2.8,2.8,2.5
2007/2008,2008-03-02 00:00:00,SP1,Spain,La Liga Primera Division,,Valladolid,Santander,0,1,A,0,0,D,,,,2.3,3.25,3.1,2.2,3.2,2.8,2.45,2.95,2.8
2007/2008,2008-03-01 00:00:00,SP1,Spain,La Liga Primera Division,,Recreativo,Real Madrid,2,3,A,1,1,D,,,,4.33,3.4,1.83,4.0,3.2,1.8,4.5,3.35,1.7
2007/2008,2008-03-01 00:00:00,SP2,Spain,La Liga Segunda Division,,Granada 74,Cordoba,0,2,A,0,1,A,,,,2.0,3.0,3.75,2.0,3.0,3.5,1.95,3.0,3.75
2007/2008,2008-02-24 00:00:00,SP2,Spain,La Liga Segunda Division,,Xerez,Ferrol,0,2,A,0,2,A,,,,2.0,2.9,4.0,2.1,3.1,3.1,2.15,2.85,3.35
2007/2008,2008-02-24 00:00:00,SP1,Spain,La Liga Primera Division,,Murcia,Valladolid,0,1,A,0,1,A,,,,2.37,3.25,3.0,2.25,3.2,2.75,2.25,3.0,3.1
2007/2008,2008-02-24 00:00:00,SP1,Spain,La Liga Primera Division,,Real Madrid,Getafe,0,1,A,0,0,D,,,,1.33,4.5,11.0,1.3,4.0,9.0,1.3,4.5,9.0
2007/2008,2008-02-24 00:00:00,SP1,Spain,La Liga Primera Division,,Ath Bilbao,Villarreal,1,2,A,1,0,H,,,,2.5,3.25,2.8,2.37,3.0,2.75,2.6,3.05,2.55
2007/2008,2008-02-23 00:00:00,SP2,Spain,La Liga Segunda Division,,Albacete,Sp Gijon,1,2,A,0,1,A,,,,2.45,2.87,3.0,2.6,3.1,2.4,2.75,2.75,2.6
2007/2008,2008-02-17 00:00:00,SP1,Spain,La Liga Primera Division,,Ath Madrid,Ath Bilbao,1,2,A,1,2,A,,,,1.61,3.75,5.5,1.57,3.25,5.5,1.55,3.5,5.7
2007/2008,2008-02-16 00:00:00,SP1,Spain,La Liga Primera Division,,Espanol,Sevilla,2,4,A,1,2,A,,,,2.5,3.3,2.75,2.37,3.2,2.6,2.4,3.15,2.7
2007/2008,2008-02-16 00:00:00,SP1,Spain,La Liga Primera Division,,Zaragoza,Barcelona,1,2,A,0,1,A,,,,3.75,3.3,2.0,3.5,3.2,1.9,3.8,3.05,1.95
2007/2008,2008-02-10 00:00:00,SP1,Spain,La Liga Primera Division,,Espanol,Recreativo,1,2,A,1,2,A,,,,1.61,3.6,6.0,1.53,3.5,5.5,1.5,3.75,6.0
2007/2008,2008-02-10 00:00:00,SP2,Spain,La Liga Segunda Division,,Xerez,Numancia,0,3,A,0,1,A,,,,2.7,3.0,2.55,3.1,3.1,2.1,3.15,3.05,2.15
2007/2008,2008-02-10 00:00:00,SP2,Spain,La Liga Segunda Division,,Poli Ejido,Sociedad,0,1,A,0,0,D,,,,3.1,2.87,2.37,3.0,2.9,2.25,3.3,3.0,2.1
2007/2008,2008-02-10 00:00:00,SP1,Spain,La Liga Primera Division,,Santander,Ath Madrid,0,2,A,0,0,D,,,,2.5,3.25,2.8,2.25,3.2,2.75,2.5,3.2,2.6
2007/2008,2008-02-09 00:00:00,SP1,Spain,La Liga Primera Division,,Murcia,Villarreal,0,1,A,0,0,D,,,,3.1,3.3,2.3,2.75,3.2,2.25,3.4,3.1,2.05
2007/2008,2008-02-03 00:00:00,SP2,Spain,La Liga Segunda Division,,Numancia,Elche,0,1,A,0,1,A,,,,1.8,3.1,4.5,1.8,3.2,4.0,1.75,3.15,4.5
2007/2008,2008-02-03 00:00:00,SP1,Spain,La Liga Primera Division,,Getafe,Espanol,0,1,A,0,1,A,,,,2.1,3.3,3.5,2.0,3.2,3.2,2.15,3.15,3.15
2007/2008,2008-02-03 00:00:00,SP1,Spain,La Liga Primera Division,,Recreativo,Sevilla,1,2,A,0,1,A,,,,3.25,3.3,2.2,2.8,3.2,2.2,3.15,2.95,2.25
2007/2008,2008-02-03 00:00:00,SP1,Spain,La Liga Primera Division,,Valladolid,Valencia,0,2,A,0,0,D,,,,2.25,3.3,3.2,2.2,3.2,2.8,2.45,3.2,2.65
2007/2008,2008-02-03 00:00:00,SP2,Spain,La Liga Segunda Division,,Sp Gijon,Las Palmas,0,1,A,0,0,D,,,,1.75,3.3,4.33,1.7,3.2,4.5,1.7,3.2,4.8
2007/2008,2008-02-02 00:00:00,SP1,Spain,La Liga Primera Division,,Betis,La Coruna,0,1,A,0,1,A,,,,2.05,3.25,3.75,1.9,3.2,3.5,2.0,3.15,3.5
2007/2008,2008-02-02 00:00:00,SP2,Spain,La Liga Segunda Division,,Celta,Castellon,1,2,A,0,1,A,,,,1.75,3.1,4.75,1.75,3.0,4.5,1.8,3.1,4.25
2007/2008,2008-01-27 00:00:00,SP1,Spain,La Liga Primera Division,,Valencia,Almeria,0,1,A,0,1,A,,,,1.61,3.6,6.0,1.61,3.25,5.0,1.6,3.4,5.4
2007/2008,2008-01-27 00:00:00,SP1,Spain,La Liga Primera Division,,Espanol,Betis,1,2,A,0,1,A,,,,1.9,3.2,4.5,1.72,3.2,4.33,1.7,3.3,4.7
2007/2008,2008-01-27 00:00:00,SP1,Spain,La Liga Primera Division,,Murcia,Levante,2,3,A,0,0,D,,,,1.72,3.5,5.0,1.61,3.25,5.0,1.6,3.45,5.3
2007/2008,2008-01-27 00:00:00,SP1,Spain,La Liga Primera Division,,Recreativo,Getafe,1,3,A,1,2,A,,,,2.4,3.3,2.87,2.37,3.0,2.75,2.2,3.1,3.05
2007/2008,2008-01-27 00:00:00,SP2,Spain,La Liga Segunda Division,,Cordoba,Celta,0,2,A,0,1,A,,,,2.55,2.8,2.8,2.6,3.0,2.5,2.55,2.8,2.75
2007/2008,2008-01-27 00:00:00,SP2,Spain,La Liga Segunda Division,,Eibar,Ferrol,1,3,A,1,0,H,,,,1.8,3.1,4.5,1.65,3.2,5.0,1.7,3.15,4.8
2007/2008,2008-01-26 00:00:00,SP2,Spain,La Liga Segunda Division,,Las Palmas,Numancia,1,2,A,1,0,H,,,,2.75,2.9,2.5,2.9,2.9,2.3,3.0,3.0,2.25
2007/2008,2008-01-20 00:00:00,SP2,Spain,La Liga Segunda Division,,Elche,Xerez,2,4,A,1,3,A,,,,1.85,3.1,4.0,1.7,3.2,4.5,1.75,3.25,4.25
2007/2008,2008-01-20 00:00:00,SP2,Spain,La Liga Segunda Division,,Poli Ejido,Numancia,1,2,A,1,1,D,,,,2.9,2.87,2.45,3.0,2.9,2.25,3.15,2.95,2.2
2007/2008,2008-01-20 00:00:00,SP2,Spain,La Liga Segunda Division,,Cordoba,Sociedad,1,3,A,0,1,A,,,,2.37,2.75,3.1,2.4,2.9,2.75,2.4,2.9,2.85
2007/2008,2008-01-20 00:00:00,SP1,Spain,La Liga Primera Division,,Ath Madrid,Real Madrid,0,2,A,0,2,A,,,,2.75,3.3,2.5,2.75,3.2,2.25,2.7,3.15,2.4
2007/2008,2008-01-20 00:00:00,SP2,Spain,La Liga Segunda Division,,Eibar,Sp Gijon,0,3,A,0,1,A,,,,2.5,2.87,2.87,2.1,3.0,3.2,2.3,3.05,2.85
2007/2008,2008-01-13 00:00:00,SP1,Spain,La Liga Primera Division,,Levante,Real Madrid,0,2,A,0,0,D,,,,9.0,5.0,1.33,8.0,4.0,1.33,8.0,4.25,1.35
2007/2008,2008-01-13 00:00:00,SP1,Spain,La Liga Primera Division,,Osasuna,Santander,0,2,A,0,0,D,,,,2.25,3.25,3.2,2.2,3.0,3.0,2.15,3.05,3.25
2007/2008,2008-01-06 00:00:00,SP2,Spain,La Liga Segunda Division,,Hercules,Sevilla B,1,2,A,0,0,D,,,,2.05,3.0,3.5,2.2,2.9,3.1,2.1,3.0,3.3
2007/2008,2008-01-06 00:00:00,SP1,Spain,La Liga Primera Division,,La Coruna,Ath Madrid,0,3,A,0,1,A,,,,2.87,3.3,2.4,3.0,3.2,2.1,3.2,3.1,2.15
2007/2008,2008-01-06 00:00:00,SP1,Spain,La Liga Primera Division,,Getafe,Valladolid,0,3,A,0,0,D,,,,1.95,3.4,3.9,1.8,3.2,4.0,1.95,3.12,3.7
2007/2008,2008-01-05 00:00:00,SP2,Spain,La Liga Segunda Division,,Cadiz,Malaga,0,1,A,0,1,A,,,,2.37,2.8,3.1,2.3,2.9,2.9,2.35,2.97,2.85
2007/2008,2008-01-05 00:00:00,SP1,Spain,La Liga Primera Division,,Mallorca,Barcelona,0,2,A,0,0,D,,,,4.75,3.5,1.75,4.0,3.2,1.8,5.05,3.15,1.7
2007/2008,2007-12-23 00:00:00,SP1,Spain,La Liga Primera Division,,Ath Madrid,Espanol,1,2,A,1,0,H,,,,1.95,3.3,4.0,1.83,3.2,3.75,1.95,2.97,3.95
2007/2008,2007-12-23 00:00:00,SP1,Spain,La Liga Primera Division,,Barcelona,Real Madrid,0,1,A,0,1,A,,,,2.0,3.4,3.7,2.0,3.0,3.5,2.15,3.15,3.15
2007/2008,2007-12-23 00:00:00,SP1,Spain,La Liga Primera Division,,Levante,La Coruna,0,1,A,0,0,D,,,,2.8,3.25,2.5,2.6,3.2,2.37,3.0,3.05,2.26
2007/2008,2007-12-22 00:00:00,SP2,Spain,La Liga Segunda Division,,Ferrol,Salamanca,0,2,A,0,1,A,,,,2.25,3.0,3.1,2.25,3.0,2.9,2.25,2.9,3.1
2007/2008,2007-12-22 00:00:00,SP2,Spain,La Liga Segunda Division,,Gimnastic,Cadiz,0,1,A,0,0,D,,,,2.15,3.0,3.3,2.1,3.0,3.2,2.05,2.95,3.55
2007/2008,2007-12-22 00:00:00,SP1,Spain,La Liga Primera Division,,Almeria,Getafe,0,2,A,0,1,A,,,,2.4,3.3,2.9,2.25,3.2,2.75,2.35,2.9,3.0
2007/2008,2007-12-16 00:00:00,SP1,Spain,La Liga Primera Division,,Getafe,Villarreal,1,3,A,0,1,A,,,,2.5,3.3,2.75,2.37,3.2,2.6,2.6,2.85,2.7
2007/2008,2007-12-16 00:00:00,SP2,Spain,La Liga Segunda Division,,Granada 74,Sociedad,1,2,A,1,1,D,,,,2.3,3.0,3.0,2.25,2.75,3.2,2.37,3.0,2.8
2007/2008,2007-12-15 00:00:00,SP1,Spain,La Liga Primera Division,,Valencia,Barcelona,0,3,A,0,2,A,,,,3.5,3.3,2.1,3.0,3.2,2.1,3.6,3.1,2.0
2007/2008,2007-12-09 00:00:00,SP2,Spain,La Liga Segunda Division,,Sp Gijon,Tenerife,0,1,A,0,0,D,,,,1.9,3.1,4.0,1.75,3.0,4.5,1.85,2.95,4.25
2007/2008,2007-12-09 00:00:00,SP1,Spain,La Liga Primera Division,,Villarreal,Betis,0,1,A,0,1,A,,,,1.53,4.0,6.0,1.4,3.75,7.0,1.45,3.8,6.65
2007/2008,2007-12-09 00:00:00,SP1,Spain,La Liga Primera Division,,Levante,Recreativo,0,2,A,0,1,A,,,,2.4,3.3,2.87,2.25,3.2,2.75,2.5,3.0,2.7
2007/2008,2007-12-08 00:00:00,SP1,Spain,La Liga Primera Division,,Ath Bilbao,Real Madrid,0,1,A,0,0,D,,,,4.0,3.4,1.9,4.0,3.2,1.8,4.1,3.15,1.85
2007/2008,2007-12-08 00:00:00,SP2,Spain,La Liga Segunda Division,,Albacete,Alaves,0,3,A,0,0,D,,,,2.25,3.0,3.1,2.2,3.1,2.9,2.25,3.0,3.0
2007/2008,2007-12-08 00:00:00,SP2,Spain,La Liga Segunda Division,,Ferrol,Granada 74,1,3,A,1,0,H,,,,2.15,3.0,3.4,2.4,2.8,2.9,2.25,2.95,3.05
2007/2008,2007-12-02 00:00:00,SP1,Spain,La Liga Primera Division,,Valencia,Ath Bilbao,0,3,A,0,1,A,,,,1.61,3.6,6.0,1.5,3.5,6.0,1.55,3.45,6.0
2007/2008,2007-12-02 00:00:00,SP1,Spain,La Liga Primera Division,,La Coruna,Osasuna,1,2,A,0,0,D,,,,2.2,3.25,3.3,2.1,3.2,3.0,2.21,3.05,3.1
2007/2008,2007-12-02 00:00:00,SP2,Spain,La Liga Segunda Division,,Salamanca,Albacete,0,1,A,0,1,A,,,,2.05,3.0,3.6,1.83,3.2,3.75,1.95,3.0,3.75
2007/2008,2007-12-02 00:00:00,SP1,Spain,La Liga Primera Division,,Betis,Ath Madrid,0,2,A,0,1,A,,,,3.25,3.3,2.2,2.87,3.0,2.25,3.15,3.05,2.2
2007/2008,2007-12-01 00:00:00,SP2,Spain,La Liga Segunda Division,,Tenerife,Numancia,0,2,A,0,1,A,,,,2.5,3.0,2.7,2.4,2.9,2.8,2.6,3.0,2.6
2007/2008,2007-11-25 00:00:00,SP2,Spain,La Liga Segunda Division,,Numancia,Granada 74,0,2,A,0,1,A,,,,1.66,3.3,5.0,1.65,3.2,5.0,1.53,3.4,6.0
2007/2008,2007-11-25 00:00:00,SP2,Spain,La Liga Segunda Division,,Eibar,Hercules,0,3,A,0,1,A,,,,2.15,3.0,3.3,2.0,3.0,3.5,2.1,3.06,3.25
2007/2008,2007-11-25 00:00:00,SP1,Spain,La Liga Primera Division,,Osasuna,Espanol,1,2,A,0,2,A,,,,2.45,3.25,2.87,2.4,3.0,2.7,2.45,3.05,2.75
2007/2008,2007-11-24 00:00:00,SP1,Spain,La Liga Primera Division,,Sevilla,Mallorca,1,2,A,0,2,A,,,,1.61,3.5,6.25,1.5,3.5,6.0,1.5,3.45,6.85
2007/2008,2007-11-18 00:00:00,SP2,Spain,La Liga Segunda Division,,Hercules,Celta,0,1,A,0,0,D,,,,2.25,3.0,3.0,2.3,2.9,2.9,2.2,3.05,3.05
2007/2008,2007-11-17 00:00:00,SP2,Spain,La Liga Segunda Division,,Sevilla B,Sp Gijon,1,3,A,0,2,A,,,,2.37,3.0,2.87,2.2,3.0,3.0,2.1,3.0,3.3
2007/2008,2007-11-11 00:00:00,SP1,Spain,La Liga Primera Division,,La Coruna,Santander,0,1,A,0,0,D,,,,2.3,3.3,3.1,2.2,3.0,3.0,2.15,3.05,3.25
2007/2008,2007-11-11 00:00:00,SP2,Spain,La Liga Segunda Division,,Albacete,Cadiz,0,1,A,0,0,D,,,,2.3,2.87,3.1,2.2,3.0,3.0,2.2,2.95,3.15
2007/2008,2007-11-11 00:00:00,SP2,Spain,La Liga Segunda Division,,Numancia,Sevilla B,0,1,A,0,0,D,,,,1.7,3.2,4.75,1.8,3.2,4.0,1.75,3.1,4.55
2007/2008,2007-11-11 00:00:00,SP2,Spain,La Liga Segunda Division,,Sp Gijon,Malaga,0,1,A,0,1,A,,,,2.3,2.9,3.2,2.35,3.0,2.8,2.4,3.05,2.7
2007/2008,2007-11-10 00:00:00,SP2,Spain,La Liga Segunda Division,,Ferrol,Gimnastic,0,2,A,0,0,D,,,,2.3,3.0,3.0,2.1,3.1,3.1,2.1,3.05,3.25
2007/2008,2007-11-10 00:00:00,SP2,Spain,La Liga Segunda Division,,Las Palmas,Salamanca,1,2,A,0,0,D,,,,2.15,2.87,3.4,2.35,3.1,2.7,2.3,3.0,2.9
2007/2008,2007-11-04 00:00:00,SP1,Spain,La Liga Primera Division,,Ath Madrid,Villarreal,3,4,A,2,2,D,,,,2.05,3.3,3.6,1.91,3.2,3.5,2.05,3.1,3.4
2007/2008,2007-11-04 00:00:00,SP1,Spain,La Liga Primera Division,,Murcia,La Coruna,0,2,A,0,0,D,,,,2.25,3.2,3.25,2.0,3.2,3.2,2.2,3.05,3.11
2007/2008,2007-11-04 00:00:00,SP1,Spain,La Liga Primera Division,,Osasuna,Getafe,0,2,A,0,0,D,,,,1.95,3.3,4.0,1.8,3.2,4.0,1.9,3.15,3.85
2007/2008,2007-11-04 00:00:00,SP1,Spain,La Liga Primera Division,,Zaragoza,Valladolid,2,3,A,1,3,A,,,,1.57,3.6,6.5,1.53,3.5,5.5,1.5,3.35,7.2
2007/2008,2007-11-04 00:00:00,SP2,Spain,La Liga Segunda Division,,Malaga,Numancia,0,1,A,0,0,D,,,,1.95,3.2,3.6,1.91,3.2,3.5,1.95,2.95,3.85
2007/2008,2007-11-03 00:00:00,SP1,Spain,La Liga Primera Division,,Mallorca,Valencia,0,2,A,0,1,A,,,,2.6,3.25,2.7,2.38,3.2,2.6,2.65,3.15,2.45
2007/2008,2007-10-31 00:00:00,SP1,Spain,La Liga Primera Division,,Valencia,Real Madrid,1,5,A,0,4,A,,,,2.6,3.3,2.7,2.37,3.2,2.6,2.6,3.15,2.5
2007/2008,2007-10-31 00:00:00,SP1,Spain,La Liga Primera Division,,Betis,Osasuna,0,3,A,0,1,A,,,,2.05,3.3,3.6,2.1,3.2,3.0,2.0,3.0,3.75
2007/2008,2007-10-31 00:00:00,SP1,Spain,La Liga Primera Division,,Almeria,Zaragoza,0,1,A,0,0,D,,,,2.7,3.3,2.6,2.5,3.2,2.5,2.68,3.04,2.5
2007/2008,2007-10-28 00:00:00,SP1,Spain,La Liga Primera Division,,Levante,Ath Madrid,0,1,A,0,1,A,,,,5.0,3.8,1.66,4.5,3.5,1.61,5.5,3.2,1.65
2007/2008,2007-10-28 00:00:00,SP2,Spain,La Liga Segunda Division,,Sp Gijon,Celta,0,1,A,0,0,D,,,,1.95,3.0,3.8,1.85,3.2,3.75,1.9,3.1,3.8
2007/2008,2007-10-27 00:00:00,SP2,Spain,La Liga Segunda Division,,Las Palmas,Granada 74,0,1,A,0,1,A,,,,2.0,3.0,3.6,2.25,3.1,2.8,2.1,3.05,3.25
2007/2008,2007-10-21 00:00:00,SP2,Spain,La Liga Segunda Division,,Alaves,Cordoba,0,2,A,0,1,A,,,,2.0,3.0,3.7,2.1,2.9,3.4,1.9,3.05,3.85
2007/2008,2007-10-21 00:00:00,SP1,Spain,La Liga Primera Division,,Valladolid,Ath Bilbao,1,2,A,0,2,A,,,,2.25,3.25,3.2,2.2,3.2,2.8,2.25,3.2,2.9
2007/2008,2007-10-21 00:00:00,SP2,Spain,La Liga Segunda Division,,Gimnastic,Albacete,0,2,A,0,1,A,,,,1.66,3.3,5.0,1.6,3.3,5.25,1.55,3.2,6.65
2007/2008,2007-10-21 00:00:00,SP1,Spain,La Liga Primera Division,,Recreativo,Mallorca,0,2,A,0,1,A,,,,2.37,3.25,3.0,2.2,3.2,2.8,2.15,3.2,3.1
2007/2008,2007-10-20 00:00:00,SP2,Spain,La Liga Segunda Division,,Sociedad,Sp Gijon,0,1,A,0,0,D,,,,1.9,3.2,3.7,2.0,3.2,3.2,1.9,3.15,3.7
2007/2008,2007-10-20 00:00:00,SP1,Spain,La Liga Primera Division,,La Coruna,Valencia,2,4,A,1,3,A,,,,3.1,3.25,2.3,2.8,3.2,2.2,3.0,3.2,2.2
2007/2008,2007-10-20 00:00:00,SP1,Spain,La Liga Primera Division,,Levante,Sevilla,0,2,A,0,2,A,,,,5.75,3.7,1.61,5.0,3.25,1.61,5.3,3.45,1.6
2007/2008,2007-10-13 00:00:00,SP2,Spain,La Liga Segunda Division,,Las Palmas,Sevilla B,0,1,A,0,0,D,,,,2.37,3.0,2.87,2.4,2.9,2.8,2.4,3.0,2.75
2007/2008,2007-10-07 00:00:00,SP2,Spain,La Liga Segunda Division,,Salamanca,Alaves,2,3,A,2,1,H,,,,2.2,3.0,3.1,2.1,3.0,3.2,2.2,2.85,3.25
2007/2008,2007-10-07 00:00:00,SP2,Spain,La Liga Segunda Division,,Gimnastic,Elche,1,2,A,1,2,A,,,,1.83,3.25,3.75,1.8,3.2,4.0,1.8,3.0,4.5
2007/2008,2007-10-07 00:00:00,SP2,Spain,La Liga Segunda Division,,Ferrol,Numancia,1,3,A,0,2,A,,,,2.25,3.0,3.0,2.25,3.0,2.9,2.2,3.0,3.1
2007/2008,2007-10-07 00:00:00,SP2,Spain,La Liga Segunda Division,,Cadiz,Eibar,1,2,A,1,0,H,,,,1.8,3.25,4.33,1.8,3.2,4.0,1.75,3.05,4.7
2007/2008,2007-10-07 00:00:00,SP1,Spain,La Liga Primera Division,,Sevilla,La Coruna,0,1,A,0,0,D,,,,1.44,4.2,7.5,1.36,3.75,8.0,1.45,3.85,6.6
2007/2008,2007-10-06 00:00:00,SP2,Spain,La Liga Segunda Division,,Hercules,Sp Gijon,2,3,A,1,2,A,,,,2.5,3.2,2.6,2.3,3.0,2.8,2.4,3.0,2.75
2007/2008,2007-10-06 00:00:00,SP1,Spain,La Liga Primera Division,,Valencia,Espanol,1,2,A,1,1,D,,,,1.57,3.75,6.25,1.53,3.5,5.5,1.5,3.75,6.0
2007/2008,2007-09-30 00:00:00,SP2,Spain,La Liga Segunda Division,,Albacete,Ferrol,1,2,A,0,2,A,,,,2.3,3.0,2.8,2.4,3.1,2.6,2.65,3.0,2.5
2007/2008,2007-09-30 00:00:00,SP1,Spain,La Liga Primera Division,,Recreativo,Valencia,0,1,A,0,1,A,,,,3.0,3.25,2.4,2.75,3.2,2.25,2.9,3.2,2.25
2007/2008,2007-09-30 00:00:00,SP1,Spain,La Liga Primera Division,,Getafe,Real Madrid,0,1,A,0,0,D,,,,5.0,3.6,1.72,4.5,3.3,1.66,5.25,3.5,1.6
2007/2008,2007-09-30 00:00:00,SP1,Spain,La Liga Primera Division,,Almeria,Santander,0,1,A,0,1,A,,,,2.1,3.25,3.5,2.2,3.0,3.0,2.15,3.3,3.05
2007/2008,2007-09-30 00:00:00,SP1,Spain,La Liga Primera Division,,Valladolid,Murcia,1,4,A,0,1,A,,,,1.72,3.5,5.0,1.8,3.2,4.0,1.9,3.25,3.75
2007/2008,2007-09-30 00:00:00,SP2,Spain,La Liga Segunda Division,,Eibar,Sevilla B,0,1,A,0,0,D,,,,2.0,3.0,3.6,2.0,3.0,3.5,1.9,3.0,4.0
2007/2008,2007-09-29 00:00:00,SP2,Spain,La Liga Segunda Division,,Poli Ejido,Malaga,2,3,A,0,1,A,,,,3.6,3.0,2.0,3.5,3.0,2.0,3.85,3.05,1.9
2007/2008,2007-09-29 00:00:00,SP1,Spain,La Liga Primera Division,,Levante,Barcelona,1,4,A,0,2,A,,,,8.0,4.5,1.4,8.0,4.0,1.33,8.0,4.2,1.35
2007/2008,2007-09-29 00:00:00,SP2,Spain,La Liga Segunda Division,,Numancia,Sp Gijon,0,2,A,0,0,D,,,,1.95,3.0,3.75,1.9,3.2,3.6,1.9,3.0,3.95
2007/2008,2007-09-26 00:00:00,SP1,Spain,La Liga Primera Division,,Santander,Villarreal,0,2,A,0,1,A,,,,2.7,3.25,2.6,2.5,3.2,2.5,2.75,3.1,2.4
2007/2008,2007-09-26 00:00:00,SP1,Spain,La Liga Primera Division,,La Coruna,Recreativo,0,2,A,0,1,A,,,,2.0,3.3,3.8,1.83,3.2,3.75,2.0,3.2,3.45
2007/2008,2007-09-26 00:00:00,SP1,Spain,La Liga Primera Division,,Murcia,Almeria,0,1,A,0,1,A,,,,2.1,3.25,3.6,2.1,3.0,3.2,2.15,3.1,3.2
2007/2008,2007-09-26 00:00:00,SP1,Spain,La Liga Primera Division,,Ath Bilbao,Ath Madrid,0,2,A,0,1,A,,,,2.87,3.2,2.5,2.75,3.0,2.37,2.9,3.1,2.3
2007/2008,2007-09-25 00:00:00,SP1,Spain,La Liga Primera Division,,Sevilla,Espanol,2,3,A,0,1,A,,,,1.44,4.0,8.5,1.44,3.6,6.5,1.4,4.0,7.25
2007/2008,2007-09-23 00:00:00,SP1,Spain,La Liga Primera Division,,Levante,Ath Bilbao,1,2,A,0,1,A,,,,2.37,3.25,3.0,2.37,3.2,2.6,2.2,3.2,3.0
2007/2008,2007-09-23 00:00:00,SP1,Spain,La Liga Primera Division,,Betis,Valencia,1,2,A,0,0,D,,,,3.0,3.25,2.37,2.75,3.0,2.37,2.7,3.2,2.4
2007/2008,2007-09-23 00:00:00,SP2,Spain,La Liga Segunda Division,,Hercules,Numancia,1,3,A,0,1,A,,,,2.25,3.1,3.1,2.25,2.9,3.0,2.25,2.9,3.1
2007/2008,2007-09-23 00:00:00,SP2,Spain,La Liga Segunda Division,,Ferrol,Xerez,1,2,A,0,2,A,,,,1.9,3.1,4.0,1.9,3.2,3.5,1.75,3.25,4.3
2007/2008,2007-09-22 00:00:00,SP2,Spain,La Liga Segunda Division,,Cadiz,Cordoba,0,1,A,0,1,A,,,,1.72,3.4,4.5,1.7,3.1,4.8,1.7,3.1,5.0
2007/2008,2007-09-16 00:00:00,SP1,Spain,La Liga Primera Division,,Mallorca,Villarreal,0,1,A,0,0,D,,,,2.37,3.25,3.0,2.25,3.2,2.75,2.45,3.15,2.65
2007/2008,2007-09-16 00:00:00,SP2,Spain,La Liga Segunda Division,,Tenerife,Hercules,0,1,A,0,0,D,,,,2.0,3.1,3.4,2.1,3.0,3.2,2.2,3.0,3.1
2007/2008,2007-09-16 00:00:00,SP2,Spain,La Liga Segunda Division,,Poli Ejido,Celta,0,1,A,0,0,D,,,,2.5,2.87,2.75,2.3,3.1,2.75,2.4,3.0,2.75
2007/2008,2007-09-16 00:00:00,SP2,Spain,La Liga Segunda Division,,Castellon,Malaga,2,3,A,0,1,A,,,,2.5,3.0,2.62,2.5,3.0,2.6,2.35,3.0,2.85
2007/2008,2007-09-15 00:00:00,SP2,Spain,La Liga Segunda Division,,Elche,Ferrol,0,1,A,0,1,A,,,,2.1,3.0,3.25,2.0,3.0,3.5,2.2,3.0,3.1
2007/2008,2007-09-15 00:00:00,SP2,Spain,La Liga Segunda Division,,Albacete,Numancia,1,4,A,1,2,A,,,,2.5,3.0,2.62,2.4,3.0,2.7,2.75,3.0,2.4
2007/2008,2007-09-15 00:00:00,SP2,Spain,La Liga Segunda Division,,Xerez,Sp Gijon,0,2,A,0,0,D,,,,2.1,3.0,3.25,2.2,3.0,3.0,2.1,3.0,3.3
2007/2008,2007-09-15 00:00:00,SP2,Spain,La Liga Segunda Division,,Las Palmas,Sociedad,2,3,A,1,0,H,,,,2.4,2.87,2.87,2.7,3.0,2.4,2.4,3.0,2.75
2007/2008,2007-09-09 00:00:00,SP2,Spain,La Liga Segunda Division,,Sociedad,Poli Ejido,0,1,A,0,0,D,,,,1.5,3.75,6.5,1.5,3.25,6.5,1.4,3.75,7.5
2007/2008,2007-09-08 00:00:00,SP2,Spain,La Liga Segunda Division,,Celta,Eibar,0,1,A,0,0,D,,,,1.57,3.5,6.0,1.6,3.4,5.0,1.5,3.6,6.0
2007/2008,2007-09-02 00:00:00,SP1,Spain,La Liga Primera Division,,Almeria,Valencia,1,2,A,0,0,D,,,,3.2,3.1,2.25,3.0,3.2,2.1,3.45,3.2,2.0
2007/2008,2007-09-02 00:00:00,SP1,Spain,La Liga Primera Division,,Villarreal,Real Madrid,0,5,A,0,1,A,,,,2.87,3.25,2.37,2.75,3.2,2.25,2.8,3.2,2.3
2007/2008,2007-09-02 00:00:00,SP2,Spain,La Liga Segunda Division,,Granada 74,Hercules,2,3,A,1,1,D,,,,2.3,2.87,3.1,2.1,3.2,3.0,2.15,3.0,3.15
2007/2008,2007-09-02 00:00:00,SP2,Spain,La Liga Segunda Division,,Eibar,Sociedad,0,1,A,0,0,D,,,,3.0,2.87,2.3,2.7,3.0,2.4,2.9,3.1,2.25
2007/2008,2007-09-02 00:00:00,SP2,Spain,La Liga Segunda Division,,Poli Ejido,Ferrol,1,3,A,0,2,A,,,,1.9,3.1,3.8,2.1,3.1,3.1,2.0,3.05,3.5
2007/2008,2007-09-02 00:00:00,SP2,Spain,La Liga Segunda Division,,Salamanca,Sevilla B,0,1,A,0,1,A,,,,1.75,3.2,4.5,,,,1.75,3.1,4.6
2007/2008,2007-09-02 00:00:00,SP2,Spain,La Liga Segunda Division,,Alaves,Malaga,0,1,A,0,0,D,,,,2.3,3.0,2.87,2.6,3.0,2.5,2.5,3.1,2.55
2007/2008,2007-08-26 00:00:00,SP1,Spain,La Liga Primera Division,,Valencia,Villarreal,0,3,A,0,1,A,,,,1.72,3.4,5.0,1.72,3.2,4.33,1.65,3.4,5.0
2007/2008,2007-08-26 00:00:00,SP1,Spain,La Liga Primera Division,,La Coruna,Almeria,0,3,A,0,2,A,,,,1.72,3.4,5.0,1.61,3.25,5.0,1.55,3.65,5.5
2007/2008,2007-08-26 00:00:00,SP1,Spain,La Liga Primera Division,,Espanol,Valladolid,0,1,A,0,0,D,,,,1.83,3.25,4.5,1.72,3.2,4.33,1.7,3.3,4.8
2007/2008,2007-08-26 00:00:00,SP2,Spain,La Liga Segunda Division,,Albacete,Elche,0,1,A,0,1,A,,,,2.0,3.1,3.5,1.8,3.2,4.0,1.7,3.45,4.25
2007/2008,2007-08-26 00:00:00,SP2,Spain,La Liga Segunda Division,,Sociedad,Castellon,0,2,A,0,1,A,,,,1.5,3.5,6.5,1.55,3.4,5.5,1.5,3.65,5.75
2006/2007,2007-06-17 00:00:00,SP1,Spain,La Liga Primera Division,,Santander,Betis,0,2,A,0,0,D,,,,3.4,3.5,2.0,3.0,3.4,2.0,3.15,3.35,2.05
2006/2007,2007-06-17 00:00:00,SP1,Spain,La Liga Primera Division,,Gimnastic,Barcelona,1,5,A,0,3,A,,,,13.0,7.0,1.16,11.0,5.0,1.2,10.0,6.0,1.2
2006/2007,2007-06-17 00:00:00,SP1,Spain,La Liga Primera Division,,Osasuna,Ath Madrid,1,2,A,0,1,A,,,,3.2,3.5,2.1,2.8,3.2,2.2,2.85,3.25,2.25
2006/2007,2007-06-17 00:00:00,SP1,Spain,La Liga Primera Division,,Sevilla,Villarreal,0,1,A,0,0,D,,,,1.85,3.6,3.8,1.73,3.5,3.75,1.8,3.6,3.75
2006/2007,2007-06-17 00:00:00,SP1,Spain,La Liga Primera Division,,Espanol,La Coruna,1,3,A,0,0,D,,,,1.8,3.5,4.2,1.73,3.2,4.33,1.65,3.5,4.75
2006/2007,2007-06-16 00:00:00,SP2,Spain,La Liga Segunda Division,,Murcia,Tenerife,1,4,A,0,3,A,,,,1.6,3.3,5.25,1.75,3.0,4.5,1.65,3.2,5.15
2006/2007,2007-06-16 00:00:00,SP2,Spain,La Liga Segunda Division,,Alaves,Ponferradina,1,2,A,0,0,D,,,,1.7,3.25,4.5,1.7,3.2,4.5,1.65,3.15,5.25
2006/2007,2007-06-16 00:00:00,SP2,Spain,La Liga Segunda Division,,Castellon,Malaga,0,1,A,0,0,D,,,,1.95,3.1,3.6,1.8,3.0,4.25,1.85,3.05,4.1
2006/2007,2007-06-16 00:00:00,SP2,Spain,La Liga Segunda Division,,Hercules,Elche,0,2,A,0,2,A,,,,2.0,3.0,3.6,2.25,2.9,3.0,2.05,3.1,3.3
2006/2007,2007-06-16 00:00:00,SP2,Spain,La Liga Segunda Division,,Las Palmas,Poli Ejido,0,2,A,0,2,A,,,,1.8,3.0,4.5,1.9,3.0,3.75,1.95,2.9,3.9
2006/2007,2007-06-16 00:00:00,SP2,Spain,La Liga Segunda Division,,Numancia,Valladolid,1,2,A,0,0,D,,,,2.3,3.1,3.1,2.4,2.9,2.8,2.4,3.0,2.75
2006/2007,2007-06-10 00:00:00,SP1,Spain,La Liga Primera Division,,La Coruna,Recreativo,2,5,A,0,2,A,,,,2.05,3.3,3.5,2.0,3.2,3.2,1.85,3.3,3.85
2006/2007,2007-06-10 00:00:00,SP1,Spain,La Liga Primera Division,,Getafe,Gimnastic,0,1,A,0,0,D,,,,1.4,4.33,7.5,1.5,3.4,6.0,1.35,4.0,9.0
2006/2007,2007-06-09 00:00:00,SP1,Spain,La Liga Primera Division,,Betis,Osasuna,0,5,A,0,1,A,,,,1.66,3.6,5.0,1.61,3.5,4.5,1.6,3.75,4.75
2006/2007,2007-06-09 00:00:00,SP1,Spain,La Liga Primera Division,,Ath Madrid,Celta,2,3,A,1,1,D,,,,1.66,3.6,5.0,1.61,3.5,4.5,1.6,3.65,4.95
2006/2007,2007-06-09 00:00:00,SP2,Spain,La Liga Segunda Division,,Lorca,Alaves,1,2,A,1,0,H,,,,4.0,3.25,1.8,4.0,3.2,1.8,3.95,3.5,1.75
2006/2007,2007-06-03 00:00:00,SP2,Spain,La Liga Segunda Division,,Alaves,Valladolid,1,2,A,1,1,D,,,,2.1,3.2,3.25,1.9,3.25,3.4,2.05,3.15,3.25
2006/2007,2007-06-02 00:00:00,SP2,Spain,La Liga Segunda Division,,Tenerife,Vecindario,0,2,A,0,1,A,,,,1.55,3.4,6.0,1.7,3.2,4.5,1.65,3.3,4.95
2006/2007,2007-05-27 00:00:00,SP1,Spain,La Liga Primera Division,,Gimnastic,Ath Madrid,0,2,A,0,1,A,,,,4.5,3.6,1.72,3.75,3.3,1.8,3.95,3.4,1.8
2006/2007,2007-05-27 00:00:00,SP1,Spain,La Liga Primera Division,,Recreativo,Espanol,0,1,A,0,0,D,,,,2.0,3.3,3.6,2.0,3.2,3.2,1.95,3.3,3.5
2006/2007,2007-05-27 00:00:00,SP2,Spain,La Liga Segunda Division,,Salamanca,Vecindario,2,3,A,1,1,D,,,,1.57,3.45,6.5,1.6,3.4,5.0,1.5,3.45,6.5
2006/2007,2007-05-27 00:00:00,SP1,Spain,La Liga Primera Division,,Santander,Levante,2,3,A,1,2,A,,,,2.05,3.3,3.5,2.0,3.2,3.2,1.75,3.45,4.15
2006/2007,2007-05-27 00:00:00,SP2,Spain,La Liga Segunda Division,,Elche,Almeria,1,2,A,0,1,A,,,,2.4,3.0,2.9,2.3,3.0,2.8,2.5,2.85,2.75
2006/2007,2007-05-27 00:00:00,SP2,Spain,La Liga Segunda Division,,Malaga,Murcia,1,2,A,0,1,A,,,,2.25,2.95,3.25,2.1,3.2,3.0,2.3,2.9,3.0
2006/2007,2007-05-27 00:00:00,SP2,Spain,La Liga Segunda Division,,Real Madrid B,Tenerife,2,3,A,1,1,D,,,,1.85,3.2,4.33,1.8,3.2,4.0,1.9,3.1,3.85
2006/2007,2007-05-26 00:00:00,SP1,Spain,La Liga Primera Division,,Valencia,Villarreal,2,3,A,1,1,D,,,,1.61,3.6,5.5,1.5,3.4,6.0,1.55,3.65,5.5
2006/2007,2007-05-26 00:00:00,SP2,Spain,La Liga Segunda Division,,Xerez,Alaves,0,2,A,0,1,A,,,,2.2,3.15,3.1,2.0,3.2,3.2,2.1,3.2,3.1
2006/2007,2007-05-26 00:00:00,SP2,Spain,La Liga Segunda Division,,Valladolid,Hercules,0,1,A,0,1,A,,,,1.8,3.3,4.5,1.7,3.2,4.5,1.65,3.25,5.0
2006/2007,2007-05-26 00:00:00,SP2,Spain,La Liga Segunda Division,,Ponferradina,Cadiz,1,3,A,0,0,D,,,,2.1,3.0,3.55,2.1,3.2,3.0,2.15,2.95,3.25
2006/2007,2007-05-26 00:00:00,SP2,Spain,La Liga Segunda Division,,Lorca,Castellon,0,4,A,0,3,A,,,,2.55,3.1,2.65,2.3,3.0,2.8,2.4,2.95,2.8
2006/2007,2007-05-20 00:00:00,SP1,Spain,La Liga Primera Division,,La Coruna,Sevilla,1,2,A,0,0,D,,,,3.6,3.3,2.0,3.2,3.2,2.0,3.2,3.2,2.1
2006/2007,2007-05-20 00:00:00,SP2,Spain,La Liga Segunda Division,,Tenerife,Malaga,1,2,A,1,0,H,,,,2.1,3.0,3.5,2.1,3.2,3.0,1.95,2.9,3.9
2006/2007,2007-05-20 00:00:00,SP2,Spain,La Liga Segunda Division,,Murcia,Elche,0,2,A,0,1,A,,,,1.8,3.25,4.33,1.6,3.25,5.5,1.6,3.35,5.25
2006/2007,2007-05-20 00:00:00,SP1,Spain,La Liga Primera Division,,Levante,Osasuna,1,4,A,1,3,A,,,,2.25,3.1,3.2,2.1,3.2,3.0,2.2,3.0,3.2
2006/2007,2007-05-20 00:00:00,SP1,Spain,La Liga Primera Division,,Recreativo,Real Madrid,2,3,A,0,1,A,,,,5.0,3.6,1.66,4.5,3.3,1.67,4.5,3.4,1.7
2006/2007,2007-05-20 00:00:00,SP1,Spain,La Liga Primera Division,,Espanol,Getafe,1,5,A,1,2,A,,,,2.25,3.2,3.1,2.0,3.2,3.2,2.1,3.2,3.2
2006/2007,2007-05-20 00:00:00,SP1,Spain,La Liga Primera Division,,Ath Madrid,Barcelona,0,6,A,0,3,A,,,,3.6,3.3,2.0,3.2,3.2,2.0,3.1,3.2,2.15
2006/2007,2007-05-19 00:00:00,SP1,Spain,La Liga Primera Division,,Mallorca,Valencia,0,1,A,0,0,D,,,,3.6,3.3,2.0,3.2,3.2,2.0,3.35,3.3,2.0
2006/2007,2007-05-13 00:00:00,SP1,Spain,La Liga Primera Division,,Celta,Levante,1,2,A,0,1,A,,,,1.9,3.25,4.0,1.83,3.2,3.75,1.95,3.1,3.8
2006/2007,2007-05-13 00:00:00,SP1,Spain,La Liga Primera Division,,Getafe,Ath Madrid,1,4,A,0,2,A,,,,2.4,3.2,2.87,2.2,3.0,3.0,2.25,3.1,3.0
2006/2007,2007-05-13 00:00:00,SP1,Spain,La Liga Primera Division,,Gimnastic,Sociedad,1,3,A,1,2,A,,,,2.6,3.4,2.5,2.4,3.25,2.5,2.5,3.15,2.6
2006/2007,2007-05-13 00:00:00,SP1,Spain,La Liga Primera Division,,Osasuna,Villarreal,1,4,A,1,1,D,,,,2.3,3.25,3.0,2.2,3.0,3.0,2.3,3.0,3.0
2006/2007,2007-05-13 00:00:00,SP1,Spain,La Liga Primera Division,,Santander,Mallorca,0,2,A,0,0,D,,,,1.95,3.3,3.8,1.9,3.2,3.5,1.8,3.25,4.15
2006/2007,2007-05-12 00:00:00,SP2,Spain,La Liga Segunda Division,,Las Palmas,Albacete,0,1,A,0,0,D,,,,2.05,2.87,3.6,2.2,2.8,3.2,2.15,2.9,3.3
2006/2007,2007-05-12 00:00:00,SP2,Spain,La Liga Segunda Division,,Elche,Tenerife,0,1,A,0,0,D,,,,2.05,2.8,3.6,2.0,2.7,4.0,2.15,2.8,3.45
2006/2007,2007-05-06 00:00:00,SP1,Spain,La Liga Primera Division,,Betis,Getafe,0,2,A,0,2,A,,,,2.0,3.1,4.0,2.0,3.0,3.5,2.0,3.1,3.6
2006/2007,2007-05-06 00:00:00,SP2,Spain,La Liga Segunda Division,,Cadiz,Xerez,1,2,A,0,1,A,,,,2.0,2.87,3.75,1.9,2.9,4.0,1.85,3.0,4.15
2006/2007,2007-05-06 00:00:00,SP2,Spain,La Liga Segunda Division,,Tenerife,Ponferradina,0,1,A,0,0,D,,,,1.66,3.1,5.0,1.6,3.25,5.25,1.6,3.35,5.25
2006/2007,2007-05-05 00:00:00,SP1,Spain,La Liga Primera Division,,La Coruna,Valencia,1,2,A,0,1,A,,,,3.0,3.1,2.37,3.0,2.87,2.25,2.9,3.2,2.25
2006/2007,2007-05-05 00:00:00,SP1,Spain,La Liga Primera Division,,Sociedad,Barcelona,0,2,A,0,0,D,,,,6.0,3.8,1.53,6.0,3.75,1.44,5.5,3.6,1.55
2006/2007,2007-05-05 00:00:00,SP2,Spain,La Liga Segunda Division,,Vecindario,Elche,1,4,A,0,2,A,,,,2.75,2.75,2.5,2.75,3.0,2.35,2.75,2.9,2.5
2006/2007,2007-05-05 00:00:00,SP2,Spain,La Liga Segunda Division,,Alaves,Las Palmas,1,2,A,1,1,D,,,,2.0,2.87,3.75,2.0,2.75,4.0,1.85,3.2,3.9
2006/2007,2007-04-29 00:00:00,SP1,Spain,La Liga Primera Division,,Ath Bilbao,Real Madrid,1,4,A,0,2,A,,,,4.0,3.5,1.83,4.0,3.4,1.72,4.65,3.35,1.7
2006/2007,2007-04-29 00:00:00,SP1,Spain,La Liga Primera Division,,Celta,Mallorca,0,3,A,0,2,A,,,,1.95,3.25,3.8,1.9,3.0,3.5,1.85,3.35,3.8
2006/2007,2007-04-29 00:00:00,SP1,Spain,La Liga Primera Division,,Gimnastic,Villarreal,0,3,A,0,1,A,,,,2.8,3.1,2.5,2.5,3.2,2.5,2.7,3.15,2.4
2006/2007,2007-04-29 00:00:00,SP2,Spain,La Liga Segunda Division,,Lorca,Tenerife,2,3,A,0,0,D,,,,2.37,2.87,2.87,2.25,3.0,2.9,2.4,2.8,2.95
2006/2007,2007-04-28 00:00:00,SP2,Spain,La Liga Segunda Division,,Poli Ejido,Cadiz,0,1,A,0,0,D,,,,2.3,2.8,3.0,2.2,3.0,3.0,2.25,2.8,3.2
2006/2007,2007-04-22 00:00:00,SP2,Spain,La Liga Segunda Division,,Tenerife,Valladolid,0,2,A,0,1,A,,,,3.0,2.8,2.3,3.0,3.0,2.2,3.0,2.85,2.35
2006/2007,2007-04-21 00:00:00,SP2,Spain,La Liga Segunda Division,,Cadiz,Ciudad de Murcia,1,2,A,1,0,H,,,,2.05,2.8,3.5,1.9,3.0,3.75,2.1,2.8,3.6
2006/2007,2007-04-15 00:00:00,SP2,Spain,La Liga Segunda Division,,Ciudad de Murcia,Almeria,0,1,A,0,1,A,,,,2.6,2.8,2.7,2.6,2.8,2.6,2.35,2.95,2.9
2006/2007,2007-04-15 00:00:00,SP2,Spain,La Liga Segunda Division,,Salamanca,Elche,0,1,A,0,1,A,,,,1.95,3.0,3.8,1.7,3.2,4.5,1.8,3.05,4.4
2006/2007,2007-04-14 00:00:00,SP2,Spain,La Liga Segunda Division,,Xerez,Tenerife,1,2,A,1,2,A,,,,1.83,3.0,4.2,1.75,3.0,4.5,1.8,3.05,4.35
2006/2007,2007-04-14 00:00:00,SP2,Spain,La Liga Segunda Division,,Las Palmas,Cadiz,0,3,A,0,0,D,,,,2.15,2.8,3.3,2.1,2.8,3.5,2.2,2.9,3.2
2006/2007,2007-04-14 00:00:00,SP2,Spain,La Liga Segunda Division,,Poli Ejido,Murcia,0,2,A,0,0,D,,,,2.6,2.87,2.7,2.75,2.8,2.5,2.45,2.9,2.8
2006/2007,2007-04-14 00:00:00,SP1,Spain,La Liga Primera Division,,Betis,Sociedad,0,1,A,0,1,A,,,,1.95,3.3,3.8,1.8,3.2,4.0,1.8,3.25,4.2
2006/2007,2007-04-08 00:00:00,SP1,Spain,La Liga Primera Division,,Villarreal,Ath Madrid,0,1,A,0,1,A,,,,2.3,3.1,3.1,2.25,3.0,2.87,2.3,3.1,2.9
2006/2007,2007-04-08 00:00:00,SP2,Spain,La Liga Segunda Division,,Alaves,Salamanca,0,2,A,0,1,A,,,,1.95,3.1,3.75,2.0,3.0,3.5,2.05,2.85,3.65
2006/2007,2007-04-07 00:00:00,SP2,Spain,La Liga Segunda Division,,Hercules,Albacete,0,1,A,0,0,D,,,,2.05,2.87,3.6,2.2,3.0,3.0,2.2,2.8,3.3
2006/2007,2007-04-07 00:00:00,SP2,Spain,La Liga Segunda Division,,Real Madrid B,Valladolid,1,3,A,1,2,A,,,,3.6,2.87,2.05,3.5,3.0,2.0,3.95,2.8,2.0
2006/2007,2007-04-01 00:00:00,SP1,Spain,La Liga Primera Division,,Celta,Real Madrid,1,2,A,1,1,D,,,,3.8,3.4,1.9,4.0,3.2,1.8,4.3,3.35,1.75
2006/2007,2007-04-01 00:00:00,SP2,Spain,La Liga Segunda Division,,Sp Gijon,Almeria,1,2,A,1,0,H,,,,2.9,2.8,2.4,2.75,2.8,2.5,2.6,2.8,2.7
2006/2007,2007-04-01 00:00:00,SP2,Spain,La Liga Segunda Division,,Albacete,Castellon,0,1,A,0,1,A,,,,2.0,2.9,3.8,1.8,2.9,4.5,1.75,3.1,4.55
2006/2007,2007-04-01 00:00:00,SP2,Spain,La Liga Segunda Division,,Alaves,Hercules,2,3,A,0,1,A,,,,2.0,2.87,3.8,2.0,2.75,4.0,2.05,2.8,3.75
2006/2007,2007-03-25 00:00:00,SP2,Spain,La Liga Segunda Division,,Elche,Valladolid,0,1,A,0,1,A,,,,3.3,2.87,2.1,3.0,2.9,2.25,3.1,2.9,2.25
2006/2007,2007-03-25 00:00:00,SP2,Spain,La Liga Segunda Division,,Vecindario,Ciudad de Murcia,0,1,A,0,1,A,,,,2.8,2.8,2.45,2.6,3.0,2.5,2.8,2.8,2.5
2006/2007,2007-03-24 00:00:00,SP2,Spain,La Liga Segunda Division,,Cadiz,Albacete,1,2,A,0,0,D,,,,1.85,2.87,4.75,1.9,2.8,4.2,1.9,2.9,4.15
2006/2007,2007-03-18 00:00:00,SP2,Spain,La Liga Segunda Division,,Numancia,Murcia,1,2,A,0,1,A,,,,2.37,2.87,3.3,2.25,2.9,3.0,2.4,2.75,3.0
2006/2007,2007-03-17 00:00:00,SP1,Spain,La Liga Primera Division,,Recreativo,Barcelona,0,4,A,0,3,A,,,,5.5,3.6,1.61,4.33,3.2,1.72,5.5,3.4,1.6
2006/2007,2007-03-17 00:00:00,SP1,Spain,La Liga Primera Division,,Ath Bilbao,Osasuna,0,3,A,0,1,A,,,,2.25,3.2,3.1,2.25,2.9,3.0,2.2,3.15,3.05
2006/2007,2007-03-17 00:00:00,SP1,Spain,La Liga Primera Division,,Valencia,Santander,0,2,A,0,1,A,,,,1.53,3.6,6.5,1.5,3.4,6.0,1.5,3.65,6.15
2006/2007,2007-03-11 00:00:00,SP2,Spain,La Liga Segunda Division,,Castellon,Salamanca,1,2,A,1,1,D,,,,2.05,2.8,3.6,2.25,2.75,3.2,2.4,2.8,2.95
2006/2007,2007-03-11 00:00:00,SP2,Spain,La Liga Segunda Division,,Lorca,Valladolid,0,2,A,0,0,D,,,,3.4,2.87,2.15,3.75,3.0,1.9,3.5,2.85,2.1
2006/2007,2007-03-11 00:00:00,SP2,Spain,La Liga Segunda Division,,Murcia,Albacete,0,1,A,0,0,D,,,,1.72,3.1,5.25,1.65,3.2,5.0,1.65,3.2,5.15
2006/2007,2007-03-10 00:00:00,SP2,Spain,La Liga Segunda Division,,Real Madrid B,Las Palmas,0,3,A,0,0,D,,,,2.0,2.9,3.75,2.2,3.0,3.0,2.2,2.75,3.4
2006/2007,2007-03-10 00:00:00,SP2,Spain,La Liga Segunda Division,,Vecindario,Sp Gijon,0,2,A,0,1,A,,,,2.9,2.8,2.37,2.75,3.0,2.4,2.8,2.8,2.5
2006/2007,2007-03-10 00:00:00,SP1,Spain,La Liga Primera Division,,Levante,Villarreal,0,2,A,0,1,A,,,,2.4,3.2,2.87,2.25,3.0,2.9,2.35,3.1,2.85
2006/2007,2007-03-04 00:00:00,SP1,Spain,La Liga Primera Division,,Ath Bilbao,Gimnastic,0,2,A,0,1,A,,,,1.66,3.4,5.5,1.72,3.2,4.33,1.6,3.45,5.35
2006/2007,2007-03-04 00:00:00,SP1,Spain,La Liga Primera Division,,La Coruna,Betis,0,1,A,0,0,D,,,,2.1,3.2,3.5,2.0,3.0,3.5,2.0,3.15,3.5
2006/2007,2007-03-04 00:00:00,SP2,Spain,La Liga Segunda Division,,Hercules,Almeria,0,2,A,0,0,D,,,,2.5,2.8,2.8,2.5,2.8,2.75,2.45,2.85,2.85
2006/2007,2007-03-04 00:00:00,SP2,Spain,La Liga Segunda Division,,Sp Gijon,Real Madrid B,0,1,A,0,0,D,,,,1.9,3.0,4.2,1.9,3.0,3.75,1.85,3.0,4.15
2006/2007,2007-02-25 00:00:00,SP2,Spain,La Liga Segunda Division,,Lorca,Poli Ejido,1,3,A,1,1,D,,,,2.37,2.8,3.0,2.38,2.8,2.88,2.55,2.75,2.8
2006/2007,2007-02-25 00:00:00,SP1,Spain,La Liga Primera Division,,Osasuna,Espanol,0,2,A,0,1,A,,,,2.25,3.0,3.0,2.1,3.2,3.0,2.1,3.15,3.25
2006/2007,2007-02-24 00:00:00,SP2,Spain,La Liga Segunda Division,,Tenerife,Alaves,1,2,A,0,1,A,,,,2.15,2.87,3.3,1.91,3.0,3.75,2.2,2.8,3.35
2006/2007,2007-02-24 00:00:00,SP1,Spain,La Liga Primera Division,,Sociedad,La Coruna,0,1,A,0,1,A,,,,2.5,3.0,2.62,2.5,2.88,2.62,2.45,3.15,2.65
2006/2007,2007-02-18 00:00:00,SP2,Spain,La Liga Segunda Division,,Poli Ejido,Valladolid,2,3,A,2,0,H,,,,2.7,2.8,2.55,3.0,2.87,2.25,2.8,2.8,2.5
2006/2007,2007-02-18 00:00:00,SP2,Spain,La Liga Segunda Division,,Castellon,Murcia,0,1,A,0,0,D,,,,2.7,2.75,2.7,2.5,2.8,2.75,2.7,2.75,2.65
2006/2007,2007-02-18 00:00:00,SP1,Spain,La Liga Primera Division,,Osasuna,Celta,0,1,A,0,1,A,,,,1.9,3.25,4.0,1.66,3.3,4.5,1.75,3.4,4.25
2006/2007,2007-02-11 00:00:00,SP2,Spain,La Liga Segunda Division,,Malaga,Albacete,0,3,A,0,3,A,,,,1.9,3.1,3.8,1.9,2.87,4.0,1.95,2.9,3.95
2006/2007,2007-02-11 00:00:00,SP2,Spain,La Liga Segunda Division,,Lorca,Las Palmas,0,1,A,0,0,D,,,,2.0,2.87,4.0,2.25,2.75,3.2,2.25,2.7,3.4
2006/2007,2007-02-11 00:00:00,SP2,Spain,La Liga Segunda Division,,Elche,Numancia,1,2,A,0,1,A,,,,2.2,2.8,3.3,2.37,2.75,3.0,2.4,2.8,2.95
2006/2007,2007-02-11 00:00:00,SP1,Spain,La Liga Primera Division,,Celta,Espanol,0,2,A,0,1,A,,,,2.25,3.1,3.2,2.25,3.0,2.87,2.25,3.15,2.95
2006/2007,2007-02-11 00:00:00,SP1,Spain,La Liga Primera Division,,Gimnastic,Osasuna,2,3,A,1,1,D,,,,2.7,3.25,2.5,2.5,3.2,2.5,2.65,3.15,2.45
2006/2007,2007-02-11 00:00:00,SP1,Spain,La Liga Primera Division,,Villarreal,La Coruna,0,2,A,0,1,A,,,,2.1,3.2,3.5,1.83,3.0,4.0,1.88,3.25,3.8
2006/2007,2007-02-10 00:00:00,SP1,Spain,La Liga Primera Division,,Sociedad,Real Madrid,1,2,A,1,1,D,,,,4.33,3.3,1.83,4.33,3.2,1.72,3.85,3.3,1.85
2006/2007,2007-02-10 00:00:00,SP2,Spain,La Liga Segunda Division,,Ponferradina,Sp Gijon,0,3,A,0,1,A,,,,2.45,2.8,2.87,2.25,2.87,3.0,2.5,2.75,2.85
2006/2007,2007-02-04 00:00:00,SP1,Spain,La Liga Primera Division,,Ath Bilbao,Betis,1,2,A,0,1,A,,,,2.15,3.2,3.4,2.0,3.0,3.5,2.2,3.15,3.05
2006/2007,2007-02-04 00:00:00,SP2,Spain,La Liga Segunda Division,,Sp Gijon,Lorca,0,1,A,0,0,D,,,,1.95,3.0,3.8,1.8,3.2,4.0,1.7,3.15,4.8
2006/2007,2007-02-04 00:00:00,SP1,Spain,La Liga Primera Division,,Real Madrid,Levante,0,1,A,0,1,A,,,,1.28,5.0,10.0,1.28,4.33,9.0,1.25,5.0,9.75
2006/2007,2007-02-03 00:00:00,SP2,Spain,La Liga Segunda Division,,Alaves,Malaga,0,1,A,0,0,D,,,,1.95,3.0,3.8,1.83,2.87,4.33,1.95,2.9,3.95
2006/2007,2007-02-03 00:00:00,SP1,Spain,La Liga Primera Division,,Espanol,Zaragoza,1,2,A,0,0,D,,,,2.5,3.2,2.75,2.25,3.2,2.75,2.4,3.2,2.7
2006/2007,2007-02-03 00:00:00,SP2,Spain,La Liga Segunda Division,,Hercules,Real Madrid B,0,3,A,0,0,D,,,,1.75,3.0,5.0,1.72,2.87,5.0,1.8,3.05,4.35
2006/2007,2007-01-28 00:00:00,SP1,Spain,La Liga Primera Division,,Levante,Sevilla,2,4,A,0,1,A,,,,4.0,3.25,1.9,4.0,3.2,1.8,4.65,3.35,1.7
2006/2007,2007-01-28 00:00:00,SP1,Spain,La Liga Primera Division,,Sociedad,Ath Bilbao,0,2,A,0,1,A,,,,2.3,3.1,3.1,2.25,3.0,2.87,2.3,3.1,2.9
2006/2007,2007-01-28 00:00:00,SP2,Spain,La Liga Segunda Division,,Vecindario,Cadiz,1,2,A,1,0,H,,,,3.6,2.9,2.0,3.2,2.8,2.2,3.65,2.85,2.05
2006/2007,2007-01-21 00:00:00,SP1,Spain,La Liga Primera Division,,Mallorca,Real Madrid,0,1,A,0,0,D,,,,4.33,3.4,1.8,4.5,3.3,1.67,4.25,3.4,1.75
2006/2007,2007-01-21 00:00:00,SP2,Spain,La Liga Segunda Division,,Ponferradina,Alaves,0,2,A,0,1,A,,,,2.3,2.87,3.0,2.2,3.0,3.0,2.35,2.8,3.05
2006/2007,2007-01-21 00:00:00,SP1,Spain,La Liga Primera Division,,Sociedad,Valencia,0,1,A,0,1,A,,,,3.6,3.1,2.1,3.2,3.2,2.0,3.45,3.2,2.0
2006/2007,2007-01-21 00:00:00,SP2,Spain,La Liga Segunda Division,,Vecindario,Almeria,0,1,A,0,1,A,,,,3.4,2.87,2.1,3.0,2.88,2.25,3.15,2.8,2.3
2006/2007,2007-01-20 00:00:00,SP2,Spain,La Liga Segunda Division,,Real Madrid B,Cadiz,0,1,A,0,1,A,,,,2.7,2.87,2.55,2.25,3.0,2.88,2.4,2.85,2.9
2006/2007,2007-01-14 00:00:00,SP1,Spain,La Liga Primera Division,,Ath Bilbao,Villarreal,0,1,A,0,0,D,,,,2.3,3.1,3.1,2.1,3.2,3.0,2.35,3.15,2.8
2006/2007,2007-01-14 00:00:00,SP1,Spain,La Liga Primera Division,,Sevilla,Mallorca,1,2,A,1,0,H,,,,1.33,4.5,9.5,1.28,4.33,9.0,1.35,4.25,8.0
2006/2007,2007-01-14 00:00:00,SP1,Spain,La Liga Primera Division,,Gimnastic,Getafe,1,3,A,0,2,A,,,,2.7,3.1,2.6,2.5,2.87,2.62,2.6,3.15,2.5
2006/2007,2007-01-14 00:00:00,SP1,Spain,La Liga Primera Division,,Celta,Ath Madrid,1,3,A,0,2,A,,,,2.6,3.2,2.62,2.5,3.0,2.6,2.45,3.15,2.65
2006/2007,2007-01-13 00:00:00,SP2,Spain,La Liga Segunda Division,,Albacete,Valladolid,0,2,A,0,0,D,,,,2.45,2.87,2.8,2.75,2.8,2.5,2.85,2.7,2.55
2006/2007,2007-01-13 00:00:00,SP2,Spain,La Liga Segunda Division,,Castellon,Elche,1,2,A,1,0,H,,,,2.0,2.9,3.75,1.9,3.0,3.75,1.8,3.0,4.45
2006/2007,2007-01-13 00:00:00,SP2,Spain,La Liga Segunda Division,,Sp Gijon,Poli Ejido,0,1,A,0,0,D,,,,1.9,3.0,4.0,1.9,3.0,3.75,1.85,3.1,4.0
2006/2007,2007-01-13 00:00:00,SP2,Spain,La Liga Segunda Division,,Las Palmas,Ciudad de Murcia,0,1,A,0,0,D,,,,2.0,3.1,3.5,2.0,3.0,3.5,2.15,2.95,3.25
2006/2007,2007-01-07 00:00:00,SP1,Spain,La Liga Primera Division,,Espanol,Recreativo,0,1,A,0,0,D,,,,2.0,3.2,3.75,2.0,3.2,3.2,1.9,3.25,3.75
2006/2007,2007-01-07 00:00:00,SP2,Spain,La Liga Segunda Division,,Real Madrid B,Murcia,0,2,A,0,0,D,,,,2.37,2.87,2.9,2.25,2.75,3.2,2.4,2.8,2.95
2006/2007,2007-01-07 00:00:00,SP1,Spain,La Liga Primera Division,,Mallorca,Ath Bilbao,1,3,A,0,1,A,,,,2.25,3.2,3.1,2.25,3.2,2.75,2.2,3.15,3.05
2006/2007,2007-01-07 00:00:00,SP1,Spain,La Liga Primera Division,,Villarreal,Valencia,0,1,A,0,0,D,,,,2.75,3.2,2.5,2.75,3.2,2.25,2.6,3.15,2.5
2006/2007,2007-01-06 00:00:00,SP2,Spain,La Liga Segunda Division,,Xerez,Albacete,0,1,A,0,1,A,,,,1.9,3.0,4.0,1.83,3.0,4.0,1.95,2.95,3.85
2006/2007,2007-01-06 00:00:00,SP2,Spain,La Liga Segunda Division,,Lorca,Hercules,0,1,A,0,1,A,,,,2.5,2.8,2.8,2.4,2.8,2.87,2.5,2.75,2.85
2006/2007,2006-12-20 00:00:00,SP1,Spain,La Liga Primera Division,,Getafe,Espanol,0,1,A,0,0,D,,,,2.0,3.2,3.75,2.1,3.2,3.0,2.05,3.15,3.35
2006/2007,2006-12-20 00:00:00,SP1,Spain,La Liga Primera Division,,Gimnastic,Betis,0,1,A,0,0,D,,,,2.6,3.2,2.62,2.5,3.2,2.5,2.6,3.15,2.5
2006/2007,2006-12-20 00:00:00,SP1,Spain,La Liga Primera Division,,Real Madrid,Recreativo,0,3,A,0,1,A,,,,1.3,4.5,12.0,1.28,4.33,9.0,1.25,5.0,9.6
2006/2007,2006-12-20 00:00:00,SP2,Spain,La Liga Segunda Division,,Vecindario,Salamanca,0,3,A,0,3,A,,,,2.87,2.8,2.37,2.62,2.87,2.5,2.9,2.85,2.4
2006/2007,2006-12-17 00:00:00,SP2,Spain,La Liga Segunda Division,,Lorca,Cadiz,1,2,A,0,1,A,,,,2.5,2.8,2.8,2.5,2.8,2.75,2.4,2.75,3.0
2006/2007,2006-12-17 00:00:00,SP2,Spain,La Liga Segunda Division,,Salamanca,Sp Gijon,0,1,A,0,0,D,,,,2.1,2.8,3.6,2.1,3.0,3.2,2.05,2.85,3.65
2006/2007,2006-12-17 00:00:00,SP2,Spain,La Liga Segunda Division,,Xerez,Hercules,0,2,A,0,1,A,,,,1.9,2.9,4.0,1.8,2.87,4.5,1.7,3.1,5.0
2006/2007,2006-12-17 00:00:00,SP1,Spain,La Liga Primera Division,,Espanol,Real Madrid,0,1,A,0,0,D,,,,4.0,3.25,1.9,3.75,3.2,1.83,4.3,3.35,1.75
2006/2007,2006-12-17 00:00:00,SP1,Spain,La Liga Primera Division,,Villarreal,Osasuna,1,4,A,0,2,A,,,,1.9,3.25,4.0,1.72,3.2,4.33,1.7,3.4,4.5
2006/2007,2006-12-17 00:00:00,SP1,Spain,La Liga Primera Division,,Recreativo,Sevilla,1,3,A,1,2,A,,,,3.6,3.3,2.0,3.2,3.2,2.0,3.2,3.2,2.1
2006/2007,2006-12-16 00:00:00,SP2,Spain,La Liga Segunda Division,,Ponferradina,Almeria,0,1,A,0,0,D,,,,2.55,2.8,2.75,2.5,2.87,2.62,2.55,2.75,2.8
2006/2007,2006-12-16 00:00:00,SP1,Spain,La Liga Primera Division,,Zaragoza,Valencia,0,1,A,0,1,A,,,,2.3,3.1,3.1,2.37,3.0,2.75,2.25,3.2,2.9
2006/2007,2006-12-16 00:00:00,SP1,Spain,La Liga Primera Division,,Mallorca,Santander,1,2,A,1,0,H,,,,2.1,3.1,3.6,2.1,3.0,3.2,2.1,3.1,3.3
2006/2007,2006-12-16 00:00:00,SP1,Spain,La Liga Primera Division,,La Coruna,Ath Bilbao,0,2,A,0,1,A,,,,2.0,3.2,3.75,1.9,3.2,3.5,1.8,3.35,4.0
2006/2007,2006-12-10 00:00:00,SP1,Spain,La Liga Primera Division,,Ath Madrid,Espanol,1,2,A,0,1,A,,,,1.8,3.3,4.5,1.62,3.25,5.0,1.6,3.4,5.45
2006/2007,2006-12-10 00:00:00,SP1,Spain,La Liga Primera Division,,Santander,Zaragoza,0,2,A,0,0,D,,,,3.1,3.2,2.25,2.6,3.2,2.38,2.6,3.15,2.5
2006/2007,2006-12-03 00:00:00,SP1,Spain,La Liga Primera Division,,Zaragoza,Osasuna,1,2,A,1,0,H,,,,1.53,3.8,6.0,1.44,3.6,6.5,1.45,3.75,6.75
2006/2007,2006-12-03 00:00:00,SP2,Spain,La Liga Segunda Division,,Sp Gijon,Albacete,0,1,A,0,0,D,,,,1.83,3.0,4.75,1.72,3.2,4.5,1.7,3.15,4.8
2006/2007,2006-12-03 00:00:00,SP2,Spain,La Liga Segunda Division,,Xerez,Cadiz,1,4,A,1,1,D,,,,1.8,3.1,4.33,1.72,2.87,5.0,1.65,3.25,5.0
2006/2007,2006-12-03 00:00:00,SP2,Spain,La Liga Segunda Division,,Poli Ejido,Castellon,0,2,A,0,1,A,,,,1.85,3.0,4.5,1.8,3.0,4.33,1.75,3.0,4.85
2006/2007,2006-12-02 00:00:00,SP1,Spain,La Liga Primera Division,,Betis,Ath Madrid,0,1,A,0,1,A,,,,2.6,3.1,2.7,2.37,3.0,2.75,2.6,3.15,2.5
2006/2007,2006-11-26 00:00:00,SP1,Spain,La Liga Primera Division,,Valencia,Real Madrid,0,1,A,0,0,D,,,,2.75,3.2,2.5,2.5,3.2,2.5,2.6,3.15,2.5
2006/2007,2006-11-26 00:00:00,SP1,Spain,La Liga Primera Division,,Ath Bilbao,Sevilla,1,3,A,0,2,A,,,,3.4,3.25,2.1,3.2,3.2,2.0,3.25,3.15,2.05
2006/2007,2006-11-26 00:00:00,SP1,Spain,La Liga Primera Division,,Gimnastic,Mallorca,2,3,A,1,0,H,,,,2.4,3.2,2.87,2.6,3.2,2.37,2.5,3.15,2.6
2006/2007,2006-11-26 00:00:00,SP2,Spain,La Liga Segunda Division,,Murcia,Valladolid,1,4,A,1,2,A,,,,2.2,2.8,3.3,2.25,2.87,3.0,2.1,2.8,3.6
2006/2007,2006-11-25 00:00:00,SP2,Spain,La Liga Segunda Division,,Real Madrid B,Elche,0,2,A,0,1,A,,,,1.9,2.87,4.2,1.72,3.1,4.5,1.7,3.15,4.85
2006/2007,2006-11-25 00:00:00,SP2,Spain,La Liga Segunda Division,,Albacete,Numancia,1,3,A,0,2,A,,,,1.85,2.75,5.0,1.9,3.0,3.75,1.75,3.05,4.65
2006/2007,2006-11-19 00:00:00,SP1,Spain,La Liga Primera Division,,La Coruna,Celta,0,1,A,0,0,D,,,,2.0,3.2,3.75,1.83,3.0,4.0,1.85,3.35,3.8
2006/2007,2006-11-19 00:00:00,SP1,Spain,La Liga Primera Division,,Levante,Ath Madrid,0,3,A,0,1,A,,,,2.7,3.1,2.6,2.5,3.2,2.5,2.7,3.15,2.4
2006/2007,2006-11-19 00:00:00,SP1,Spain,La Liga Primera Division,,Mallorca,Barcelona,1,4,A,0,1,A,,,,6.0,3.6,1.61,6.0,3.4,1.5,6.0,3.85,1.48
2006/2007,2006-11-19 00:00:00,SP2,Spain,La Liga Segunda Division,,Ponferradina,Real Madrid B,0,3,A,0,1,A,,,,2.2,2.75,3.4,2.2,3.0,3.0,2.25,2.75,3.3
2006/2007,2006-11-18 00:00:00,SP2,Spain,La Liga Segunda Division,,Poli Ejido,Almeria,1,2,A,1,1,D,,,,2.1,2.87,3.4,1.9,3.0,3.75,1.95,2.95,3.8
2006/2007,2006-11-12 00:00:00,SP1,Spain,La Liga Primera Division,,Osasuna,Real Madrid,1,4,A,0,3,A,,,,4.33,3.4,1.8,4.0,3.2,1.8,4.75,3.5,1.65
2006/2007,2006-11-12 00:00:00,SP1,Spain,La Liga Primera Division,,Celta,Recreativo,1,2,A,0,0,D,,,,1.75,3.5,4.5,1.72,3.2,4.33,1.75,3.3,4.35
2006/2007,2006-11-12 00:00:00,SP2,Spain,La Liga Segunda Division,,Castellon,Sp Gijon,0,3,A,0,1,A,,,,2.4,2.75,2.87,2.37,2.87,2.8,2.35,2.65,3.25
2006/2007,2006-11-12 00:00:00,SP2,Spain,La Liga Segunda Division,,Vecindario,Valladolid,1,2,A,1,1,D,,,,3.5,2.8,2.05,3.2,3.0,2.1,3.35,2.85,2.15
2006/2007,2006-11-12 00:00:00,SP2,Spain,La Liga Segunda Division,,Tenerife,Xerez,0,2,A,0,1,A,,,,2.62,2.75,2.75,2.75,2.8,2.5,2.6,2.75,2.75
2006/2007,2006-11-11 00:00:00,SP2,Spain,La Liga Segunda Division,,Murcia,Poli Ejido,0,1,A,0,0,D,,,,1.7,3.1,4.5,1.75,3.1,4.33,1.7,3.1,5.0
2006/2007,2006-11-05 00:00:00,SP1,Spain,La Liga Primera Division,,Real Madrid,Celta,1,2,A,1,1,D,,,,1.36,4.33,9.0,1.33,4.0,8.0,1.3,4.5,9.0
2006/2007,2006-11-04 00:00:00,SP2,Spain,La Liga Segunda Division,,Albacete,Hercules,0,1,A,0,0,D,,,,1.9,3.1,3.5,1.73,3.2,4.5,1.7,3.1,5.0
2006/2007,2006-10-29 00:00:00,SP1,Spain,La Liga Primera Division,,Sociedad,Villarreal,0,1,A,0,0,D,,,,2.87,3.2,2.4,2.5,3.2,2.5,2.8,3.15,2.35
2006/2007,2006-10-29 00:00:00,SP2,Spain,La Liga Segunda Division,,Elche,Lorca,0,2,A,0,1,A,,,,2.25,2.75,3.25,2.25,3.0,2.87,2.3,2.75,3.2
2006/2007,2006-10-29 00:00:00,SP1,Spain,La Liga Primera Division,,Betis,Mallorca,0,1,A,0,0,D,,,,2.0,3.2,3.75,1.83,3.2,3.75,1.9,3.3,3.65
2006/2007,2006-10-29 00:00:00,SP2,Spain,La Liga Segunda Division,,Malaga,Valladolid,0,1,A,0,0,D,,,,2.1,2.87,3.5,2.1,3.0,3.2,2.0,2.85,3.8
2006/2007,2006-10-29 00:00:00,SP1,Spain,La Liga Primera Division,,Celta,Sevilla,1,2,A,1,1,D,,,,2.5,3.2,2.75,2.5,3.2,2.5,2.65,3.15,2.45
2006/2007,2006-10-29 00:00:00,SP1,Spain,La Liga Primera Division,,Ath Madrid,Zaragoza,0,1,A,0,0,D,,,,1.9,3.25,4.0,1.9,3.2,3.5,1.85,3.35,3.8
2006/2007,2006-10-29 00:00:00,SP2,Spain,La Liga Segunda Division,,Ponferradina,Salamanca,1,2,A,0,1,A,,,,2.3,2.75,3.2,2.25,2.87,3.0,2.3,2.8,3.1
2006/2007,2006-10-28 00:00:00,SP2,Spain,La Liga Segunda Division,,Vecindario,Poli Ejido,0,4,A,0,2,A,,,,2.55,2.75,2.8,2.5,2.87,2.62,2.5,2.75,2.85
2006/2007,2006-10-28 00:00:00,SP1,Spain,La Liga Primera Division,,Gimnastic,Real Madrid,1,3,A,1,1,D,,,,7.5,4.0,1.44,8.0,3.75,1.36,8.0,4.25,1.35
2006/2007,2006-10-22 00:00:00,SP2,Spain,La Liga Segunda Division,,Sp Gijon,Murcia,0,1,A,0,1,A,,,,2.15,2.8,3.3,2.25,2.87,3.0,2.35,2.85,3.0
2006/2007,2006-10-22 00:00:00,SP1,Spain,La Liga Primera Division,,Ath Bilbao,Celta,0,1,A,0,1,A,,,,2.37,3.2,2.9,2.25,3.2,2.75,2.3,3.15,2.85
2006/2007,2006-10-22 00:00:00,SP1,Spain,La Liga Primera Division,,Recreativo,Getafe,1,2,A,0,1,A,,,,2.37,3.1,3.0,2.1,3.2,3.0,2.3,3.15,2.85
2006/2007,2006-10-15 00:00:00,SP1,Spain,La Liga Primera Division,,Gimnastic,Ath Bilbao,2,3,A,0,2,A,,,,2.37,3.2,2.9,2.25,3.2,2.75,2.45,3.15,2.65
2006/2007,2006-10-15 00:00:00,SP1,Spain,La Liga Primera Division,,Levante,Mallorca,0,1,A,0,1,A,,,,2.25,3.2,3.1,2.0,3.2,3.2,2.1,3.15,3.25
2006/2007,2006-10-15 00:00:00,SP2,Spain,La Liga Segunda Division,,Tenerife,Sp Gijon,0,4,A,0,3,A,,,,2.1,3.0,3.6,2.1,3.0,3.2,2.05,2.8,3.6
2006/2007,2006-10-15 00:00:00,SP1,Spain,La Liga Primera Division,,Osasuna,Santander,0,1,A,0,0,D,,,,1.8,3.3,4.5,1.66,3.1,5.0,1.7,3.45,4.5
2006/2007,2006-10-15 00:00:00,SP1,Spain,La Liga Primera Division,,Sociedad,Zaragoza,1,3,A,1,1,D,,,,2.6,3.2,2.62,2.5,3.2,2.5,2.5,3.15,2.6
2006/2007,2006-10-15 00:00:00,SP2,Spain,La Liga Segunda Division,,Lorca,Salamanca,0,2,A,0,1,A,,,,2.15,2.9,3.5,2.1,3.0,3.2,2.3,2.75,3.1
2006/2007,2006-10-08 00:00:00,SP2,Spain,La Liga Segunda Division,,Salamanca,Castellon,1,2,A,0,1,A,,,,1.85,3.0,4.0,1.8,3.0,4.33,1.75,3.05,4.45
2006/2007,2006-10-08 00:00:00,SP2,Spain,La Liga Segunda Division,,Hercules,Cadiz,0,1,A,0,1,A,,,,2.37,2.7,3.1,2.37,3.0,2.75,2.45,2.75,2.85
2006/2007,2006-10-07 00:00:00,SP2,Spain,La Liga Segunda Division,,Numancia,Tenerife,0,1,A,0,1,A,,,,1.83,3.0,4.2,1.8,3.0,4.33,1.85,2.9,4.25
2006/2007,2006-10-01 00:00:00,SP1,Spain,La Liga Primera Division,,Mallorca,Villarreal,1,2,A,0,2,A,,,,2.5,3.2,2.5,2.38,3.2,2.6,2.6,3.15,2.5
2006/2007,2006-10-01 00:00:00,SP2,Spain,La Liga Segunda Division,,Valladolid,Salamanca,2,3,A,1,2,A,,,,1.8,3.0,4.2,1.83,3.0,4.0,1.75,3.05,4.5
2006/2007,2006-10-01 00:00:00,SP2,Spain,La Liga Segunda Division,,Real Madrid B,Sp Gijon,0,3,A,0,1,A,,,,2.1,2.75,3.5,2.0,3.0,3.5,2.1,2.75,3.55
2006/2007,2006-10-01 00:00:00,SP2,Spain,La Liga Segunda Division,,Elche,Ciudad de Murcia,1,2,A,0,1,A,,,,2.3,2.8,3.0,2.38,2.8,2.88,2.2,2.75,3.3
2006/2007,2006-09-30 00:00:00,SP1,Spain,La Liga Primera Division,,Ath Bilbao,Barcelona,1,3,A,1,1,D,,,,6.0,4.0,1.5,7.0,3.75,1.4,6.5,3.85,1.45
2006/2007,2006-09-30 00:00:00,SP2,Spain,La Liga Segunda Division,,Cadiz,Castellon,0,2,A,0,2,A,,,,1.61,3.0,6.0,1.62,3.1,5.5,1.7,3.1,4.75
2006/2007,2006-09-30 00:00:00,SP2,Spain,La Liga Segunda Division,,Vecindario,Numancia,1,5,A,0,4,A,,,,2.75,2.75,2.5,2.5,2.8,2.75,2.75,2.7,2.6
2006/2007,2006-09-24 00:00:00,SP2,Spain,La Liga Segunda Division,,Numancia,Real Madrid B,0,1,A,0,1,A,,,,1.83,2.87,4.33,1.75,3.0,4.5,1.9,2.9,4.0
2006/2007,2006-09-24 00:00:00,SP2,Spain,La Liga Segunda Division,,Sp Gijon,Malaga,1,3,A,1,0,H,,,,2.37,2.8,2.87,2.5,3.0,2.6,2.3,2.75,3.1
2006/2007,2006-09-24 00:00:00,SP1,Spain,La Liga Primera Division,,Sociedad,Recreativo,2,3,A,0,1,A,,,,1.9,3.25,4.0,1.9,3.2,3.5,1.85,3.35,3.8
2006/2007,2006-09-24 00:00:00,SP1,Spain,La Liga Primera Division,,Celta,Osasuna,0,2,A,0,1,A,,,,1.9,3.25,4.0,1.83,3.2,3.75,1.95,3.25,3.55
2006/2007,2006-09-23 00:00:00,SP2,Spain,La Liga Segunda Division,,Hercules,Murcia,0,1,A,0,1,A,,,,2.1,2.8,3.5,2.1,3.1,3.1,2.1,2.85,3.4
2006/2007,2006-09-23 00:00:00,SP1,Spain,La Liga Primera Division,,Betis,Real Madrid,0,1,A,0,1,A,,,,3.75,3.2,2.0,3.2,3.2,2.0,3.65,3.3,1.9
2006/2007,2006-09-17 00:00:00,SP2,Spain,La Liga Segunda Division,,Valladolid,Poli Ejido,0,1,A,0,1,A,,,,1.72,3.1,5.5,1.7,3.2,4.5,1.75,3.0,4.55
2006/2007,2006-09-17 00:00:00,SP1,Spain,La Liga Primera Division,,Ath Bilbao,Ath Madrid,1,4,A,0,2,A,,,,2.7,3.25,2.5,2.62,2.88,2.5,2.6,3.25,2.45
2006/2007,2006-09-17 00:00:00,SP1,Spain,La Liga Primera Division,,Santander,Barcelona,0,3,A,0,1,A,,,,7.5,4.33,1.4,8.0,4.0,1.33,7.5,4.35,1.35
2006/2007,2006-09-17 00:00:00,SP1,Spain,La Liga Primera Division,,Recreativo,Levante,0,1,A,0,0,D,,,,2.0,3.2,3.75,1.83,3.2,3.75,2.0,3.2,3.45
2006/2007,2006-09-16 00:00:00,SP2,Spain,La Liga Segunda Division,,Malaga,Numancia,1,2,A,1,2,A,,,,1.83,3.0,4.75,1.7,3.2,4.5,1.8,3.0,4.25
2006/2007,2006-09-16 00:00:00,SP2,Spain,La Liga Segunda Division,,Vecindario,Alaves,0,1,A,0,0,D,,,,3.1,3.0,2.37,2.75,3.0,2.4,2.85,2.75,2.45
2006/2007,2006-09-10 00:00:00,SP1,Spain,La Liga Primera Division,,Sociedad,Sevilla,1,3,A,0,1,A,,,,3.1,3.1,2.3,2.87,3.0,2.25,2.95,3.25,2.2
2006/2007,2006-09-10 00:00:00,SP1,Spain,La Liga Primera Division,,Gimnastic,Celta,1,2,A,0,0,D,,,,2.6,3.2,2.62,2.5,3.2,2.5,2.7,3.2,2.4
2006/2007,2006-09-10 00:00:00,SP1,Spain,La Liga Primera Division,,Villarreal,Recreativo,0,1,A,0,0,D,,,,1.5,3.75,7.0,1.44,3.6,6.5,1.45,3.75,6.75
2006/2007,2006-09-10 00:00:00,SP1,Spain,La Liga Primera Division,,Levante,Real Madrid,1,4,A,1,2,A,,,,7.0,3.75,1.5,6.0,3.75,1.44,7.5,4.35,1.35
2006/2007,2006-09-09 00:00:00,SP2,Spain,La Liga Segunda Division,,Poli Ejido,Xerez,0,2,A,0,2,A,,,,2.62,2.75,2.62,2.75,3.0,2.37,2.75,2.75,2.6
2006/2007,2006-09-09 00:00:00,SP1,Spain,La Liga Primera Division,,Ath Madrid,Valencia,0,1,A,0,1,A,,,,2.4,3.2,2.87,2.25,3.2,2.75,2.3,3.2,2.8
2006/2007,2006-09-03 00:00:00,SP2,Spain,La Liga Segunda Division,,Tenerife,Cadiz,0,1,A,0,0,D,,,,2.8,2.8,2.5,2.6,2.8,2.6,2.85,2.8,2.4
2006/2007,2006-09-02 00:00:00,SP2,Spain,La Liga Segunda Division,,Real Madrid B,Hercules,0,3,A,0,0,D,,,,2.1,2.87,3.5,2.1,3.2,3.0,2.0,2.85,3.65
2006/2007,2006-09-02 00:00:00,SP2,Spain,La Liga Segunda Division,,Lorca,Sp Gijon,0,2,A,0,0,D,,,,1.83,3.0,4.33,1.8,3.0,4.33,1.9,2.9,4.0
2006/2007,2006-09-02 00:00:00,SP2,Spain,La Liga Segunda Division,,Elche,Albacete,1,2,A,1,1,D,,,,2.25,3.0,3.2,2.2,3.0,3.0,2.2,2.8,3.2
2006/2007,2006-08-28 00:00:00,SP1,Spain,La Liga Primera Division,,Celta,Barcelona,2,3,A,1,0,H,,,,5.5,3.4,1.67,5.5,3.5,1.53,5.0,3.6,1.6
2006/2007,2006-08-27 00:00:00,SP2,Spain,La Liga Segunda Division,,Hercules,Malaga,0,1,A,0,0,D,,,,3.0,2.75,2.37,2.62,2.87,2.5,2.65,2.85,2.55
2006/2007,2006-08-27 00:00:00,SP2,Spain,La Liga Segunda Division,,Sp Gijon,Valladolid,1,3,A,1,1,D,,,,2.2,2.8,3.2,2.2,2.8,3.2,2.1,2.8,3.45
2006/2007,2006-08-27 00:00:00,SP1,Spain,La Liga Primera Division,,Espanol,Gimnastic,0,1,A,0,0,D,,,,1.72,3.4,5.0,1.66,3.25,4.5,1.7,3.4,4.55
2006/2007,2006-08-27 00:00:00,SP1,Spain,La Liga Primera Division,,Osasuna,Getafe,0,2,A,0,0,D,,,,1.83,3.3,4.33,1.83,3.2,3.75,1.85,3.35,3.8
2006/2007,2006-08-27 00:00:00,SP1,Spain,La Liga Primera Division,,Santander,Ath Madrid,0,1,A,0,1,A,,,,3.1,3.2,2.25,2.75,3.2,2.25,3.0,3.2,2.2
2006/2007,2006-08-26 00:00:00,SP2,Spain,La Liga Segunda Division,,Almeria,Tenerife,0,1,A,0,0,D,,,,1.8,3.0,4.33,1.7,3.0,5.0,1.8,2.9,4.5
2006/2007,2006-08-26 00:00:00,SP2,Spain,La Liga Segunda Division,,Las Palmas,Xerez,0,1,A,0,1,A,,,,2.5,2.8,2.75,2.5,2.87,2.62,2.5,2.75,2.8
2005/2006,2006-06-18 00:00:00,SP2,Spain,La Liga Segunda Division,,Hercules,Recreativo,0,2,A,0,2,A,,,,2.75,2.75,2.5,,,,2.85,2.7,2.5
2005/2006,2006-06-17 00:00:00,SP2,Spain,La Liga Segunda Division,,Lleida,Levante,0,1,A,0,1,A,,,,5.0,2.87,1.72,,,,4.8,3.25,1.65
2005/2006,2006-06-11 00:00:00,SP2,Spain,La Liga Segunda Division,,Poli Ejido,Eibar,0,1,A,0,0,D,,,,1.53,3.2,6.5,1.5,3.4,6.0,1.6,3.25,5.25
2005/2006,2006-06-10 00:00:00,SP2,Spain,La Liga Segunda Division,,Real Madrid B,Castellon,1,2,A,1,1,D,,,,2.6,2.7,2.75,2.37,3.0,2.75,2.55,2.75,2.75
2005/2006,2006-06-10 00:00:00,SP2,Spain,La Liga Segunda Division,,Ferrol,Valladolid,0,1,A,0,1,A,,,,3.0,2.7,2.4,2.8,2.75,2.5,2.85,2.7,2.5
2005/2006,2006-06-10 00:00:00,SP2,Spain,La Liga Segunda Division,,Recreativo,Xerez,1,2,A,0,1,A,,,,1.61,3.1,5.5,1.57,3.25,5.5,1.75,3.15,4.25
2005/2006,2006-06-04 00:00:00,SP2,Spain,La Liga Segunda Division,,Valladolid,Poli Ejido,0,1,A,0,1,A,,,,2.25,2.5,3.6,2.2,2.62,3.5,2.2,2.6,3.5
2005/2006,2006-06-04 00:00:00,SP2,Spain,La Liga Segunda Division,,Numancia,Recreativo,0,3,A,0,1,A,,,,2.9,2.75,2.37,2.62,2.88,2.5,2.8,2.75,2.5
2005/2006,2006-06-04 00:00:00,SP2,Spain,La Liga Segunda Division,,Lorca,Lleida,1,2,A,1,0,H,,,,1.5,3.75,5.5,1.5,3.4,6.0,1.45,3.65,6.25
2005/2006,2006-05-27 00:00:00,SP2,Spain,La Liga Segunda Division,,Ferrol,Tenerife,2,3,A,0,2,A,,,,2.3,3.0,2.8,2.3,2.8,3.0,2.15,3.0,3.1
2005/2006,2006-05-21 00:00:00,SP2,Spain,La Liga Segunda Division,,Sp Gijon,Levante,0,2,A,0,1,A,,,,2.75,2.75,2.5,2.62,2.87,2.5,2.7,2.7,2.65
2005/2006,2006-05-21 00:00:00,SP2,Spain,La Liga Segunda Division,,Castellon,Gimnastic,0,2,A,0,2,A,,,,2.62,2.8,2.62,2.5,2.87,2.62,2.65,3.05,2.4
2005/2006,2006-05-14 00:00:00,SP2,Spain,La Liga Segunda Division,,Poli Ejido,Ciudad de Murcia,2,3,A,1,1,D,,,,2.5,2.87,2.62,2.6,3.1,2.4,2.4,2.8,2.85
2005/2006,2006-05-14 00:00:00,SP2,Spain,La Liga Segunda Division,,Eibar,Valladolid,0,1,A,0,1,A,,,,2.75,2.75,2.5,2.5,3.0,2.6,2.55,2.75,2.75
2005/2006,2006-05-07 00:00:00,SP1,Spain,La Liga Primera Division,,La Coruna,Ath Bilbao,1,2,A,1,0,H,,,,1.9,3.25,4.0,1.8,3.4,3.6,1.7,3.4,4.5
2005/2006,2006-05-07 00:00:00,SP2,Spain,La Liga Segunda Division,,Malaga B,Recreativo,0,2,A,0,2,A,,,,4.5,3.1,1.72,4.0,3.2,1.8,4.15,2.95,1.85
2005/2006,2006-05-06 00:00:00,SP1,Spain,La Liga Primera Division,,Malaga,Sevilla,0,2,A,0,1,A,,,,5.0,3.4,1.72,4.5,3.5,1.62,4.5,3.45,1.7
2005/2006,2006-05-06 00:00:00,SP2,Spain,La Liga Segunda Division,,Almeria,Albacete,1,2,A,0,2,A,,,,1.66,3.2,4.75,1.55,3.2,6.0,1.6,3.05,5.85
2005/2006,2006-05-06 00:00:00,SP2,Spain,La Liga Segunda Division,,Tenerife,Lorca,2,3,A,0,0,D,,,,2.4,2.87,2.8,2.25,2.9,3.0,2.3,2.75,3.1
2005/2006,2006-05-04 00:00:00,SP1,Spain,La Liga Primera Division,,Santander,Real Madrid,2,3,A,0,1,A,,,,4.33,3.4,1.8,4.0,3.4,1.73,4.65,3.35,1.7
2005/2006,2006-05-03 00:00:00,SP1,Spain,La Liga Primera Division,,Espanol,La Coruna,1,2,A,1,0,H,,,,2.4,3.2,2.87,2.25,3.2,2.75,2.4,3.15,2.7
2005/2006,2006-05-03 00:00:00,SP1,Spain,La Liga Primera Division,,Ath Madrid,Osasuna,0,1,A,0,1,A,,,,2.37,3.25,2.87,2.2,3.25,2.75,2.1,3.2,3.2
2005/2006,2006-05-03 00:00:00,SP1,Spain,La Liga Primera Division,,Celta,Barcelona,0,1,A,0,0,D,,,,2.87,3.25,2.37,3.0,3.2,2.1,3.1,3.1,2.2
2005/2006,2006-04-30 00:00:00,SP2,Spain,La Liga Segunda Division,,Lleida,Recreativo,0,4,A,0,2,A,,,,2.87,2.87,2.4,3.0,2.8,2.3,2.85,2.75,2.45
2005/2006,2006-04-30 00:00:00,SP2,Spain,La Liga Segunda Division,,Elche,Castellon,1,2,A,1,0,H,,,,1.9,2.8,4.33,1.8,3.0,4.3,1.85,2.85,4.3
2005/2006,2006-04-30 00:00:00,SP2,Spain,La Liga Segunda Division,,Ferrol,Numancia,1,3,A,1,3,A,,,,2.6,2.7,2.8,2.8,2.75,2.5,2.5,2.75,2.8
2005/2006,2006-04-30 00:00:00,SP1,Spain,La Liga Primera Division,,Ath Madrid,Mallorca,0,1,A,0,0,D,,,,1.83,3.25,4.5,1.67,3.4,4.33,1.7,3.4,4.5
2005/2006,2006-04-30 00:00:00,SP1,Spain,La Liga Primera Division,,Malaga,Santander,2,3,A,2,1,H,,,,2.62,3.2,2.6,2.38,3.2,2.6,2.45,3.15,2.65
2005/2006,2006-04-30 00:00:00,SP1,Spain,La Liga Primera Division,,Osasuna,Real Madrid,0,1,A,0,0,D,,,,2.87,3.2,2.4,2.75,3.2,2.25,2.7,3.15,2.4
2005/2006,2006-04-30 00:00:00,SP1,Spain,La Liga Primera Division,,Sociedad,Sevilla,1,2,A,0,0,D,,,,2.4,3.2,2.87,2.38,2.8,2.88,2.35,3.1,2.8
2005/2006,2006-04-29 00:00:00,SP1,Spain,La Liga Primera Division,,La Coruna,Celta,0,2,A,0,1,A,,,,2.1,3.2,3.5,2.2,3.2,2.8,2.0,3.1,3.6
2005/2006,2006-04-29 00:00:00,SP2,Spain,La Liga Segunda Division,,Valladolid,Sp Gijon,1,3,A,1,2,A,,,,2.2,2.75,3.4,2.2,2.9,3.1,2.1,2.6,3.85
2005/2006,2006-04-29 00:00:00,SP2,Spain,La Liga Segunda Division,,Eibar,Tenerife,0,1,A,0,0,D,,,,2.5,2.8,2.8,2.3,2.8,3.0,2.4,2.7,3.0
2005/2006,2006-04-23 00:00:00,SP2,Spain,La Liga Segunda Division,,Hercules,Lorca,0,2,A,0,0,D,,,,2.37,2.8,2.9,2.25,2.75,3.2,2.4,2.75,2.95
2005/2006,2006-04-23 00:00:00,SP2,Spain,La Liga Segunda Division,,Numancia,Poli Ejido,1,2,A,0,2,A,,,,1.72,2.9,5.0,1.65,3.2,5.0,1.7,2.95,5.15
2005/2006,2006-04-23 00:00:00,SP1,Spain,La Liga Primera Division,,Ath Bilbao,Valencia,0,3,A,0,0,D,,,,2.8,3.1,2.25,2.75,3.2,2.25,2.85,3.15,2.3
2005/2006,2006-04-23 00:00:00,SP1,Spain,La Liga Primera Division,,Santander,Getafe,1,3,A,1,1,D,,,,2.1,3.25,3.0,2.25,3.2,2.75,2.25,3.15,2.95
2005/2006,2006-04-23 00:00:00,SP1,Spain,La Liga Primera Division,,Mallorca,Osasuna,0,1,A,0,0,D,,,,2.5,3.2,2.5,2.38,3.2,2.6,2.6,3.15,2.5
2005/2006,2006-04-22 00:00:00,SP1,Spain,La Liga Primera Division,,Villarreal,Sociedad,0,2,A,0,2,A,,,,1.83,3.25,3.75,1.91,3.2,3.5,1.95,3.2,3.65
2005/2006,2006-04-22 00:00:00,SP1,Spain,La Liga Primera Division,,Alaves,Ath Madrid,0,1,A,0,1,A,,,,2.2,3.2,3.25,2.2,3.2,2.8,2.3,3.15,2.85
2005/2006,2006-04-22 00:00:00,SP2,Spain,La Liga Segunda Division,,Xerez,Levante,0,1,A,0,0,D,,,,2.1,2.8,3.5,2.1,2.8,3.5,2.0,2.75,3.85
2005/2006,2006-04-22 00:00:00,SP2,Spain,La Liga Segunda Division,,Ciudad de Murcia,Eibar,0,2,A,0,1,A,,,,1.53,3.3,6.0,1.4,3.6,7.5,1.5,3.3,6.5
2005/2006,2006-04-16 00:00:00,SP1,Spain,La Liga Primera Division,,Zaragoza,Cadiz,1,2,A,1,1,D,,,,1.8,3.3,4.5,1.62,3.5,4.5,1.7,3.4,4.5
2005/2006,2006-04-16 00:00:00,SP2,Spain,La Liga Segunda Division,,Eibar,Hercules,0,1,A,0,1,A,,,,2.6,2.8,2.62,2.5,2.8,2.75,2.6,2.7,2.75
2005/2006,2006-04-16 00:00:00,SP2,Spain,La Liga Segunda Division,,Poli Ejido,Castellon,0,2,A,0,1,A,,,,1.9,2.87,4.0,1.8,2.9,4.5,1.95,2.85,3.85
2005/2006,2006-04-16 00:00:00,SP2,Spain,La Liga Segunda Division,,Valladolid,Ciudad de Murcia,0,2,A,0,0,D,,,,2.2,2.8,3.2,2.25,2.8,3.1,2.2,2.65,3.45
2005/2006,2006-04-16 00:00:00,SP1,Spain,La Liga Primera Division,,Betis,Celta,0,2,A,0,1,A,,,,2.25,3.2,3.1,2.1,3.0,3.2,2.15,3.1,3.2
2005/2006,2006-04-15 00:00:00,SP2,Spain,La Liga Segunda Division,,Lleida,Gimnastic,1,2,A,0,1,A,,,,2.8,2.75,2.5,3.0,2.75,2.38,2.8,2.75,2.5
2005/2006,2006-04-09 00:00:00,SP2,Spain,La Liga Segunda Division,,Almeria,Poli Ejido,1,2,A,1,0,H,,,,1.66,2.87,5.5,1.55,3.2,6.0,1.55,3.25,5.85
2005/2006,2006-04-09 00:00:00,SP2,Spain,La Liga Segunda Division,,Malaga B,Elche,1,3,A,0,0,D,,,,2.5,2.6,2.8,2.3,2.9,2.9,2.5,2.75,2.8
2005/2006,2006-04-09 00:00:00,SP1,Spain,La Liga Primera Division,,Alaves,Osasuna,1,2,A,0,1,A,,,,2.6,3.0,2.75,2.38,3.2,2.6,2.5,3.15,2.6
2005/2006,2006-04-08 00:00:00,SP1,Spain,La Liga Primera Division,,Malaga,Getafe,1,2,A,0,1,A,,,,2.4,3.25,2.8,2.5,3.2,2.5,2.4,3.15,2.7
2005/2006,2006-04-08 00:00:00,SP1,Spain,La Liga Primera Division,,Celta,Valencia,0,1,A,0,1,A,,,,2.5,3.2,2.75,2.25,3.2,2.75,2.55,3.0,2.65
2005/2006,2006-04-05 00:00:00,SP2,Spain,La Liga Segunda Division,,Hercules,Xerez,0,3,A,0,1,A,,,,2.5,2.7,2.87,2.3,2.8,3.0,2.55,2.7,2.8
2005/2006,2006-04-02 00:00:00,SP1,Spain,La Liga Primera Division,,Ath Madrid,Celta,0,3,A,0,0,D,,,,1.9,3.25,4.0,1.83,3.2,3.75,1.9,3.3,3.65
2005/2006,2006-04-02 00:00:00,SP2,Spain,La Liga Segunda Division,,Levante,Almeria,2,4,A,1,1,D,,,,2.1,2.8,3.5,2.25,2.75,3.2,2.1,2.75,3.55
2005/2006,2006-04-02 00:00:00,SP2,Spain,La Liga Segunda Division,,Murcia,Gimnastic,0,1,A,0,0,D,,,,2.62,2.7,2.7,2.5,2.8,2.75,2.8,2.75,2.5
2005/2006,2006-04-02 00:00:00,SP1,Spain,La Liga Primera Division,,Osasuna,Getafe,0,4,A,0,2,A,,,,1.66,3.4,5.5,1.67,3.25,4.5,1.6,3.5,5.15
2005/2006,2006-04-01 00:00:00,SP2,Spain,La Liga Segunda Division,,Eibar,Numancia,1,2,A,0,0,D,,,,2.9,2.75,2.4,3.2,2.75,2.25,2.75,2.7,2.6
2005/2006,2006-04-01 00:00:00,SP2,Spain,La Liga Segunda Division,,Poli Ejido,Real Madrid B,0,3,A,0,2,A,,,,2.25,2.75,3.2,2.2,2.8,3.2,2.25,2.75,3.2
2005/2006,2006-04-01 00:00:00,SP1,Spain,La Liga Primera Division,,Zaragoza,Villarreal,0,1,A,0,1,A,,,,2.0,3.2,3.75,2.1,3.2,3.0,2.0,3.15,3.5
2005/2006,2006-04-01 00:00:00,SP2,Spain,La Liga Segunda Division,,Tenerife,Ciudad de Murcia,0,1,A,0,0,D,,,,2.3,2.75,3.1,2.25,2.8,3.1,2.35,2.75,3.0
2005/2006,2006-03-26 00:00:00,SP2,Spain,La Liga Segunda Division,,Malaga B,Poli Ejido,0,1,A,0,1,A,,,,2.37,2.7,3.0,2.25,2.8,3.1,2.25,2.75,3.2
2005/2006,2006-03-25 00:00:00,SP1,Spain,La Liga Primera Division,,Villarreal,Betis,1,2,A,0,2,A,,,,1.8,3.3,4.5,1.7,3.2,4.5,1.65,3.4,5.1
2005/2006,2006-03-23 00:00:00,SP1,Spain,La Liga Primera Division,,Ath Madrid,Sevilla,0,1,A,0,1,A,,,,2.0,3.2,3.75,1.83,3.2,3.75,1.85,3.35,3.8
2005/2006,2006-03-19 00:00:00,SP1,Spain,La Liga Primera Division,,Espanol,Osasuna,2,4,A,1,3,A,,,,2.2,3.2,3.25,2.1,3.2,3.0,2.05,3.2,3.3
2005/2006,2006-03-19 00:00:00,SP1,Spain,La Liga Primera Division,,Celta,Ath Bilbao,0,1,A,0,1,A,,,,1.8,3.3,4.5,1.67,3.25,4.5,1.75,3.4,4.25
2005/2006,2006-03-19 00:00:00,SP1,Spain,La Liga Primera Division,,Malaga,Zaragoza,0,1,A,0,0,D,,,,2.5,3.2,2.75,2.6,3.2,2.38,2.5,3.1,2.65
2005/2006,2006-03-19 00:00:00,SP2,Spain,La Liga Segunda Division,,Eibar,Almeria,0,1,A,0,1,A,,,,2.75,2.75,2.5,2.6,2.8,2.6,2.85,2.7,2.5
2005/2006,2006-03-18 00:00:00,SP1,Spain,La Liga Primera Division,,Sociedad,Barcelona,0,2,A,0,1,A,,,,6.0,3.8,1.53,5.0,3.5,1.57,5.85,3.75,1.5
2005/2006,2006-03-18 00:00:00,SP1,Spain,La Liga Primera Division,,Getafe,La Coruna,1,2,A,0,1,A,,,,2.4,3.2,2.87,2.38,3.2,2.6,2.35,3.2,2.75
2005/2006,2006-03-12 00:00:00,SP1,Spain,La Liga Primera Division,,Zaragoza,Getafe,1,2,A,1,1,D,,,,1.8,3.3,4.5,1.62,3.25,5.0,1.85,3.3,3.85
2005/2006,2006-03-12 00:00:00,SP2,Spain,La Liga Segunda Division,,Albacete,Ferrol,1,2,A,0,1,A,,,,1.72,3.0,5.0,1.7,2.9,5.2,1.65,3.0,5.5
2005/2006,2006-03-11 00:00:00,SP1,Spain,La Liga Primera Division,,La Coruna,Sociedad,0,1,A,0,0,D,,,,1.57,3.6,6.0,1.5,3.4,6.0,1.55,3.6,5.5
2005/2006,2006-03-05 00:00:00,SP2,Spain,La Liga Segunda Division,,Ciudad de Murcia,Numancia,0,1,A,0,1,A,,,,2.1,2.75,3.5,2.25,2.8,3.1,2.1,2.75,3.5
2005/2006,2006-03-05 00:00:00,SP1,Spain,La Liga Primera Division,,Sociedad,Zaragoza,1,3,A,1,0,H,,,,2.4,3.2,2.87,2.5,3.2,2.5,2.3,3.1,2.9
2005/2006,2006-02-26 00:00:00,SP1,Spain,La Liga Primera Division,,Osasuna,La Coruna,1,2,A,1,0,H,,,,2.2,3.2,3.25,2.1,3.2,3.0,2.2,3.2,3.0
2005/2006,2006-02-26 00:00:00,SP2,Spain,La Liga Segunda Division,,Xerez,Lleida,0,1,A,0,0,D,,,,1.72,3.0,5.0,1.6,3.0,6.0,1.65,3.1,5.15
2005/2006,2006-02-26 00:00:00,SP2,Spain,La Liga Segunda Division,,Castellon,Ciudad de Murcia,1,2,A,1,0,H,,,,2.37,2.8,3.0,2.3,2.75,3.1,2.35,2.75,3.0
2005/2006,2006-02-25 00:00:00,SP1,Spain,La Liga Primera Division,,Zaragoza,Barcelona,0,2,A,0,0,D,,,,5.0,3.3,1.72,4.33,3.4,1.67,4.55,3.4,1.7
2005/2006,2006-02-19 00:00:00,SP1,Spain,La Liga Primera Division,,Sociedad,Valencia,1,2,A,1,0,H,,,,3.5,3.2,2.1,3.5,3.2,1.91,3.3,3.1,2.1
2005/2006,2006-02-19 00:00:00,SP1,Spain,La Liga Primera Division,,Santander,Ath Bilbao,0,1,A,0,0,D,,,,2.1,3.25,3.4,2.0,3.2,3.2,2.15,3.15,3.15
2005/2006,2006-02-19 00:00:00,SP2,Spain,La Liga Segunda Division,,Valladolid,Recreativo,0,1,A,0,1,A,,,,2.4,2.75,3.0,2.4,2.8,2.88,2.3,2.75,3.1
2005/2006,2006-02-19 00:00:00,SP1,Spain,La Liga Primera Division,,Cadiz,Osasuna,1,3,A,1,2,A,,,,2.62,3.2,2.6,2.6,3.2,2.38,2.65,3.1,2.5
2005/2006,2006-02-19 00:00:00,SP1,Spain,La Liga Primera Division,,Getafe,Ath Madrid,0,3,A,0,1,A,,,,2.62,3.2,2.6,2.5,3.2,2.5,2.4,3.1,2.75
2005/2006,2006-02-19 00:00:00,SP1,Spain,La Liga Primera Division,,Malaga,Mallorca,0,2,A,0,0,D,,,,2.0,3.2,3.75,1.91,3.2,3.5,2.05,3.15,3.35
2005/2006,2006-02-19 00:00:00,SP2,Spain,La Liga Segunda Division,,Tenerife,Real Madrid B,0,1,A,0,0,D,,,,2.25,2.8,3.2,2.1,2.88,3.4,2.25,2.75,3.2
2005/2006,2006-02-18 00:00:00,SP2,Spain,La Liga Segunda Division,,Eibar,Gimnastic,0,1,A,0,1,A,,,,2.8,2.7,2.6,3.2,2.75,2.25,2.7,2.71,2.6
2005/2006,2006-02-12 00:00:00,SP1,Spain,La Liga Primera Division,,Espanol,Santander,0,2,A,0,0,D,,,,2.1,3.25,3.4,2.1,3.2,3.0,2.1,3.25,3.15
2005/2006,2006-02-12 00:00:00,SP1,Spain,La Liga Primera Division,,Betis,La Coruna,0,1,A,0,0,D,,,,2.4,3.25,2.8,2.2,3.0,3.0,2.5,3.15,2.6
2005/2006,2006-02-12 00:00:00,SP2,Spain,La Liga Segunda Division,,Ferrol,Poli Ejido,0,1,A,0,1,A,,,,2.1,2.8,3.6,2.0,2.8,3.75,1.95,2.85,3.85
2005/2006,2006-02-12 00:00:00,SP2,Spain,La Liga Segunda Division,,Real Madrid B,Ciudad de Murcia,0,1,A,0,1,A,,,,2.1,2.8,3.6,1.9,2.9,4.0,2.05,2.8,3.6
2005/2006,2006-02-12 00:00:00,SP2,Spain,La Liga Segunda Division,,Murcia,Lorca,0,1,A,0,0,D,,,,2.25,2.8,3.2,2.2,2.9,3.1,2.25,2.75,3.2
2005/2006,2006-02-11 00:00:00,SP2,Spain,La Liga Segunda Division,,Malaga B,Tenerife,1,4,A,1,1,D,,,,2.5,2.8,2.8,2.4,2.8,2.9,2.3,2.75,3.1
2005/2006,2006-02-11 00:00:00,SP2,Spain,La Liga Segunda Division,,Elche,Levante,0,1,A,0,0,D,,,,2.37,2.7,3.1,2.4,2.8,2.9,2.3,2.75,3.1
2005/2006,2006-02-11 00:00:00,SP1,Spain,La Liga Primera Division,,Ath Bilbao,Real Madrid,0,2,A,0,1,A,,,,4.33,3.3,1.83,4.33,3.2,1.73,4.3,3.2,1.8
2005/2006,2006-02-11 00:00:00,SP1,Spain,La Liga Primera Division,,Cadiz,Sevilla,0,4,A,0,1,A,,,,2.75,3.2,2.5,2.62,2.88,2.5,2.7,3.0,2.5
2005/2006,2006-02-05 00:00:00,SP1,Spain,La Liga Primera Division,,Sevilla,Osasuna,0,1,A,0,0,D,,,,1.8,3.3,4.5,1.8,3.2,4.0,1.8,3.35,4.0
2005/2006,2006-02-05 00:00:00,SP1,Spain,La Liga Primera Division,,Santander,Celta,0,1,A,0,0,D,,,,2.5,3.25,3.0,2.38,3.0,2.75,2.35,3.15,2.8
2005/2006,2006-02-05 00:00:00,SP1,Spain,La Liga Primera Division,,Barcelona,Ath Madrid,1,3,A,0,1,A,,,,1.4,4.33,7.5,1.33,4.0,8.0,1.35,4.5,7.25
2005/2006,2006-02-04 00:00:00,SP2,Spain,La Liga Segunda Division,,Sp Gijon,Gimnastic,0,1,A,0,0,D,,,,2.2,2.8,3.2,2.1,2.9,3.3,2.1,2.8,3.45
2005/2006,2006-02-04 00:00:00,SP2,Spain,La Liga Segunda Division,,Valladolid,Albacete,0,1,A,0,1,A,,,,1.83,2.87,4.33,1.83,2.88,4.33,1.75,2.95,4.75
2005/2006,2006-02-04 00:00:00,SP2,Spain,La Liga Segunda Division,,Hercules,Real Madrid B,0,1,A,0,0,D,,,,2.25,2.87,3.0,2.3,2.75,3.1,2.2,2.75,3.3
2005/2006,2006-02-04 00:00:00,SP1,Spain,La Liga Primera Division,,La Coruna,Valencia,0,1,A,0,1,A,,,,2.6,3.25,2.6,2.38,3.0,2.75,2.4,3.1,2.75
2005/2006,2006-01-29 00:00:00,SP2,Spain,La Liga Segunda Division,,Ferrol,Lorca,0,3,A,0,2,A,,,,2.5,2.8,2.75,2.3,2.8,3.0,2.3,2.7,3.15
2005/2006,2006-01-29 00:00:00,SP2,Spain,La Liga Segunda Division,,Castellon,Lleida,0,3,A,0,1,A,,,,2.25,2.8,3.2,2.1,2.8,3.5,2.15,2.75,3.4
2005/2006,2006-01-29 00:00:00,SP2,Spain,La Liga Segunda Division,,Almeria,Numancia,1,2,A,0,1,A,,,,1.8,2.9,4.5,1.7,3.0,5.0,1.75,2.9,4.85
2005/2006,2006-01-29 00:00:00,SP1,Spain,La Liga Primera Division,,Mallorca,Barcelona,0,3,A,0,1,A,,,,6.5,4.0,1.4,8.0,4.0,1.33,7.5,5.0,1.3
2005/2006,2006-01-29 00:00:00,SP1,Spain,La Liga Primera Division,,Celta,Real Madrid,1,2,A,1,1,D,,,,3.5,3.25,1.9,3.5,3.2,1.91,3.65,3.3,1.9
2005/2006,2006-01-29 00:00:00,SP1,Spain,La Liga Primera Division,,Osasuna,Betis,0,2,A,0,1,A,,,,1.8,3.25,4.0,1.67,3.25,4.5,1.7,3.45,4.5
2005/2006,2006-01-22 00:00:00,SP1,Spain,La Liga Primera Division,,Malaga,Celta,0,2,A,0,0,D,,,,2.5,3.2,2.75,2.4,3.1,2.6,2.35,3.1,2.85
2005/2006,2006-01-22 00:00:00,SP1,Spain,La Liga Primera Division,,Betis,Valencia,0,2,A,0,1,A,,,,2.9,3.2,2.37,2.6,3.2,2.38,2.85,3.15,2.3
2005/2006,2006-01-22 00:00:00,SP1,Spain,La Liga Primera Division,,Santander,Sevilla,2,3,A,1,1,D,,,,2.6,3.2,2.62,2.25,3.2,2.75,2.3,3.15,2.85
2005/2006,2006-01-22 00:00:00,SP2,Spain,La Liga Segunda Division,,Poli Ejido,Lorca,2,3,A,0,2,A,,,,2.25,2.75,3.25,2.25,2.7,3.3,2.25,2.75,3.2
2005/2006,2006-01-22 00:00:00,SP2,Spain,La Liga Segunda Division,,Elche,Valladolid,0,2,A,0,2,A,,,,2.25,2.75,3.25,2.25,2.75,3.2,2.15,2.75,3.4
2005/2006,2006-01-21 00:00:00,SP1,Spain,La Liga Primera Division,,Zaragoza,Ath Madrid,0,2,A,0,1,A,,,,2.1,3.25,3.4,1.83,3.2,3.75,2.1,3.2,3.2
2005/2006,2006-01-15 00:00:00,SP1,Spain,La Liga Primera Division,,La Coruna,Alaves,0,2,A,0,1,A,,,,1.44,4.0,7.5,1.44,3.6,6.5,1.4,4.0,7.15
2005/2006,2006-01-15 00:00:00,SP1,Spain,La Liga Primera Division,,Malaga,Cadiz,0,2,A,0,2,A,,,,1.9,3.3,4.0,2.0,3.0,3.5,1.95,3.25,3.55
2005/2006,2006-01-15 00:00:00,SP1,Spain,La Liga Primera Division,,Sociedad,Espanol,0,1,A,0,0,D,,,,2.0,3.3,3.6,2.0,3.2,3.2,2.05,3.1,3.45
2005/2006,2006-01-14 00:00:00,SP2,Spain,La Liga Segunda Division,,Hercules,Gimnastic,0,1,A,0,0,D,,,,2.2,2.75,3.25,2.2,2.8,3.2,2.15,2.7,3.5
2005/2006,2006-01-08 00:00:00,SP2,Spain,La Liga Segunda Division,,Malaga B,Castellon,1,2,A,0,2,A,,,,2.1,2.8,3.5,2.2,2.8,3.2,1.95,2.85,3.9
2005/2006,2006-01-08 00:00:00,SP2,Spain,La Liga Segunda Division,,Real Madrid B,Almeria,0,1,A,0,1,A,,,,2.1,2.8,3.5,2.1,2.9,3.3,2.1,2.8,3.45
2005/2006,2006-01-08 00:00:00,SP1,Spain,La Liga Primera Division,,Alaves,Zaragoza,0,2,A,0,0,D,,,,2.6,3.2,2.62,2.6,3.1,2.4,2.6,3.0,2.6
2005/2006,2006-01-07 00:00:00,SP2,Spain,La Liga Segunda Division,,Gimnastic,Xerez,0,3,A,0,2,A,,,,2.8,2.8,2.5,2.75,2.8,2.5,2.7,2.75,2.6
2005/2006,2006-01-07 00:00:00,SP1,Spain,La Liga Primera Division,,Espanol,Barcelona,1,2,A,0,1,A,,,,7.5,4.0,1.44,6.5,3.6,1.44,8.0,4.2,1.35
2005/2006,2006-01-07 00:00:00,SP1,Spain,La Liga Primera Division,,Ath Bilbao,La Coruna,1,2,A,0,1,A,,,,2.6,3.2,2.62,2.5,3.2,2.5,2.55,3.05,2.6
2005/2006,2005-12-22 00:00:00,SP2,Spain,La Liga Segunda Division,,Eibar,Lorca,0,3,A,0,0,D,,,,2.25,2.7,3.25,2.2,2.75,3.25,2.25,2.75,3.2
2005/2006,2005-12-21 00:00:00,SP2,Spain,La Liga Segunda Division,,Numancia,Gimnastic,0,1,A,0,1,A,,,,2.37,2.75,3.0,2.2,3.0,3.0,2.2,2.8,3.2
2005/2006,2005-12-21 00:00:00,SP1,Spain,La Liga Primera Division,,La Coruna,Espanol,1,2,A,0,0,D,,,,1.57,3.6,6.0,1.5,3.4,6.0,1.55,3.5,5.75
2005/2006,2005-12-21 00:00:00,SP1,Spain,La Liga Primera Division,,Real Madrid,Santander,1,2,A,0,2,A,,,,1.25,5.0,13.0,1.3,4.0,9.0,1.25,5.0,10.0
2005/2006,2005-12-20 00:00:00,SP2,Spain,La Liga Segunda Division,,Tenerife,Ferrol,1,2,A,1,1,D,,,,2.0,2.75,3.75,2.0,2.7,4.0,1.95,2.85,4.0
2005/2006,2005-12-18 00:00:00,SP1,Spain,La Liga Primera Division,,Alaves,Valencia,0,1,A,0,1,A,,,,4.2,3.2,1.9,3.5,3.2,1.91,4.0,3.35,1.8
2005/2006,2005-12-17 00:00:00,SP1,Spain,La Liga Primera Division,,Celta,La Coruna,0,3,A,0,3,A,,,,2.37,3.0,3.1,2.2,3.2,2.8,2.2,3.15,3.05
2005/2006,2005-12-17 00:00:00,SP1,Spain,La Liga Primera Division,,Cadiz,Barcelona,1,3,A,0,2,A,,,,9.0,4.33,1.36,8.0,4.0,1.33,9.0,4.75,1.28
2005/2006,2005-12-17 00:00:00,SP2,Spain,La Liga Segunda Division,,Malaga B,Real Madrid B,0,1,A,0,1,A,,,,2.3,2.87,3.0,2.3,2.9,2.9,2.2,2.75,3.3
2005/2006,2005-12-17 00:00:00,SP2,Spain,La Liga Segunda Division,,Murcia,Xerez,0,1,A,0,1,A,,,,2.37,2.87,2.87,2.35,2.8,2.9,2.4,2.7,3.0
2005/2006,2005-12-12 00:00:00,SP2,Spain,La Liga Segunda Division,,Malaga B,Lleida,0,1,A,0,0,D,,,,2.0,2.9,3.6,1.95,2.9,3.75,1.95,2.7,4.15
2005/2006,2005-12-11 00:00:00,SP2,Spain,La Liga Segunda Division,,Almeria,Gimnastic,0,1,A,0,1,A,,,,1.83,2.9,4.33,1.8,3.1,4.0,1.65,3.1,5.15
2005/2006,2005-12-11 00:00:00,SP2,Spain,La Liga Segunda Division,,Ciudad de Murcia,Poli Ejido,0,1,A,0,1,A,,,,1.85,3.0,4.0,1.75,3.0,4.5,1.6,3.1,5.65
2005/2006,2005-12-11 00:00:00,SP1,Spain,La Liga Primera Division,,Malaga,Real Madrid,0,2,A,0,2,A,,,,4.5,3.25,1.83,3.75,3.2,1.83,4.0,3.35,1.8
2005/2006,2005-12-11 00:00:00,SP2,Spain,La Liga Segunda Division,,Tenerife,Levante,0,1,A,0,0,D,,,,2.3,2.8,3.0,2.3,2.8,3.0,2.25,2.75,3.2
2005/2006,2005-12-11 00:00:00,SP2,Spain,La Liga Segunda Division,,Xerez,Elche,1,2,A,1,1,D,,,,1.8,3.1,5.0,1.75,3.0,4.5,1.6,3.15,5.5
2005/2006,2005-12-11 00:00:00,SP1,Spain,La Liga Primera Division,,Getafe,Santander,1,2,A,1,1,D,,,,1.8,3.3,4.5,1.73,3.2,4.33,1.7,3.35,4.65
2005/2006,2005-12-10 00:00:00,SP1,Spain,La Liga Primera Division,,Sociedad,Villarreal,1,3,A,1,1,D,,,,2.6,3.2,2.62,2.5,3.2,2.5,2.4,3.15,2.7
2005/2006,2005-12-10 00:00:00,SP2,Spain,La Liga Segunda Division,,Real Madrid B,Recreativo,1,2,A,0,1,A,,,,2.7,2.75,2.6,,,,2.45,2.75,2.85
2005/2006,2005-12-04 00:00:00,SP2,Spain,La Liga Segunda Division,,Eibar,Sp Gijon,0,1,A,0,1,A,,,,2.3,2.87,3.0,2.2,3.0,3.0,2.4,2.7,3.0
2005/2006,2005-12-04 00:00:00,SP2,Spain,La Liga Segunda Division,,Gimnastic,Real Madrid B,0,1,A,0,1,A,,,,2.0,2.87,3.75,2.0,3.0,3.5,2.1,2.8,3.45
2005/2006,2005-12-04 00:00:00,SP1,Spain,La Liga Primera Division,,Villarreal,Barcelona,0,2,A,0,1,A,,,,3.75,3.25,1.83,3.75,3.2,1.83,3.8,3.35,1.85
2005/2006,2005-12-04 00:00:00,SP1,Spain,La Liga Primera Division,,Cadiz,Zaragoza,1,2,A,1,0,H,,,,2.3,3.1,2.87,2.2,3.0,3.0,2.15,3.05,3.25
2005/2006,2005-12-04 00:00:00,SP1,Spain,La Liga Primera Division,,Espanol,Valencia,1,3,A,0,2,A,,,,2.62,3.2,2.37,2.6,3.2,2.38,2.65,3.15,2.45
2005/2006,2005-12-04 00:00:00,SP1,Spain,La Liga Primera Division,,Malaga,Osasuna,1,2,A,1,2,A,,,,2.4,3.2,2.6,2.38,3.2,2.6,2.4,3.1,2.75
2005/2006,2005-12-04 00:00:00,SP1,Spain,La Liga Primera Division,,Sevilla,La Coruna,0,2,A,0,2,A,,,,2.0,3.25,3.25,1.91,3.2,3.5,2.05,3.1,3.4
2005/2006,2005-12-04 00:00:00,SP1,Spain,La Liga Primera Division,,Alaves,Mallorca,0,3,A,0,1,A,,,,2.1,3.25,3.0,2.0,3.2,3.2,2.35,3.05,2.85
2005/2006,2005-12-03 00:00:00,SP2,Spain,La Liga Segunda Division,,Lleida,Valladolid,0,4,A,0,2,A,,,,3.2,2.87,2.2,3.0,3.0,2.2,3.5,2.85,2.05
2005/2006,2005-11-27 00:00:00,SP2,Spain,La Liga Segunda Division,,Malaga B,Gimnastic,1,2,A,0,2,A,,,,2.25,2.9,3.1,2.1,3.1,3.1,2.3,2.75,3.1
2005/2006,2005-11-27 00:00:00,SP1,Spain,La Liga Primera Division,,Zaragoza,Sevilla,0,2,A,0,0,D,,,,2.37,3.2,2.9,2.38,3.0,2.75,2.35,3.05,2.85
2005/2006,2005-11-27 00:00:00,SP1,Spain,La Liga Primera Division,,La Coruna,Villarreal,0,2,A,0,0,D,,,,2.1,3.2,3.5,1.91,3.2,3.5,2.1,3.15,3.25
2005/2006,2005-11-26 00:00:00,SP1,Spain,La Liga Primera Division,,Mallorca,Ath Bilbao,0,1,A,0,0,D,,,,2.2,3.25,3.2,1.91,3.2,3.5,2.15,3.25,3.0
2005/2006,2005-11-20 00:00:00,SP1,Spain,La Liga Primera Division,,Ath Bilbao,Alaves,0,2,A,0,1,A,,,,1.83,3.25,3.75,1.8,3.25,3.75,1.8,3.3,4.1
2005/2006,2005-11-20 00:00:00,SP1,Spain,La Liga Primera Division,,Cadiz,Valencia,0,1,A,0,0,D,,,,2.8,3.2,2.25,3.0,3.0,2.2,2.9,3.2,2.25
2005/2006,2005-11-20 00:00:00,SP1,Spain,La Liga Primera Division,,Santander,La Coruna,0,3,A,0,1,A,,,,2.6,3.2,2.4,2.75,3.0,2.38,2.5,3.1,2.65
2005/2006,2005-11-20 00:00:00,SP2,Spain,La Liga Segunda Division,,Levante,Xerez,2,3,A,1,2,A,,,,2.3,3.0,2.9,2.25,3.0,2.9,2.4,2.7,3.0
2005/2006,2005-11-20 00:00:00,SP2,Spain,La Liga Segunda Division,,Poli Ejido,Numancia,0,1,A,0,1,A,,,,2.3,3.0,2.9,2.25,3.1,2.8,2.3,2.75,3.1
2005/2006,2005-11-20 00:00:00,SP2,Spain,La Liga Segunda Division,,Albacete,Malaga B,0,1,A,0,0,D,,,,1.8,3.0,4.5,1.85,3.2,3.75,1.75,3.0,4.55
2005/2006,2005-11-19 00:00:00,SP1,Spain,La Liga Primera Division,,Real Madrid,Barcelona,0,3,A,0,1,A,,,,2.37,3.2,2.62,2.38,3.2,2.6,2.25,3.25,2.85
2005/2006,2005-11-19 00:00:00,SP2,Spain,La Liga Segunda Division,,Lleida,Sp Gijon,0,1,A,0,1,A,,,,2.3,3.0,2.9,2.2,3.1,2.9,2.3,2.7,3.15
2005/2006,2005-11-13 00:00:00,SP2,Spain,La Liga Segunda Division,,Numancia,Levante,0,1,A,0,1,A,,,,2.2,2.87,3.2,2.25,3.1,2.8,2.2,2.75,3.3
2005/2006,2005-11-13 00:00:00,SP2,Spain,La Liga Segunda Division,,Tenerife,Sp Gijon,1,3,A,0,1,A,,,,1.9,2.9,4.0,1.8,3.2,4.0,1.85,2.95,4.15
2005/2006,2005-11-13 00:00:00,SP2,Spain,La Liga Segunda Division,,Ciudad de Murcia,Valladolid,0,2,A,0,1,A,,,,2.3,2.87,3.0,2.25,3.1,2.8,2.25,2.75,3.2
2005/2006,2005-11-12 00:00:00,SP2,Spain,La Liga Segunda Division,,Gimnastic,Lleida,0,2,A,0,1,A,,,,1.83,3.0,4.2,1.7,3.2,4.5,1.85,2.95,4.15
2005/2006,2005-11-06 00:00:00,SP2,Spain,La Liga Segunda Division,,Murcia,Recreativo,0,2,A,0,0,D,,,,2.1,2.87,3.5,2.1,3.0,3.2,1.95,2.85,3.85
2005/2006,2005-11-06 00:00:00,SP2,Spain,La Liga Segunda Division,,Poli Ejido,Almeria,0,1,A,0,0,D,,,,2.25,2.9,3.1,2.25,3.1,2.8,2.2,2.75,3.3
2005/2006,2005-11-06 00:00:00,SP1,Spain,La Liga Primera Division,,Getafe,Barcelona,1,3,A,0,1,A,,,,4.5,3.6,1.72,4.5,3.25,1.67,4.3,3.35,1.75
2005/2006,2005-11-06 00:00:00,SP1,Spain,La Liga Primera Division,,Cadiz,Mallorca,1,2,A,1,1,D,,,,2.0,3.25,3.25,1.91,3.2,3.5,1.8,3.35,4.0
2005/2006,2005-11-05 00:00:00,SP1,Spain,La Liga Primera Division,,Sociedad,Osasuna,1,2,A,1,1,D,,,,2.1,3.25,3.0,2.1,3.2,3.0,1.95,3.2,3.6
2005/2006,2005-11-05 00:00:00,SP2,Spain,La Liga Segunda Division,,Albacete,Gimnastic,1,4,A,0,1,A,,,,1.83,3.1,4.0,1.8,3.2,4.0,1.7,2.9,5.25
2005/2006,2005-11-05 00:00:00,SP2,Spain,La Liga Segunda Division,,Eibar,Xerez,0,1,A,0,1,A,,,,2.6,2.87,2.6,2.6,3.1,2.4,2.65,2.7,2.7
2005/2006,2005-10-30 00:00:00,SP2,Spain,La Liga Segunda Division,,Numancia,Eibar,1,2,A,0,0,D,,,,1.8,3.0,4.5,1.8,3.2,4.0,1.75,2.95,4.75
2005/2006,2005-10-30 00:00:00,SP2,Spain,La Liga Segunda Division,,Malaga B,Ferrol,0,1,A,0,1,A,,,,2.1,2.87,3.4,2.1,3.0,3.2,2.1,2.75,3.55
2005/2006,2005-10-29 00:00:00,SP1,Spain,La Liga Primera Division,,Betis,Real Madrid,0,2,A,0,1,A,,,,2.8,3.25,2.2,2.75,3.25,2.2,3.3,3.1,2.1
2005/2006,2005-10-27 00:00:00,SP1,Spain,La Liga Primera Division,,Valencia,Sevilla,0,2,A,0,1,A,,,,1.66,3.4,5.5,1.67,3.25,4.5,1.7,3.35,4.6
2005/2006,2005-10-26 00:00:00,SP1,Spain,La Liga Primera Division,,Betis,Villarreal,2,3,A,1,1,D,,,,2.25,3.2,3.1,2.2,3.0,3.0,1.95,3.3,3.5
2005/2006,2005-10-23 00:00:00,SP1,Spain,La Liga Primera Division,,Santander,Ath Madrid,0,1,A,0,1,A,,,,2.6,3.2,2.62,2.38,3.2,2.6,2.5,3.15,2.6
2005/2006,2005-10-23 00:00:00,SP1,Spain,La Liga Primera Division,,Real Madrid,Valencia,1,2,A,1,2,A,,,,1.66,3.4,5.5,1.57,3.25,5.5,1.6,3.4,5.5
2005/2006,2005-10-23 00:00:00,SP2,Spain,La Liga Segunda Division,,Ferrol,Recreativo,0,3,A,0,1,A,,,,2.6,2.8,2.7,2.4,3.0,2.75,2.4,2.7,3.0
2005/2006,2005-10-23 00:00:00,SP2,Spain,La Liga Segunda Division,,Lleida,Ciudad de Murcia,1,2,A,0,1,A,,,,2.25,2.87,3.1,2.1,3.0,3.2,2.35,2.7,3.05
2005/2006,2005-10-22 00:00:00,SP2,Spain,La Liga Segunda Division,,Poli Ejido,Malaga B,1,2,A,1,1,D,,,,1.9,2.87,4.2,1.8,3.0,4.2,2.0,2.75,3.85
2005/2006,2005-10-16 00:00:00,SP1,Spain,La Liga Primera Division,,Espanol,Cadiz,0,2,A,0,0,D,,,,1.72,3.25,4.33,1.8,2.9,4.5,1.8,3.2,4.25
2005/2006,2005-10-16 00:00:00,SP1,Spain,La Liga Primera Division,,Ath Bilbao,Sevilla,0,1,A,0,1,A,,,,2.2,3.25,2.8,2.1,3.2,3.0,2.1,3.1,3.3
2005/2006,2005-10-16 00:00:00,SP1,Spain,La Liga Primera Division,,Zaragoza,Sociedad,0,1,A,0,1,A,,,,1.72,3.25,4.33,1.73,3.2,4.33,1.8,3.3,4.1
2005/2006,2005-10-16 00:00:00,SP2,Spain,La Liga Segunda Division,,Real Madrid B,Lorca,1,2,A,0,0,D,,,,2.2,2.8,3.25,2.0,3.1,3.3,2.15,2.75,3.4
2005/2006,2005-10-15 00:00:00,SP1,Spain,La Liga Primera Division,,Ath Madrid,Real Madrid,0,3,A,0,1,A,,,,3.0,3.25,2.1,3.2,3.0,2.1,3.25,3.25,2.05
2005/2006,2005-10-15 00:00:00,SP2,Spain,La Liga Segunda Division,,Gimnastic,Ferrol,1,2,A,0,1,A,,,,1.83,2.87,4.5,1.85,3.2,3.75,1.85,2.85,4.3
2005/2006,2005-10-15 00:00:00,SP2,Spain,La Liga Segunda Division,,Albacete,Elche,1,2,A,0,1,A,,,,1.9,2.9,4.0,1.75,3.2,4.2,1.8,2.95,4.35
2005/2006,2005-10-09 00:00:00,SP2,Spain,La Liga Segunda Division,,Ciudad de Murcia,Xerez,2,6,A,1,3,A,,,,2.25,2.75,3.25,2.2,3.0,3.0,2.2,2.75,3.3
2005/2006,2005-10-09 00:00:00,SP2,Spain,La Liga Segunda Division,,Eibar,Real Madrid B,1,3,A,0,1,A,,,,2.1,2.75,3.6,1.85,3.2,3.75,2.1,2.7,3.6
2005/2006,2005-10-09 00:00:00,SP2,Spain,La Liga Segunda Division,,Levante,Recreativo,1,3,A,0,0,D,,,,1.83,3.0,4.2,2.0,3.0,3.4,1.75,3.0,4.55
2005/2006,2005-10-08 00:00:00,SP2,Spain,La Liga Segunda Division,,Lleida,Hercules,0,1,A,0,0,D,,,,2.1,2.8,3.5,2.1,3.2,3.0,2.1,2.75,3.55
2005/2006,2005-10-08 00:00:00,SP2,Spain,La Liga Segunda Division,,Ferrol,Albacete,2,3,A,1,1,D,,,,2.5,2.75,2.8,2.5,3.1,2.5,2.43,2.75,2.9
2005/2006,2005-10-02 00:00:00,SP1,Spain,La Liga Primera Division,,Santander,Alaves,1,2,A,0,1,A,,,,1.9,3.25,4.0,1.73,3.2,4.33,1.95,3.15,3.65
2005/2006,2005-10-02 00:00:00,SP1,Spain,La Liga Primera Division,,La Coruna,Osasuna,0,1,A,0,1,A,,,,1.66,3.4,5.5,1.67,3.2,5.0,1.6,3.6,5.0
2005/2006,2005-10-02 00:00:00,SP1,Spain,La Liga Primera Division,,Malaga,Ath Madrid,0,2,A,0,1,A,,,,2.4,3.25,2.8,2.2,3.2,2.8,2.5,3.0,2.7
2005/2006,2005-10-01 00:00:00,SP2,Spain,La Liga Segunda Division,,Real Madrid B,Valladolid,2,3,A,1,1,D,,,,2.4,2.87,2.8,2.4,3.0,2.7,2.35,2.7,3.05
2005/2006,2005-09-25 00:00:00,SP2,Spain,La Liga Segunda Division,,Poli Ejido,Murcia,0,3,A,0,0,D,,,,2.2,2.8,3.2,2.2,2.9,3.1,2.1,2.7,3.6
2005/2006,2005-09-25 00:00:00,SP1,Spain,La Liga Primera Division,,Mallorca,Malaga,1,4,A,0,2,A,,,,2.1,3.25,3.4,2.2,3.2,2.8,2.2,3.2,3.0
2005/2006,2005-09-25 00:00:00,SP1,Spain,La Liga Primera Division,,Alaves,Real Madrid,0,3,A,0,0,D,,,,6.0,3.4,1.61,6.0,3.4,1.5,6.0,3.45,1.55
2005/2006,2005-09-24 00:00:00,SP1,Spain,La Liga Primera Division,,Espanol,Villarreal,1,2,A,0,1,A,,,,2.3,3.2,3.0,2.2,3.2,2.8,2.4,3.0,2.85
2005/2006,2005-09-24 00:00:00,SP1,Spain,La Liga Primera Division,,Betis,Barcelona,1,4,A,1,1,D,,,,3.4,3.25,2.1,3.0,3.2,2.1,3.65,3.15,1.95
2005/2006,2005-09-24 00:00:00,SP2,Spain,La Liga Segunda Division,,Lleida,Xerez,0,1,A,0,0,D,,,,2.1,2.8,3.4,2.1,3.0,3.2,1.9,2.8,4.15
2005/2006,2005-09-24 00:00:00,SP1,Spain,La Liga Primera Division,,Ath Madrid,Getafe,0,1,A,0,0,D,,,,1.66,3.4,5.5,1.67,3.2,5.0,1.65,3.35,5.0
2005/2006,2005-09-21 00:00:00,SP1,Spain,La Liga Primera Division,,Villarreal,Celta,1,2,A,0,1,A,,,,1.66,3.6,5.0,1.73,3.2,4.33,1.7,3.3,4.75
2005/2006,2005-09-18 00:00:00,SP1,Spain,La Liga Primera Division,,Alaves,Getafe,3,4,A,2,3,A,,,,2.2,3.25,3.2,2.1,3.2,3.0,2.1,3.1,3.3
2005/2006,2005-09-18 00:00:00,SP1,Spain,La Liga Primera Division,,Ath Bilbao,Malaga,1,2,A,0,0,D,,,,1.72,3.3,5.0,1.62,3.25,5.0,1.7,3.35,4.65
2005/2006,2005-09-18 00:00:00,SP1,Spain,La Liga Primera Division,,Celta,Santander,0,1,A,0,0,D,,,,1.8,3.4,4.5,1.62,3.25,5.0,1.8,3.25,4.15
2005/2006,2005-09-17 00:00:00,SP2,Spain,La Liga Segunda Division,,Castellon,Hercules,1,2,A,0,1,A,,,,2.25,2.75,3.25,2.4,3.0,2.7,2.4,2.7,3.0
2005/2006,2005-09-17 00:00:00,SP2,Spain,La Liga Segunda Division,,Real Madrid B,Tenerife,1,2,A,1,1,D,,,,2.25,2.75,3.25,2.1,3.0,3.2,2.0,2.85,3.65
2005/2006,2005-09-11 00:00:00,SP2,Spain,La Liga Segunda Division,,Lorca,Murcia,0,1,A,0,1,A,,,,2.37,2.87,2.87,2.25,3.0,2.9,2.35,2.75,3.0
2005/2006,2005-09-11 00:00:00,SP1,Spain,La Liga Primera Division,,Santander,Cadiz,0,1,A,0,0,D,,,,1.9,3.25,3.5,1.73,3.2,4.33,1.9,3.1,3.95
2005/2006,2005-09-11 00:00:00,SP1,Spain,La Liga Primera Division,,Malaga,Espanol,1,2,A,0,0,D,,,,2.1,3.25,3.0,2.0,3.2,3.2,2.2,3.05,3.15
2005/2006,2005-09-10 00:00:00,SP2,Spain,La Liga Segunda Division,,Valladolid,Gimnastic,0,2,A,0,1,A,,,,1.7,3.1,5.0,1.6,3.3,5.0,1.75,2.95,4.7
2005/2006,2005-09-10 00:00:00,SP1,Spain,La Liga Primera Division,,Real Madrid,Celta,2,3,A,2,2,D,,,,1.25,5.0,9.0,1.2,5.0,11.0,1.2,5.5,11.5
2005/2006,2005-09-04 00:00:00,SP2,Spain,La Liga Segunda Division,,Malaga B,Ciudad de Murcia,0,1,A,0,0,D,,,,2.2,2.8,3.25,2.1,3.0,3.2,2.25,2.8,3.1
2005/2006,2005-09-04 00:00:00,SP2,Spain,La Liga Segunda Division,,Albacete,Valladolid,2,3,A,1,2,A,,,,2.0,2.87,3.75,2.1,3.0,3.2,1.95,2.9,3.75
2005/2006,2005-09-04 00:00:00,SP2,Spain,La Liga Segunda Division,,Elche,Lorca,1,3,A,0,0,D,,,,1.72,3.0,5.0,1.7,3.2,4.5,1.7,3.2,4.5
2005/2006,2005-09-04 00:00:00,SP2,Spain,La Liga Segunda Division,,Gimnastic,Sp Gijon,0,4,A,0,2,A,,,,2.2,2.8,3.25,2.2,3.0,3.0,2.3,2.8,3.05
2005/2006,2005-09-03 00:00:00,SP2,Spain,La Liga Segunda Division,,Castellon,Numancia,0,1,A,0,0,D,,,,2.87,2.87,2.4,2.75,3.1,2.3,2.7,2.85,2.5
2005/2006,2005-09-03 00:00:00,SP2,Spain,La Liga Segunda Division,,Ferrol,Levante,1,2,A,1,2,A,,,,2.8,2.8,2.5,2.7,3.0,2.4,2.7,2.85,2.5
2005/2006,2005-08-28 00:00:00,SP1,Spain,La Liga Primera Division,,Cadiz,Real Madrid,1,2,A,0,1,A,,,,7.5,4.0,1.44,6.5,4.0,1.4,8.0,4.25,1.35
2005/2006,2005-08-28 00:00:00,SP1,Spain,La Liga Primera Division,,Mallorca,La Coruna,0,1,A,0,1,A,,,,2.7,3.2,2.3,2.6,3.2,2.38,2.65,3.1,2.5
2005/2006,2005-08-28 00:00:00,SP1,Spain,La Liga Primera Division,,Espanol,Getafe,0,2,A,0,0,D,,,,1.61,3.4,5.0,1.67,3.2,5.0,1.65,3.5,4.75
2005/2006,2005-08-28 00:00:00,SP2,Spain,La Liga Segunda Division,,Eibar,Elche,1,2,A,0,1,A,,,,1.9,2.87,4.0,1.8,3.0,4.2,1.95,2.9,3.75
2004/2005,2005-06-18 00:00:00,SP2,Spain,La Liga Segunda Division,,Alaves,Sp Gijon,0,1,A,0,0,D,,,,1.5,3.25,6.5,1.5,3.25,6.5,1.6,3.2,5.5
2004/2005,2005-06-18 00:00:00,SP2,Spain,La Liga Segunda Division,,Xerez,Cadiz,0,2,A,0,1,A,,,,5.5,3.39,1.53,6.0,3.4,1.5,6.5,3.35,1.5
2004/2005,2005-06-18 00:00:00,SP2,Spain,La Liga Segunda Division,,Valladolid,Elche,1,2,A,1,1,D,,,,1.72,3.1,4.5,1.7,3.0,5.0,1.9,2.8,4.25
2004/2005,2005-06-18 00:00:00,SP2,Spain,La Liga Segunda Division,,Tenerife,Cordoba,0,2,A,0,1,A,,,,2.7,2.79,2.5,1.9,2.9,4.0,1.85,2.85,4.35
2004/2005,2005-06-18 00:00:00,SP2,Spain,La Liga Segunda Division,,Lleida,Celta,0,2,A,0,1,A,,,,6.0,3.75,1.44,7.0,3.75,1.4,5.5,4.0,1.45
2004/2005,2005-06-17 00:00:00,SP2,Spain,La Liga Segunda Division,,Ciudad de Murcia,Poli Ejido,1,3,A,1,2,A,,,,1.83,2.79,4.5,1.85,2.8,4.5,,,
2004/2005,2005-06-12 00:00:00,SP2,Spain,La Liga Segunda Division,,Salamanca,Ciudad de Murcia,0,2,A,0,0,D,,,,2.2,2.8,3.2,2.2,3.0,3.0,1.9,2.85,4.1
2004/2005,2005-06-12 00:00:00,SP2,Spain,La Liga Segunda Division,,Ferrol,Xerez,1,2,A,0,1,A,,,,1.66,3.1,5.0,1.7,3.2,4.5,1.8,2.65,5.4
2004/2005,2005-06-12 00:00:00,SP2,Spain,La Liga Segunda Division,,Elche,Alaves,1,2,A,1,1,D,,,,5.5,3.25,1.57,7.0,3.75,1.4,5.2,3.3,1.6
2004/2005,2005-06-12 00:00:00,SP2,Spain,La Liga Segunda Division,,Cordoba,Valladolid,3,4,A,2,4,A,,,,1.36,4.0,7.0,1.3,4.2,8.0,,,
2004/2005,2005-06-12 00:00:00,SP2,Spain,La Liga Segunda Division,,Celta,Eibar,1,2,A,0,1,A,,,,2.1,3.2,3.1,2.0,3.2,3.2,1.95,3.15,3.45
2004/2005,2005-06-11 00:00:00,SP2,Spain,La Liga Segunda Division,,Sp Gijon,Gimnastic,0,3,A,0,0,D,,,,2.1,2.8,3.4,2.1,2.9,3.3,2.1,2.8,3.5
2004/2005,2005-06-05 00:00:00,SP2,Spain,La Liga Segunda Division,,Elche,Cordoba,1,2,A,1,1,D,,,,,,,4.0,3.2,1.8,5.25,3.5,1.55
2004/2005,2005-06-05 00:00:00,SP2,Spain,La Liga Segunda Division,,Tenerife,Salamanca,1,4,A,1,0,H,,,,,,,2.2,3.0,3.0,2.1,3.15,3.05
2004/2005,2005-06-05 00:00:00,SP2,Spain,La Liga Segunda Division,,Lleida,Recreativo,2,3,A,1,2,A,,,,3.2,2.8,2.2,3.1,3.1,2.1,3.35,2.7,2.2
2004/2005,2005-05-29 00:00:00,SP1,Spain,La Liga Primera Division,,Sevilla,Malaga,0,2,A,0,0,D,,,,1.33,4.33,7.5,1.29,4.5,8.0,1.32,4.5,8.0
2004/2005,2005-05-29 00:00:00,SP1,Spain,La Liga Primera Division,,Zaragoza,Real Madrid,1,3,A,1,1,D,,,,2.62,3.2,2.37,2.8,3.2,2.2,2.95,3.25,2.2
2004/2005,2005-05-29 00:00:00,SP2,Spain,La Liga Segunda Division,,Ferrol,Pontevedra,1,2,A,0,0,D,,,,2.5,3.1,2.5,2.25,3.0,2.9,2.25,3.0,2.9
2004/2005,2005-05-29 00:00:00,SP2,Spain,La Liga Segunda Division,,Gimnastic,Almeria,1,2,A,0,1,A,,,,2.4,2.75,2.9,2.3,3.0,2.8,2.45,2.75,2.85
2004/2005,2005-05-29 00:00:00,SP2,Spain,La Liga Segunda Division,,Salamanca,Valladolid,1,2,A,0,1,A,,,,1.8,2.87,4.5,1.9,3.0,3.75,1.9,2.8,4.25
2004/2005,2005-05-22 00:00:00,SP2,Spain,La Liga Segunda Division,,Elche,Salamanca,0,2,A,0,1,A,,,,2.0,3.0,3.4,1.8,3.1,4.0,1.9,2.8,4.25
2004/2005,2005-05-22 00:00:00,SP2,Spain,La Liga Segunda Division,,Terrassa,Murcia,0,2,A,0,0,D,,,,2.2,2.87,3.1,2.2,3.0,3.0,2.2,2.7,3.35
2004/2005,2005-05-22 00:00:00,SP1,Spain,La Liga Primera Division,,La Coruna,Mallorca,0,3,A,0,2,A,,,,2.37,3.25,2.6,2.25,3.5,2.5,2.45,3.4,2.55
2004/2005,2005-05-22 00:00:00,SP1,Spain,La Liga Primera Division,,Ath Bilbao,Numancia,0,2,A,0,1,A,,,,1.4,3.6,7.5,1.36,3.75,8.0,1.3,4.75,8.2
2004/2005,2005-05-22 00:00:00,SP2,Spain,La Liga Segunda Division,,Almeria,Alaves,0,1,A,0,0,D,,,,3.5,2.75,2.1,4.0,2.9,1.9,3.15,2.65,2.35
2004/2005,2005-05-15 00:00:00,SP2,Spain,La Liga Segunda Division,,Salamanca,Cordoba,0,3,A,0,2,A,,,,2.1,3.0,3.2,2.2,2.9,3.1,2.4,2.65,3.05
2004/2005,2005-05-15 00:00:00,SP1,Spain,La Liga Primera Division,,Ath Madrid,Betis,1,2,A,0,2,A,,,,2.25,3.2,2.75,2.2,3.2,2.8,2.25,3.25,2.85
2004/2005,2005-05-15 00:00:00,SP1,Spain,La Liga Primera Division,,Sociedad,Malaga,1,3,A,0,1,A,,,,1.83,3.2,3.75,1.8,3.25,3.75,1.8,3.35,4.0
2004/2005,2005-05-14 00:00:00,SP2,Spain,La Liga Segunda Division,,Celta,Ciudad de Murcia,0,1,A,0,1,A,,,,1.53,3.25,6.0,1.4,3.6,7.5,1.45,3.5,6.9
2004/2005,2005-05-08 00:00:00,SP2,Spain,La Liga Segunda Division,,Ciudad de Murcia,Murcia,1,3,A,0,1,A,,,,2.5,2.75,2.75,2.7,2.75,2.6,2.65,2.7,2.7
2004/2005,2005-05-08 00:00:00,SP2,Spain,La Liga Segunda Division,,Lleida,Alaves,0,1,A,0,1,A,,,,2.75,2.75,2.5,3.1,2.9,2.2,3.0,2.75,2.3
2004/2005,2005-05-08 00:00:00,SP1,Spain,La Liga Primera Division,,Malaga,Villarreal,0,2,A,0,0,D,,,,2.7,3.2,2.3,2.75,3.2,2.25,2.9,3.2,2.25
2004/2005,2005-05-08 00:00:00,SP1,Spain,La Liga Primera Division,,Valencia,Barcelona,0,2,A,0,2,A,,,,2.7,3.2,2.3,2.75,3.2,2.25,2.7,3.2,2.4
2004/2005,2005-05-01 00:00:00,SP1,Spain,La Liga Primera Division,,Levante,Malaga,0,1,A,0,1,A,,,,1.83,3.2,3.75,2.0,3.2,3.2,2.0,3.3,3.35
2004/2005,2005-04-30 00:00:00,SP2,Spain,La Liga Segunda Division,,Ferrol,Elche,0,1,A,0,1,A,,,,2.25,2.75,3.25,2.0,2.9,3.6,2.2,2.8,3.2
2004/2005,2005-04-30 00:00:00,SP2,Spain,La Liga Segunda Division,,Almeria,Xerez,1,2,A,1,2,A,,,,2.2,2.75,3.3,2.1,2.9,3.3,2.15,2.8,3.35
2004/2005,2005-04-30 00:00:00,SP1,Spain,La Liga Primera Division,,Sociedad,Real Madrid,0,2,A,0,0,D,,,,4.33,3.3,1.83,3.75,3.25,1.8,4.0,3.4,1.8
2004/2005,2005-04-24 00:00:00,SP2,Spain,La Liga Segunda Division,,Ciudad de Murcia,Sp Gijon,0,2,A,0,0,D,,,,2.2,2.87,3.2,2.2,3.0,3.0,2.35,2.7,3.05
2004/2005,2005-04-24 00:00:00,SP2,Spain,La Liga Segunda Division,,Valladolid,Murcia,0,2,A,0,0,D,,,,1.8,3.0,4.2,1.75,3.0,4.5,1.75,3.05,4.5
2004/2005,2005-04-24 00:00:00,SP2,Spain,La Liga Segunda Division,,Salamanca,Malaga B,1,2,A,0,0,D,,,,2.0,2.9,3.6,2.0,3.0,3.4,2.0,3.0,3.5
2004/2005,2005-04-24 00:00:00,SP2,Spain,La Liga Segunda Division,,Elche,Celta,0,1,A,0,1,A,,,,2.75,2.75,2.5,2.75,2.9,2.4,2.7,2.6,2.75
2004/2005,2005-04-24 00:00:00,SP1,Spain,La Liga Primera Division,,Malaga,Barcelona,0,4,A,0,2,A,,,,5.5,3.6,1.61,5.0,3.25,1.62,5.25,3.5,1.6
2004/2005,2005-04-24 00:00:00,SP1,Spain,La Liga Primera Division,,La Coruna,Santander,1,4,A,1,0,H,,,,1.53,3.4,6.0,1.57,3.5,5.0,1.5,3.7,6.0
2004/2005,2005-04-24 00:00:00,SP1,Spain,La Liga Primera Division,,Numancia,Mallorca,1,2,A,0,0,D,,,,2.2,3.25,2.8,2.0,3.2,3.2,2.2,3.25,2.95
2004/2005,2005-04-24 00:00:00,SP1,Spain,La Liga Primera Division,,Ath Bilbao,Sevilla,1,3,A,0,2,A,,,,2.2,3.25,2.8,1.91,3.2,3.5,2.3,3.2,2.8
2004/2005,2005-04-24 00:00:00,SP1,Spain,La Liga Primera Division,,Betis,Sociedad,2,3,A,0,1,A,,,,1.57,3.6,5.0,1.67,3.25,4.5,1.65,3.45,4.85
2004/2005,2005-04-23 00:00:00,SP2,Spain,La Liga Segunda Division,,Cordoba,Ferrol,1,2,A,0,0,D,,,,1.72,3.1,4.5,1.7,3.2,4.5,1.75,2.9,4.75
2004/2005,2005-04-23 00:00:00,SP2,Spain,La Liga Segunda Division,,Eibar,Alaves,1,2,A,1,1,D,,,,2.4,2.87,2.8,2.25,3.0,2.9,2.5,2.7,2.85
2004/2005,2005-04-17 00:00:00,SP2,Spain,La Liga Segunda Division,,Celta,Cordoba,0,1,A,0,0,D,,,,1.44,3.6,6.5,1.35,3.8,8.0,1.5,3.35,6.4
2004/2005,2005-04-10 00:00:00,SP2,Spain,La Liga Segunda Division,,Elche,Recreativo,0,1,A,0,0,D,,,,2.1,2.75,3.5,2.2,3.0,3.0,2.4,2.65,3.05
2004/2005,2005-04-10 00:00:00,SP2,Spain,La Liga Segunda Division,,Poli Ejido,Celta,0,3,A,0,2,A,,,,3.0,2.7,2.37,3.2,2.8,2.2,3.65,2.7,2.1
2004/2005,2005-04-10 00:00:00,SP2,Spain,La Liga Segunda Division,,Terrassa,Eibar,2,3,A,0,1,A,,,,2.6,2.8,2.6,2.8,3.0,2.3,2.95,2.6,2.5
2004/2005,2005-04-10 00:00:00,SP2,Spain,La Liga Segunda Division,,Xerez,Alaves,0,1,A,0,0,D,,,,2.5,2.8,2.75,2.4,2.9,2.75,2.6,2.6,2.85
2004/2005,2005-04-10 00:00:00,SP2,Spain,La Liga Segunda Division,,Ciudad de Murcia,Almeria,0,1,A,0,1,A,,,,2.1,2.75,3.5,1.9,2.9,4.0,1.95,2.8,4.0
2004/2005,2005-04-09 00:00:00,SP2,Spain,La Liga Segunda Division,,Salamanca,Ferrol,0,2,A,0,1,A,,,,2.1,2.75,3.5,1.9,3.0,3.75,2.1,2.7,3.65
2004/2005,2005-04-03 00:00:00,SP2,Spain,La Liga Segunda Division,,Alaves,Cadiz,1,3,A,0,1,A,,,,2.3,2.8,3.0,2.2,3.0,3.0,2.2,2.65,3.45
2004/2005,2005-04-03 00:00:00,SP2,Spain,La Liga Segunda Division,,Gimnastic,Valladolid,0,1,A,0,1,A,,,,2.3,2.8,3.0,2.25,3.0,2.9,2.5,2.6,2.95
2004/2005,2005-04-03 00:00:00,SP2,Spain,La Liga Segunda Division,,Eibar,Pontevedra,1,2,A,1,1,D,,,,1.44,3.5,7.0,1.44,3.6,6.5,1.45,3.75,6.0
2004/2005,2005-04-02 00:00:00,SP2,Spain,La Liga Segunda Division,,Almeria,Tenerife,0,1,A,0,0,D,,,,2.4,2.7,3.0,2.6,2.7,2.7,2.6,2.6,2.85
2004/2005,2005-03-27 00:00:00,SP2,Spain,La Liga Segunda Division,,Valladolid,Almeria,0,1,A,0,1,A,,,,1.72,3.1,4.5,1.65,3.1,5.0,1.65,3.1,5.25
2004/2005,2005-03-26 00:00:00,SP2,Spain,La Liga Segunda Division,,Malaga B,Celta,0,1,A,0,0,D,,,,3.0,2.7,2.37,3.75,3.0,1.9,3.25,2.65,2.3
2004/2005,2005-03-26 00:00:00,SP2,Spain,La Liga Segunda Division,,Terrassa,Alaves,0,2,A,0,1,A,,,,2.62,2.75,2.62,2.9,2.9,2.3,2.95,2.6,2.5
2004/2005,2005-03-20 00:00:00,SP1,Spain,La Liga Primera Division,,Mallorca,Sevilla,0,1,A,0,1,A,,,,2.3,3.2,2.7,2.38,3.2,2.6,2.4,3.2,2.7
2004/2005,2005-03-20 00:00:00,SP2,Spain,La Liga Segunda Division,,Xerez,Ciudad de Murcia,3,5,A,1,3,A,,,,1.8,2.87,4.5,1.8,2.9,4.5,1.8,2.85,4.65
2004/2005,2005-03-20 00:00:00,SP1,Spain,La Liga Primera Division,,Numancia,Santander,2,3,A,2,2,D,,,,2.25,3.25,2.75,2.25,3.2,2.75,2.3,3.2,2.8
2004/2005,2005-03-20 00:00:00,SP2,Spain,La Liga Segunda Division,,Murcia,Malaga B,0,1,A,0,0,D,,,,2.0,2.87,3.75,2.0,3.0,3.4,2.1,2.7,3.65
2004/2005,2005-03-20 00:00:00,SP2,Spain,La Liga Segunda Division,,Celta,Cadiz,0,2,A,0,0,D,,,,,,,1.8,2.9,4.4,1.75,2.95,4.75
2004/2005,2005-03-19 00:00:00,SP1,Spain,La Liga Primera Division,,La Coruna,Barcelona,0,1,A,0,1,A,,,,2.87,3.2,2.4,2.8,3.2,2.2,2.85,3.25,2.25
2004/2005,2005-03-16 00:00:00,SP1,Spain,La Liga Primera Division,,Ath Bilbao,Getafe,1,2,A,1,0,H,,,,1.57,3.4,5.5,1.44,3.6,6.5,1.45,3.75,7.0
2004/2005,2005-03-13 00:00:00,SP1,Spain,La Liga Primera Division,,Albacete,La Coruna,0,1,A,0,1,A,,,,2.87,3.2,2.2,2.75,3.0,2.38,2.95,3.25,2.2
2004/2005,2005-03-13 00:00:00,SP1,Spain,La Liga Primera Division,,Sevilla,Zaragoza,0,1,A,0,1,A,,,,1.72,3.25,4.33,1.73,3.2,4.33,1.6,3.5,5.25
2004/2005,2005-03-13 00:00:00,SP2,Spain,La Liga Segunda Division,,Cadiz,Murcia,0,1,A,0,0,D,,,,1.57,3.0,6.5,1.67,3.1,5.0,1.6,3.2,5.45
2004/2005,2005-03-13 00:00:00,SP2,Spain,La Liga Segunda Division,,Malaga B,Recreativo,0,1,A,0,1,A,,,,2.62,2.75,2.62,2.75,2.8,2.5,2.95,2.6,2.5
2004/2005,2005-03-13 00:00:00,SP2,Spain,La Liga Segunda Division,,Valladolid,Eibar,1,2,A,1,1,D,,,,2.25,2.75,3.2,2.25,2.75,3.2,2.3,2.65,3.25
2004/2005,2005-03-13 00:00:00,SP2,Spain,La Liga Segunda Division,,Pontevedra,Alaves,1,3,A,0,1,A,,,,2.75,2.75,2.5,2.75,2.8,2.5,2.85,2.6,2.6
2004/2005,2005-03-12 00:00:00,SP2,Spain,La Liga Segunda Division,,Ferrol,Celta,1,2,A,1,1,D,,,,3.4,2.8,2.1,3.4,2.8,2.1,3.35,2.7,2.2
2004/2005,2005-03-06 00:00:00,SP2,Spain,La Liga Segunda Division,,Alaves,Celta,0,3,A,0,1,A,,,,2.5,2.75,2.75,2.7,2.8,2.5,2.7,2.65,2.7
2004/2005,2005-03-06 00:00:00,SP2,Spain,La Liga Segunda Division,,Lleida,Cordoba,1,2,A,1,0,H,,,,1.83,2.87,4.33,1.83,3.0,4.0,1.9,2.8,4.2
2004/2005,2005-02-27 00:00:00,SP1,Spain,La Liga Primera Division,,Osasuna,Malaga,1,6,A,0,3,A,,,,1.83,3.25,3.75,1.91,3.2,3.5,1.8,3.35,4.0
2004/2005,2005-02-27 00:00:00,SP2,Spain,La Liga Segunda Division,,Ferrol,Recreativo,0,1,A,0,0,D,,,,2.5,2.75,2.75,2.5,2.8,2.75,2.6,2.6,2.85
2004/2005,2005-02-27 00:00:00,SP2,Spain,La Liga Segunda Division,,Elche,Xerez,1,2,A,1,0,H,,,,1.83,2.87,4.33,1.9,2.8,4.2,1.95,2.8,4.0
2004/2005,2005-02-26 00:00:00,SP2,Spain,La Liga Segunda Division,,Malaga B,Gimnastic,0,1,A,0,0,D,,,,2.3,2.62,3.2,2.2,2.9,3.1,2.35,2.65,3.15
2004/2005,2005-02-26 00:00:00,SP1,Spain,La Liga Primera Division,,Mallorca,Levante,1,2,A,0,0,D,,,,1.83,3.25,3.75,1.91,3.2,3.5,1.95,3.3,3.5
2004/2005,2005-02-20 00:00:00,SP2,Spain,La Liga Segunda Division,,Recreativo,Celta,1,2,A,0,1,A,,,,2.37,2.62,3.1,2.25,2.8,3.1,2.45,2.6,3.05
2004/2005,2005-02-20 00:00:00,SP2,Spain,La Liga Segunda Division,,Alaves,Murcia,2,3,A,1,1,D,,,,1.57,3.1,6.0,1.67,3.2,5.0,1.55,3.25,6.0
2004/2005,2005-02-19 00:00:00,SP2,Spain,La Liga Segunda Division,,Almeria,Malaga B,0,1,A,0,1,A,,,,2.25,2.62,3.3,2.4,2.7,3.0,2.25,2.6,3.4
2004/2005,2005-02-19 00:00:00,SP2,Spain,La Liga Segunda Division,,Ciudad de Murcia,Tenerife,0,1,A,0,0,D,,,,2.3,2.62,3.2,2.25,2.7,3.25,2.45,2.6,3.05
2004/2005,2005-02-19 00:00:00,SP2,Spain,La Liga Segunda Division,,Terrassa,Elche,0,1,A,0,0,D,,,,2.5,2.62,2.9,2.25,2.9,3.0,2.8,2.55,2.7
2004/2005,2005-02-13 00:00:00,SP2,Spain,La Liga Segunda Division,,Salamanca,Eibar,1,2,A,0,1,A,,,,2.7,2.6,2.7,2.5,2.8,2.7,2.9,2.5,2.65
2004/2005,2005-02-13 00:00:00,SP2,Spain,La Liga Segunda Division,,Murcia,Recreativo,1,3,A,1,0,H,,,,2.5,2.75,2.8,2.4,2.75,2.9,2.65,2.5,2.9
2004/2005,2005-02-13 00:00:00,SP2,Spain,La Liga Segunda Division,,Ferrol,Gimnastic,1,4,A,1,0,H,,,,2.5,2.6,3.0,2.3,2.8,3.0,2.65,2.5,2.9
2004/2005,2005-02-06 00:00:00,SP2,Spain,La Liga Segunda Division,,Tenerife,Valladolid,0,2,A,0,1,A,,,,2.5,2.75,2.75,2.4,2.7,3.0,2.75,2.55,2.75
2004/2005,2005-02-06 00:00:00,SP2,Spain,La Liga Segunda Division,,Lleida,Cadiz,1,3,A,1,2,A,,,,2.5,2.75,2.75,2.4,2.9,2.75,2.7,2.55,2.8
2004/2005,2005-02-06 00:00:00,SP2,Spain,La Liga Segunda Division,,Almeria,Ferrol,1,6,A,0,2,A,,,,2.29,2.62,3.2,2.25,2.7,3.25,2.25,2.5,3.6
2004/2005,2005-02-06 00:00:00,SP2,Spain,La Liga Segunda Division,,Alaves,Recreativo,0,2,A,0,0,D,,,,1.8,2.87,4.5,1.9,2.8,4.2,1.8,2.75,4.95
2004/2005,2005-02-05 00:00:00,SP2,Spain,La Liga Segunda Division,,Gimnastic,Celta,0,2,A,0,0,D,,,,2.37,2.79,2.87,2.3,2.75,3.1,2.65,2.55,2.85
2004/2005,2005-01-30 00:00:00,SP2,Spain,La Liga Segunda Division,,Ferrol,Lleida,1,3,A,0,1,A,,,,2.1,2.75,3.5,2.2,2.75,3.25,2.1,2.6,3.85
2004/2005,2005-01-30 00:00:00,SP2,Spain,La Liga Segunda Division,,Cadiz,Eibar,1,2,A,1,1,D,,,,2.0,2.79,4.0,2.0,2.9,3.6,2.0,2.65,4.1
2004/2005,2005-01-30 00:00:00,SP2,Spain,La Liga Segunda Division,,Cordoba,Ciudad de Murcia,0,1,A,0,0,D,,,,1.72,3.25,4.33,1.8,2.9,4.5,2.2,2.55,3.6
2004/2005,2005-01-30 00:00:00,SP1,Spain,La Liga Primera Division,,Numancia,Real Madrid,1,2,A,0,0,D,,,,6.0,3.5,1.5,5.5,3.25,1.571,5.75,3.55,1.55
2004/2005,2005-01-29 00:00:00,SP1,Spain,La Liga Primera Division,,Sevilla,Barcelona,0,4,A,0,0,D,,,,3.0,3.25,2.29,2.8,3.2,2.2,2.85,3.25,2.25
2004/2005,2005-01-29 00:00:00,SP2,Spain,La Liga Segunda Division,,Malaga B,Xerez,0,3,A,0,1,A,,,,2.39,2.7,3.0,2.5,2.75,2.8,2.5,2.5,3.1
2004/2005,2005-01-23 00:00:00,SP2,Spain,La Liga Segunda Division,,Cadiz,Xerez,0,1,A,0,0,D,,,,1.61,3.1,5.5,1.7,3.0,5.0,1.65,2.9,5.8
2004/2005,2005-01-23 00:00:00,SP1,Spain,La Liga Primera Division,,Albacete,Sevilla,0,2,A,0,2,A,,,,2.4,3.1,2.62,2.6,3.2,2.38,2.5,3.15,2.6
2004/2005,2005-01-23 00:00:00,SP2,Spain,La Liga Segunda Division,,Sp Gijon,Alaves,1,2,A,1,1,D,,,,2.7,2.6,2.7,2.6,2.6,2.8,2.8,2.6,2.65
2004/2005,2005-01-22 00:00:00,SP2,Spain,La Liga Segunda Division,,Ferrol,Eibar,0,1,A,0,0,D,,,,2.2,2.75,3.25,2.2,2.75,3.25,2.3,2.6,3.3
2004/2005,2005-01-16 00:00:00,SP1,Spain,La Liga Primera Division,,Levante,Villarreal,2,4,A,0,2,A,,,,2.4,3.2,2.3,2.5,2.88,2.62,2.35,3.2,2.75
2004/2005,2005-01-16 00:00:00,SP2,Spain,La Liga Segunda Division,,Valladolid,Cordoba,0,1,A,0,0,D,,,,1.33,3.75,9.0,1.3,4.0,10.0,1.35,4.0,7.5
2004/2005,2005-01-09 00:00:00,SP1,Spain,La Liga Primera Division,,Ath Madrid,Real Madrid,0,3,A,0,1,A,,,,3.1,3.25,2.25,2.75,3.0,2.38,3.0,3.2,2.2
2004/2005,2005-01-09 00:00:00,SP2,Spain,La Liga Segunda Division,,Poli Ejido,Valladolid,0,3,A,0,3,A,,,,2.6,2.6,2.8,2.8,2.75,2.5,2.65,2.45,2.95
2004/2005,2005-01-09 00:00:00,SP1,Spain,La Liga Primera Division,,Sociedad,Albacete,0,2,A,0,1,A,,,,1.66,3.4,4.5,1.67,3.25,4.5,1.7,3.3,4.75
2004/2005,2005-01-08 00:00:00,SP2,Spain,La Liga Segunda Division,,Cordoba,Elche,0,2,A,0,2,A,,,,5.5,2.75,1.72,4.33,2.88,1.83,5.2,2.8,1.75
2004/2005,2005-01-08 00:00:00,SP2,Spain,La Liga Segunda Division,,Salamanca,Tenerife,4,5,A,4,2,H,,,,2.2,2.6,3.5,2.25,2.75,3.2,2.3,2.5,3.5
2004/2005,2004-12-22 00:00:00,SP1,Spain,La Liga Primera Division,,La Coruna,Zaragoza,2,3,A,0,1,A,,,,1.61,3.5,4.5,1.73,3.2,4.33,1.7,3.4,4.55
2004/2005,2004-12-22 00:00:00,SP2,Spain,La Liga Segunda Division,,Lleida,Sp Gijon,0,2,A,0,2,A,,,,1.9,2.75,4.33,1.91,2.88,4.0,2.2,2.55,3.65
2004/2005,2004-12-22 00:00:00,SP2,Spain,La Liga Segunda Division,,Terrassa,Celta,1,4,A,0,1,A,,,,2.4,2.75,2.87,2.62,2.75,2.62,2.6,2.45,3.05
2004/2005,2004-12-22 00:00:00,SP2,Spain,La Liga Segunda Division,,Xerez,Murcia,0,1,A,0,1,A,,,,1.72,2.87,5.0,1.73,2.88,5.0,1.8,2.65,5.25
2004/2005,2004-12-22 00:00:00,SP1,Spain,La Liga Primera Division,,Malaga,Sociedad,1,5,A,1,1,D,,,,2.25,3.25,2.7,2.38,3.2,2.6,2.25,3.25,2.85
2004/2005,2004-12-22 00:00:00,SP1,Spain,La Liga Primera Division,,Real Madrid,Sevilla,0,1,A,0,1,A,,,,1.4,3.75,7.0,1.4,3.75,7.0,1.35,4.25,8.0
2004/2005,2004-12-22 00:00:00,SP2,Spain,La Liga Segunda Division,,Cordoba,Alaves,1,2,A,1,1,D,,,,4.0,2.9,1.9,4.33,3.0,1.8,4.7,2.6,1.9
2004/2005,2004-12-21 00:00:00,SP2,Spain,La Liga Segunda Division,,Eibar,Recreativo,1,2,A,1,0,H,,,,1.72,2.87,5.0,1.7,2.8,5.5,1.8,2.65,5.25
2004/2005,2004-12-19 00:00:00,SP2,Spain,La Liga Segunda Division,,Malaga B,Valladolid,0,2,A,0,1,A,,,,2.8,2.6,2.6,2.5,2.75,2.75,3.1,2.5,2.55
2004/2005,2004-12-19 00:00:00,SP1,Spain,La Liga Primera Division,,Mallorca,Osasuna,1,2,A,0,2,A,,,,2.2,3.25,2.8,2.2,3.2,2.8,2.1,3.3,3.1
2004/2005,2004-12-19 00:00:00,SP1,Spain,La Liga Primera Division,,Zaragoza,Ath Bilbao,0,2,A,0,0,D,,,,2.0,3.25,3.25,1.91,3.2,3.5,2.0,3.3,3.35
2004/2005,2004-12-18 00:00:00,SP2,Spain,La Liga Segunda Division,,Murcia,Terrassa,0,1,A,0,0,D,,,,2.3,2.6,3.25,2.25,2.6,3.4,2.35,2.5,3.35
2004/2005,2004-12-18 00:00:00,SP1,Spain,La Liga Primera Division,,Santander,Real Madrid,2,3,A,1,1,D,,,,4.0,3.25,1.9,4.0,3.2,1.8,4.0,3.35,1.8
2004/2005,2004-12-12 00:00:00,SP2,Spain,La Liga Segunda Division,,Poli Ejido,Alaves,0,1,A,0,0,D,,,,2.5,2.62,2.87,2.6,2.5,3.0,2.65,2.5,2.9
2004/2005,2004-12-12 00:00:00,SP2,Spain,La Liga Segunda Division,,Pontevedra,Murcia,0,1,A,0,0,D,,,,2.2,2.75,3.25,2.5,2.62,2.88,2.25,2.5,3.6
2004/2005,2004-12-12 00:00:00,SP1,Spain,La Liga Primera Division,,Getafe,Villarreal,1,2,A,0,1,A,,,,2.25,3.25,2.75,2.1,3.2,3.0,2.25,3.25,2.85
2004/2005,2004-12-12 00:00:00,SP2,Spain,La Liga Segunda Division,,Valladolid,Cadiz,0,1,A,0,0,D,,,,2.37,2.62,3.1,2.38,2.6,3.2,2.35,2.5,3.35
2004/2005,2004-12-11 00:00:00,SP1,Spain,La Liga Primera Division,,Albacete,Barcelona,1,2,A,0,1,A,,,,6.0,3.4,1.61,6.0,3.4,1.5,5.75,3.55,1.55
2004/2005,2004-12-11 00:00:00,SP2,Spain,La Liga Segunda Division,,Eibar,Gimnastic,0,2,A,0,0,D,,,,1.72,2.87,5.0,1.8,2.88,4.5,1.65,2.9,5.8
2004/2005,2004-12-05 00:00:00,SP2,Spain,La Liga Segunda Division,,Ferrol,Valladolid,2,3,A,0,2,A,,,,2.25,2.5,3.6,2.25,2.5,3.5,2.35,2.5,3.35
2004/2005,2004-12-05 00:00:00,SP1,Spain,La Liga Primera Division,,Zaragoza,Espanol,0,1,A,0,1,A,,,,2.2,3.25,2.8,2.1,3.2,3.0,2.1,3.2,3.2
2004/2005,2004-12-04 00:00:00,SP1,Spain,La Liga Primera Division,,Albacete,Valencia,0,1,A,0,0,D,,,,3.0,3.25,2.1,3.0,3.2,2.1,3.1,3.2,2.15
2004/2005,2004-11-28 00:00:00,SP2,Spain,La Liga Segunda Division,,Pontevedra,Sp Gijon,1,2,A,0,1,A,,,,2.5,2.62,2.87,2.4,2.5,3.25,2.7,2.45,2.9
2004/2005,2004-11-28 00:00:00,SP2,Spain,La Liga Segunda Division,,Poli Ejido,Malaga B,1,2,A,1,1,D,,,,1.9,2.62,4.5,2.1,2.5,4.0,1.95,2.6,4.45
2004/2005,2004-11-28 00:00:00,SP2,Spain,La Liga Segunda Division,,Cordoba,Cadiz,0,2,A,0,1,A,,,,3.4,2.62,2.2,3.5,2.6,2.2,3.65,2.55,2.2
2004/2005,2004-11-27 00:00:00,SP2,Spain,La Liga Segunda Division,,Terrassa,Gimnastic,1,2,A,1,1,D,,,,2.2,2.62,3.4,2.0,2.7,4.0,2.15,2.55,3.75
2004/2005,2004-11-21 00:00:00,SP2,Spain,La Liga Segunda Division,,Alaves,Eibar,0,2,A,0,0,D,,,,2.25,2.75,3.25,2.2,2.6,3.5,2.3,2.5,3.45
2004/2005,2004-11-21 00:00:00,SP2,Spain,La Liga Segunda Division,,Malaga B,Salamanca,1,3,A,0,1,A,,,,2.37,2.6,3.2,2.25,2.5,3.6,2.3,2.5,3.45
2004/2005,2004-11-21 00:00:00,SP2,Spain,La Liga Segunda Division,,Murcia,Valladolid,0,1,A,0,1,A,,,,2.62,2.62,2.75,3.0,2.7,2.4,2.6,2.45,3.0
2004/2005,2004-11-14 00:00:00,SP2,Spain,La Liga Segunda Division,,Xerez,Eibar,0,3,A,0,1,A,,,,2.2,2.75,3.25,2.2,2.5,3.75,2.2,2.55,3.6
2004/2005,2004-11-14 00:00:00,SP2,Spain,La Liga Segunda Division,,Pontevedra,Almeria,0,2,A,0,1,A,,,,2.5,2.62,2.87,2.75,2.7,2.6,2.6,2.4,3.1
2004/2005,2004-11-14 00:00:00,SP2,Spain,La Liga Segunda Division,,Salamanca,Cadiz,1,3,A,1,2,A,,,,2.62,2.62,2.75,2.4,2.75,2.9,2.85,2.5,2.65
2004/2005,2004-11-13 00:00:00,SP2,Spain,La Liga Segunda Division,,Cordoba,Celta,0,1,A,0,0,D,,,,2.9,2.75,2.37,3.25,2.6,2.3,3.25,2.5,2.4
2004/2005,2004-10-31 00:00:00,SP2,Spain,La Liga Segunda Division,,Pontevedra,Eibar,2,3,A,0,2,A,,,,2.5,2.5,3.1,2.7,2.5,2.8,2.4,2.4,3.45
2004/2005,2004-10-31 00:00:00,SP2,Spain,La Liga Segunda Division,,Salamanca,Celta,0,1,A,0,1,A,,,,2.37,2.5,3.25,2.5,2.6,3.0,2.4,2.45,3.35
2004/2005,2004-10-31 00:00:00,SP2,Spain,La Liga Segunda Division,,Tenerife,Almeria,1,3,A,0,1,A,,,,1.9,2.62,4.5,1.9,2.7,4.5,1.9,2.65,4.55
2004/2005,2004-10-31 00:00:00,SP2,Spain,La Liga Segunda Division,,Terrassa,Xerez,0,1,A,0,0,D,,,,2.5,2.62,3.0,2.7,2.5,2.8,2.5,2.45,3.2
2004/2005,2004-10-31 00:00:00,SP1,Spain,La Liga Primera Division,,Mallorca,Santander,1,2,A,0,1,A,,,,2.0,3.25,3.25,2.1,3.2,3.0,2.0,3.25,3.4
2004/2005,2004-10-31 00:00:00,SP1,Spain,La Liga Primera Division,,Numancia,Sociedad,0,2,A,0,0,D,,,,2.37,3.2,2.62,2.25,3.2,2.75,2.35,3.2,2.75
2004/2005,2004-10-31 00:00:00,SP1,Spain,La Liga Primera Division,,Osasuna,Levante,0,1,A,0,1,A,,,,1.83,3.25,3.75,1.8,3.25,3.75,1.8,3.3,4.1
2004/2005,2004-10-31 00:00:00,SP2,Spain,La Liga Segunda Division,,Cordoba,Recreativo,0,2,A,0,1,A,,,,2.4,2.5,3.2,2.6,2.75,2.6,2.45,2.45,3.25
2004/2005,2004-10-31 00:00:00,SP2,Spain,La Liga Segunda Division,,Ciudad de Murcia,Lleida,1,2,A,0,0,D,,,,2.5,2.5,3.1,2.7,2.7,2.6,2.6,2.45,3.05
2004/2005,2004-10-30 00:00:00,SP2,Spain,La Liga Segunda Division,,Cadiz,Alaves,0,1,A,0,0,D,,,,2.25,2.7,3.25,2.25,2.5,3.5,2.3,2.5,3.45
2004/2005,2004-10-24 00:00:00,SP1,Spain,La Liga Primera Division,,Levante,Espanol,0,2,A,0,0,D,,,,2.0,3.2,3.3,1.91,3.2,3.5,2.0,3.25,3.4
2004/2005,2004-10-24 00:00:00,SP1,Spain,La Liga Primera Division,,Getafe,Betis,0,2,A,0,0,D,,,,2.25,3.2,2.8,2.2,3.2,2.8,2.1,3.2,3.2
2004/2005,2004-10-17 00:00:00,SP1,Spain,La Liga Primera Division,,Valencia,Sevilla,1,2,A,0,0,D,,,,1.53,3.5,7.0,1.57,3.25,5.5,1.5,3.55,6.5
2004/2005,2004-10-17 00:00:00,SP1,Spain,La Liga Primera Division,,Numancia,Levante,1,3,A,0,1,A,,,,2.2,3.0,3.1,2.2,3.2,2.8,2.25,3.1,3.0
2004/2005,2004-10-17 00:00:00,SP2,Spain,La Liga Segunda Division,,Ciudad de Murcia,Xerez,0,2,A,0,1,A,,,,2.75,2.62,2.62,2.88,2.8,2.38,3.2,2.45,2.5
2004/2005,2004-10-16 00:00:00,SP1,Spain,La Liga Primera Division,,Espanol,Barcelona,0,1,A,0,1,A,,,,4.5,3.25,1.83,4.0,3.2,1.8,3.95,3.4,1.8
2004/2005,2004-10-16 00:00:00,SP2,Spain,La Liga Segunda Division,,Malaga B,Murcia,0,2,A,0,2,A,,,,2.0,2.75,3.8,1.8,3.0,4.33,2.05,2.55,4.1
2004/2005,2004-10-10 00:00:00,SP2,Spain,La Liga Segunda Division,,Terrassa,Ciudad de Murcia,0,1,A,0,0,D,,,,1.8,2.87,4.5,1.73,2.88,5.0,1.75,2.75,5.3
2004/2005,2004-10-10 00:00:00,SP2,Spain,La Liga Segunda Division,,Gimnastic,Poli Ejido,1,4,A,0,2,A,,,,2.62,2.6,2.75,2.75,2.75,2.5,2.5,2.45,3.2
2004/2005,2004-10-10 00:00:00,SP2,Spain,La Liga Segunda Division,,Sp Gijon,Salamanca,1,2,A,1,1,D,,,,1.83,2.8,4.5,1.91,2.75,4.33,1.7,2.8,5.6
2004/2005,2004-10-10 00:00:00,SP2,Spain,La Liga Segunda Division,,Murcia,Cadiz,0,2,A,0,0,D,,,,2.5,2.62,2.87,2.38,2.75,3.0,2.5,2.45,3.2
2004/2005,2004-10-09 00:00:00,SP2,Spain,La Liga Segunda Division,,Recreativo,Malaga B,0,1,A,0,1,A,,,,1.9,2.7,4.33,1.8,2.88,4.5,1.85,2.65,4.9
2004/2005,2004-10-09 00:00:00,SP2,Spain,La Liga Segunda Division,,Lleida,Elche,1,2,A,0,0,D,,,,2.2,2.62,3.5,2.25,2.75,3.2,2.25,2.5,3.6
2004/2005,2004-10-03 00:00:00,SP2,Spain,La Liga Segunda Division,,Salamanca,Gimnastic,0,1,A,0,1,A,,,,,,,1.91,2.75,4.33,2.0,2.55,4.35
2004/2005,2004-10-03 00:00:00,SP1,Spain,La Liga Primera Division,,Real Madrid,La Coruna,0,1,A,0,1,A,,,,1.61,3.4,6.0,1.57,3.5,5.0,1.5,3.6,6.25
2004/2005,2004-10-03 00:00:00,SP2,Spain,La Liga Segunda Division,,Ciudad de Murcia,Pontevedra,2,3,A,1,1,D,,,,,,,2.38,2.6,3.2,2.1,2.5,4.05
2004/2005,2004-10-02 00:00:00,SP2,Spain,La Liga Segunda Division,,Cordoba,Lleida,0,1,A,0,1,A,,,,,,,2.75,2.75,2.5,2.4,2.45,3.35
2004/2005,2004-09-26 00:00:00,SP1,Spain,La Liga Primera Division,,Mallorca,Barcelona,1,3,A,0,3,A,,,,4.33,3.25,1.72,5.0,3.5,1.57,4.1,3.3,1.8
2004/2005,2004-09-26 00:00:00,SP2,Spain,La Liga Segunda Division,,Recreativo,Ferrol,0,1,A,0,0,D,,,,,,,1.62,3.0,6.0,1.7,2.8,5.65
2004/2005,2004-09-26 00:00:00,SP2,Spain,La Liga Segunda Division,,Lleida,Poli Ejido,0,1,A,0,1,A,,,,,,,2.0,2.8,3.75,2.2,2.5,3.7
2004/2005,2004-09-26 00:00:00,SP2,Spain,La Liga Segunda Division,,Almeria,Salamanca,0,1,A,0,0,D,,,,,,,1.91,3.0,3.75,2.1,2.5,4.05
2004/2005,2004-09-25 00:00:00,SP2,Spain,La Liga Segunda Division,,Gimnastic,Malaga B,0,2,A,0,2,A,,,,,,,1.91,3.0,3.75,2.2,2.5,3.7
2004/2005,2004-09-22 00:00:00,SP1,Spain,La Liga Primera Division,,Sociedad,Santander,0,1,A,0,1,A,,,,1.8,3.2,4.0,1.73,3.2,4.33,1.7,3.4,4.5
2004/2005,2004-09-22 00:00:00,SP1,Spain,La Liga Primera Division,,La Coruna,Valencia,1,5,A,0,4,A,,,,2.4,3.2,2.6,2.38,3.0,2.75,2.5,3.1,2.65
2004/2005,2004-09-19 00:00:00,SP2,Spain,La Liga Segunda Division,,Valladolid,Pontevedra,0,1,A,0,0,D,,,,1.57,3.1,6.0,1.44,3.4,7.5,1.6,3.1,5.75
2004/2005,2004-09-19 00:00:00,SP1,Spain,La Liga Primera Division,,Ath Bilbao,La Coruna,1,2,A,0,0,D,,,,2.3,3.2,2.7,2.1,3.2,3.0,2.4,3.15,2.7
2004/2005,2004-09-19 00:00:00,SP1,Spain,La Liga Primera Division,,Mallorca,Malaga,1,2,A,0,1,A,,,,1.9,3.25,3.5,1.83,3.2,3.75,1.8,3.3,4.1
2004/2005,2004-09-19 00:00:00,SP2,Spain,La Liga Segunda Division,,Murcia,Alaves,1,5,A,1,3,A,,,,2.37,2.75,2.9,2.62,2.75,2.62,2.5,2.45,3.2
2004/2005,2004-09-19 00:00:00,SP2,Spain,La Liga Segunda Division,,Cordoba,Xerez,1,2,A,0,1,A,,,,2.5,2.75,2.75,2.5,2.75,2.75,2.5,2.45,3.2
2004/2005,2004-09-18 00:00:00,SP2,Spain,La Liga Segunda Division,,Salamanca,Lleida,0,1,A,0,1,A,,,,2.0,2.8,3.75,2.0,2.8,3.75,2.2,2.5,3.75
2004/2005,2004-09-18 00:00:00,SP2,Spain,La Liga Segunda Division,,Malaga B,Almeria,1,2,A,0,0,D,,,,2.25,2.75,3.2,2.38,2.8,2.88,2.2,2.5,3.75
2004/2005,2004-09-12 00:00:00,SP1,Spain,La Liga Primera Division,,Albacete,Ath Madrid,0,2,A,0,0,D,,,,2.75,3.2,2.5,2.5,3.2,2.5,2.4,3.15,2.7
2004/2005,2004-09-12 00:00:00,SP1,Spain,La Liga Primera Division,,Betis,Espanol,1,4,A,0,2,A,,,,2.0,3.25,3.25,1.8330000000000002,3.2,3.75,1.9,3.25,3.7
2004/2005,2004-09-12 00:00:00,SP1,Spain,La Liga Primera Division,,La Coruna,Osasuna,1,3,A,1,0,H,,,,1.444,3.75,6.5,1.5,3.4,6.0,1.5,3.6,6.25
2004/2005,2004-09-12 00:00:00,SP1,Spain,La Liga Primera Division,,Getafe,Mallorca,1,2,A,0,1,A,,,,2.375,3.2,2.625,2.4,2.875,2.75,2.2,3.2,3.0
2004/2005,2004-09-11 00:00:00,SP2,Spain,La Liga Segunda Division,,Almeria,Cadiz,0,1,A,0,1,A,,,,,,,2.1,2.625,3.75,2.1,2.5,4.05
2004/2005,2004-09-05 00:00:00,SP2,Spain,La Liga Segunda Division,,Murcia,Sp Gijon,1,3,A,0,1,A,,,,2.25,2.62,3.4,1.909,2.875,4.0,2.1,2.5,4.05
2004/2005,2004-09-05 00:00:00,SP2,Spain,La Liga Segunda Division,,Cadiz,Lleida,0,2,A,0,2,A,,,,1.8,2.87,4.5,1.6669999999999998,2.875,5.5,1.9,2.65,4.55
2004/2005,2004-09-05 00:00:00,SP2,Spain,La Liga Segunda Division,,Ferrol,Almeria,0,1,A,0,0,D,,,,2.1,2.62,3.75,2.2,2.75,3.25,2.05,2.55,4.1
2004/2005,2004-08-29 00:00:00,SP1,Spain,La Liga Primera Division,,Santander,Barcelona,0,2,A,0,0,D,,,,5.0,3.4,1.72,4.5,3.25,1.67,4.5,3.4,1.7
2004/2005,2004-08-29 00:00:00,SP2,Spain,La Liga Segunda Division,,Alaves,Valladolid,2,4,A,0,2,A,,,,,,,2.25,2.75,3.2,2.3,2.45,3.6
2004/2005,2004-08-29 00:00:00,SP2,Spain,La Liga Segunda Division,,Almeria,Celta,0,1,A,0,0,D,,,,,,,3.25,2.75,2.2,3.6,2.45,2.3
2004/2005,2004-08-29 00:00:00,SP1,Spain,La Liga Primera Division,,Mallorca,Real Madrid,0,1,A,0,0,D,,,,5.0,3.4,1.72,4.33,3.2,1.73,4.5,3.4,1.7
2004/2005,2004-08-29 00:00:00,SP2,Spain,La Liga Segunda Division,,Sp Gijon,Recreativo,0,1,A,0,0,D,,,,,,,1.83,2.8,4.5,1.9,2.6,4.7
2004/2005,2004-08-28 00:00:00,SP2,Spain,La Liga Segunda Division,,Lleida,Ferrol,1,2,A,0,1,A,,,,,,,2.2,2.75,3.25,2.4,2.45,3.35
2004/2005,2004-08-28 00:00:00,SP2,Spain,La Liga Segunda Division,,Pontevedra,Poli Ejido,0,1,A,0,0,D,,,,,,,2.25,2.62,3.4,2.25,2.45,3.7
2003/2004,2004-06-19 00:00:00,SP2,Spain,La Liga Segunda Division,,Vallecano,Las Palmas,1,2,A,0,1,A,,,,,,,,,,,,
2003/2004,2004-06-19 00:00:00,SP2,Spain,La Liga Segunda Division,,Eibar,Alaves,1,2,A,0,1,A,,,,,,,,,,,,
2003/2004,2004-06-19 00:00:00,SP2,Spain,La Liga Segunda Division,,Leganes,Cordoba,0,1,A,0,1,A,,,,,,,,,,,,
2003/2004,2004-06-19 00:00:00,SP2,Spain,La Liga Segunda Division,,Tenerife,Getafe,3,5,A,1,3,A,,,,,,,,,,,,
2003/2004,2004-06-18 00:00:00,SP2,Spain,La Liga Segunda Division,,Elche,Salamanca,1,2,A,1,1,D,,,,,,,,,,,,
2003/2004,2004-06-13 00:00:00,SP2,Spain,La Liga Segunda Division,,Algeciras,Numancia,0,1,A,0,1,A,,,,,,,,,,,,
2003/2004,2004-06-05 00:00:00,SP2,Spain,La Liga Segunda Division,,Ciudad de Murcia,Getafe,1,2,A,0,1,A,,,,,,,,,,,,
2003/2004,2004-06-05 00:00:00,SP2,Spain,La Liga Segunda Division,,Xerez,Levante,1,2,A,0,0,D,,,,,,,,,,,,
2003/2004,2004-05-30 00:00:00,SP2,Spain,La Liga Segunda Division,,Cadiz,Levante,0,3,A,0,1,A,,,,2.7,2.6,2.7,,,,,,
2003/2004,2004-05-29 00:00:00,SP2,Spain,La Liga Segunda Division,,Sp Gijon,Tenerife,0,2,A,0,0,D,,,,1.66,2.9,5.5,,,,,,
2003/2004,2004-05-23 00:00:00,SP1,Spain,La Liga Primera Division,,Valencia,Albacete,0,1,A,0,0,D,,,,1.5,3.6,5.5,1.36,4.0,7.0,,,
2003/2004,2004-05-23 00:00:00,SP1,Spain,La Liga Primera Division,,Celta,Mallorca,1,2,A,0,0,D,,,,,,,1.44,3.75,6.0,,,
2003/2004,2004-05-23 00:00:00,SP1,Spain,La Liga Primera Division,,Real Madrid,Sociedad,1,4,A,1,3,A,,,,1.4,4.2,6.0,1.36,4.33,6.5,,,
2003/2004,2004-05-23 00:00:00,SP1,Spain,La Liga Primera Division,,Malaga,Betis,2,3,A,2,0,H,,,,1.9,3.25,3.4,1.83,3.2,3.75,,,
2003/2004,2004-05-23 00:00:00,SP1,Spain,La Liga Primera Division,,Ath Bilbao,Ath Madrid,3,4,A,1,3,A,,,,2.3,3.4,2.5,2.25,3.4,2.62,,,
2003/2004,2004-05-23 00:00:00,SP1,Spain,La Liga Primera Division,,Santander,La Coruna,0,1,A,0,1,A,,,,,,,2.88,3.6,2.0,,,
2003/2004,2004-05-16 00:00:00,SP1,Spain,La Liga Primera Division,,Albacete,Sevilla,1,4,A,0,1,A,,,,2.37,3.1,2.62,2.38,3.0,2.75,,,
2003/2004,2004-05-16 00:00:00,SP1,Spain,La Liga Primera Division,,Ath Madrid,Zaragoza,1,2,A,0,0,D,,,,1.72,3.4,4.0,1.73,3.4,4.0,,,
2003/2004,2004-05-16 00:00:00,SP1,Spain,La Liga Primera Division,,Osasuna,Ath Bilbao,1,2,A,0,0,D,,,,3.0,3.2,2.1,2.75,3.2,2.25,,,
2003/2004,2004-05-09 00:00:00,SP1,Spain,La Liga Primera Division,,Sevilla,Valencia,0,2,A,0,1,A,,,,3.25,3.2,2.2,3.2,3.0,2.1,,,
2003/2004,2004-05-08 00:00:00,SP1,Spain,La Liga Primera Division,,Real Madrid,Mallorca,2,3,A,1,3,A,,,,1.36,4.5,8.0,1.36,4.0,7.0,,,
2003/2004,2004-05-02 00:00:00,SP1,Spain,La Liga Primera Division,,Osasuna,Santander,1,2,A,0,0,D,,,,1.9,3.25,3.4,1.91,3.2,3.5,,,
2003/2004,2004-05-02 00:00:00,SP2,Spain,La Liga Segunda Division,,Eibar,Ciudad de Murcia,0,2,A,0,1,A,,,,2.1,2.62,3.75,,,,,,
2003/2004,2004-05-01 00:00:00,SP2,Spain,La Liga Segunda Division,,Cordoba,Las Palmas,1,2,A,1,1,D,,,,1.9,2.7,4.33,,,,,,
2003/2004,2004-04-25 00:00:00,SP1,Spain,La Liga Primera Division,,Santander,Albacete,0,2,A,0,1,A,,,,2.1,3.25,3.0,2.0,3.2,3.2,,,
2003/2004,2004-04-25 00:00:00,SP1,Spain,La Liga Primera Division,,Real Madrid,Barcelona,1,2,A,0,0,D,,,,2.0,3.2,3.75,1.91,3.2,3.5,,,
2003/2004,2004-04-25 00:00:00,SP2,Spain,La Liga Segunda Division,,Terrassa,Malaga B,0,1,A,0,0,D,,,,1.9,2.7,4.33,,,,,,
2003/2004,2004-04-25 00:00:00,SP2,Spain,La Liga Segunda Division,,Numancia,Eibar,2,3,A,1,1,D,,,,1.66,2.9,5.5,,,,,,
2003/2004,2004-04-25 00:00:00,SP1,Spain,La Liga Primera Division,,Valladolid,Mallorca,1,3,A,0,1,A,,,,2.0,3.25,3.25,2.0,3.0,3.4,,,
2003/2004,2004-04-24 00:00:00,SP2,Spain,La Liga Segunda Division,,Las Palmas,Recreativo,0,4,A,0,0,D,,,,2.7,2.5,2.8,,,,,,
2003/2004,2004-04-24 00:00:00,SP2,Spain,La Liga Segunda Division,,Xerez,Alaves,1,2,A,1,1,D,,,,2.6,2.6,2.8,,,,,,
2003/2004,2004-04-18 00:00:00,SP1,Spain,La Liga Primera Division,,Albacete,Celta,0,2,A,0,1,A,,,,2.2,3.25,2.8,2.0,3.2,3.2,,,
2003/2004,2004-04-18 00:00:00,SP1,Spain,La Liga Primera Division,,Osasuna,Espanol,1,3,A,0,1,A,,,,1.6669999999999998,3.4,4.5,1.67,3.25,4.5,,,
2003/2004,2004-04-18 00:00:00,SP1,Spain,La Liga Primera Division,,Murcia,Betis,0,1,A,0,1,A,,,,,,,2.6,3.2,2.38,,,
2003/2004,2004-04-18 00:00:00,SP1,Spain,La Liga Primera Division,,Mallorca,Villarreal,1,2,A,1,1,D,,,,2.0,3.25,3.25,2.0,3.2,3.2,,,
2003/2004,2004-04-18 00:00:00,SP2,Spain,La Liga Segunda Division,,Almeria,Terrassa,0,2,A,0,0,D,,,,2.4,2.6,3.1,,,,,,
2003/2004,2004-04-18 00:00:00,SP2,Spain,La Liga Segunda Division,,Ciudad de Murcia,Numancia,0,2,A,0,0,D,,,,2.875,2.625,2.5,,,,,,
2003/2004,2004-04-17 00:00:00,SP1,Spain,La Liga Primera Division,,Ath Madrid,Real Madrid,1,2,A,0,1,A,,,,3.0,3.3,2.25,3.0,3.2,2.1,,,
2003/2004,2004-04-11 00:00:00,SP1,Spain,La Liga Primera Division,,Santander,Ath Bilbao,1,2,A,0,1,A,,,,2.25,3.25,2.75,2.25,3.0,2.875,,,
2003/2004,2004-04-11 00:00:00,SP1,Spain,La Liga Primera Division,,Real Madrid,Osasuna,0,3,A,0,2,A,,,,1.364,4.333,9.0,1.3,4.0,9.0,,,
2003/2004,2004-04-11 00:00:00,SP1,Spain,La Liga Primera Division,,Betis,Mallorca,0,2,A,0,1,A,,,,1.8330000000000002,3.25,3.75,1.8330000000000002,3.2,3.75,,,
2003/2004,2004-04-11 00:00:00,SP1,Spain,La Liga Primera Division,,Villarreal,La Coruna,0,2,A,0,1,A,,,,2.625,3.2,2.375,2.75,3.0,2.375,,,
2003/2004,2004-04-11 00:00:00,SP1,Spain,La Liga Primera Division,,Zaragoza,Valencia,0,1,A,0,0,D,,,,3.5,3.25,1.909,3.4,3.0,2.0,,,
2003/2004,2004-04-10 00:00:00,SP1,Spain,La Liga Primera Division,,Valladolid,Barcelona,1,3,A,0,2,A,,,,3.0,3.25,2.1,3.2,3.2,2.0,,,
2003/2004,2004-04-03 00:00:00,SP1,Spain,La Liga Primera Division,,Albacete,Real Madrid,1,2,A,0,1,A,,,,5.0,3.4,1.7269999999999999,4.5,3.25,1.6669999999999998,,,
2003/2004,2004-03-28 00:00:00,SP1,Spain,La Liga Primera Division,,Santander,Valencia,0,3,A,0,2,A,,,,3.25,3.25,2.0,3.4,3.0,2.0,,,
2003/2004,2004-03-28 00:00:00,SP1,Spain,La Liga Primera Division,,Celta,Zaragoza,0,2,A,0,0,D,,,,2.1,3.25,3.0,2.1,3.2,3.0,,,
2003/2004,2004-03-27 00:00:00,SP1,Spain,La Liga Primera Division,,Sociedad,La Coruna,1,2,A,1,1,D,,,,2.5,3.2,2.5,2.5,2.875,2.625,,,
2003/2004,2004-03-21 00:00:00,SP1,Spain,La Liga Primera Division,,Sevilla,Malaga,0,1,A,0,0,D,,,,2.0,3.25,3.25,1.8,3.25,3.75,,,
2003/2004,2004-03-21 00:00:00,SP2,Spain,La Liga Segunda Division,,Sp Gijon,Levante,1,2,A,0,1,A,,,,2.0,2.62,4.0,,,,,,
2003/2004,2004-03-14 00:00:00,SP1,Spain,La Liga Primera Division,,Murcia,Barcelona,0,2,A,0,1,A,,,,4.5,3.4,1.6669999999999998,5.0,3.25,1.615,,,
2003/2004,2004-03-14 00:00:00,SP1,Spain,La Liga Primera Division,,Celta,Valencia,0,2,A,0,1,A,,,,3.4,3.25,2.1,3.5,3.2,1.909,,,
2003/2004,2004-03-14 00:00:00,SP1,Spain,La Liga Primera Division,,Espanol,Santander,0,1,A,0,0,D,,,,2.1,3.25,3.0,2.0,3.2,3.2,,,
2003/2004,2004-03-14 00:00:00,SP2,Spain,La Liga Segunda Division,,Cordoba,Malaga B,0,1,A,0,1,A,,,,1.909,2.625,4.5,,,,,,
2003/2004,2004-03-14 00:00:00,SP2,Spain,La Liga Segunda Division,,Terrassa,Numancia,0,1,A,0,1,A,,,,2.5,2.625,2.9,,,,,,
2003/2004,2004-03-14 00:00:00,SP2,Spain,La Liga Segunda Division,,Las Palmas,Sp Gijon,1,2,A,0,0,D,,,,2.7,2.6,2.7,,,,,,
2003/2004,2004-03-13 00:00:00,SP2,Spain,La Liga Segunda Division,,Algeciras,Alaves,1,2,A,1,2,A,,,,2.9,2.6,2.5,,,,,,
2003/2004,2004-03-13 00:00:00,SP2,Spain,La Liga Segunda Division,,Poli Ejido,Ciudad de Murcia,0,1,A,0,0,D,,,,2.2,2.5,3.75,,,,,,
2003/2004,2004-03-07 00:00:00,SP1,Spain,La Liga Primera Division,,Ath Bilbao,Valladolid,1,4,A,0,3,A,,,,1.615,3.4,5.0,1.571,3.25,5.5,,,
2003/2004,2004-03-07 00:00:00,SP2,Spain,La Liga Segunda Division,,Ciudad de Murcia,Xerez,0,1,A,0,1,A,,,,2.1,2.5,4.0,,,,,,
2003/2004,2004-03-06 00:00:00,SP1,Spain,La Liga Primera Division,,Celta,Espanol,1,5,A,0,2,A,,,,1.8,3.2,4.0,1.8,3.25,3.75,,,
2003/2004,2004-02-29 00:00:00,SP1,Spain,La Liga Primera Division,,Sociedad,Albacete,0,1,A,0,0,D,,,,1.571,3.4,5.5,1.615,3.25,5.0,,,
2003/2004,2004-02-29 00:00:00,SP1,Spain,La Liga Primera Division,,Murcia,Osasuna,0,1,A,0,1,A,,,,2.5,3.2,2.5,2.5,3.2,2.5,,,
2003/2004,2004-02-29 00:00:00,SP1,Spain,La Liga Primera Division,,La Coruna,Barcelona,2,3,A,0,2,A,,,,2.1,3.25,3.4,2.1,3.2,3.0,,,
2003/2004,2004-02-29 00:00:00,SP1,Spain,La Liga Primera Division,,Mallorca,Ath Madrid,0,1,A,0,0,D,,,,2.3,3.2,2.7,2.2,3.2,2.8,,,
2003/2004,2004-02-29 00:00:00,SP1,Spain,La Liga Primera Division,,Villarreal,Ath Bilbao,0,1,A,0,1,A,,,,2.2,3.25,2.8,2.25,3.0,2.875,,,
2003/2004,2004-02-28 00:00:00,SP1,Spain,La Liga Primera Division,,Valladolid,Zaragoza,1,2,A,1,1,D,,,,2.1,3.25,3.0,1.909,3.2,3.5,,,
2003/2004,2004-02-21 00:00:00,SP1,Spain,La Liga Primera Division,,Valencia,Barcelona,0,1,A,0,0,D,,,,1.909,3.25,4.0,1.8,3.25,3.75,,,
2003/2004,2004-02-21 00:00:00,SP1,Spain,La Liga Primera Division,,Espanol,Real Madrid,2,4,A,1,1,D,,,,5.0,3.4,1.615,5.0,3.25,1.615,,,
2003/2004,2004-02-21 00:00:00,SP1,Spain,La Liga Primera Division,,Celta,Malaga,0,2,A,0,1,A,,,,1.8,3.25,4.0,1.7269999999999999,3.2,4.333,,,
2003/2004,2004-02-15 00:00:00,SP1,Spain,La Liga Primera Division,,Valladolid,Celta,0,2,A,0,0,D,,,,2.25,3.25,2.75,2.25,3.2,2.75,,,
2003/2004,2004-02-14 00:00:00,SP1,Spain,La Liga Primera Division,,Murcia,Sevilla,1,3,A,0,1,A,,,,2.375,3.2,2.625,2.375,3.0,2.75,,,
2003/2004,2004-02-08 00:00:00,SP1,Spain,La Liga Primera Division,,Santander,Betis,1,2,A,1,1,D,,,,2.25,3.25,2.75,2.1,3.2,3.0,,,
2003/2004,2004-02-08 00:00:00,SP1,Spain,La Liga Primera Division,,Albacete,La Coruna,0,2,A,0,0,D,,,,3.6,3.2,1.909,3.5,3.2,1.909,,,
2003/2004,2004-02-08 00:00:00,SP1,Spain,La Liga Primera Division,,Osasuna,Barcelona,1,2,A,0,1,A,,,,2.6,3.2,2.4,2.5,3.2,2.5,,,
2003/2004,2004-02-01 00:00:00,SP1,Spain,La Liga Primera Division,,Villarreal,Espanol,0,1,A,0,0,D,,,,1.571,3.4,5.5,1.444,3.6,6.5,,,
2003/2004,2004-02-01 00:00:00,SP1,Spain,La Liga Primera Division,,Valladolid,Real Madrid,2,3,A,2,0,H,,,,3.75,3.25,1.8330000000000002,3.75,3.25,1.8,,,
2003/2004,2004-02-01 00:00:00,SP1,Spain,La Liga Primera Division,,Mallorca,Ath Bilbao,1,3,A,1,1,D,,,,2.2,3.2,2.875,2.25,3.2,2.75,,,
2003/2004,2004-01-31 00:00:00,SP1,Spain,La Liga Primera Division,,Malaga,Valencia,1,6,A,0,2,A,,,,3.25,3.25,2.0,3.2,3.2,2.0,,,
2003/2004,2004-01-25 00:00:00,SP1,Spain,La Liga Primera Division,,Celta,Sociedad,2,5,A,1,2,A,,,,2.2,3.25,2.8,2.38,3.2,2.6,,,
2003/2004,2004-01-25 00:00:00,SP1,Spain,La Liga Primera Division,,Espanol,Betis,1,2,A,0,2,A,,,,2.6,3.2,2.4,2.5,3.25,2.4,,,
2003/2004,2004-01-25 00:00:00,SP1,Spain,La Liga Primera Division,,Malaga,Valladolid,2,3,A,1,1,D,,,,1.9,3.2,3.6,2.0,3.2,3.2,,,
2003/2004,2004-01-25 00:00:00,SP1,Spain,La Liga Primera Division,,Sevilla,Barcelona,0,1,A,0,1,A,,,,2.4,3.2,2.6,2.4,3.25,2.5,,,
2003/2004,2004-01-25 00:00:00,SP1,Spain,La Liga Primera Division,,Valencia,Osasuna,0,1,A,0,1,A,,,,1.44,3.6,7.0,1.4,3.6,7.5,,,
2003/2004,2004-01-25 00:00:00,SP1,Spain,La Liga Primera Division,,Zaragoza,Mallorca,1,3,A,0,2,A,,,,2.2,3.25,2.8,2.1,3.2,3.0,,,
2003/2004,2004-01-24 00:00:00,SP2,Spain,La Liga Segunda Division,,Almeria,Cadiz,1,2,A,1,0,H,,,,2.3,2.7,3.1,,,,,,
2003/2004,2004-01-18 00:00:00,SP2,Spain,La Liga Segunda Division,,Ciudad de Murcia,Alaves,0,1,A,0,0,D,,,,2.5,2.62,2.87,,,,,,
2003/2004,2004-01-18 00:00:00,SP2,Spain,La Liga Segunda Division,,Numancia,Algeciras,0,1,A,0,0,D,,,,1.5,3.25,6.5,,,,,,
2003/2004,2004-01-18 00:00:00,SP2,Spain,La Liga Segunda Division,,Tenerife,Malaga B,0,1,A,0,1,A,,,,1.9,2.7,4.33,,,,,,
2003/2004,2004-01-17 00:00:00,SP2,Spain,La Liga Segunda Division,,Leganes,Recreativo,0,2,A,0,0,D,,,,2.37,2.7,3.0,,,,,,
2003/2004,2004-01-11 00:00:00,SP2,Spain,La Liga Segunda Division,,Cadiz,Sp Gijon,0,1,A,0,0,D,,,,2.2,2.62,3.4,,,,,,
2003/2004,2004-01-11 00:00:00,SP2,Spain,La Liga Segunda Division,,Cordoba,Vallecano,2,3,A,1,1,D,,,,2.0,2.7,4.0,,,,,,
2003/2004,2004-01-11 00:00:00,SP2,Spain,La Liga Segunda Division,,Levante,Xerez,0,1,A,0,0,D,,,,1.61,3.0,6.0,,,,,,
2003/2004,2004-01-11 00:00:00,SP2,Spain,La Liga Segunda Division,,Salamanca,Terrassa,2,3,A,0,2,A,,,,2.1,2.62,3.75,,,,,,
2003/2004,2004-01-11 00:00:00,SP1,Spain,La Liga Primera Division,,Murcia,Espanol,0,1,A,0,1,A,,,,2.1,3.25,3.0,1.91,3.2,3.5,,,
2003/2004,2004-01-11 00:00:00,SP2,Spain,La Liga Segunda Division,,Algeciras,Leganes,1,2,A,0,2,A,,,,2.62,2.62,2.75,,,,,,
2003/2004,2004-01-10 00:00:00,SP1,Spain,La Liga Primera Division,,Mallorca,Celta,2,4,A,1,1,D,,,,2.0,3.25,3.25,2.0,3.2,3.2,,,
2003/2004,2004-01-10 00:00:00,SP1,Spain,La Liga Primera Division,,Albacete,Valencia,0,1,A,0,1,A,,,,3.75,3.25,1.83,3.5,3.2,1.91,,,
2003/2004,2004-01-04 00:00:00,SP1,Spain,La Liga Primera Division,,Malaga,Sociedad,1,2,A,1,2,A,,,,1.909,3.2,3.6,1.8330000000000002,3.2,3.75,,,
2003/2004,2004-01-04 00:00:00,SP2,Spain,La Liga Segunda Division,,Poli Ejido,Salamanca,1,3,A,0,3,A,,,,2.5,2.5,3.1,,,,,,
2003/2004,2004-01-04 00:00:00,SP2,Spain,La Liga Segunda Division,,Vallecano,Recreativo,1,2,A,1,0,H,,,,2.1,2.6,3.75,,,,,,
2003/2004,2004-01-03 00:00:00,SP1,Spain,La Liga Primera Division,,Celta,La Coruna,0,5,A,0,2,A,,,,2.6,3.2,2.4,2.75,3.0,2.375,,,
2003/2004,2003-12-21 00:00:00,SP1,Spain,La Liga Primera Division,,Betis,Villarreal,1,3,A,0,0,D,,,,2.2,3.25,2.8,2.2,3.2,2.8,,,
2003/2004,2003-12-21 00:00:00,SP1,Spain,La Liga Primera Division,,Mallorca,Real Madrid,1,3,A,1,1,D,,,,4.0,3.25,1.8,4.0,3.2,1.8,,,
2003/2004,2003-12-21 00:00:00,SP1,Spain,La Liga Primera Division,,Murcia,Malaga,1,2,A,1,1,D,,,,2.375,3.0,2.75,2.25,3.2,2.75,,,
2003/2004,2003-12-21 00:00:00,SP1,Spain,La Liga Primera Division,,Osasuna,Zaragoza,0,1,A,0,1,A,,,,1.6669999999999998,3.4,4.5,1.6669999999999998,3.25,4.5,,,
2003/2004,2003-12-20 00:00:00,SP1,Spain,La Liga Primera Division,,Sociedad,Valladolid,1,3,A,1,1,D,,,,1.909,3.25,3.5,1.8330000000000002,3.2,3.75,,,
2003/2004,2003-12-14 00:00:00,SP1,Spain,La Liga Primera Division,,Zaragoza,Albacete,0,1,A,0,0,D,,,,1.8330000000000002,3.25,3.75,1.7269999999999999,3.2,4.333,,,
2003/2004,2003-12-14 00:00:00,SP1,Spain,La Liga Primera Division,,Betis,Valencia,0,1,A,0,1,A,,,,2.7,3.2,2.3,2.6,3.2,2.375,,,
2003/2004,2003-12-13 00:00:00,SP1,Spain,La Liga Primera Division,,Espanol,Barcelona,1,3,A,1,3,A,,,,3.0,3.25,2.1,3.0,3.2,2.1,,,
2003/2004,2003-12-06 00:00:00,SP1,Spain,La Liga Primera Division,,Sociedad,Betis,0,4,A,0,2,A,,,,1.9,3.25,3.5,1.8,3.2,4.0,,,
2003/2004,2003-12-06 00:00:00,SP1,Spain,La Liga Primera Division,,Barcelona,Real Madrid,1,2,A,0,1,A,,,,2.75,3.25,2.25,2.6,3.2,2.375,,,
2003/2004,2003-12-04 00:00:00,SP1,Spain,La Liga Primera Division,,Santander,Sevilla,0,4,A,0,3,A,,,,1.9,3.25,3.4,2.0,3.2,3.2,,,
2003/2004,2003-12-03 00:00:00,SP1,Spain,La Liga Primera Division,,Villarreal,Mallorca,0,2,A,0,0,D,,,,1.83,3.2,3.75,1.91,3.2,3.5,,,
2003/2004,2003-12-03 00:00:00,SP1,Spain,La Liga Primera Division,,Espanol,Osasuna,0,1,A,0,0,D,,,,2.37,3.1,2.62,2.62,2.88,2.5,,,
2003/2004,2003-11-30 00:00:00,SP1,Spain,La Liga Primera Division,,Ath Bilbao,Santander,1,2,A,1,1,D,,,,1.8,3.25,4.0,1.73,3.2,4.33,,,
2003/2004,2003-11-30 00:00:00,SP1,Spain,La Liga Primera Division,,La Coruna,Villarreal,0,1,A,0,0,D,,,,1.44,3.75,6.5,1.44,3.6,6.5,,,
2003/2004,2003-11-30 00:00:00,SP1,Spain,La Liga Primera Division,,Sevilla,Celta,0,1,A,0,1,A,,,,2.1,3.0,3.25,2.0,3.2,3.2,,,
2003/2004,2003-11-23 00:00:00,SP1,Spain,La Liga Primera Division,,Celta,Ath Bilbao,0,2,A,0,0,D,,,,2.0,3.25,3.25,1.8,3.2,4.0,,,
2003/2004,2003-11-23 00:00:00,SP1,Spain,La Liga Primera Division,,Santander,Zaragoza,1,2,A,1,1,D,,,,1.72,3.25,4.33,1.8,3.2,4.0,,,
2003/2004,2003-11-22 00:00:00,SP1,Spain,La Liga Primera Division,,Sociedad,Mallorca,0,1,A,0,1,A,,,,1.72,3.25,4.33,1.62,3.25,5.0,,,
2003/2004,2003-11-09 00:00:00,SP1,Spain,La Liga Primera Division,,Albacete,Malaga,0,1,A,0,0,D,,,,2.25,3.25,2.75,2.0,3.2,3.2,,,
2003/2004,2003-11-09 00:00:00,SP1,Spain,La Liga Primera Division,,Valencia,Santander,1,2,A,1,1,D,,,,1.44,3.75,6.5,1.4,3.75,7.0,,,
2003/2004,2003-11-02 00:00:00,SP1,Spain,La Liga Primera Division,,Betis,Ath Madrid,1,2,A,1,1,D,,,,1.8,3.25,4.0,1.8,3.25,3.75,,,
2003/2004,2003-11-02 00:00:00,SP1,Spain,La Liga Primera Division,,Espanol,Zaragoza,0,2,A,0,2,A,,,,2.1,3.25,3.0,2.25,3.2,2.75,,,
2003/2004,2003-11-02 00:00:00,SP1,Spain,La Liga Primera Division,,Mallorca,Valencia,0,5,A,0,3,A,,,,3.0,3.25,2.1,3.75,3.2,1.83,,,
2003/2004,2003-11-01 00:00:00,SP1,Spain,La Liga Primera Division,,Celta,Santander,0,1,A,0,1,A,,,,1.61,3.4,5.0,1.67,3.25,4.5,,,
2003/2004,2003-10-29 00:00:00,SP1,Spain,La Liga Primera Division,,La Coruna,Mallorca,0,2,A,0,0,D,,,,1.3,4.5,8.0,1.29,4.5,8.0,,,
2003/2004,2003-10-29 00:00:00,SP1,Spain,La Liga Primera Division,,Santander,Espanol,0,1,A,0,0,D,,,,1.66,3.4,4.5,1.62,3.25,5.0,,,
2003/2004,2003-10-26 00:00:00,SP1,Spain,La Liga Primera Division,,Murcia,Ath Madrid,1,3,A,0,2,A,,,,2.3,3.2,2.7,2.2,3.2,2.8,,,
2003/2004,2003-10-26 00:00:00,SP1,Spain,La Liga Primera Division,,Espanol,Celta,0,4,A,0,1,A,,,,2.37,3.2,2.62,2.625,2.875,2.5,,,
2003/2004,2003-10-26 00:00:00,SP1,Spain,La Liga Primera Division,,Mallorca,Barcelona,1,3,A,0,2,A,,,,2.5,3.2,2.5,2.6,3.2,2.375,,,
2003/2004,2003-10-18 00:00:00,SP1,Spain,La Liga Primera Division,,Barcelona,La Coruna,0,2,A,0,1,A,,,,2.37,3.2,2.62,2.375,3.2,2.6,,,
2003/2004,2003-10-18 00:00:00,SP1,Spain,La Liga Primera Division,,Celta,Real Madrid,0,2,A,0,1,A,,,,3.5,3.25,1.9,3.75,3.2,1.8330000000000002,,,
2003/2004,2003-10-05 00:00:00,SP1,Spain,La Liga Primera Division,,Valladolid,Santander,0,4,A,0,1,A,,,,1.9,3.25,3.5,1.8330000000000002,3.2,3.75,,,
2003/2004,2003-10-05 00:00:00,SP1,Spain,La Liga Primera Division,,Barcelona,Valencia,0,1,A,0,1,A,,,,2.2,3.25,2.8,2.25,3.2,2.75,,,
2003/2004,2003-09-28 00:00:00,SP1,Spain,La Liga Primera Division,,Espanol,Malaga,1,2,A,0,1,A,,,,2.0,3.0,3.5,1.909,3.0,3.75,,,
2003/2004,2003-09-28 00:00:00,SP1,Spain,La Liga Primera Division,,Santander,Villarreal,0,2,A,0,0,D,,,,2.25,3.2,2.8,2.25,3.2,2.75,,,
2003/2004,2003-09-28 00:00:00,SP1,Spain,La Liga Primera Division,,Zaragoza,Betis,0,1,A,0,0,D,,,,2.25,3.2,2.8,2.375,3.2,2.6,,,
2003/2004,2003-09-21 00:00:00,SP1,Spain,La Liga Primera Division,,Malaga,Real Madrid,1,3,A,0,1,A,,,,5.0,3.4,1.66,4.5,3.5,1.615,,,
2003/2004,2003-09-20 00:00:00,SP1,Spain,La Liga Primera Division,,Ath Madrid,Valencia,0,3,A,0,0,D,,,,2.37,3.2,2.75,2.5,2.875,2.625,,,
2003/2004,2003-09-14 00:00:00,SP1,Spain,La Liga Primera Division,,Espanol,Villarreal,1,2,A,1,1,D,,,,2.25,3.2,2.9,2.25,3.0,2.875,,,
2003/2004,2003-09-14 00:00:00,SP1,Spain,La Liga Primera Division,,Albacete,Barcelona,1,2,A,0,1,A,,,,4.75,3.25,1.72,3.75,3.25,1.8,,,
2003/2004,2003-09-13 00:00:00,SP1,Spain,La Liga Primera Division,,Santander,Sociedad,0,1,A,0,1,A,,,,2.6,3.2,2.5,2.5,3.2,2.5,,,
2003/2004,2003-09-13 00:00:00,SP1,Spain,La Liga Primera Division,,Celta,Betis,0,2,A,0,1,A,,,,1.8,3.2,4.33,1.8,3.2,4.0,,,
2003/2004,2003-09-13 00:00:00,SP1,Spain,La Liga Primera Division,,Sevilla,La Coruna,1,2,A,0,1,A,,,,2.7,3.2,2.4,2.5,3.2,2.5,,,
2003/2004,2003-09-06 00:00:00,SP2,Spain,La Liga Segunda Division,,Malaga B,Cadiz,1,3,A,1,1,D,,,,,,,,,,,,
2003/2004,2003-09-02 00:00:00,SP1,Spain,La Liga Primera Division,,Osasuna,Valencia,0,1,A,0,0,D,,,,2.87,3.2,2.3,2.75,3.2,2.25,,,
2003/2004,2003-08-31 00:00:00,SP1,Spain,La Liga Primera Division,,Zaragoza,La Coruna,0,1,A,0,0,D,,,,3.0,3.2,2.2,2.8,3.2,2.2,,,
2003/2004,2003-08-31 00:00:00,SP2,Spain,La Liga Segunda Division,,Sp Gijon,Getafe,0,2,A,0,0,D,,,,,,,,,,,,
2003/2004,2003-08-31 00:00:00,SP2,Spain,La Liga Segunda Division,,Vallecano,Levante,0,2,A,0,2,A,,,,,,,,,,,,
2003/2004,2003-08-30 00:00:00,SP1,Spain,La Liga Primera Division,,Ath Bilbao,Barcelona,0,1,A,0,1,A,,,,2.6,3.2,2.5,2.375,3.2,2.6,,,
2003/2004,2003-08-30 00:00:00,SP1,Spain,La Liga Primera Division,,Albacete,Osasuna,0,2,A,0,1,A,,,,2.3,3.0,3.0,2.2,3.0,3.0,,,
2002/2003,2003-06-22 00:00:00,SP1,Spain,La Liga Primera Division,,Villarreal,Betis,1,4,A,1,2,A,,,,2.25,3.2,2.75,2.25,3.2,2.75,,,
2002/2003,2003-06-21 00:00:00,SP1,Spain,La Liga Primera Division,,Sevilla,Valencia,0,3,A,0,2,A,,,,2.2,3.4,2.625,2.0,3.4,3.0,,,
2002/2003,2003-06-21 00:00:00,SP1,Spain,La Liga Primera Division,,Santander,Osasuna,2,3,A,1,2,A,,,,1.909,3.2,3.5,2.0,3.2,3.2,,,
2002/2003,2003-06-15 00:00:00,SP1,Spain,La Liga Primera Division,,Ath Madrid,Real Madrid,0,4,A,0,3,A,,,,4.333,3.4,1.6669999999999998,4.0,3.4,1.7269999999999999,,,
2002/2003,2003-06-15 00:00:00,SP1,Spain,La Liga Primera Division,,Valencia,Barcelona,1,3,A,0,1,A,,,,2.0,3.2,3.2,2.0,3.4,3.0,,,
2002/2003,2003-06-01 00:00:00,SP1,Spain,La Liga Primera Division,,Valladolid,Osasuna,0,2,A,0,2,A,,,,2.25,2.5,3.6,2.2,2.38,4.0,,,
2002/2003,2003-06-01 00:00:00,SP1,Spain,La Liga Primera Division,,Alaves,Betis,0,1,A,0,0,D,,,,1.83,3.4,3.5,2.0,3.2,3.2,,,
2002/2003,2003-05-25 00:00:00,SP1,Spain,La Liga Primera Division,,Recreativo,Barcelona,1,3,A,0,1,A,,,,2.625,3.2,2.3,2.8,3.2,2.2,,,
2002/2003,2003-05-25 00:00:00,SP1,Spain,La Liga Primera Division,,Mallorca,Sevilla,1,3,A,1,1,D,,,,1.7269999999999999,3.2,4.333,1.615,3.25,5.0,,,
2002/2003,2003-05-25 00:00:00,SP1,Spain,La Liga Primera Division,,Malaga,Sociedad,0,2,A,0,0,D,,,,2.75,3.25,2.2,2.8,3.2,2.2,,,
2002/2003,2003-05-24 00:00:00,SP1,Spain,La Liga Primera Division,,Valencia,Real Madrid,1,2,A,1,1,D,,,,2.5,3.1,2.5,2.5,3.2,2.5,,,
2002/2003,2003-05-18 00:00:00,SP1,Spain,La Liga Primera Division,,Alaves,Ath Bilbao,2,4,A,2,1,H,,,,2.38,3.1,2.63,2.25,3.2,2.75,,,
2002/2003,2003-05-18 00:00:00,SP1,Spain,La Liga Primera Division,,Barcelona,Mallorca,1,2,A,0,1,A,,,,1.73,3.4,4.0,1.62,3.5,4.5,,,
2002/2003,2003-05-17 00:00:00,SP1,Spain,La Liga Primera Division,,La Coruna,Valencia,1,2,A,0,1,A,,,,1.73,3.2,4.33,1.67,3.25,4.5,,,
2002/2003,2003-05-17 00:00:00,SP1,Spain,La Liga Primera Division,,Santander,Ath Madrid,0,2,A,0,0,D,,,,1.91,3.2,3.5,1.83,3.0,4.0,,,
2002/2003,2003-05-11 00:00:00,SP1,Spain,La Liga Primera Division,,Valencia,Villarreal,1,2,A,0,2,A,,,,1.444,3.6,6.5,1.364,3.75,8.0,,,
2002/2003,2003-05-11 00:00:00,SP1,Spain,La Liga Primera Division,,Mallorca,Sociedad,1,3,A,0,2,A,,,,2.375,3.1,2.625,2.375,3.2,2.6,,,
2002/2003,2003-05-10 00:00:00,SP1,Spain,La Liga Primera Division,,Malaga,La Coruna,0,2,A,0,1,A,,,,2.875,3.0,2.25,2.75,3.2,2.25,,,
2002/2003,2003-05-10 00:00:00,SP1,Spain,La Liga Primera Division,,Ath Madrid,Alaves,0,1,A,0,0,D,,,,1.7269999999999999,3.2,4.333,1.6669999999999998,3.25,4.5,,,
2002/2003,2003-05-04 00:00:00,SP1,Spain,La Liga Primera Division,,Osasuna,Ath Bilbao,1,5,A,0,3,A,,,,2.25,3.0,2.875,2.1,3.2,3.0,,,
2002/2003,2003-05-03 00:00:00,SP1,Spain,La Liga Primera Division,,Real Madrid,Mallorca,1,5,A,1,0,H,,,,1.286,4.5,8.0,1.286,4.333,9.0,,,
2002/2003,2003-04-27 00:00:00,SP1,Spain,La Liga Primera Division,,Vallecano,Espanol,0,3,A,0,1,A,,,,2.3,3.2,2.625,2.2,3.2,2.8,,,
2002/2003,2003-04-27 00:00:00,SP1,Spain,La Liga Primera Division,,Sevilla,Real Madrid,1,3,A,1,1,D,,,,3.4,3.25,1.909,3.75,3.2,1.8330000000000002,,,
2002/2003,2003-04-26 00:00:00,SP1,Spain,La Liga Primera Division,,Ath Madrid,Osasuna,0,1,A,0,1,A,,,,1.6669999999999998,3.3,4.5,1.571,3.25,5.5,,,
2002/2003,2003-04-20 00:00:00,SP1,Spain,La Liga Primera Division,,Osasuna,Celta,0,2,A,0,1,A,,,,2.625,3.1,2.375,2.625,2.875,2.5,,,
2002/2003,2003-04-20 00:00:00,SP1,Spain,La Liga Primera Division,,Alaves,Malaga,0,1,A,0,0,D,,,,2.25,3.0,2.875,2.2,3.2,2.8,,,
2002/2003,2003-04-12 00:00:00,SP1,Spain,La Liga Primera Division,,Barcelona,La Coruna,2,4,A,2,1,H,,,,2.2,3.0,3.0,2.0,3.2,3.2,,,
2002/2003,2003-04-06 00:00:00,SP1,Spain,La Liga Primera Division,,Osasuna,Malaga,0,1,A,0,0,D,,,,2.1,3.0,3.2,2.1,3.0,3.2,,,
2002/2003,2003-04-06 00:00:00,SP1,Spain,La Liga Primera Division,,Valladolid,Recreativo,0,1,A,0,1,A,,,,1.8,3.1,4.0,1.8,3.2,4.0,,,
2002/2003,2003-03-16 00:00:00,SP1,Spain,La Liga Primera Division,,Ath Madrid,Celta,0,1,A,0,0,D,,,,1.9,3.25,3.4,1.91,3.25,3.4,,,
2002/2003,2003-03-15 00:00:00,SP1,Spain,La Liga Primera Division,,Villarreal,Real Madrid,0,1,A,0,0,D,,,,4.0,3.4,1.72,4.33,3.2,1.73,,,
2002/2003,2003-03-15 00:00:00,SP1,Spain,La Liga Primera Division,,Santander,Sociedad,1,2,A,1,1,D,,,,2.62,3.2,2.3,2.75,3.2,2.25,,,
2002/2003,2003-03-08 00:00:00,SP1,Spain,La Liga Primera Division,,Valencia,Ath Madrid,0,1,A,0,0,D,,,,1.615,3.25,5.0,1.5,3.4,6.0,,,
2002/2003,2003-03-02 00:00:00,SP1,Spain,La Liga Primera Division,,Betis,Sevilla,0,1,A,0,0,D,,,,2.0,3.0,3.4,2.0,3.2,3.2,,,
2002/2003,2003-03-02 00:00:00,SP1,Spain,La Liga Primera Division,,Santander,La Coruna,1,2,A,0,1,A,,,,2.75,3.2,2.25,2.75,3.2,2.25,,,
2002/2003,2003-03-01 00:00:00,SP1,Spain,La Liga Primera Division,,Ath Bilbao,Recreativo,2,3,A,0,3,A,,,,1.5330000000000001,3.4,5.5,1.5,3.4,6.0,,,
2002/2003,2003-03-01 00:00:00,SP1,Spain,La Liga Primera Division,,Alaves,Real Madrid,1,5,A,0,2,A,,,,4.0,3.1,1.8,3.75,3.25,1.8,,,
2002/2003,2003-02-23 00:00:00,SP1,Spain,La Liga Primera Division,,Vallecano,Valencia,0,4,A,0,3,A,,,,3.4,3.25,1.909,3.2,3.2,2.0,,,
2002/2003,2003-02-23 00:00:00,SP1,Spain,La Liga Primera Division,,Villarreal,Santander,0,3,A,0,0,D,,,,1.8330000000000002,3.2,3.75,1.8,3.2,4.0,,,
2002/2003,2003-02-16 00:00:00,SP2,Spain,La Liga Segunda Division,,Badajoz,Albacete,0,3,A,0,1,A,,,,2.625,2.875,2.5,,,,,,
2002/2003,2003-02-15 00:00:00,SP2,Spain,La Liga Segunda Division,,Almeria,Cordoba,1,3,A,0,1,A,,,,2.0,2.875,3.6,,,,,,
2002/2003,2003-02-15 00:00:00,SP2,Spain,La Liga Segunda Division,,Oviedo,Tenerife,0,2,A,0,2,A,,,,2.3,2.7,3.1,,,,,,
2002/2003,2003-02-15 00:00:00,SP1,Spain,La Liga Primera Division,,Espanol,Barcelona,0,2,A,0,2,A,,,,2.5,3.1,2.5,2.4,3.25,2.5,,,
2002/2003,2003-02-15 00:00:00,SP1,Spain,La Liga Primera Division,,Valladolid,La Coruna,0,1,A,0,0,D,,,,2.625,3.1,2.375,2.75,3.2,2.25,,,
2002/2003,2003-02-09 00:00:00,SP1,Spain,La Liga Primera Division,,Mallorca,Celta,0,2,A,0,0,D,,,,2.2,3.0,3.0,2.2,3.2,2.8,,,
2002/2003,2003-02-09 00:00:00,SP2,Spain,La Liga Segunda Division,,Murcia,Oviedo,0,1,A,0,0,D,,,,1.444,3.4,7.0,,,,,,
2002/2003,2003-02-09 00:00:00,SP2,Spain,La Liga Segunda Division,,Leganes,Badajoz,1,3,A,0,2,A,,,,2.0,2.625,4.0,,,,,,
2002/2003,2003-02-09 00:00:00,SP2,Spain,La Liga Segunda Division,,Sp Gijon,Numancia,1,2,A,1,2,A,,,,1.8330000000000002,2.875,4.333,,,,,,
2002/2003,2003-02-08 00:00:00,SP2,Spain,La Liga Segunda Division,,Ferrol,Las Palmas,1,2,A,1,1,D,,,,,,,,,,,,
2002/2003,2003-02-02 00:00:00,SP1,Spain,La Liga Primera Division,,Betis,La Coruna,0,2,A,0,0,D,,,,2.25,3.0,2.87,2.1,3.2,3.0,,,
2002/2003,2003-02-02 00:00:00,SP1,Spain,La Liga Primera Division,,Celta,Sevilla,0,1,A,0,0,D,,,,1.66,3.25,4.5,1.73,3.2,4.33,,,
2002/2003,2003-02-02 00:00:00,SP1,Spain,La Liga Primera Division,,Osasuna,Villarreal,0,1,A,0,1,A,,,,1.9,3.2,3.5,1.91,3.2,3.5,,,
2002/2003,2003-02-02 00:00:00,SP2,Spain,La Liga Segunda Division,,Salamanca,Zaragoza,0,1,A,0,0,D,,,,2.62,2.75,2.62,,,,,,
2002/2003,2003-01-26 00:00:00,SP1,Spain,La Liga Primera Division,,Valladolid,Alaves,1,3,A,0,1,A,,,,1.9,3.2,3.5,1.91,3.2,3.5,,,
2002/2003,2003-01-26 00:00:00,SP2,Spain,La Liga Segunda Division,,Badajoz,Xerez,0,1,A,0,1,A,,,,2.4,2.75,2.87,,,,,,
2002/2003,2003-01-26 00:00:00,SP2,Spain,La Liga Segunda Division,,Eibar,Leganes,0,1,A,0,1,A,,,,2.25,2.75,3.1,,,,,,
2002/2003,2003-01-26 00:00:00,SP2,Spain,La Liga Segunda Division,,Ferrol,Murcia,0,3,A,0,2,A,,,,2.5,2.75,2.75,,,,,,
2002/2003,2003-01-25 00:00:00,SP1,Spain,La Liga Primera Division,,Ath Madrid,Sociedad,1,2,A,0,0,D,,,,2.5,3.1,2.5,2.38,3.0,2.75,,,
2002/2003,2003-01-19 00:00:00,SP2,Spain,La Liga Segunda Division,,Elche,Badajoz,0,1,A,0,0,D,,,,1.7269999999999999,3.1,4.5,,,,,,
2002/2003,2003-01-19 00:00:00,SP1,Spain,La Liga Primera Division,,Vallecano,Valladolid,0,1,A,0,1,A,,,,2.0,3.0,3.4,2.0,3.2,3.2,,,
2002/2003,2003-01-19 00:00:00,SP1,Spain,La Liga Primera Division,,Santander,Betis,0,1,A,0,0,D,,,,2.375,2.875,2.8,2.2,3.2,2.8,,,
2002/2003,2003-01-18 00:00:00,SP1,Spain,La Liga Primera Division,,Barcelona,Valencia,2,4,A,1,2,A,,,,2.2,3.0,3.0,2.0,3.2,3.2,,,
2002/2003,2003-01-12 00:00:00,SP1,Spain,La Liga Primera Division,,Vallecano,Mallorca,1,2,A,0,0,D,,,,2.25,3.2,2.75,2.25,3.2,2.75,,,
2002/2003,2003-01-12 00:00:00,SP1,Spain,La Liga Primera Division,,Ath Bilbao,Villarreal,0,1,A,0,1,A,,,,1.8330000000000002,3.2,3.75,1.8,3.25,3.75,,,
2002/2003,2003-01-12 00:00:00,SP2,Spain,La Liga Segunda Division,,Getafe,Albacete,1,2,A,0,0,D,,,,2.4,2.75,2.9,,,,,,
2002/2003,2003-01-11 00:00:00,SP2,Spain,La Liga Segunda Division,,Oviedo,Poli Ejido,0,3,A,0,0,D,,,,2.4,2.75,2.9,,,,,,
2002/2003,2003-01-11 00:00:00,SP1,Spain,La Liga Primera Division,,Celta,Real Madrid,0,1,A,0,1,A,,,,3.0,3.2,2.1,3.0,3.2,2.1,,,
2002/2003,2003-01-05 00:00:00,SP2,Spain,La Liga Segunda Division,,Albacete,Oviedo,0,1,A,0,0,D,,,,1.6669999999999998,3.1,5.0,,,,,,
2002/2003,2003-01-05 00:00:00,SP2,Spain,La Liga Segunda Division,,Poli Ejido,Compostela,0,2,A,0,2,A,,,,1.909,3.0,3.75,,,,,,
2002/2003,2003-01-04 00:00:00,SP2,Spain,La Liga Segunda Division,,Xerez,Almeria,1,2,A,0,1,A,,,,1.8,3.0,4.2,,,,,,
2002/2003,2003-01-04 00:00:00,SP1,Spain,La Liga Primera Division,,Osasuna,Vallecano,0,1,A,0,1,A,,,,1.8,3.1,4.0,1.8,3.2,4.0,,,
2002/2003,2003-01-04 00:00:00,SP1,Spain,La Liga Primera Division,,Santander,Ath Bilbao,3,4,A,3,1,H,,,,1.909,3.2,3.5,1.83,3.2,3.75,,,
2002/2003,2002-12-22 00:00:00,SP2,Spain,La Liga Segunda Division,,Eibar,Numancia,1,2,A,1,0,H,,,,1.909,2.875,4.0,,,,,,
2002/2003,2002-12-22 00:00:00,SP2,Spain,La Liga Segunda Division,,Getafe,Sp Gijon,0,1,A,0,1,A,,,,2.1,2.8,3.4,,,,,,
2002/2003,2002-12-22 00:00:00,SP1,Spain,La Liga Primera Division,,Valencia,La Coruna,0,1,A,0,1,A,,,,1.8330000000000002,3.2,3.75,1.73,3.2,4.33,,,
2002/2003,2002-12-22 00:00:00,SP1,Spain,La Liga Primera Division,,Recreativo,Sociedad,1,3,A,1,1,D,,,,3.2,3.2,2.0,4.0,3.2,1.8,,,
2002/2003,2002-12-21 00:00:00,SP1,Spain,La Liga Primera Division,,Mallorca,Barcelona,0,4,A,0,2,A,,,,2.2,3.0,3.0,2.2,3.2,2.8,,,
2002/2003,2002-12-21 00:00:00,SP1,Spain,La Liga Primera Division,,Vallecano,Sevilla,0,1,A,0,0,D,,,,1.909,3.2,3.5,2.0,3.2,3.2,,,
2002/2003,2002-12-21 00:00:00,SP2,Spain,La Liga Segunda Division,,Almeria,Elche,0,3,A,0,1,A,,,,2.2,2.625,3.4,,,,,,
2002/2003,2002-12-21 00:00:00,SP1,Spain,La Liga Primera Division,,Malaga,Real Madrid,2,3,A,2,0,H,,,,3.2,3.2,2.0,3.5,3.2,1.91,,,
2002/2003,2002-12-21 00:00:00,SP1,Spain,La Liga Primera Division,,Ath Madrid,Santander,1,2,A,0,1,A,,,,1.7269999999999999,3.2,4.333,1.73,3.2,4.33,,,
2002/2003,2002-12-15 00:00:00,SP1,Spain,La Liga Primera Division,,Barcelona,Sevilla,0,3,A,0,1,A,,,,1.4,3.75,7.0,1.4,3.75,7.0,,,
2002/2003,2002-12-15 00:00:00,SP1,Spain,La Liga Primera Division,,Betis,Vallecano,0,1,A,0,1,A,,,,1.444,3.75,6.0,1.44,3.5,7.0,,,
2002/2003,2002-12-14 00:00:00,SP1,Spain,La Liga Primera Division,,Villarreal,Valencia,0,2,A,0,0,D,,,,3.0,3.0,2.2,3.0,2.88,2.25,,,
2002/2003,2002-12-08 00:00:00,SP1,Spain,La Liga Primera Division,,Ath Bilbao,Osasuna,1,3,A,1,3,A,,,,1.7269999999999999,3.4,4.0,1.73,3.2,4.33,,,
2002/2003,2002-12-08 00:00:00,SP1,Spain,La Liga Primera Division,,Espanol,Betis,2,4,A,0,2,A,,,,2.7,3.0,2.375,2.75,3.0,2.38,,,
2002/2003,2002-12-08 00:00:00,SP1,Spain,La Liga Primera Division,,Mallorca,Real Madrid,1,5,A,1,1,D,,,,2.5,3.1,2.5,2.75,3.2,2.25,,,
2002/2003,2002-12-07 00:00:00,SP1,Spain,La Liga Primera Division,,Sevilla,Sociedad,0,1,A,0,0,D,,,,2.7,3.0,2.375,2.75,3.0,2.38,,,
2002/2003,2002-12-01 00:00:00,SP1,Spain,La Liga Primera Division,,Valladolid,Celta,0,2,A,0,1,A,,,,2.375,3.1,2.625,2.5,2.88,2.62,,,
2002/2003,2002-12-01 00:00:00,SP2,Spain,La Liga Segunda Division,,Xerez,Compostela,0,1,A,0,1,A,,,,1.615,3.25,5.0,,,,,,
2002/2003,2002-12-01 00:00:00,SP2,Spain,La Liga Segunda Division,,Terrassa,Almeria,0,2,A,0,0,D,,,,1.8,2.9,4.5,,,,,,
2002/2003,2002-12-01 00:00:00,SP2,Spain,La Liga Segunda Division,,Badajoz,Zaragoza,0,4,A,0,3,A,,,,2.4,2.7,3.0,,,,,,
2002/2003,2002-12-01 00:00:00,SP2,Spain,La Liga Segunda Division,,Numancia,Getafe,1,3,A,0,1,A,,,,2.1,2.75,3.5,,,,,,
2002/2003,2002-11-30 00:00:00,SP2,Spain,La Liga Segunda Division,,Las Palmas,Eibar,0,1,A,0,1,A,,,,1.8330000000000002,3.0,4.0,,,,,,
2002/2003,2002-11-24 00:00:00,SP2,Spain,La Liga Segunda Division,,Getafe,Badajoz,0,1,A,0,0,D,,,,2.1,2.8,3.4,,,,,,
2002/2003,2002-11-24 00:00:00,SP2,Spain,La Liga Segunda Division,,Murcia,Leganes,0,1,A,0,0,D,,,,1.6669999999999998,3.1,5.0,,,,,,
2002/2003,2002-11-24 00:00:00,SP2,Spain,La Liga Segunda Division,,Cordoba,Poli Ejido,0,1,A,0,0,D,,,,2.3,2.7,3.1,,,,,,
2002/2003,2002-11-23 00:00:00,SP2,Spain,La Liga Segunda Division,,Compostela,Elche,0,1,A,0,0,D,,,,2.25,2.8,3.1,,,,,,
2002/2003,2002-11-17 00:00:00,SP2,Spain,La Liga Segunda Division,,Leganes,Levante,0,1,A,0,0,D,,,,2.75,2.75,2.5,,,,,,
2002/2003,2002-11-17 00:00:00,SP2,Spain,La Liga Segunda Division,,Elche,Ferrol,1,2,A,1,1,D,,,,2.0,2.875,3.6,,,,,,
2002/2003,2002-11-17 00:00:00,SP2,Spain,La Liga Segunda Division,,Badajoz,Oviedo,0,1,A,0,0,D,,,,1.8,3.1,4.0,,,,,,
2002/2003,2002-11-17 00:00:00,SP1,Spain,La Liga Primera Division,,Santander,Mallorca,1,2,A,1,1,D,,,,2.4,3.0,2.7,2.25,3.2,2.75,,,
2002/2003,2002-11-17 00:00:00,SP1,Spain,La Liga Primera Division,,Espanol,Ath Madrid,1,2,A,0,0,D,,,,2.3,3.1,2.7,2.38,3.2,2.6,,,
2002/2003,2002-11-10 00:00:00,SP2,Spain,La Liga Segunda Division,,Salamanca,Albacete,0,1,A,0,0,D,,,,2.4,2.75,2.9,,,,,,
2002/2003,2002-11-10 00:00:00,SP1,Spain,La Liga Primera Division,,Recreativo,Valladolid,1,3,A,0,2,A,,,,2.3,3.2,2.62,2.38,3.2,2.6,,,
2002/2003,2002-11-09 00:00:00,SP1,Spain,La Liga Primera Division,,Vallecano,Real Madrid,2,3,A,1,1,D,,,,3.75,3.3,1.8,4.33,3.2,1.73,,,
2002/2003,2002-11-03 00:00:00,SP1,Spain,La Liga Primera Division,,Villarreal,Sociedad,0,1,A,0,1,A,,,,2.5,3.1,2.5,2.5,3.2,2.5,,,
2002/2003,2002-11-03 00:00:00,SP1,Spain,La Liga Primera Division,,Osasuna,Recreativo,0,1,A,0,0,D,,,,1.7269999999999999,3.2,4.333,1.62,3.25,5.0,,,
2002/2003,2002-11-03 00:00:00,SP1,Spain,La Liga Primera Division,,Espanol,Valencia,0,1,A,0,0,D,,,,3.0,3.0,2.2,3.2,3.0,2.1,,,
2002/2003,2002-11-03 00:00:00,SP2,Spain,La Liga Segunda Division,,Leganes,Salamanca,0,2,A,0,1,A,,,,2.1,2.8,3.4,,,,,,
2002/2003,2002-11-03 00:00:00,SP2,Spain,La Liga Segunda Division,,Elche,Murcia,0,2,A,0,0,D,,,,2.1,2.8,3.4,,,,,,
2002/2003,2002-11-02 00:00:00,SP1,Spain,La Liga Primera Division,,Valladolid,Mallorca,1,3,A,1,1,D,,,,2.1,3.2,3.0,2.1,3.2,3.0,,,
2002/2003,2002-11-02 00:00:00,SP2,Spain,La Liga Segunda Division,,Las Palmas,Zaragoza,0,1,A,0,0,D,,,,2.0,2.875,3.6,,,,,,
2002/2003,2002-10-27 00:00:00,SP1,Spain,La Liga Primera Division,,Malaga,Espanol,3,4,A,3,1,H,,,,1.7269999999999999,3.2,4.333,1.73,3.2,4.33,,,
2002/2003,2002-10-27 00:00:00,SP2,Spain,La Liga Segunda Division,,Getafe,Zaragoza,1,2,A,0,0,D,,,,2.25,2.8,3.1,,,,,,
2002/2003,2002-10-27 00:00:00,SP2,Spain,La Liga Segunda Division,,Cordoba,Xerez,1,3,A,1,2,A,,,,2.6,2.8,2.6,,,,,,
2002/2003,2002-10-26 00:00:00,SP1,Spain,La Liga Primera Division,,Vallecano,La Coruna,1,2,A,0,1,A,,,,2.625,3.2,2.3,2.6,3.2,2.38,,,
2002/2003,2002-10-20 00:00:00,SP1,Spain,La Liga Primera Division,,Celta,Vallecano,0,1,A,0,1,A,,,,1.444,3.6,6.5,1.4,3.75,7.0,,,
2002/2003,2002-10-20 00:00:00,SP1,Spain,La Liga Primera Division,,Betis,Mallorca,0,1,A,0,1,A,,,,1.6669999999999998,3.3,4.5,1.57,3.5,5.0,,,
2002/2003,2002-10-20 00:00:00,SP2,Spain,La Liga Segunda Division,,Numancia,Levante,0,2,A,0,1,A,,,,2.2,2.8,3.1,,,,,,
2002/2003,2002-10-20 00:00:00,SP2,Spain,La Liga Segunda Division,,Xerez,Salamanca,0,1,A,0,1,A,,,,1.6669999999999998,3.0,5.0,,,,,,
2002/2003,2002-10-13 00:00:00,SP2,Spain,La Liga Segunda Division,,Oviedo,Getafe,3,4,A,3,2,H,,,,1.909,3.0,3.75,,,,,,
2002/2003,2002-10-13 00:00:00,SP2,Spain,La Liga Segunda Division,,Salamanca,Elche,1,3,A,1,0,H,,,,2.25,2.875,3.0,,,,,,
2002/2003,2002-10-06 00:00:00,SP1,Spain,La Liga Primera Division,,La Coruna,Santander,0,2,A,0,1,A,,,,1.3330000000000002,4.0,8.0,1.3,4.0,9.0,,,
2002/2003,2002-10-06 00:00:00,SP1,Spain,La Liga Primera Division,,Valencia,Celta,0,1,A,0,0,D,,,,1.6669999999999998,3.4,4.333,1.62,3.25,5.0,,,
2002/2003,2002-10-05 00:00:00,SP1,Spain,La Liga Primera Division,,Recreativo,Ath Bilbao,1,2,A,0,0,D,,,,2.5,3.0,2.625,2.38,3.2,2.6,,,
2002/2003,2002-09-29 00:00:00,SP2,Spain,La Liga Segunda Division,,Salamanca,Badajoz,0,1,A,0,0,D,,,,1.9,3.0,3.6,,,,,,
2002/2003,2002-09-29 00:00:00,SP1,Spain,La Liga Primera Division,,Osasuna,Sociedad,2,3,A,1,1,D,,,,2.3,3.2,2.625,2.6,3.2,2.38,,,
2002/2003,2002-09-29 00:00:00,SP1,Spain,La Liga Primera Division,,Ath Bilbao,Mallorca,0,2,A,0,1,A,,,,1.7269999999999999,3.2,4.333,1.8,3.25,3.75,,,
2002/2003,2002-09-28 00:00:00,SP2,Spain,La Liga Segunda Division,,Cordoba,Terrassa,0,2,A,0,0,D,,,,,,,,,,,,
2002/2003,2002-09-28 00:00:00,SP2,Spain,La Liga Segunda Division,,Leganes,Xerez,1,2,A,1,2,A,,,,2.5,2.75,2.75,,,,,,
2002/2003,2002-09-28 00:00:00,SP2,Spain,La Liga Segunda Division,,Compostela,Oviedo,0,1,A,0,0,D,,,,,,,,,,,,
2002/2003,2002-09-28 00:00:00,SP1,Spain,La Liga Primera Division,,Alaves,La Coruna,1,2,A,0,0,D,,,,2.625,3.1,2.375,2.5,3.2,2.5,,,
2002/2003,2002-09-22 00:00:00,SP1,Spain,La Liga Primera Division,,Villarreal,Alaves,0,1,A,0,1,A,,,,2.1,3.0,3.2,,,,,,
2002/2003,2002-09-22 00:00:00,SP1,Spain,La Liga Primera Division,,Recreativo,Celta,0,3,A,0,1,A,,,,3.0,3.0,2.2,,,,,,
2002/2003,2002-09-22 00:00:00,SP1,Spain,La Liga Primera Division,,Mallorca,Ath Madrid,0,4,A,0,2,A,,,,2.375,3.1,2.625,,,,,,
2002/2003,2002-09-22 00:00:00,SP2,Spain,La Liga Segunda Division,,Badajoz,Poli Ejido,0,2,A,0,1,A,,,,,,,,,,,,
2002/2003,2002-09-21 00:00:00,SP2,Spain,La Liga Segunda Division,,Numancia,Albacete,1,2,A,0,1,A,,,,,,,,,,,,
2002/2003,2002-09-21 00:00:00,SP2,Spain,La Liga Segunda Division,,Oviedo,Ferrol,1,2,A,0,0,D,,,,,,,,,,,,
2002/2003,2002-09-15 00:00:00,SP2,Spain,La Liga Segunda Division,,Poli Ejido,Terrassa,1,2,A,0,1,A,,,,1.8,3.0,4.2,,,,,,
2002/2003,2002-09-15 00:00:00,SP1,Spain,La Liga Primera Division,,Alaves,Santander,0,1,A,0,1,A,,,,1.6669999999999998,3.25,4.5,1.615,3.25,5.0,,,
2002/2003,2002-09-15 00:00:00,SP1,Spain,La Liga Primera Division,,Espanol,Sociedad,1,3,A,0,1,A,,,,1.909,3.2,3.5,2.1,3.2,3.0,,,
2002/2003,2002-09-14 00:00:00,SP1,Spain,La Liga Primera Division,,Ath Bilbao,Barcelona,0,2,A,0,2,A,,,,3.0,3.0,2.2,2.8,3.2,2.2,,,
2002/2003,2002-09-14 00:00:00,SP1,Spain,La Liga Primera Division,,Osasuna,La Coruna,1,2,A,1,0,H,,,,2.875,3.0,2.25,2.8,3.2,2.2,,,
2002/2003,2002-09-01 00:00:00,SP2,Spain,La Liga Segunda Division,,Oviedo,Murcia,0,1,A,0,0,D,,,,1.8,3.2,3.8,,,,,,
2002/2003,2002-09-01 00:00:00,SP1,Spain,La Liga Primera Division,,La Coruna,Betis,2,4,A,1,3,A,,,,1.5,3.4,6.0,1.5,3.4,6.0,,,
2002/2003,2002-09-01 00:00:00,SP1,Spain,La Liga Primera Division,,Mallorca,Valencia,0,2,A,0,1,A,,,,2.875,3.0,2.25,2.875,3.0,2.25,,,
2002/2003,2002-09-01 00:00:00,SP1,Spain,La Liga Primera Division,,Recreativo,Malaga,2,3,A,2,1,H,,,,2.5,3.1,2.5,2.625,2.875,2.5,,,
2002/2003,2002-09-01 00:00:00,SP1,Spain,La Liga Primera Division,,Sevilla,Celta,0,1,A,0,1,A,,,,2.375,3.1,2.625,2.25,3.0,2.875,,,
2002/2003,2002-08-31 00:00:00,SP1,Spain,La Liga Primera Division,,Santander,Valladolid,0,1,A,0,0,D,,,,1.909,3.25,3.4,2.1,3.2,3.0,,,
2002/2003,2002-08-31 00:00:00,SP2,Spain,La Liga Segunda Division,,Elche,Xerez,0,1,A,0,0,D,,,,2.0,3.0,3.4,,,,,,
2002/2003,2002-08-31 00:00:00,SP2,Spain,La Liga Segunda Division,,Almeria,Salamanca,1,2,A,1,0,H,,,,2.4,2.9,2.75,,,,,,
2001/2002,2002-05-25 00:00:00,SP2,Spain,La Liga Segunda Division,,Numancia,Levante,1,2,A,0,1,A,,,,,,,,,,,,
2001/2002,2002-05-25 00:00:00,SP2,Spain,La Liga Segunda Division,,Albacete,Leganes,1,2,A,1,1,D,,,,,,,,,,,,
2001/2002,2002-05-19 00:00:00,SP2,Spain,La Liga Segunda Division,,Salamanca,Sp Gijon,1,2,A,0,2,A,,,,,,,,,,,,
2001/2002,2002-05-19 00:00:00,SP2,Spain,La Liga Segunda Division,,Oviedo,Gimnastic,0,2,A,0,1,A,,,,,,,,,,,,
2001/2002,2002-05-11 00:00:00,SP1,Spain,La Liga Primera Division,,Tenerife,Ath Bilbao,2,3,A,2,1,H,,,,,,,1.6669999999999998,3.4,4.333,,,
2001/2002,2002-05-11 00:00:00,SP1,Spain,La Liga Primera Division,,Osasuna,Alaves,0,1,A,0,1,A,,,,,,,,,,,,
2001/2002,2002-05-11 00:00:00,SP1,Spain,La Liga Primera Division,,Espanol,Malaga,1,2,A,0,2,A,,,,,,,2.2,3.25,2.75,,,
2001/2002,2002-05-05 00:00:00,SP1,Spain,La Liga Primera Division,,Las Palmas,Tenerife,0,1,A,0,1,A,,,,,,,1.615,3.5,4.5,,,
2001/2002,2002-05-05 00:00:00,SP1,Spain,La Liga Primera Division,,Celta,Sevilla,1,2,A,1,2,A,,,,,,,1.3,4.333,8.0,,,
2001/2002,2002-05-05 00:00:00,SP1,Spain,La Liga Primera Division,,Betis,La Coruna,0,3,A,0,1,A,,,,,,,,,,,,
2001/2002,2002-05-05 00:00:00,SP1,Spain,La Liga Primera Division,,Alaves,Vallecano,0,1,A,0,0,D,,,,,,,,,,,,
2001/2002,2002-05-05 00:00:00,SP1,Spain,La Liga Primera Division,,Malaga,Valencia,0,2,A,0,2,A,,,,,,,3.75,3.0,1.909,,,
2001/2002,2002-05-05 00:00:00,SP1,Spain,La Liga Primera Division,,Valladolid,Sociedad,1,3,A,1,1,D,,,,,,,2.1,3.0,3.2,,,
2001/2002,2002-04-28 00:00:00,SP1,Spain,La Liga Primera Division,,Zaragoza,Celta,0,1,A,0,0,D,,,,,,,2.5,3.25,2.4,,,
2001/2002,2002-04-28 00:00:00,SP1,Spain,La Liga Primera Division,,Tenerife,Valladolid,1,5,A,0,2,A,,,,,,,1.8330000000000002,3.2,3.75,,,
2001/2002,2002-04-28 00:00:00,SP1,Spain,La Liga Primera Division,,Mallorca,Betis,1,3,A,0,1,A,,,,,,,1.909,3.0,3.75,,,
2001/2002,2002-04-21 00:00:00,SP1,Spain,La Liga Primera Division,,Ath Bilbao,Sevilla,0,1,A,0,0,D,,,,,,,1.8,2.87,4.5,,,
2001/2002,2002-04-20 00:00:00,SP2,Spain,La Liga Segunda Division,,Poli Ejido,Ath Madrid,1,2,A,0,1,A,,,,,,,,,,,,
2001/2002,2002-04-20 00:00:00,SP1,Spain,La Liga Primera Division,,Las Palmas,Vallecano,0,2,A,0,0,D,,,,,,,1.91,2.75,4.33,,,
2001/2002,2002-04-14 00:00:00,SP2,Spain,La Liga Segunda Division,,Numancia,Santander,0,1,A,0,1,A,,,,,,,,,,,,
2001/2002,2002-04-14 00:00:00,SP2,Spain,La Liga Segunda Division,,Murcia,Poli Ejido,0,1,A,0,0,D,,,,,,,,,,,,
2001/2002,2002-04-14 00:00:00,SP2,Spain,La Liga Segunda Division,,Cordoba,Oviedo,0,1,A,0,0,D,,,,,,,,,,,,
2001/2002,2002-04-14 00:00:00,SP2,Spain,La Liga Segunda Division,,Badajoz,Burgos,2,3,A,1,1,D,,,,,,,,,,,,
2001/2002,2002-04-13 00:00:00,SP2,Spain,La Liga Segunda Division,,Levante,Leganes,1,2,A,1,0,H,,,,,,,,,,,,
2001/2002,2002-04-07 00:00:00,SP2,Spain,La Liga Segunda Division,,Extremadura,Numancia,0,2,A,0,1,A,,,,,,,,,,,,
2001/2002,2002-04-07 00:00:00,SP2,Spain,La Liga Segunda Division,,Ferrol,Levante,1,2,A,0,1,A,,,,,,,,,,,,
2001/2002,2002-04-07 00:00:00,SP2,Spain,La Liga Segunda Division,,Eibar,Salamanca,0,1,A,0,0,D,,,,,,,,,,,,
2001/2002,2002-04-06 00:00:00,SP1,Spain,La Liga Primera Division,,Ath Bilbao,Barcelona,0,2,A,0,1,A,,,,,,,2.62,2.87,2.5,,,
2001/2002,2002-03-31 00:00:00,SP1,Spain,La Liga Primera Division,,Osasuna,Malaga,0,2,A,0,0,D,,,,,,,2.1,3.0,3.2,,,
2001/2002,2002-03-31 00:00:00,SP2,Spain,La Liga Segunda Division,,Salamanca,Jaen,0,1,A,0,1,A,,,,,,,,,,,,
2001/2002,2002-03-31 00:00:00,SP2,Spain,La Liga Segunda Division,,Recreativo,Burgos,0,1,A,0,1,A,,,,,,,,,,,,
2001/2002,2002-03-30 00:00:00,SP1,Spain,La Liga Primera Division,,Tenerife,Valencia,0,1,A,0,0,D,,,,,,,3.0,3.2,2.1,,,
2001/2002,2002-03-30 00:00:00,SP1,Spain,La Liga Primera Division,,Sevilla,Real Madrid,0,1,A,0,1,A,,,,,,,4.0,3.2,1.8,,,
2001/2002,2002-03-30 00:00:00,SP2,Spain,La Liga Segunda Division,,Cordoba,Poli Ejido,0,1,A,0,0,D,,,,,,,,,,,,
2001/2002,2002-03-30 00:00:00,SP2,Spain,La Liga Segunda Division,,Numancia,Oviedo,1,2,A,1,0,H,,,,,,,,,,,,
2001/2002,2002-03-24 00:00:00,SP2,Spain,La Liga Segunda Division,,Extremadura,Sp Gijon,1,2,A,1,2,A,,,,,,,,,,,,
2001/2002,2002-03-24 00:00:00,SP2,Spain,La Liga Segunda Division,,Jaen,Levante,0,1,A,0,0,D,,,,,,,,,,,,
2001/2002,2002-03-24 00:00:00,SP2,Spain,La Liga Segunda Division,,Santander,Recreativo,1,5,A,0,1,A,,,,,,,,,,,,
2001/2002,2002-03-24 00:00:00,SP1,Spain,La Liga Primera Division,,Valladolid,Barcelona,1,2,A,1,2,A,,,,,,,2.8,3.2,2.2,,,
2001/2002,2002-03-24 00:00:00,SP1,Spain,La Liga Primera Division,,Ath Bilbao,Celta,1,6,A,1,2,A,,,,,,,2.0,3.2,3.2,,,
2001/2002,2002-03-24 00:00:00,SP1,Spain,La Liga Primera Division,,Espanol,Alaves,1,2,A,1,0,H,,,,,,,1.73,3.4,4.0,,,
2001/2002,2002-03-24 00:00:00,SP1,Spain,La Liga Primera Division,,Mallorca,Sociedad,0,2,A,0,0,D,,,,,,,1.8,3.25,3.75,,,
2001/2002,2002-03-17 00:00:00,SP1,Spain,La Liga Primera Division,,Sevilla,Malaga,0,2,A,0,0,D,,,,,,,1.83,3.2,3.75,,,
2001/2002,2002-03-17 00:00:00,SP1,Spain,La Liga Primera Division,,Alaves,Ath Bilbao,2,3,A,2,2,D,,,,,,,2.2,3.0,3.0,,,
2001/2002,2002-03-17 00:00:00,SP2,Spain,La Liga Segunda Division,,Salamanca,Santander,1,2,A,0,1,A,,,,,,,,,,,,
2001/2002,2002-03-16 00:00:00,SP1,Spain,La Liga Primera Division,,Osasuna,La Coruna,1,3,A,0,3,A,,,,,,,3.4,3.0,2.0,,,
2001/2002,2002-03-10 00:00:00,SP2,Spain,La Liga Segunda Division,,Extremadura,Salamanca,0,1,A,0,0,D,,,,,,,,,,,,
2001/2002,2002-03-10 00:00:00,SP2,Spain,La Liga Segunda Division,,Elche,Cordoba,2,3,A,1,0,H,,,,,,,,,,,,
2001/2002,2002-03-10 00:00:00,SP1,Spain,La Liga Primera Division,,Sociedad,Tenerife,0,2,A,0,1,A,,,,,,,1.67,3.25,4.5,,,
2001/2002,2002-03-10 00:00:00,SP1,Spain,La Liga Primera Division,,Valladolid,Celta,2,4,A,1,2,A,,,,,,,2.2,3.0,3.0,,,
2001/2002,2002-03-10 00:00:00,SP2,Spain,La Liga Segunda Division,,Jaen,Ferrol,1,4,A,0,1,A,,,,,,,,,,,,
2001/2002,2002-03-03 00:00:00,SP2,Spain,La Liga Segunda Division,,Albacete,Elche,0,2,A,0,0,D,,,,,,,,,,,,
2001/2002,2002-03-03 00:00:00,SP1,Spain,La Liga Primera Division,,Zaragoza,Valencia,0,1,A,0,1,A,,,,,,,2.8,2.87,2.37,,,
2001/2002,2002-03-03 00:00:00,SP1,Spain,La Liga Primera Division,,Vallecano,Mallorca,0,2,A,0,1,A,,,,,,,1.83,3.2,3.75,,,
2001/2002,2002-03-03 00:00:00,SP2,Spain,La Liga Segunda Division,,Badajoz,Ath Madrid,0,1,A,0,1,A,,,,,,,,,,,,
2001/2002,2002-03-02 00:00:00,SP1,Spain,La Liga Primera Division,,Celta,Real Madrid,0,1,A,0,0,D,,,,,,,2.6,3.2,2.37,,,
2001/2002,2002-03-02 00:00:00,SP1,Spain,La Liga Primera Division,,Sevilla,La Coruna,0,1,A,0,0,D,,,,,,,2.5,2.87,2.62,,,
2001/2002,2002-03-02 00:00:00,SP2,Spain,La Liga Segunda Division,,Leganes,Santander,1,4,A,0,2,A,,,,,,,,,,,,
2001/2002,2002-02-24 00:00:00,SP2,Spain,La Liga Segunda Division,,Santander,Ferrol,0,1,A,0,0,D,,,,,,,,,,,,
2001/2002,2002-02-24 00:00:00,SP2,Spain,La Liga Segunda Division,,Ath Madrid,Sp Gijon,0,1,A,0,0,D,,,,,,,,,,,,
2001/2002,2002-02-24 00:00:00,SP1,Spain,La Liga Primera Division,,Mallorca,Sevilla,0,4,A,0,1,A,,,,,,,1.8,3.2,4.0,,,
2001/2002,2002-02-17 00:00:00,SP1,Spain,La Liga Primera Division,,Alaves,Betis,0,1,A,0,1,A,,,,,,,2.1,3.2,3.0,,,
2001/2002,2002-02-17 00:00:00,SP1,Spain,La Liga Primera Division,,Sevilla,Sociedad,0,1,A,0,0,D,,,,,,,1.73,3.2,4.33,,,
2001/2002,2002-02-17 00:00:00,SP2,Spain,La Liga Segunda Division,,Badajoz,Elche,1,3,A,1,0,H,,,,,,,,,,,,
2001/2002,2002-02-17 00:00:00,SP2,Spain,La Liga Segunda Division,,Numancia,Cordoba,0,2,A,0,1,A,,,,,,,,,,,,
2001/2002,2002-02-17 00:00:00,SP2,Spain,La Liga Segunda Division,,Salamanca,Poli Ejido,0,2,A,0,1,A,,,,,,,,,,,,
2001/2002,2002-02-17 00:00:00,SP2,Spain,La Liga Segunda Division,,Sp Gijon,Murcia,0,1,A,0,1,A,,,,,,,,,,,,
2001/2002,2002-02-16 00:00:00,SP2,Spain,La Liga Segunda Division,,Leganes,Oviedo,1,3,A,0,2,A,,,,,,,,,,,,
2001/2002,2002-02-16 00:00:00,SP2,Spain,La Liga Segunda Division,,Recreativo,Ath Madrid,1,3,A,0,2,A,,,,,,,,,,,,
2001/2002,2002-02-10 00:00:00,SP2,Spain,La Liga Segunda Division,,Gimnastic,Leganes,0,1,A,0,1,A,,,,,,,,,,,,
2001/2002,2002-02-10 00:00:00,SP2,Spain,La Liga Segunda Division,,Extremadura,Eibar,0,1,A,0,1,A,,,,,,,,,,,,
2001/2002,2002-02-10 00:00:00,SP2,Spain,La Liga Segunda Division,,Cordoba,Badajoz,1,2,A,1,1,D,,,,,,,,,,,,
2001/2002,2002-02-07 00:00:00,SP2,Spain,La Liga Segunda Division,,Levante,Ath Madrid,2,4,A,1,1,D,,,,,,,,,,,,
2001/2002,2002-02-06 00:00:00,SP2,Spain,La Liga Segunda Division,,Badajoz,Albacete,2,3,A,2,0,H,,,,,,,,,,,,
2001/2002,2002-02-06 00:00:00,SP2,Spain,La Liga Segunda Division,,Ferrol,Gimnastic,1,2,A,0,1,A,,,,,,,,,,,,
2001/2002,2002-02-06 00:00:00,SP1,Spain,La Liga Primera Division,,Alaves,Valencia,1,2,A,1,2,A,,,,,,,2.5,2.87,2.62,,,
2001/2002,2002-02-05 00:00:00,SP1,Spain,La Liga Primera Division,,Celta,La Coruna,0,2,A,0,1,A,,,,,,,2.1,3.2,3.0,,,
2001/2002,2002-02-03 00:00:00,SP2,Spain,La Liga Segunda Division,,Albacete,Sp Gijon,1,2,A,1,1,D,,,,,,,,,,,,
2001/2002,2002-02-02 00:00:00,SP1,Spain,La Liga Primera Division,,Mallorca,Celta,0,1,A,0,1,A,,,,,,,2.25,3.2,2.75,,,
2001/2002,2002-02-02 00:00:00,SP2,Spain,La Liga Segunda Division,,Murcia,Levante,0,1,A,0,0,D,,,,,,,,,,,,
2001/2002,2002-02-02 00:00:00,SP2,Spain,La Liga Segunda Division,,Numancia,Badajoz,1,2,A,0,1,A,,,,,,,,,,,,
2001/2002,2002-02-02 00:00:00,SP1,Spain,La Liga Primera Division,,La Coruna,Alaves,0,1,A,0,1,A,,,,,,,1.44,3.6,6.5,,,
2001/2002,2002-02-02 00:00:00,SP1,Spain,La Liga Primera Division,,Tenerife,Barcelona,0,6,A,0,2,A,,,,,,,3.5,3.2,1.91,,,
2001/2002,2002-02-02 00:00:00,SP2,Spain,La Liga Segunda Division,,Ath Madrid,Leganes,0,2,A,0,0,D,,,,,,,,,,,,
2001/2002,2002-01-27 00:00:00,SP2,Spain,La Liga Segunda Division,,Jaen,Gimnastic,0,1,A,0,1,A,,,,,,,,,,,,
2001/2002,2002-01-27 00:00:00,SP1,Spain,La Liga Primera Division,,Alaves,Mallorca,0,4,A,0,2,A,,,,,,,1.8,3.2,4.0,,,
2001/2002,2002-01-27 00:00:00,SP1,Spain,La Liga Primera Division,,Barcelona,Osasuna,0,1,A,0,0,D,,,,,,,1.33,4.0,8.0,,,
2001/2002,2002-01-26 00:00:00,SP1,Spain,La Liga Primera Division,,Las Palmas,Valencia,0,1,A,0,1,A,,,,,,,2.62,2.87,2.5,,,
2001/2002,2002-01-20 00:00:00,SP2,Spain,La Liga Segunda Division,,Badajoz,Sp Gijon,1,2,A,1,1,D,,,,,,,,,,,,
2001/2002,2002-01-20 00:00:00,SP2,Spain,La Liga Segunda Division,,Albacete,Salamanca,0,1,A,0,0,D,,,,,,,,,,,,
2001/2002,2002-01-20 00:00:00,SP2,Spain,La Liga Segunda Division,,Murcia,Ferrol,1,2,A,1,0,H,,,,,,,,,,,,
2001/2002,2002-01-20 00:00:00,SP1,Spain,La Liga Primera Division,,Valencia,Valladolid,1,2,A,1,2,A,,,,,,,1.4,3.75,7.0,,,
2001/2002,2002-01-19 00:00:00,SP1,Spain,La Liga Primera Division,,Sociedad,Alaves,1,2,A,1,0,H,,,,,,,2.1,3.2,3.0,,,
2001/2002,2002-01-19 00:00:00,SP2,Spain,La Liga Segunda Division,,Xerez,Extremadura,1,2,A,0,1,A,,,,,,,,,,,,
2001/2002,2002-01-13 00:00:00,SP2,Spain,La Liga Segunda Division,,Sp Gijon,Xerez,0,1,A,0,0,D,,,,,,,,,,,,
2001/2002,2002-01-13 00:00:00,SP2,Spain,La Liga Segunda Division,,Eibar,Murcia,0,1,A,0,1,A,,,,,,,,,,,,
2001/2002,2002-01-06 00:00:00,SP1,Spain,La Liga Primera Division,,Betis,Valencia,1,3,A,1,2,A,,,,,,,2.25,3.0,2.87,,,
2001/2002,2002-01-06 00:00:00,SP1,Spain,La Liga Primera Division,,Ath Bilbao,Tenerife,1,2,A,0,0,D,,,,,,,1.5,3.25,6.5,,,
2001/2002,2002-01-06 00:00:00,SP2,Spain,La Liga Segunda Division,,Burgos,Ath Madrid,0,4,A,0,1,A,,,,,,,,,,,,
2001/2002,2002-01-06 00:00:00,SP2,Spain,La Liga Segunda Division,,Leganes,Albacete,1,2,A,1,1,D,,,,,,,,,,,,
2001/2002,2002-01-06 00:00:00,SP2,Spain,La Liga Segunda Division,,Levante,Numancia,0,1,A,0,0,D,,,,,,,,,,,,
2001/2002,2002-01-06 00:00:00,SP2,Spain,La Liga Segunda Division,,Ferrol,Cordoba,1,3,A,0,0,D,,,,,,,,,,,,
2001/2002,2002-01-06 00:00:00,SP1,Spain,La Liga Primera Division,,Alaves,Osasuna,0,2,A,0,0,D,,,,,,,1.57,3.25,5.5,,,
2001/2002,2002-01-05 00:00:00,SP1,Spain,La Liga Primera Division,,Villarreal,Sevilla,0,2,A,0,1,A,,,,,,,2.1,3.0,3.2,,,
2001/2002,2001-12-23 00:00:00,SP1,Spain,La Liga Primera Division,,Osasuna,Ath Bilbao,0,1,A,0,0,D,,,,,,,2.5,3.2,2.5,,,
2001/2002,2001-12-23 00:00:00,SP2,Spain,La Liga Segunda Division,,Cordoba,Eibar,0,2,A,0,1,A,,,,,,,,,,,,
2001/2002,2001-12-22 00:00:00,SP1,Spain,La Liga Primera Division,,Sevilla,Celta,0,1,A,0,0,D,,,,,,,2.5,2.87,2.62,,,
2001/2002,2001-12-22 00:00:00,SP1,Spain,La Liga Primera Division,,Tenerife,Las Palmas,1,3,A,0,1,A,,,,,,,1.91,3.0,3.75,,,
2001/2002,2001-12-22 00:00:00,SP2,Spain,La Liga Segunda Division,,Elche,Jaen,1,3,A,1,1,D,,,,,,,,,,,,
2001/2002,2001-12-22 00:00:00,SP2,Spain,La Liga Segunda Division,,Murcia,Burgos,1,2,A,0,2,A,,,,,,,,,,,,
2001/2002,2001-12-16 00:00:00,SP1,Spain,La Liga Primera Division,,Alaves,Sevilla,0,1,A,0,0,D,,,,,,,1.61,3.25,5.0,,,
2001/2002,2001-12-16 00:00:00,SP2,Spain,La Liga Segunda Division,,Salamanca,Recreativo,2,3,A,1,1,D,,,,,,,,,,,,
2001/2002,2001-12-16 00:00:00,SP2,Spain,La Liga Segunda Division,,Jaen,Cordoba,1,2,A,1,0,H,,,,,,,,,,,,
2001/2002,2001-12-16 00:00:00,SP1,Spain,La Liga Primera Division,,Villarreal,Barcelona,0,1,A,0,1,A,,,,,,,2.75,3.2,2.25,,,
2001/2002,2001-12-15 00:00:00,SP1,Spain,La Liga Primera Division,,Espanol,Valencia,2,3,A,2,0,H,,,,,,,2.25,2.87,3.0,,,
2001/2002,2001-12-09 00:00:00,SP1,Spain,La Liga Primera Division,,Zaragoza,Alaves,0,2,A,0,1,A,,,,,,,2.2,3.0,3.0,,,
2001/2002,2001-12-08 00:00:00,SP1,Spain,La Liga Primera Division,,Tenerife,Real Madrid,0,2,A,0,1,A,,,,,,,4.5,3.25,1.67,,,
2001/2002,2001-12-02 00:00:00,SP2,Spain,La Liga Segunda Division,,Ferrol,Sp Gijon,1,2,A,1,2,A,,,,,,,,,,,,
2001/2002,2001-12-02 00:00:00,SP2,Spain,La Liga Segunda Division,,Gimnastic,Ath Madrid,1,2,A,0,0,D,,,,,,,,,,,,
2001/2002,2001-12-02 00:00:00,SP2,Spain,La Liga Segunda Division,,Eibar,Badajoz,0,1,A,0,1,A,,,,,,,,,,,,
2001/2002,2001-12-01 00:00:00,SP2,Spain,La Liga Segunda Division,,Jaen,Numancia,1,2,A,0,2,A,,,,,,,,,,,,
2001/2002,2001-11-25 00:00:00,SP2,Spain,La Liga Segunda Division,,Albacete,Santander,0,1,A,0,0,D,,,,,,,,,,,,
2001/2002,2001-11-25 00:00:00,SP2,Spain,La Liga Segunda Division,,Levante,Xerez,0,1,A,0,0,D,,,,,,,,,,,,
2001/2002,2001-11-25 00:00:00,SP2,Spain,La Liga Segunda Division,,Numancia,Burgos,1,5,A,1,3,A,,,,,,,,,,,,
2001/2002,2001-11-25 00:00:00,SP2,Spain,La Liga Segunda Division,,Murcia,Gimnastic,0,2,A,0,1,A,,,,,,,,,,,,
2001/2002,2001-11-25 00:00:00,SP1,Spain,La Liga Primera Division,,Osasuna,Betis,1,2,A,0,0,D,,,,,,,2.25,3.0,2.87,,,
2001/2002,2001-11-25 00:00:00,SP1,Spain,La Liga Primera Division,,Vallecano,Real Madrid,0,3,A,0,2,A,,,,,,,4.0,3.2,1.8,,,
2001/2002,2001-11-24 00:00:00,SP1,Spain,La Liga Primera Division,,Barcelona,Ath Bilbao,1,2,A,0,1,A,,,,,,,1.44,3.6,6.5,,,
2001/2002,2001-11-18 00:00:00,SP2,Spain,La Liga Segunda Division,,Xerez,Ath Madrid,0,1,A,0,1,A,,,,,,,,,,,,
2001/2002,2001-11-18 00:00:00,SP2,Spain,La Liga Segunda Division,,Gimnastic,Elche,1,2,A,1,1,D,,,,,,,,,,,,
2001/2002,2001-11-18 00:00:00,SP2,Spain,La Liga Segunda Division,,Burgos,Badajoz,0,1,A,0,0,D,,,,,,,,,,,,
2001/2002,2001-11-11 00:00:00,SP1,Spain,La Liga Primera Division,,Sociedad,Mallorca,1,2,A,0,0,D,,,,,,,2.0,3.2,3.2,,,
2001/2002,2001-11-11 00:00:00,SP2,Spain,La Liga Segunda Division,,Leganes,Xerez,0,1,A,0,1,A,,,,,,,,,,,,
2001/2002,2001-11-11 00:00:00,SP2,Spain,La Liga Segunda Division,,Recreativo,Jaen,0,3,A,0,1,A,,,,,,,,,,,,
2001/2002,2001-11-11 00:00:00,SP1,Spain,La Liga Primera Division,,Celta,Ath Bilbao,2,3,A,1,0,H,,,,,,,1.67,3.25,4.5,,,
2001/2002,2001-11-10 00:00:00,SP2,Spain,La Liga Segunda Division,,Sp Gijon,Burgos,0,1,A,0,0,D,,,,,,,,,,,,
2001/2002,2001-11-07 00:00:00,SP2,Spain,La Liga Segunda Division,,Jaen,Salamanca,0,1,A,0,1,A,,,,,,,,,,,,
2001/2002,2001-11-07 00:00:00,SP2,Spain,La Liga Segunda Division,,Gimnastic,Albacete,0,1,A,0,1,A,,,,,,,,,,,,
2001/2002,2001-11-07 00:00:00,SP2,Spain,La Liga Segunda Division,,Extremadura,Badajoz,0,4,A,0,1,A,,,,,,,,,,,,
2001/2002,2001-11-07 00:00:00,SP2,Spain,La Liga Segunda Division,,Burgos,Recreativo,1,3,A,0,1,A,,,,,,,,,,,,
2001/2002,2001-11-04 00:00:00,SP1,Spain,La Liga Primera Division,,Malaga,Sevilla,1,3,A,1,1,D,,,,,,,1.8,3.25,3.75,,,
2001/2002,2001-11-04 00:00:00,SP1,Spain,La Liga Primera Division,,Espanol,Sociedad,1,2,A,1,1,D,,,,,,,1.73,3.2,4.33,,,
2001/2002,2001-11-04 00:00:00,SP1,Spain,La Liga Primera Division,,Betis,Zaragoza,0,1,A,0,0,D,,,,,,,1.73,3.2,4.33,,,
2001/2002,2001-11-04 00:00:00,SP2,Spain,La Liga Segunda Division,,Salamanca,Burgos,0,1,A,0,0,D,,,,,,,,,,,,
2001/2002,2001-11-04 00:00:00,SP2,Spain,La Liga Segunda Division,,Levante,Jaen,0,1,A,0,0,D,,,,,,,,,,,,
2001/2002,2001-11-03 00:00:00,SP2,Spain,La Liga Segunda Division,,Cordoba,Ath Madrid,0,2,A,0,1,A,,,,,,,,,,,,
2001/2002,2001-10-28 00:00:00,SP1,Spain,La Liga Primera Division,,Zaragoza,Malaga,0,2,A,0,1,A,,,,,,,1.8,3.2,4.0,,,
2001/2002,2001-10-28 00:00:00,SP2,Spain,La Liga Segunda Division,,Burgos,Levante,0,1,A,0,1,A,,,,,,,,,,,,
2001/2002,2001-10-28 00:00:00,SP2,Spain,La Liga Segunda Division,,Extremadura,Recreativo,0,3,A,0,3,A,,,,,,,,,,,,
2001/2002,2001-10-28 00:00:00,SP2,Spain,La Liga Segunda Division,,Oviedo,Sp Gijon,0,2,A,0,1,A,,,,,,,,,,,,
2001/2002,2001-10-27 00:00:00,SP2,Spain,La Liga Segunda Division,,Poli Ejido,Numancia,3,4,A,1,2,A,,,,,,,,,,,,
2001/2002,2001-10-27 00:00:00,SP1,Spain,La Liga Primera Division,,Villarreal,Real Madrid,2,3,A,1,0,H,,,,,,,2.75,3.2,2.25,,,
2001/2002,2001-10-27 00:00:00,SP1,Spain,La Liga Primera Division,,Tenerife,Sociedad,0,1,A,0,1,A,,,,,,,1.73,3.2,4.33,,,
2001/2002,2001-10-21 00:00:00,SP2,Spain,La Liga Segunda Division,,Recreativo,Oviedo,0,2,A,0,0,D,,,,,,,,,,,,
2001/2002,2001-10-21 00:00:00,SP2,Spain,La Liga Segunda Division,,Numancia,Ath Madrid,1,2,A,0,1,A,,,,,,,,,,,,
2001/2002,2001-10-21 00:00:00,SP1,Spain,La Liga Primera Division,,Valladolid,Alaves,1,3,A,0,2,A,,,,,,,2.1,3.2,3.0,,,
2001/2002,2001-10-21 00:00:00,SP2,Spain,La Liga Segunda Division,,Badajoz,Poli Ejido,0,1,A,0,0,D,,,,,,,,,,,,
2001/2002,2001-10-20 00:00:00,SP2,Spain,La Liga Segunda Division,,Ferrol,Jaen,0,1,A,0,0,D,,,,,,,,,,,,
2001/2002,2001-10-14 00:00:00,SP2,Spain,La Liga Segunda Division,,Burgos,Ferrol,2,4,A,1,2,A,,,,,,,,,,,,
2001/2002,2001-10-14 00:00:00,SP1,Spain,La Liga Primera Division,,Osasuna,Tenerife,0,2,A,0,0,D,,,,,,,1.83,3.2,3.75,,,
2001/2002,2001-10-14 00:00:00,SP1,Spain,La Liga Primera Division,,Villarreal,Malaga,1,2,A,1,1,D,,,,,,,1.67,3.25,4.5,,,
2001/2002,2001-10-14 00:00:00,SP2,Spain,La Liga Segunda Division,,Gimnastic,Recreativo,1,2,A,0,2,A,,,,,,,,,,,,
2001/2002,2001-10-14 00:00:00,SP2,Spain,La Liga Segunda Division,,Murcia,Numancia,1,2,A,1,2,A,,,,,,,,,,,,
2001/2002,2001-10-14 00:00:00,SP1,Spain,La Liga Primera Division,,Ath Bilbao,Valladolid,1,4,A,0,2,A,,,,,,,1.73,3.2,4.33,,,
2001/2002,2001-10-13 00:00:00,SP1,Spain,La Liga Primera Division,,Zaragoza,La Coruna,1,2,A,0,1,A,,,,,,,2.8,3.2,2.2,,,
2001/2002,2001-10-07 00:00:00,SP1,Spain,La Liga Primera Division,,Mallorca,Zaragoza,0,1,A,0,0,D,,,,,,,1.8,3.25,3.75,,,
2001/2002,2001-10-06 00:00:00,SP2,Spain,La Liga Segunda Division,,Jaen,Xerez,0,2,A,0,1,A,,,,,,,,,,,,
2001/2002,2001-10-03 00:00:00,SP2,Spain,La Liga Segunda Division,,Poli Ejido,Salamanca,2,5,A,1,1,D,,,,,,,,,,,,
2001/2002,2001-10-03 00:00:00,SP1,Spain,La Liga Primera Division,,Valladolid,Espanol,0,1,A,0,1,A,,,,,,,2.0,3.2,3.2,,,
2001/2002,2001-10-03 00:00:00,SP1,Spain,La Liga Primera Division,,Vallecano,Osasuna,0,1,A,0,1,A,,,,,,,2.0,3.2,3.2,,,
2001/2002,2001-10-03 00:00:00,SP2,Spain,La Liga Segunda Division,,Extremadura,Ferrol,1,2,A,1,0,H,,,,,,,,,,,,
2001/2002,2001-10-03 00:00:00,SP2,Spain,La Liga Segunda Division,,Xerez,Albacete,1,2,A,0,1,A,,,,,,,,,,,,
2001/2002,2001-09-30 00:00:00,SP2,Spain,La Liga Segunda Division,,Ferrol,Oviedo,0,2,A,0,0,D,,,,,,,,,,,,
2001/2002,2001-09-30 00:00:00,SP1,Spain,La Liga Primera Division,,Mallorca,Villarreal,0,1,A,0,1,A,,,,,,,1.91,3.2,3.5,,,
2001/2002,2001-09-29 00:00:00,SP2,Spain,La Liga Segunda Division,,Badajoz,Cordoba,0,1,A,0,1,A,,,,,,,,,,,,
2001/2002,2001-09-29 00:00:00,SP2,Spain,La Liga Segunda Division,,Sp Gijon,Elche,0,1,A,0,0,D,,,,,,,,,,,,
2001/2002,2001-09-29 00:00:00,SP2,Spain,La Liga Segunda Division,,Recreativo,Murcia,0,1,A,0,1,A,,,,,,,,,,,,
2001/2002,2001-09-29 00:00:00,SP1,Spain,La Liga Primera Division,,Malaga,Ath Bilbao,1,2,A,0,1,A,,,,,,,2.1,3.2,3.0,,,
2001/2002,2001-09-29 00:00:00,SP1,Spain,La Liga Primera Division,,Sociedad,Barcelona,0,2,A,0,1,A,,,,,,,3.75,3.25,1.8,,,
2001/2002,2001-09-23 00:00:00,SP1,Spain,La Liga Primera Division,,Zaragoza,Osasuna,0,1,A,0,1,A,,,,,,,1.61,3.25,5.0,,,
2001/2002,2001-09-23 00:00:00,SP1,Spain,La Liga Primera Division,,Valladolid,Betis,0,2,A,0,0,D,,,,,,,2.2,3.2,2.8,,,
2001/2002,2001-09-23 00:00:00,SP2,Spain,La Liga Segunda Division,,Cordoba,Sp Gijon,1,2,A,1,2,A,,,,,,,,,,,,
2001/2002,2001-09-23 00:00:00,SP2,Spain,La Liga Segunda Division,,Santander,Burgos,0,2,A,0,0,D,,,,,,,,,,,,
2001/2002,2001-09-22 00:00:00,SP1,Spain,La Liga Primera Division,,Alaves,La Coruna,2,3,A,0,1,A,,,,,,,2.5,3.2,2.5,,,
2001/2002,2001-09-16 00:00:00,SP2,Spain,La Liga Segunda Division,,Jaen,Oviedo,1,3,A,1,1,D,,,,,,,,,,,,
2001/2002,2001-09-16 00:00:00,SP1,Spain,La Liga Primera Division,,Vallecano,Zaragoza,1,2,A,1,0,H,,,,,,,2.0,3.2,3.2,,,
2001/2002,2001-09-16 00:00:00,SP1,Spain,La Liga Primera Division,,Espanol,Sevilla,2,3,A,1,1,D,,,,,,,1.73,3.2,4.33,,,
2001/2002,2001-09-16 00:00:00,SP1,Spain,La Liga Primera Division,,Malaga,Valladolid,1,2,A,0,1,A,,,,,,,1.57,3.25,5.5,,,
2001/2002,2001-09-16 00:00:00,SP2,Spain,La Liga Segunda Division,,Leganes,Ath Madrid,0,3,A,0,2,A,,,,,,,,,,,,
2001/2002,2001-09-15 00:00:00,SP1,Spain,La Liga Primera Division,,La Coruna,Ath Bilbao,1,2,A,0,1,A,,,,,,,1.3,4.0,9.0,,,
2001/2002,2001-09-08 00:00:00,SP2,Spain,La Liga Segunda Division,,Gimnastic,Jaen,0,2,A,0,0,D,,,,,,,,,,,,
2001/2002,2001-09-08 00:00:00,SP1,Spain,La Liga Primera Division,,Las Palmas,La Coruna,0,1,A,0,0,D,,,,,,,3.0,3.0,2.2,,,
2001/2002,2001-09-08 00:00:00,SP1,Spain,La Liga Primera Division,,Ath Bilbao,Mallorca,0,1,A,0,0,D,,,,,,,2.1,3.2,3.0,,,
2001/2002,2001-09-02 00:00:00,SP2,Spain,La Liga Segunda Division,,Extremadura,Xerez,0,1,A,0,1,A,,,,,,,,,,,,
2001/2002,2001-09-01 00:00:00,SP2,Spain,La Liga Segunda Division,,Eibar,Ath Madrid,0,3,A,0,2,A,,,,,,,,,,,,
2001/2002,2001-08-26 00:00:00,SP1,Spain,La Liga Primera Division,,Mallorca,Las Palmas,0,3,A,0,1,A,,,,,,,1.5,3.4,6.0,,,
2001/2002,2001-08-26 00:00:00,SP1,Spain,La Liga Primera Division,,Osasuna,Celta,0,3,A,0,1,A,,,,,,,2.6,3.2,2.37,,,
2001/2002,2001-08-26 00:00:00,SP1,Spain,La Liga Primera Division,,Sociedad,Ath Bilbao,1,3,A,1,1,D,,,,,,,2.1,3.2,3.0,,,
2001/2002,2001-08-26 00:00:00,SP1,Spain,La Liga Primera Division,,Vallecano,Villarreal,1,2,A,1,2,A,,,,,,,2.2,3.25,2.75,,,
2001/2002,2001-08-26 00:00:00,SP1,Spain,La Liga Primera Division,,Sevilla,Barcelona,1,2,A,0,1,A,,,,,,,3.4,3.25,1.91,,,
2001/2002,2001-08-26 00:00:00,SP1,Spain,La Liga Primera Division,,Tenerife,Alaves,0,2,A,0,1,A,,,,,,,2.4,3.25,2.5,,,
2001/2002,2001-08-25 00:00:00,SP2,Spain,La Liga Segunda Division,,Poli Ejido,Burgos,0,1,A,0,0,D,,,,,,,,,,,,
2000/2001,2001-06-17 00:00:00,SP2,Spain,La Liga Segunda Division,,Leganes,Tenerife,0,1,A,0,0,D,,,,,,,,,,,,
2000/2001,2001-06-17 00:00:00,SP2,Spain,La Liga Segunda Division,,Jaen,Betis,0,2,A,0,1,A,,,,,,,,,,,,
2000/2001,2001-06-17 00:00:00,SP2,Spain,La Liga Segunda Division,,Getafe,Ath Madrid,0,1,A,0,1,A,,,,,,,,,,,,
2000/2001,2001-06-17 00:00:00,SP1,Spain,La Liga Primera Division,,Sociedad,Osasuna,0,1,A,0,1,A,,,,,,,3.75,3.0,1.91,,,
2000/2001,2001-06-17 00:00:00,SP2,Spain,La Liga Segunda Division,,Albacete,U.Las Palmas,2,3,A,2,2,D,,,,,,,,,,,,
2000/2001,2001-06-16 00:00:00,SP2,Spain,La Liga Segunda Division,,Recreativo,Ferrol,1,2,A,1,2,A,,,,,,,,,,,,
2000/2001,2001-06-16 00:00:00,SP2,Spain,La Liga Segunda Division,,Salamanca,Murcia,1,2,A,0,1,A,,,,,,,,,,,,
2000/2001,2001-06-10 00:00:00,SP1,Spain,La Liga Primera Division,,Valencia,La Coruna,0,1,A,0,0,D,,,,,,,1.73,3.2,4.33,,,
2000/2001,2001-06-10 00:00:00,SP1,Spain,La Liga Primera Division,,Alaves,Mallorca,2,4,A,1,1,D,,,,,,,2.5,3.25,2.37,,,
2000/2001,2001-06-10 00:00:00,SP1,Spain,La Liga Primera Division,,Ath Bilbao,Sociedad,1,3,A,0,2,A,,,,,,,2.75,3.25,2.2,,,
2000/2001,2001-06-10 00:00:00,SP2,Spain,La Liga Segunda Division,,Cordoba,Albacete,1,4,A,0,3,A,,,,,,,,,,,,
2000/2001,2001-06-10 00:00:00,SP2,Spain,La Liga Segunda Division,,Eibar,Salamanca,1,3,A,0,0,D,,,,,,,,,,,,
2000/2001,2001-06-10 00:00:00,SP2,Spain,La Liga Segunda Division,,Murcia,Elche,0,1,A,0,1,A,,,,,,,,,,,,
2000/2001,2001-06-03 00:00:00,SP2,Spain,La Liga Segunda Division,,Getafe,Ferrol,1,2,A,0,0,D,,,,,,,,,,,,
2000/2001,2001-06-03 00:00:00,SP2,Spain,La Liga Segunda Division,,Albacete,Ath Madrid,0,1,A,0,0,D,,,,,,,,,,,,
2000/2001,2001-06-03 00:00:00,SP2,Spain,La Liga Segunda Division,,Salamanca,Extremadura,1,2,A,0,0,D,,,,,,,,,,,,
2000/2001,2001-05-27 00:00:00,SP1,Spain,La Liga Primera Division,,La Coruna,Valladolid,1,2,A,0,1,A,,,,,,,1.25,4.5,10.0,,,
2000/2001,2001-05-27 00:00:00,SP1,Spain,La Liga Primera Division,,Barcelona,Oviedo,0,1,A,0,0,D,,,,,,,1.25,4.5,10.0,,,
2000/2001,2001-05-27 00:00:00,SP1,Spain,La Liga Primera Division,,Ath Bilbao,Malaga,1,3,A,0,1,A,,,,,,,2.1,3.2,3.0,,,
2000/2001,2001-05-26 00:00:00,SP1,Spain,La Liga Primera Division,,Las Palmas,Celta,0,1,A,0,0,D,,,,,,,2.5,2.87,2.62,,,
2000/2001,2001-05-26 00:00:00,SP2,Spain,La Liga Segunda Division,,U.Las Palmas,Sevilla,1,3,A,1,2,A,,,,,,,,,,,,
2000/2001,2001-05-26 00:00:00,SP2,Spain,La Liga Segunda Division,,Ferrol,Sp Gijon,2,3,A,0,1,A,,,,,,,,,,,,
2000/2001,2001-05-20 00:00:00,SP1,Spain,La Liga Primera Division,,Oviedo,La Coruna,2,3,A,0,2,A,,,,,,,2.8,3.2,2.2,,,
2000/2001,2001-05-20 00:00:00,SP1,Spain,La Liga Primera Division,,Espanol,Mallorca,0,1,A,0,1,A,,,,,,,2.25,3.2,2.75,,,
2000/2001,2001-05-20 00:00:00,SP1,Spain,La Liga Primera Division,,Vallecano,Real Madrid,0,1,A,0,1,A,,,,,,,4.0,3.2,1.8,,,
2000/2001,2001-05-19 00:00:00,SP1,Spain,La Liga Primera Division,,Alaves,Barcelona,0,1,A,0,1,A,,,,,,,2.75,3.2,2.25,,,
2000/2001,2001-05-19 00:00:00,SP2,Spain,La Liga Segunda Division,,Sp Gijon,Betis,1,2,A,1,1,D,,,,,,,,,,,,
2000/2001,2001-05-19 00:00:00,SP2,Spain,La Liga Segunda Division,,Murcia,Tenerife,0,1,A,0,0,D,,,,,,,,,,,,
2000/2001,2001-05-13 00:00:00,SP2,Spain,La Liga Segunda Division,,Betis,Albacete,1,2,A,0,1,A,,,,,,,,,,,,
2000/2001,2001-05-13 00:00:00,SP2,Spain,La Liga Segunda Division,,Compostela,Sp Gijon,1,2,A,0,1,A,,,,,,,,,,,,
2000/2001,2001-05-12 00:00:00,SP1,Spain,La Liga Primera Division,,Villarreal,Sociedad,1,3,A,1,1,D,,,,,,,1.61,3.5,4.5,,,
2000/2001,2001-05-06 00:00:00,SP2,Spain,La Liga Segunda Division,,Salamanca,Ath Madrid,1,3,A,0,2,A,,,,,,,,,,,,
2000/2001,2001-05-05 00:00:00,SP2,Spain,La Liga Segunda Division,,Getafe,Recreativo,0,1,A,0,0,D,,,,,,,,,,,,
2000/2001,2001-05-05 00:00:00,SP2,Spain,La Liga Segunda Division,,Lleida,Ferrol,0,1,A,0,1,A,,,,,,,,,,,,
2000/2001,2001-05-05 00:00:00,SP1,Spain,La Liga Primera Division,,Sociedad,Valencia,1,2,A,0,0,D,,,,,,,2.5,3.2,2.5,,,
2000/2001,2001-04-29 00:00:00,SP2,Spain,La Liga Segunda Division,,Elche,Tenerife,0,2,A,0,0,D,,,,,,,,,,,,
2000/2001,2001-04-29 00:00:00,SP1,Spain,La Liga Primera Division,,Numancia,Villarreal,1,3,A,0,0,D,,,,,,,2.25,3.2,2.75,,,
2000/2001,2001-04-28 00:00:00,SP2,Spain,La Liga Segunda Division,,Badajoz,Salamanca,0,1,A,0,0,D,,,,,,,,,,,,
2000/2001,2001-04-28 00:00:00,SP2,Spain,La Liga Segunda Division,,Ath Madrid,Murcia,0,3,A,0,1,A,,,,,,,,,,,,
2000/2001,2001-04-22 00:00:00,SP1,Spain,La Liga Primera Division,,Alaves,Malaga,1,2,A,0,1,A,,,,,,,1.67,3.25,4.5,,,
2000/2001,2001-04-22 00:00:00,SP2,Spain,La Liga Segunda Division,,Albacete,Recreativo,0,2,A,0,1,A,,,,,,,,,,,,
2000/2001,2001-04-22 00:00:00,SP2,Spain,La Liga Segunda Division,,Lleida,Compostela,1,2,A,1,1,D,,,,,,,,,,,,
2000/2001,2001-04-22 00:00:00,SP1,Spain,La Liga Primera Division,,Vallecano,Ath Bilbao,1,2,A,0,1,A,,,,,,,1.91,3.2,3.5,,,
2000/2001,2001-04-22 00:00:00,SP2,Spain,La Liga Segunda Division,,Sp Gijon,Levante,1,2,A,1,0,H,,,,,,,,,,,,
2000/2001,2001-04-22 00:00:00,SP1,Spain,La Liga Primera Division,,Zaragoza,Real Madrid,2,3,A,1,2,A,,,,,,,2.8,3.2,2.2,,,
2000/2001,2001-04-15 00:00:00,SP1,Spain,La Liga Primera Division,,Ath Bilbao,Espanol,0,1,A,0,1,A,,,,,,,2.0,3.0,3.4,,,
2000/2001,2001-04-15 00:00:00,SP2,Spain,La Liga Segunda Division,,Elche,U.Las Palmas,0,1,A,0,0,D,,,,,,,,,,,,
2000/2001,2001-04-14 00:00:00,SP2,Spain,La Liga Segunda Division,,Compostela,Sevilla,0,2,A,0,1,A,,,,,,,,,,,,
2000/2001,2001-04-14 00:00:00,SP1,Spain,La Liga Primera Division,,Valencia,Alaves,1,2,A,1,1,D,,,,,,,1.61,3.25,5.0,,,
2000/2001,2001-04-08 00:00:00,SP2,Spain,La Liga Segunda Division,,Murcia,Betis,1,3,A,0,1,A,,,,,,,,,,,,
2000/2001,2001-04-08 00:00:00,SP2,Spain,La Liga Segunda Division,,Salamanca,Compostela,1,2,A,1,0,H,,,,,,,,,,,,
2000/2001,2001-04-08 00:00:00,SP2,Spain,La Liga Segunda Division,,Tenerife,Ath Madrid,1,2,A,0,1,A,,,,,,,,,,,,
2000/2001,2001-04-08 00:00:00,SP1,Spain,La Liga Primera Division,,Numancia,Mallorca,0,2,A,0,0,D,,,,,,,2.62,2.87,2.5,,,
2000/2001,2001-04-08 00:00:00,SP1,Spain,La Liga Primera Division,,Las Palmas,Real Madrid,0,1,A,0,0,D,,,,,,,3.2,3.2,2.0,,,
2000/2001,2001-04-08 00:00:00,SP1,Spain,La Liga Primera Division,,Espanol,Malaga,1,2,A,1,0,H,,,,,,,1.83,3.0,4.0,,,
2000/2001,2001-04-07 00:00:00,SP2,Spain,La Liga Segunda Division,,Sevilla,Jaen,0,1,A,0,0,D,,,,,,,,,,,,
2000/2001,2001-04-07 00:00:00,SP2,Spain,La Liga Segunda Division,,U.Las Palmas,Cordoba,0,2,A,0,1,A,,,,,,,,,,,,
2000/2001,2001-04-07 00:00:00,SP1,Spain,La Liga Primera Division,,Vallecano,Valencia,1,4,A,0,1,A,,,,,,,2.6,3.2,2.37,,,
2000/2001,2001-04-01 00:00:00,SP1,Spain,La Liga Primera Division,,Valladolid,Vallecano,1,3,A,1,1,D,,,,,,,1.91,3.2,3.5,,,
2000/2001,2001-04-01 00:00:00,SP2,Spain,La Liga Segunda Division,,Badajoz,Tenerife,1,2,A,0,0,D,,,,,,,,,,,,
2000/2001,2001-04-01 00:00:00,SP1,Spain,La Liga Primera Division,,Ath Bilbao,Osasuna,0,1,A,0,0,D,,,,,,,1.5,3.4,6.0,,,
2000/2001,2001-03-31 00:00:00,SP2,Spain,La Liga Segunda Division,,Getafe,Leganes,0,1,A,0,1,A,,,,,,,,,,,,
2000/2001,2001-03-31 00:00:00,SP2,Spain,La Liga Segunda Division,,Elche,Cordoba,1,2,A,1,0,H,,,,,,,,,,,,
2000/2001,2001-03-31 00:00:00,SP1,Spain,La Liga Primera Division,,Malaga,Celta,1,4,A,1,2,A,,,,,,,2.25,3.2,2.75,,,
2000/2001,2001-03-31 00:00:00,SP1,Spain,La Liga Primera Division,,Valencia,Espanol,0,1,A,0,0,D,,,,,,,1.44,3.6,6.5,,,
2000/2001,2001-03-25 00:00:00,SP2,Spain,La Liga Segunda Division,,Salamanca,Recreativo,0,1,A,0,0,D,,,,,,,,,,,,
2000/2001,2001-03-25 00:00:00,SP2,Spain,La Liga Segunda Division,,Lleida,Getafe,1,2,A,1,0,H,,,,,,,,,,,,
2000/2001,2001-03-25 00:00:00,SP2,Spain,La Liga Segunda Division,,Leganes,Sp Gijon,0,1,A,0,1,A,,,,,,,,,,,,
2000/2001,2001-03-18 00:00:00,SP2,Spain,La Liga Segunda Division,,Getafe,Sevilla,0,1,A,0,1,A,,,,,,,,,,,,
2000/2001,2001-03-18 00:00:00,SP2,Spain,La Liga Segunda Division,,Betis,Tenerife,0,2,A,0,1,A,,,,,,,,,,,,
2000/2001,2001-03-18 00:00:00,SP2,Spain,La Liga Segunda Division,,Ferrol,U.Las Palmas,1,2,A,0,1,A,,,,,,,,,,,,
2000/2001,2001-03-18 00:00:00,SP2,Spain,La Liga Segunda Division,,Sp Gijon,Lleida,1,2,A,0,1,A,,,,,,,,,,,,
2000/2001,2001-03-18 00:00:00,SP1,Spain,La Liga Primera Division,,Vallecano,Oviedo,0,2,A,0,1,A,,,,,,,1.5,3.4,6.0,,,
2000/2001,2001-03-11 00:00:00,SP2,Spain,La Liga Segunda Division,,Cordoba,Ferrol,0,1,A,0,1,A,,,,,,,,,,,,
2000/2001,2001-03-11 00:00:00,SP2,Spain,La Liga Segunda Division,,Lleida,Albacete,1,2,A,1,1,D,,,,,,,,,,,,
2000/2001,2001-03-11 00:00:00,SP1,Spain,La Liga Primera Division,,Valladolid,Celta,1,2,A,1,0,H,,,,,,,1.91,3.2,3.5,,,
2000/2001,2001-03-04 00:00:00,SP2,Spain,La Liga Segunda Division,,Ferrol,Ath Madrid,0,2,A,0,0,D,,,,,,,,,,,,
2000/2001,2001-03-04 00:00:00,SP1,Spain,La Liga Primera Division,,Villarreal,Malaga,1,2,A,0,1,A,,,,,,,,,,,,
2000/2001,2001-02-25 00:00:00,SP2,Spain,La Liga Segunda Division,,Salamanca,Albacete,1,2,A,0,1,A,,,,,,,,,,,,
2000/2001,2001-02-25 00:00:00,SP1,Spain,La Liga Primera Division,,Oviedo,Osasuna,2,3,A,2,0,H,,,,,,,,,,,,
2000/2001,2001-02-18 00:00:00,SP1,Spain,La Liga Primera Division,,Osasuna,Alaves,0,1,A,0,0,D,,,,,,,,,,,,
2000/2001,2001-02-18 00:00:00,SP2,Spain,La Liga Segunda Division,,Getafe,Extremadura,0,1,A,0,0,D,,,,,,,,,,,,
2000/2001,2001-02-18 00:00:00,SP2,Spain,La Liga Segunda Division,,Lleida,Sevilla,0,1,A,0,0,D,,,,,,,,,,,,
2000/2001,2001-02-18 00:00:00,SP2,Spain,La Liga Segunda Division,,Leganes,Salamanca,0,1,A,0,0,D,,,,,,,,,,,,
2000/2001,2001-02-17 00:00:00,SP2,Spain,La Liga Segunda Division,,Compostela,Ath Madrid,2,3,A,2,0,H,,,,,,,,,,,,
2000/2001,2001-02-17 00:00:00,SP1,Spain,La Liga Primera Division,,Barcelona,La Coruna,2,3,A,2,1,H,,,,,,,,,,,,
2000/2001,2001-02-17 00:00:00,SP1,Spain,La Liga Primera Division,,Las Palmas,Valencia,0,2,A,0,1,A,,,,,,,,,,,,
2000/2001,2001-02-11 00:00:00,SP1,Spain,La Liga Primera Division,,Oviedo,Villarreal,1,3,A,1,0,H,,,,,,,,,,,,
2000/2001,2001-02-11 00:00:00,SP1,Spain,La Liga Primera Division,,Malaga,Mallorca,0,1,A,0,1,A,,,,,,,,,,,,
2000/2001,2001-02-11 00:00:00,SP2,Spain,La Liga Segunda Division,,Ferrol,Betis,0,1,A,0,1,A,,,,,,,,,,,,
2000/2001,2001-02-11 00:00:00,SP2,Spain,La Liga Segunda Division,,Extremadura,Sp Gijon,1,2,A,0,0,D,,,,,,,,,,,,
2000/2001,2001-02-11 00:00:00,SP2,Spain,La Liga Segunda Division,,Cordoba,Recreativo,1,3,A,1,1,D,,,,,,,,,,,,
2000/2001,2001-02-10 00:00:00,SP1,Spain,La Liga Primera Division,,Espanol,Celta,0,1,A,0,0,D,,,,,,,,,,,,
2000/2001,2001-02-04 00:00:00,SP2,Spain,La Liga Segunda Division,,Lleida,Murcia,0,1,A,0,0,D,,,,,,,,,,,,
2000/2001,2001-02-04 00:00:00,SP1,Spain,La Liga Primera Division,,Osasuna,Espanol,1,3,A,0,3,A,,,,,,,2.5,3.2,2.5,,,
2000/2001,2001-02-04 00:00:00,SP2,Spain,La Liga Segunda Division,,Compostela,Ferrol,0,5,A,0,0,D,,,,,,,,,,,,
2000/2001,2001-01-28 00:00:00,SP2,Spain,La Liga Segunda Division,,U.Las Palmas,Sp Gijon,0,2,A,0,1,A,,,,,,,,,,,,
2000/2001,2001-01-28 00:00:00,SP2,Spain,La Liga Segunda Division,,Extremadura,Leganes,0,3,A,0,3,A,,,,,,,,,,,,
2000/2001,2001-01-28 00:00:00,SP1,Spain,La Liga Primera Division,,Santander,Sociedad,1,4,A,1,2,A,,,,,,,2.1,3.2,3.0,,,
2000/2001,2001-01-28 00:00:00,SP1,Spain,La Liga Primera Division,,Vallecano,Villarreal,0,1,A,0,0,D,,,,,,,1.8,3.25,3.75,,,
2000/2001,2001-01-28 00:00:00,SP1,Spain,La Liga Primera Division,,Valencia,Real Madrid,0,1,A,0,0,D,,,,,,,2.75,3.2,2.25,,,
2000/2001,2001-01-21 00:00:00,SP2,Spain,La Liga Segunda Division,,Murcia,Salamanca,1,2,A,0,0,D,,,,,,,,,,,,
2000/2001,2001-01-21 00:00:00,SP1,Spain,La Liga Primera Division,,Alaves,Numancia,0,2,A,0,1,A,,,,,,,1.44,3.6,6.5,,,
2000/2001,2001-01-21 00:00:00,SP1,Spain,La Liga Primera Division,,Malaga,La Coruna,1,3,A,1,1,D,,,,,,,2.62,2.87,2.5,,,
2000/2001,2001-01-20 00:00:00,SP1,Spain,La Liga Primera Division,,Valencia,Barcelona,0,1,A,0,1,A,,,,,,,2.25,3.2,2.75,,,
2000/2001,2001-01-14 00:00:00,SP1,Spain,La Liga Primera Division,,Numancia,Vallecano,0,2,A,0,1,A,,,,,,,2.37,3.2,2.6,,,
2000/2001,2001-01-14 00:00:00,SP1,Spain,La Liga Primera Division,,Sociedad,Ath Bilbao,0,2,A,0,1,A,,,,,,,2.25,3.2,2.75,,,
2000/2001,2001-01-14 00:00:00,SP1,Spain,La Liga Primera Division,,Santander,Malaga,0,1,A,0,1,A,,,,,,,2.2,3.2,2.8,,,
2000/2001,2001-01-14 00:00:00,SP2,Spain,La Liga Segunda Division,,Salamanca,Eibar,0,2,A,0,1,A,,,,,,,,,,,,
2000/2001,2001-01-07 00:00:00,SP1,Spain,La Liga Primera Division,,Oviedo,Barcelona,2,3,A,0,2,A,,,,,,,2.75,3.2,2.25,,,
2000/2001,2001-01-07 00:00:00,SP1,Spain,La Liga Primera Division,,Celta,Las Palmas,0,1,A,0,1,A,,,,,,,1.67,3.25,4.5,,,
2000/2001,2001-01-07 00:00:00,SP1,Spain,La Liga Primera Division,,Alaves,Real Madrid,1,3,A,1,1,D,,,,,,,2.75,3.25,2.2,,,
2000/2001,2001-01-07 00:00:00,SP2,Spain,La Liga Segunda Division,,Extremadura,Salamanca,0,1,A,0,0,D,,,,,,,,,,,,
2000/2001,2001-01-07 00:00:00,SP2,Spain,La Liga Segunda Division,,Eibar,Murcia,0,1,A,0,0,D,,,,,,,,,,,,
2000/2001,2001-01-07 00:00:00,SP2,Spain,La Liga Segunda Division,,Tenerife,Sevilla,1,2,A,0,1,A,,,,,,,,,,,,
2000/2001,2000-12-21 00:00:00,SP2,Spain,La Liga Segunda Division,,Leganes,Ath Madrid,1,2,A,1,1,D,,,,,,,,,,,,
2000/2001,2000-12-20 00:00:00,SP2,Spain,La Liga Segunda Division,,Getafe,Betis,0,2,A,0,1,A,,,,,,,,,,,,
2000/2001,2000-12-20 00:00:00,SP2,Spain,La Liga Segunda Division,,Levante,Compostela,0,2,A,0,0,D,,,,,,,,,,,,
2000/2001,2000-12-20 00:00:00,SP2,Spain,La Liga Segunda Division,,Murcia,Extremadura,1,3,A,0,1,A,,,,,,,,,,,,
2000/2001,2000-12-17 00:00:00,SP2,Spain,La Liga Segunda Division,,Elche,Recreativo,0,1,A,0,0,D,,,,,,,,,,,,
2000/2001,2000-12-17 00:00:00,SP2,Spain,La Liga Segunda Division,,Cordoba,Sevilla,0,1,A,0,1,A,,,,,,,,,,,,
2000/2001,2000-12-16 00:00:00,SP1,Spain,La Liga Primera Division,,Espanol,Real Madrid,1,2,A,1,2,A,,,,,,,3.0,3.2,2.1,,,
2000/2001,2000-12-16 00:00:00,SP1,Spain,La Liga Primera Division,,Sociedad,Villarreal,0,2,A,0,1,A,,,,,,,2.1,3.2,3.0,,,
2000/2001,2000-12-16 00:00:00,SP2,Spain,La Liga Segunda Division,,U.Las Palmas,Salamanca,1,3,A,1,1,D,,,,,,,,,,,,
2000/2001,2000-12-16 00:00:00,SP2,Spain,La Liga Segunda Division,,Jaen,Levante,0,1,A,0,1,A,,,,,,,,,,,,
2000/2001,2000-12-09 00:00:00,SP2,Spain,La Liga Segunda Division,,Extremadura,Elche,1,2,A,0,1,A,,,,,,,,,,,,
2000/2001,2000-12-09 00:00:00,SP2,Spain,La Liga Segunda Division,,Getafe,Jaen,0,1,A,0,1,A,,,,,,,,,,,,
2000/2001,2000-12-09 00:00:00,SP1,Spain,La Liga Primera Division,,Las Palmas,Villarreal,1,5,A,0,2,A,,,,,,,1.67,3.25,4.5,,,
2000/2001,2000-12-03 00:00:00,SP2,Spain,La Liga Segunda Division,,Compostela,Albacete,0,2,A,0,0,D,,,,,,,,,,,,
2000/2001,2000-12-03 00:00:00,SP2,Spain,La Liga Segunda Division,,Cordoba,Murcia,1,3,A,1,1,D,,,,,,,,,,,,
2000/2001,2000-12-03 00:00:00,SP2,Spain,La Liga Segunda Division,,Tenerife,Extremadura,0,2,A,0,1,A,,,,,,,,,,,,
2000/2001,2000-12-03 00:00:00,SP2,Spain,La Liga Segunda Division,,Jaen,Sp Gijon,0,2,A,0,0,D,,,,,,,,,,,,
2000/2001,2000-12-02 00:00:00,SP1,Spain,La Liga Primera Division,,Espanol,La Coruna,0,2,A,0,0,D,,,,,,,,,,,,
2000/2001,2000-12-02 00:00:00,SP1,Spain,La Liga Primera Division,,Osasuna,Real Madrid,2,3,A,1,1,D,,,,,,,,,,,,
2000/2001,2000-11-26 00:00:00,SP1,Spain,La Liga Primera Division,,Numancia,Las Palmas,0,1,A,0,0,D,,,,,,,2.0,3.2,3.2,,,
2000/2001,2000-11-26 00:00:00,SP1,Spain,La Liga Primera Division,,Santander,Espanol,1,2,A,0,1,A,,,,,,,2.25,3.2,2.75,,,
2000/2001,2000-11-26 00:00:00,SP2,Spain,La Liga Segunda Division,,Sp Gijon,Recreativo,0,1,A,0,1,A,,,,,,,,,,,,
2000/2001,2000-11-26 00:00:00,SP2,Spain,La Liga Segunda Division,,Getafe,Levante,1,2,A,1,1,D,,,,,,,,,,,,
2000/2001,2000-11-25 00:00:00,SP2,Spain,La Liga Segunda Division,,Lleida,Betis,0,1,A,0,0,D,,,,,,,,,,,,
2000/2001,2000-11-19 00:00:00,SP2,Spain,La Liga Segunda Division,,Ferrol,Salamanca,0,1,A,0,0,D,,,,,,,,,,,,
2000/2001,2000-11-19 00:00:00,SP2,Spain,La Liga Segunda Division,,Betis,Sevilla,1,3,A,0,0,D,,,,,,,,,,,,
2000/2001,2000-11-19 00:00:00,SP2,Spain,La Liga Segunda Division,,Elche,Getafe,1,4,A,1,1,D,,,,,,,,,,,,
2000/2001,2000-11-18 00:00:00,SP2,Spain,La Liga Segunda Division,,U.Las Palmas,Tenerife,0,1,A,0,0,D,,,,,,,,,,,,
2000/2001,2000-11-18 00:00:00,SP1,Spain,La Liga Primera Division,,Villarreal,Real Madrid,0,1,A,0,0,D,,,,,,,3.0,3.2,2.1,,,
2000/2001,2000-11-12 00:00:00,SP1,Spain,La Liga Primera Division,,Barcelona,Villarreal,1,2,A,1,1,D,,,,,,,1.25,4.5,10.0,,,
2000/2001,2000-11-12 00:00:00,SP2,Spain,La Liga Segunda Division,,Eibar,Badajoz,0,1,A,0,0,D,,,,,,,,,,,,
2000/2001,2000-11-11 00:00:00,SP2,Spain,La Liga Segunda Division,,Extremadura,Ath Madrid,0,1,A,0,1,A,,,,,,,,,,,,
2000/2001,2000-11-05 00:00:00,SP2,Spain,La Liga Segunda Division,,Ferrol,Eibar,0,1,A,0,1,A,,,,,,,,,,,,
2000/2001,2000-11-05 00:00:00,SP2,Spain,La Liga Segunda Division,,Levante,Leganes,0,2,A,0,1,A,,,,,,,,,,,,
2000/2001,2000-11-05 00:00:00,SP1,Spain,La Liga Primera Division,,Sociedad,Mallorca,0,1,A,0,0,D,,,,,,,2.35,3.2,2.6,,,
2000/2001,2000-11-05 00:00:00,SP2,Spain,La Liga Segunda Division,,Ath Madrid,Tenerife,1,2,A,0,0,D,,,,,,,,,,,,
2000/2001,2000-11-04 00:00:00,SP1,Spain,La Liga Primera Division,,Las Palmas,Barcelona,0,1,A,0,0,D,,,,,,,3.2,3.2,2.0,,,
2000/2001,2000-11-01 00:00:00,SP1,Spain,La Liga Primera Division,,Alaves,Sociedad,0,1,A,0,0,D,,,,,,,1.6,3.25,5.0,,,
2000/2001,2000-11-01 00:00:00,SP1,Spain,La Liga Primera Division,,Ath Bilbao,Zaragoza,1,2,A,0,1,A,,,,,,,1.65,3.25,4.5,,,
2000/2001,2000-11-01 00:00:00,SP1,Spain,La Liga Primera Division,,Real Madrid,Mallorca,0,2,A,0,0,D,,,,,,,1.3,4.3,8.0,,,
2000/2001,2000-11-01 00:00:00,SP2,Spain,La Liga Segunda Division,,Cordoba,Elche,0,1,A,0,0,D,,,,,,,,,,,,
2000/2001,2000-11-01 00:00:00,SP2,Spain,La Liga Segunda Division,,Leganes,Getafe,2,3,A,0,1,A,,,,,,,,,,,,
2000/2001,2000-10-29 00:00:00,SP2,Spain,La Liga Segunda Division,,Elche,Albacete,0,1,A,0,0,D,,,,,,,,,,,,
2000/2001,2000-10-29 00:00:00,SP1,Spain,La Liga Primera Division,,Vallecano,Alaves,0,1,A,0,1,A,,,,,,,2.1,3.2,3.0,,,
2000/2001,2000-10-29 00:00:00,SP1,Spain,La Liga Primera Division,,Sociedad,Real Madrid,1,4,A,0,2,A,,,,,,,3.75,3.25,1.8,,,
2000/2001,2000-10-29 00:00:00,SP1,Spain,La Liga Primera Division,,Osasuna,Valencia,1,2,A,1,1,D,,,,,,,3.75,3.2,1.85,,,
2000/2001,2000-10-28 00:00:00,SP2,Spain,La Liga Segunda Division,,Ferrol,Tenerife,1,2,A,0,0,D,,,,,,,,,,,,
2000/2001,2000-10-28 00:00:00,SP1,Spain,La Liga Primera Division,,Numancia,La Coruna,1,2,A,0,2,A,,,,,,,3.0,3.2,2.1,,,
2000/2001,2000-10-22 00:00:00,SP2,Spain,La Liga Segunda Division,,Lleida,Sp Gijon,0,1,A,0,0,D,,,,,,,,,,,,
2000/2001,2000-10-22 00:00:00,SP1,Spain,La Liga Primera Division,,Ath Bilbao,Las Palmas,0,3,A,0,1,A,,,,,,,1.4,3.75,7.0,,,
2000/2001,2000-10-21 00:00:00,SP2,Spain,La Liga Segunda Division,,Tenerife,Betis,0,1,A,0,1,A,,,,,,,,,,,,
2000/2001,2000-10-21 00:00:00,SP2,Spain,La Liga Segunda Division,,U.Las Palmas,Ferrol,1,3,A,1,1,D,,,,,,,,,,,,
2000/2001,2000-10-18 00:00:00,SP1,Spain,La Liga Primera Division,,Espanol,Sociedad,1,2,A,1,2,A,,,,,,,1.85,3.2,3.75,,,
2000/2001,2000-10-15 00:00:00,SP2,Spain,La Liga Segunda Division,,Compostela,Tenerife,0,2,A,0,2,A,,,,,,,,,,,,
2000/2001,2000-10-15 00:00:00,SP2,Spain,La Liga Segunda Division,,Getafe,Salamanca,1,2,A,1,0,H,,,,,,,,,,,,
2000/2001,2000-10-15 00:00:00,SP2,Spain,La Liga Segunda Division,,Levante,Murcia,2,3,A,2,1,H,,,,,,,,,,,,
2000/2001,2000-10-15 00:00:00,SP2,Spain,La Liga Segunda Division,,Ferrol,Cordoba,0,2,A,0,1,A,,,,,,,,,,,,
2000/2001,2000-10-14 00:00:00,SP1,Spain,La Liga Primera Division,,Sociedad,Barcelona,0,6,A,0,6,A,,,,,,,3.0,3.2,2.1,,,
2000/2001,2000-10-01 00:00:00,SP1,Spain,La Liga Primera Division,,Malaga,Numancia,1,3,A,1,2,A,,,,,,,1.65,3.25,4.5,,,
2000/2001,2000-10-01 00:00:00,SP2,Spain,La Liga Segunda Division,,Compostela,Cordoba,0,1,A,0,0,D,,,,,,,,,,,,
2000/2001,2000-09-24 00:00:00,SP1,Spain,La Liga Primera Division,,Numancia,Valencia,0,3,A,0,0,D,,,,,,,3.2,3.2,2.0,,,
2000/2001,2000-09-24 00:00:00,SP1,Spain,La Liga Primera Division,,Mallorca,Malaga,0,1,A,0,0,D,,,,,,,1.8,3.2,4.0,,,
2000/2001,2000-09-17 00:00:00,SP1,Spain,La Liga Primera Division,,Espanol,Osasuna,1,2,A,0,0,D,,,,,,,1.35,3.75,8.0,,,
2000/2001,2000-09-17 00:00:00,SP1,Spain,La Liga Primera Division,,Alaves,Villarreal,0,1,A,0,0,D,,,,,,,1.4,3.75,7.0,,,
2000/2001,2000-09-17 00:00:00,SP2,Spain,La Liga Segunda Division,,Compostela,Badajoz,0,1,A,0,0,D,,,,,,,,,,,,
2000/2001,2000-09-17 00:00:00,SP2,Spain,La Liga Segunda Division,,Getafe,Tenerife,0,5,A,0,2,A,,,,,,,,,,,,
2000/2001,2000-09-17 00:00:00,SP2,Spain,La Liga Segunda Division,,Lleida,Salamanca,0,3,A,0,3,A,,,,,,,,,,,,
2000/2001,2000-09-16 00:00:00,SP1,Spain,La Liga Primera Division,,Santander,La Coruna,0,3,A,0,1,A,,,,,,,3.0,3.0,2.2,,,
2000/2001,2000-09-16 00:00:00,SP2,Spain,La Liga Segunda Division,,Albacete,Eibar,1,3,A,0,2,A,,,,,,,,,,,,
2000/2001,2000-09-16 00:00:00,SP2,Spain,La Liga Segunda Division,,Elche,Sevilla,1,2,A,0,1,A,,,,,,,,,,,,
2000/2001,2000-09-10 00:00:00,SP2,Spain,La Liga Segunda Division,,Badajoz,Jaen,0,1,A,0,0,D,,,,,,,,,,,,
2000/2001,2000-09-10 00:00:00,SP2,Spain,La Liga Segunda Division,,Betis,Elche,1,2,A,0,2,A,,,,,,,,,,,,
2000/2001,2000-09-10 00:00:00,SP1,Spain,La Liga Primera Division,,Las Palmas,Alaves,0,3,A,0,1,A,,,,,,,2.6,3.2,2.35,,,
2000/2001,2000-09-10 00:00:00,SP2,Spain,La Liga Segunda Division,,Eibar,Leganes,0,1,A,0,0,D,,,,,,,,,,,,
2000/2001,2000-09-10 00:00:00,SP1,Spain,La Liga Primera Division,,Osasuna,Celta,0,2,A,0,0,D,,,,,,,2.6,3.2,2.35,,,
2000/2001,2000-09-10 00:00:00,SP2,Spain,La Liga Segunda Division,,Salamanca,Sevilla,0,1,A,0,1,A,,,,,,,,,,,,
2000/2001,2000-09-10 00:00:00,SP2,Spain,La Liga Segunda Division,,Ferrol,Compostela,1,3,A,0,1,A,,,,,,,,,,,,
2000/2001,2000-09-10 00:00:00,SP1,Spain,La Liga Primera Division,,Villarreal,Vallecano,1,5,A,0,3,A,,,,,,,2.4,3.25,2.5,,,
2000/2001,2000-09-09 00:00:00,SP1,Spain,La Liga Primera Division,,Zaragoza,Espanol,1,2,A,0,0,D,,,,,,,1.7,3.2,4.3,,,
2000/2001,2000-09-09 00:00:00,SP2,Spain,La Liga Segunda Division,,Ath Madrid,Recreativo,0,1,A,0,1,A,,,,,,,,,,,,
2000/2001,2000-09-09 00:00:00,SP2,Spain,La Liga Segunda Division,,U.Las Palmas,Getafe,0,1,A,0,0,D,,,,,,,,,,,,
