FIRE_YEAR,DISCOVERY_DATE,DISCOVERY_DOY,DISCOVERY_TIME,STAT_CAUSE_CODE,STAT_CAUSE_DESCR,CONT_DATE,CONT_DOY,CONT_TIME,FIRE_SIZE,FIRE_SIZE_CLASS,LATITUDE,LONGITUDE,OWNER_CODE,OWNER_DESCR,STATE,COUNTY,FIPS_CODE,FIPS_NAME
2005,2453441.5,71,0215,4.0,Campfire,2453442.5,72,1800,2.0,B,33.34583333,-97.59583333,5.0,USFS,TX,,,
2005,2453636.5,266,1330,4.0,Campfire,2453637.5,267,0800,9.0,B,31.11694444,-95.08416667,13.0,STATE OR PRIVATE,TX,,,
2005,2453646.5,276,1400,4.0,Campfire,2453646.5,276,1652,3.0,B,30.57111111,-95.70138889,5.0,USFS,TX,,,
2005,2453706.5,336,1630,4.0,Campfire,2453706.5,336,2315,11.0,C,31.45361111,-93.77277778,5.0,USFS,TX,,,
2005,2453708.5,338,0930,4.0,Campfire,2453708.5,338,1045,0.1,A,31.0625,-95.09722222,5.0,USFS,TX,,,
2005,2453442.5,72,2000,4.0,Campfire,2453443.5,73,0945,2.0,B,31.12666667,-94.12416667,5.0,USFS,TX,,,
2005,2453487.5,117,1730,4.0,Campfire,2453487.5,117,2115,0.1,A,31.17222222,-94.30027778,5.0,USFS,TX,,,
2006,2453805.5,70,1230,4.0,Campfire,2453809.5,74,1600,34.0,C,31.0575,-95.09722222,5.0,USFS,TX,,,
2006,2453901.5,166,1230,4.0,Campfire,2453901.5,166,1700,12.0,C,31.14666667,-94.17194444,5.0,USFS,TX,,,
2006,2454015.5,280,1500,4.0,Campfire,2454016.5,281,1700,9.0,B,31.19361111,-94.86361111,5.0,USFS,TX,,,
2006,2453820.5,85,0335,4.0,Campfire,2453820.5,85,0830,3.0,B,31.30833333,-93.69166667,5.0,USFS,TX,,,
2007,2454377.5,277,1030,4.0,Campfire,2454377.5,277,1041,0.1,A,35.88194444,-100.1825,5.0,USFS,TX,211,211,Hemphill
2007,2454408.5,308,1609,4.0,Campfire,2454408.5,308,1810,0.1,A,31.55361111,-95.15861111,5.0,USFS,TX,225,225,Houston
2007,2454415.5,315,1500,4.0,Campfire,2454415.5,315,1530,0.1,A,31.48138889,-95.17166667,5.0,USFS,TX,225,225,Houston
2008,2454491.5,26,1224,4.0,Campfire,2454491.5,26,1730,6.0,B,33.42583333,-97.70138889,5.0,USFS,TX,497,497,Wise
2008,2454549.5,84,1125,4.0,Campfire,2454550.5,85,0900,0.5,B,31.38722222,-95.15416667,5.0,USFS,TX,225,225,Houston
2008,2454675.5,210,1345,4.0,Campfire,2454675.5,210,1414,0.1,A,33.37972222,-97.58333333,5.0,USFS,TX,497,497,Wise
2008,2454772.5,307,1900,4.0,Campfire,2454772.5,307,2025,4.0,B,31.69722222,-93.83,5.0,USFS,TX,419,419,Shelby
2008,2454777.5,312,1700,4.0,Campfire,2454782.5,317,1200,33.0,C,31.5625,-94.0,13.0,STATE OR PRIVATE,TX,419,419,Shelby
2009,2454850.5,19,1700,4.0,Campfire,2454850.5,19,2120,5.0,B,30.59361111,-95.32638889,13.0,STATE OR PRIVATE,TX,407,407,San Jacinto
2009,2454891.5,60,0900,4.0,Campfire,2454891.5,60,1600,82.0,C,31.74694444,-93.92083333,13.0,STATE OR PRIVATE,TX,419,419,Shelby
2009,2454853.5,22,2100,4.0,Campfire,2454854.5,23,0030,2.0,B,31.58972222,-93.85611111,5.0,USFS,TX,419,419,Shelby
2009,2454863.5,32,1405,4.0,Campfire,2454863.5,32,1600,0.6,B,31.19444444,-93.77083333,5.0,USFS,TX,403,403,Sabine
2009,2454881.5,50,1600,4.0,Campfire,2454881.5,50,1830,49.0,C,31.34583333,-95.04972222,5.0,USFS,TX,225,225,Houston
2009,2454891.5,60,1300,4.0,Campfire,2454891.5,60,1755,15.0,C,30.595,-95.16416667,13.0,STATE OR PRIVATE,TX,407,407,San Jacinto
2009,2455017.5,186,1355,4.0,Campfire,2455017.5,186,1425,0.1,A,31.38861111,-95.15611111,5.0,USFS,TX,225,225,Houston
1992,2448893.5,272,1220,4.0,Campfire,2448893.5,272,1330,1.0,B,30.51666667,-95.6,5.0,USFS,TX,,,
1992,2448883.5,262,1618,4.0,Campfire,2448883.5,262,1658,0.5,B,31.205,-95.12333333,13.0,STATE OR PRIVATE,TX,,,
1992,2448907.5,286,1545,4.0,Campfire,2448907.5,286,1730,6.0,B,31.28333333,-93.78333333,13.0,STATE OR PRIVATE,TX,,,
1992,2448907.5,286,1730,4.0,Campfire,2448907.5,286,1930,1.0,B,31.22166667,-93.72166667,5.0,USFS,TX,,,
1992,2448661.5,40,1635,4.0,Campfire,2448661.5,40,1800,5.5,B,33.29833333,-97.61333333,5.0,USFS,TX,,,
1993,2449247.5,260,1900,4.0,Campfire,2449248.5,261,0001,22.0,C,31.20166667,-94.33833333,5.0,USFS,TX,,,
1993,2449239.5,252,1135,4.0,Campfire,2449239.5,252,1500,6.0,B,30.51666667,-95.58333333,5.0,USFS,TX,,,
1993,2449261.5,274,2100,4.0,Campfire,2449261.5,274,2340,2.0,B,31.38833333,-93.735,5.0,USFS,TX,,,
1993,2449316.5,329,0300,4.0,Campfire,2449316.5,329,0350,0.1,A,31.29,-93.88333333,5.0,USFS,TX,,,
1993,2449319.5,332,1415,4.0,Campfire,2449320.5,333,1420,12.5,C,33.40166667,-97.62833333,13.0,STATE OR PRIVATE,TX,,,
1993,2449341.5,354,1315,4.0,Campfire,2449341.5,354,1500,2.0,B,33.35,-97.76833333,5.0,USFS,TX,,,
1994,2449561.5,209,0815,4.0,Campfire,2449561.5,209,1300,20.0,C,31.09944444,-94.20166667,5.0,USFS,TX,,,
1994,2449627.5,275,1400,4.0,Campfire,2449627.5,275,1515,3.0,B,31.32333333,-94.29888889,5.0,USFS,TX,,,
1994,2449628.5,276,1700,4.0,Campfire,2449628.5,276,1855,3.0,B,30.49333333,-95.60833333,5.0,USFS,TX,,,
1994,2449698.5,346,1430,4.0,Campfire,2449698.5,346,1700,0.1,A,30.53666667,-95.6,5.0,USFS,TX,,,
1994,2449391.5,39,1430,4.0,Campfire,2449391.5,39,1800,11.0,C,31.62166667,-93.9,5.0,USFS,TX,,,
1995,2450046.5,329,1300,4.0,Campfire,2450046.5,329,1530,0.1,A,31.10666667,-94.225,5.0,USFS,TX,,,
1995,2450062.5,345,1225,4.0,Campfire,2450062.5,345,1445,5.0,B,31.11666667,-94.335,5.0,USFS,TX,,,
1995,2450046.5,329,1330,4.0,Campfire,2450046.5,329,1900,25.0,C,31.35361111,-95.26666667,5.0,USFS,TX,,,
1995,2450051.5,334,1545,4.0,Campfire,2450051.5,334,1836,0.2,A,31.51222222,-95.28333333,13.0,STATE OR PRIVATE,TX,,,
1995,2450054.5,337,2130,4.0,Campfire,2450054.5,337,2330,3.0,B,31.475,-95.33333333,5.0,USFS,TX,,,
1995,2449968.5,251,2130,4.0,Campfire,2449969.5,252,0100,1.5,B,30.48833333,-95.625,5.0,USFS,TX,,,
1995,2450062.5,345,0700,4.0,Campfire,2450062.5,345,0830,1.0,B,30.465,-95.61166667,5.0,USFS,TX,,,
1995,2449836.5,119,1625,4.0,Campfire,2449836.5,119,1740,0.1,A,33.33333333,-97.59166667,5.0,USFS,TX,,,
1995,2449974.5,257,0900,4.0,Campfire,2449974.5,257,1030,0.5,B,31.36833333,-93.77333333,5.0,USFS,TX,,,
1995,2450047.5,330,1130,4.0,Campfire,2450047.5,330,1830,47.0,C,33.75333333,-95.89,5.0,USFS,TX,,,
1995,2450080.5,363,1137,4.0,Campfire,2450080.5,363,1700,3.0,B,33.35333333,-97.76666667,5.0,USFS,TX,,,
1996,2450126.5,44,1730,4.0,Campfire,2450126.5,44,2000,0.2,A,31.49166667,-93.77333333,13.0,STATE OR PRIVATE,TX,,,
1996,2450138.5,56,1700,4.0,Campfire,2450138.5,56,1745,0.1,A,31.20416667,-94.30833333,5.0,USFS,TX,,,
1996,2450151.5,69,1157,4.0,Campfire,2450151.5,69,1345,3.0,B,31.105,-95.14,5.0,USFS,TX,,,
1996,2450395.5,313,1645,4.0,Campfire,2450395.5,313,1815,2.0,B,31.5,-95.25527778,5.0,USFS,TX,,,
1996,2450187.5,105,1530,4.0,Campfire,2450188.5,106,1700,10.0,C,33.34166667,-97.59833333,5.0,USFS,TX,,,
1996,2450193.5,111,1145,4.0,Campfire,2450193.5,111,1415,4.0,B,33.39666667,-97.60333333,5.0,USFS,TX,,,
1996,2450193.5,111,1730,4.0,Campfire,2450193.5,111,1745,0.1,A,33.40833333,-97.58333333,5.0,USFS,TX,,,
1996,2450375.5,293,1100,4.0,Campfire,2450375.5,293,1300,0.5,B,33.34166667,-97.59833333,5.0,USFS,TX,,,
1996,2450125.5,43,1230,4.0,Campfire,2450125.5,43,1312,0.1,A,31.11388889,-95.13333333,5.0,USFS,TX,,,
1996,2450150.5,68,0615,4.0,Campfire,2450150.5,68,1100,3.0,B,31.18333333,-95.03333333,5.0,USFS,TX,,,
1996,2450152.5,70,1300,4.0,Campfire,2450152.5,70,1630,40.0,C,30.56111111,-95.78833333,13.0,STATE OR PRIVATE,TX,,,
1996,2450377.5,295,1500,4.0,Campfire,2450377.5,295,1900,65.0,C,31.18861111,-94.33916667,5.0,USFS,TX,,,
1997,2450477.5,29,1800,4.0,Campfire,2450478.5,30,0700,4.0,B,33.35833333,-97.63027778,5.0,USFS,TX,,,
1997,2450536.5,88,1300,4.0,Campfire,2450536.5,88,1305,0.1,A,33.34166667,-97.59833333,5.0,USFS,TX,,,
1997,2450683.5,235,0001,4.0,Campfire,2450683.5,235,2000,3.0,B,33.34,-97.595,5.0,USFS,TX,,,
1997,2450712.5,264,1515,4.0,Campfire,2450712.5,264,1800,10.0,C,31.2,-94.33833333,13.0,STATE OR PRIVATE,TX,,,
1997,2450724.5,276,1610,4.0,Campfire,2450724.5,276,1910,34.0,C,31.35,-95.25833333,5.0,USFS,TX,,,
1997,2450741.5,293,1230,4.0,Campfire,2450741.5,293,1300,0.3,B,30.49166667,-95.25833333,5.0,USFS,TX,,,
1998,2450901.5,88,1455,4.0,Campfire,2450901.5,88,1725,20.0,C,31.17166667,-93.605,5.0,USFS,TX,403,403,Sabine
1998,2451018.5,205,1350,4.0,Campfire,2451018.5,205,1700,21.0,C,31.43333333,-93.75,5.0,USFS,TX,403,403,Sabine
1998,2450932.5,119,1630,4.0,Campfire,2450932.5,119,1730,0.5,B,30.52166667,-95.605,5.0,USFS,TX,471,471,Walker
1999,2451510.5,332,1800,4.0,Campfire,2451510.5,332,1900,0.1,A,31.45277778,-95.27777778,5.0,USFS,TX,225,225,Houston
1999,2451475.5,297,1650,4.0,Campfire,2451475.5,297,1857,3.3,B,31.36388889,-95.2525,5.0,USFS,TX,225,225,Houston
1999,2451412.5,234,1525,4.0,Campfire,2451412.5,234,1745,0.1,A,31.49583333,-95.1125,5.0,USFS,TX,225,225,Houston
1999,2451222.5,44,1100,4.0,Campfire,2451222.5,44,1315,30.0,C,31.06805556,-94.13333333,5.0,USFS,TX,241,241,Jasper
1999,2451475.5,297,1330,4.0,Campfire,2451475.5,297,1630,10.0,C,30.50166667,-95.7,5.0,USFS,TX,339,339,Montgomery
1999,2451498.5,320,1000,4.0,Campfire,2451498.5,320,1100,1.0,B,30.51666667,-95.55,5.0,USFS,TX,471,471,Walker
1999,2451509.5,331,1545,4.0,Campfire,2451509.5,331,1645,0.1,A,30.5175,-95.58416667,5.0,USFS,TX,339,339,Montgomery
1999,2451489.5,311,1315,4.0,Campfire,2451489.5,311,2110,6.0,B,31.06777778,-94.38361111,5.0,USFS,TX,5,005,Angelina
1999,2451503.5,325,1515,4.0,Campfire,2451503.5,325,1700,3.0,B,31.33333333,-95.00138889,5.0,USFS,TX,455,455,Trinity
2000,2451544.5,1,1330,4.0,Campfire,2451544.5,1,1715,3.4,B,31.12916667,-95.04027778,5.0,USFS,TX,,,
2000,2451687.5,144,1815,4.0,Campfire,2451687.5,144,1930,2.0,B,31.1375,-94.2625,5.0,USFS,TX,,,
2000,2451782.5,239,1600,4.0,Campfire,2451783.5,240,1700,11.0,C,31.54833333,-95.15444444,5.0,USFS,TX,,,
2000,2451703.5,160,1350,4.0,Campfire,2451704.5,161,1200,2.0,B,33.33472222,-97.63472222,5.0,USFS,TX,,,
2000,2451788.5,245,0930,4.0,Campfire,2451788.5,245,1700,40.0,C,31.3875,-93.775,5.0,USFS,TX,,,
2000,2451818.5,275,1745,4.0,Campfire,2451818.5,275,1915,0.1,A,31.25833333,-95.23333333,5.0,USFS,TX,,,
2000,2451831.5,288,1745,4.0,Campfire,2451832.5,289,1400,7.0,B,31.16083333,-95.14,5.0,USFS,TX,,,
2001,2452049.5,140,1715,4.0,Campfire,2452049.5,140,1745,0.1,A,30.55,-95.13333333,5.0,USFS,TX,,,
2001,2452274.5,365,0600,4.0,Campfire,2452274.5,365,1330,55.0,C,31.55416667,-93.82083333,5.0,USFS,TX,,,
2002,2452315.5,41,2030,4.0,Campfire,2452315.5,41,2100,0.5,B,33.34833333,-97.59888889,5.0,USFS,TX,,,
2002,2452338.5,64,1000,4.0,Campfire,2452338.5,64,1600,15.0,C,31.35138889,-94.25416667,5.0,USFS,TX,,,
2002,2452428.5,154,0900,4.0,Campfire,2452428.5,154,1015,0.1,A,30.45694444,-95.64166667,5.0,USFS,TX,,,
2002,2452551.5,277,2030,4.0,Campfire,2452552.5,278,1000,8.0,B,31.49722222,-95.175,5.0,USFS,TX,,,
2003,2452672.5,33,1915,4.0,Campfire,2452672.5,33,2100,2.0,B,30.525,-95.61138889,5.0,USFS,TX,,,
2003,2452734.5,95,1525,4.0,Campfire,2452734.5,95,2000,1.0,B,33.40083333,-97.65277778,5.0,USFS,TX,,,
2003,2452941.5,302,1455,4.0,Campfire,2452941.5,302,1610,3.0,B,31.475,-93.82916667,5.0,USFS,TX,,,
2003,2452964.5,325,1245,4.0,Campfire,2452964.5,325,1500,3.0,B,31.24583333,-93.81666667,5.0,USFS,TX,,,
2004,2453057.5,53,1050,4.0,Campfire,2453057.5,53,2000,20.0,C,33.3675,-97.58388889,5.0,USFS,TX,,,
2004,2453057.5,53,1050,4.0,Campfire,2453057.5,53,2000,6.0,B,33.33222222,-97.56805556,5.0,USFS,TX,,,
2004,2453351.5,347,1430,4.0,Campfire,2453351.5,347,1530,0.25,A,33.40861111,-97.63861111,5.0,USFS,TX,,,
2004,2453352.5,348,0500,4.0,Campfire,2453352.5,348,1500,1.0,B,35.88333333,-100.18333333,5.0,USFS,TX,211,211,Hemphill
1992,2448882.5,261,1700,4.0,Campfire,,,,0.2,A,29.79908,-101.38356,3.0,NPS,TX,,,
1995,2449970.5,253,1620,4.0,Campfire,2449970.5,253,1645,0.1,A,29.47948,-101.00084,3.0,NPS,TX,,,
1997,2450702.5,254,1700,4.0,Campfire,2450702.5,254,1800,0.8,B,29.65897,-100.92897,3.0,NPS,TX,,,
1998,2450844.5,31,1500,4.0,Campfire,2450844.5,31,1720,0.2,A,29.6637,-100.93659,3.0,NPS,TX,,,
1993,2449194.5,207,1630,4.0,Campfire,,,,1.9,B,29.25667,-102.93039,3.0,NPS,TX,,,
1994,2449465.5,113,1530,4.0,Campfire,2449465.5,113,1600,0.1,A,29.32093,-103.21068,3.0,NPS,TX,,,
1995,2450009.5,292,1645,4.0,Campfire,2450009.5,292,1800,0.1,A,29.22999,-103.37565,3.0,NPS,TX,,,
1997,2450763.5,315,1400,4.0,Campfire,,,,1.0,B,29.80852,-102.37542,6.0,OTHER FEDERAL,TX,,,
1998,2451026.5,213,1555,4.0,Campfire,,,,2.0,B,29.73789,-102.68146,7.0,STATE,TX,,,
1992,2448660.5,39,1930,4.0,Campfire,2448660.5,39,1935,0.1,A,35.3667,-101.5333,3.0,NPS,TX,,,
1992,2448665.5,44,0930,4.0,Campfire,2448665.5,44,1050,0.1,A,35.5223,-101.7588,3.0,NPS,TX,,,
1992,2448671.5,50,0915,4.0,Campfire,2448671.5,50,1045,0.1,A,35.5,-101.7338,3.0,NPS,TX,,,
1992,2448682.5,61,1330,4.0,Campfire,,,,0.1,A,35.6459,-101.6255,3.0,NPS,TX,,,
1992,2448700.5,79,1215,4.0,Campfire,2448700.5,79,1548,12.0,C,35.7917,-101.6421,3.0,NPS,TX,,,
1992,2448740.5,119,2100,4.0,Campfire,2448741.5,120,0130,1.8,B,35.4792,-101.761,3.0,NPS,TX,,,
1992,2448905.5,284,1235,4.0,Campfire,2448905.5,284,1345,0.1,A,35.5167,-101.731,3.0,NPS,TX,,,
1993,2449101.5,114,0001,4.0,Campfire,2449101.5,114,0010,0.1,A,35.6125,-101.7463,3.0,NPS,TX,,,
1993,2449220.5,233,1910,4.0,Campfire,2449220.5,233,1929,0.7,B,35.6042,-101.7046,3.0,NPS,TX,,,
1993,2449314.5,327,0800,4.0,Campfire,,,,0.1,A,35.65,-101.6296,3.0,NPS,TX,,,
1993,2449318.5,331,1220,4.0,Campfire,2449321.5,334,1700,1258.0,F,35.5945,-101.7282,3.0,NPS,TX,,,
1994,2449410.5,58,1520,4.0,Campfire,2449410.5,58,1550,2.0,B,35.4917,-101.813,3.0,NPS,TX,,,
1994,2449412.5,60,1758,4.0,Campfire,,,,0.1,A,35.6917,-101.6393,3.0,NPS,TX,,,
1994,2449427.5,75,1200,4.0,Campfire,2449427.5,75,1230,2.0,B,35.7167,-101.5518,3.0,NPS,TX,,,
1994,2449430.5,78,0400,4.0,Campfire,2449430.5,78,0500,1.5,B,35.7167,-101.5727,3.0,NPS,TX,,,
1994,2449431.5,79,1435,4.0,Campfire,,,,0.1,A,35.7209,-101.5879,3.0,NPS,TX,,,
1994,2449444.5,92,2115,4.0,Campfire,2449444.5,92,2245,3.0,B,35.6853,-101.6255,3.0,NPS,TX,,,
1994,2449449.5,97,1600,4.0,Campfire,2449449.5,97,1800,25.0,C,35.4709,-101.8741,7.0,STATE,TX,,,
1994,2449493.5,141,1425,4.0,Campfire,2449493.5,141,1438,0.1,A,35.6959,-101.5588,3.0,NPS,TX,,,
1994,2449522.5,170,1415,4.0,Campfire,2449522.5,170,1445,0.1,A,35.675,-101.5941,8.0,PRIVATE,TX,,,
1996,2450408.5,326,1000,4.0,Campfire,2450408.5,326,1015,0.1,A,35.4667,-101.8617,3.0,NPS,TX,,,
1997,2450516.5,68,1430,4.0,Campfire,2450516.5,68,1435,0.1,A,35.475,-101.8333,3.0,NPS,TX,,,
1997,2450612.5,164,1000,4.0,Campfire,2450612.5,164,1000,0.1,A,35.7086,-101.6486,3.0,NPS,TX,,,
1998,2450908.5,95,1230,4.0,Campfire,2450908.5,95,1245,0.2,A,35.6967,-101.64,3.0,NPS,TX,,,
1998,2450946.5,133,2130,4.0,Campfire,2450947.5,134,0230,20.0,C,35.4717,-101.8361,3.0,NPS,TX,,,
1998,2450947.5,134,1400,4.0,Campfire,,,,0.1,A,35.7242,-101.6622,3.0,NPS,TX,,,
1998,2450971.5,158,1430,4.0,Campfire,2450971.5,158,1445,0.1,A,35.6514,-101.6333,3.0,NPS,TX,,,
1999,2451236.5,58,1000,4.0,Campfire,2451236.5,58,1000,0.5,B,35.4717,-101.8361,3.0,NPS,TX,,,
1999,2451242.5,64,0015,4.0,Campfire,2451242.5,64,0400,50.0,C,35.705,-101.5533,3.0,NPS,TX,,,
1999,2451276.5,98,1300,4.0,Campfire,2451276.5,98,1330,0.1,A,35.4664,-101.8333,3.0,NPS,TX,,,
1999,2451413.5,235,1730,4.0,Campfire,2451413.5,235,2030,20.0,C,35.6483,-101.6317,3.0,NPS,TX,,,
1999,2451493.5,315,1400,4.0,Campfire,2451493.5,315,1400,3.0,B,35.7256,-101.5581,3.0,NPS,TX,,,
1999,2451242.5,64,1400,4.0,Campfire,,,,1.0,B,29.748264,-102.610475,3.0,NPS,TX,,,
2008,2454469.5,4,1600,4.0,Campfire,2454469.5,4,2200,10.0,C,30.7094,-94.6772,9.0,TRIBAL,TX,,,
2008,2454480.5,15,0948,4.0,Campfire,2454480.5,15,1700,10.0,C,30.7069,-94.6753,9.0,TRIBAL,TX,,,
2000,2451594.5,51,2155,4.0,Campfire,2451597.5,54,1730,60.7,C,29.8,-101.53333,6.0,OTHER FEDERAL,TX,,,
2003,2452686.5,47,1200,4.0,Campfire,2452686.5,47,1245,0.1,A,29.61942,-100.93939,3.0,NPS,TX,,,
2003,2452782.5,143,2100,4.0,Campfire,2452782.5,143,2230,0.5,B,29.48147,-100.98681,3.0,NPS,TX,,,
2003,2452819.5,180,1400,4.0,Campfire,2452819.5,180,1430,0.1,A,29.64786,-100.92631,3.0,NPS,TX,,,
2008,2454520.5,55,1600,4.0,Campfire,2454520.5,55,1612,0.1,A,29.57336,-100.97767,3.0,NPS,TX,,,
2002,2452312.5,38,0930,4.0,Campfire,2452312.5,38,1030,0.1,A,29.26727,-103.10014,3.0,NPS,TX,,,
2002,2452345.5,71,1730,4.0,Campfire,2452345.5,71,1735,0.1,A,29.276,-103.30282,3.0,NPS,TX,,,
2007,2454222.5,122,1300,4.0,Campfire,2454222.5,122,1330,0.1,A,29.2003,-102.9669,3.0,NPS,TX,,,
2005,2453441.5,71,1700,4.0,Campfire,2453441.5,71,1830,10.0,C,30.6261,-94.0828,3.0,NPS,TX,,,
2000,2451594.5,51,1100,4.0,Campfire,2451594.5,51,1100,0.2,A,35.4578,-101.8492,3.0,NPS,TX,,,
2000,2451691.5,148,1100,4.0,Campfire,2451691.5,148,1105,0.1,A,35.7125,-101.5667,3.0,NPS,TX,,,
2000,2451789.5,246,2359,4.0,Campfire,2451789.5,246,2359,0.1,A,35.7083,-101.6139,3.0,NPS,TX,,,
2001,2451965.5,56,1520,4.0,Campfire,2451965.5,56,1930,0.1,A,35.4655,-101.84426,3.0,NPS,TX,,,
2001,2452076.5,167,0130,4.0,Campfire,2452076.5,167,0130,0.1,A,35.7056,-101.5522,3.0,NPS,TX,,,
2001,2452091.5,182,0915,4.0,Campfire,2452091.5,182,1030,0.1,A,35.675,-101.58,3.0,NPS,TX,,,
2002,2452328.5,54,1200,4.0,Campfire,2452328.5,54,1300,0.1,A,35.47152,-101.83209,3.0,NPS,TX,,,
2002,2452329.5,55,1345,4.0,Campfire,2452329.5,55,1450,3.0,B,35.5175,-101.7636,7.0,STATE,TX,,,
2002,2452601.5,327,1500,4.0,Campfire,2452601.5,327,1515,0.1,A,35.5978,-101.7367,3.0,NPS,TX,,,
2002,2452609.5,335,1340,4.0,Campfire,2452609.5,335,1345,0.1,A,35.52732,-101.7568,3.0,NPS,TX,,,
2002,2452609.5,335,1405,4.0,Campfire,2452609.5,335,1410,0.1,A,35.52608,-101.74948,3.0,NPS,TX,,,
2002,2452609.5,335,1425,4.0,Campfire,2452609.5,335,1430,0.1,A,35.55219,-101.73692,3.0,NPS,TX,,,
2002,2452623.5,349,1715,4.0,Campfire,2452623.5,349,1745,0.1,A,35.72061,-101.55146,3.0,NPS,TX,,,
2003,2452692.5,53,1910,4.0,Campfire,2452692.5,53,1945,0.1,A,35.46822,-101.82363,3.0,NPS,TX,,,
2003,2452692.5,53,2110,4.0,Campfire,2452692.5,53,2145,0.1,A,35.46392,-101.84669,3.0,NPS,TX,,,
2003,2452731.5,92,1145,4.0,Campfire,2452731.5,92,1255,1.5,B,35.69365,-101.6399,3.0,NPS,TX,,,
2003,2452749.5,110,1215,4.0,Campfire,2452749.5,110,1520,0.1,A,35.70176,-101.65376,3.0,NPS,TX,,,
2003,2452776.5,137,1530,4.0,Campfire,2452776.5,137,1645,0.1,A,35.71673,-101.65796,3.0,NPS,TX,,,
2003,2452777.5,138,1345,4.0,Campfire,2452777.5,138,1530,0.1,A,35.46477,-101.84773,3.0,NPS,TX,,,
2003,2452783.5,144,1800,4.0,Campfire,2452783.5,144,2200,0.1,A,35.46477,-101.84773,3.0,NPS,TX,,,
2003,2452784.5,145,1845,4.0,Campfire,2452784.5,145,1945,0.1,A,35.6967,-101.5511,3.0,NPS,TX,,,
2003,2452789.5,150,1700,4.0,Campfire,2452789.5,150,1745,0.1,A,35.71672,-101.65793,3.0,NPS,TX,,,
2003,2452875.5,236,0800,4.0,Campfire,2452875.5,236,0930,0.1,A,35.69412,-101.57592,3.0,NPS,TX,,,
2003,2452989.5,350,1300,4.0,Campfire,2452989.5,350,1300,2.0,B,35.46315,-101.8374,3.0,NPS,TX,,,
2004,2453015.5,11,1700,4.0,Campfire,2453015.5,11,1800,0.1,A,35.5883,-101.7367,3.0,NPS,TX,,,
2004,2453028.5,24,1700,4.0,Campfire,2453029.5,25,1830,1.0,B,35.4678,-101.8214,3.0,NPS,TX,,,
2004,2453043.5,39,2100,4.0,Campfire,2453043.5,39,2230,1.0,B,35.5225,-101.7528,3.0,NPS,TX,,,
2004,2453063.5,59,1100,4.0,Campfire,2453063.5,59,1100,0.1,A,35.4678,-101.8217,3.0,NPS,TX,,,
2004,2453084.5,80,1215,4.0,Campfire,2453084.5,80,1308,0.1,A,35.5442,-101.7342,3.0,NPS,TX,,,
2004,2453117.5,113,1300,4.0,Campfire,2453117.5,113,1310,0.1,A,35.4636,-101.8372,3.0,NPS,TX,,,
2004,2453152.5,148,1930,4.0,Campfire,2453152.5,148,2100,2.0,B,35.7208,-101.5928,3.0,NPS,TX,,,
2005,2453422.5,52,1400,4.0,Campfire,2453422.5,52,1500,1.0,B,35.50646,-101.77555,3.0,NPS,TX,,,
2005,2453680.5,310,1010,4.0,Campfire,2453681.5,311,1400,0.1,A,35.4669,-101.8208,3.0,NPS,TX,,,
2005,2453687.5,317,0845,4.0,Campfire,2453687.5,317,1000,0.1,A,35.6172,-101.7578,3.0,NPS,TX,,,
2006,2453748.5,13,1500,4.0,Campfire,2453748.5,13,1600,0.1,A,35.7228,-101.6661,3.0,NPS,TX,,,
2006,2453749.5,14,1030,4.0,Campfire,2453749.5,14,1115,0.1,A,35.7228,-101.6661,3.0,NPS,TX,,,
2006,2453749.5,14,1250,4.0,Campfire,2453749.5,14,1330,0.1,A,35.7222,-101.6628,3.0,NPS,TX,,,
2006,2453756.5,21,1100,4.0,Campfire,2453756.5,21,1115,0.1,A,35.7228,-101.6661,3.0,NPS,TX,,,
2006,2453763.5,28,1030,4.0,Campfire,2453763.5,28,1045,0.1,A,35.7225,-101.6636,3.0,NPS,TX,,,
2006,2453771.5,36,1445,4.0,Campfire,2453772.5,37,1800,0.1,A,35.4656,-101.8514,3.0,NPS,TX,,,
2006,2453777.5,42,1015,4.0,Campfire,2453777.5,42,1800,0.1,A,35.7072,-101.5619,3.0,NPS,TX,,,
2006,2453792.5,57,1315,4.0,Campfire,2453792.5,57,1330,0.1,A,35.6494,-101.6325,3.0,NPS,TX,,,
2006,2453793.5,58,1000,4.0,Campfire,2453794.5,59,1800,0.1,A,35.4664,-101.8431,3.0,NPS,TX,,,
2006,2453806.5,71,1030,4.0,Campfire,2453806.5,71,1800,0.1,A,35.7272,-101.6783,3.0,NPS,TX,,,
2006,2453826.5,91,0925,4.0,Campfire,2453827.5,92,1930,0.1,A,35.7231,-101.6656,3.0,NPS,TX,,,
2006,2453827.5,92,0930,4.0,Campfire,2453827.5,92,1930,0.1,A,35.5444,-101.7344,3.0,NPS,TX,,,
2006,2453827.5,92,1130,4.0,Campfire,2453827.5,92,1930,0.1,A,35.4644,-101.8464,3.0,NPS,TX,,,
2006,2453827.5,92,1245,4.0,Campfire,2453827.5,92,1330,0.1,A,35.6525,-101.6286,3.0,NPS,TX,,,
2006,2453827.5,92,1830,4.0,Campfire,2453828.5,93,1930,0.3,B,35.6878,-101.5964,3.0,NPS,TX,,,
2006,2453840.5,105,1228,4.0,Campfire,2453840.5,105,1930,0.1,A,35.7119,-101.5639,3.0,NPS,TX,,,
2006,2453840.5,105,2000,4.0,Campfire,2453840.5,105,2030,0.1,A,35.4644,-101.8464,3.0,NPS,TX,,,
2006,2453845.5,110,1230,4.0,Campfire,2453846.5,111,1930,0.2,A,35.6808,-101.5983,3.0,NPS,TX,,,
2006,2453847.5,112,1615,4.0,Campfire,2453848.5,113,1930,0.1,A,35.7078,-101.5622,3.0,NPS,TX,,,
2006,2453849.5,114,1815,4.0,Campfire,2453850.5,115,1930,0.1,A,35.6483,-101.635,3.0,NPS,TX,,,
2006,2453869.5,134,1035,4.0,Campfire,2453869.5,134,1900,0.1,A,35.7278,-101.6664,3.0,NPS,TX,,,
2006,2453869.5,134,1135,4.0,Campfire,2453869.5,134,1900,0.1,A,35.6997,-101.5819,3.0,NPS,TX,,,
2006,2453869.5,134,1430,4.0,Campfire,2453869.5,134,1930,0.1,A,35.7222,-101.5531,3.0,NPS,TX,,,
2006,2453869.5,134,1930,4.0,Campfire,2453870.5,135,1900,0.1,A,35.7331,-101.9931,3.0,NPS,TX,,,
2006,2453875.5,140,1200,4.0,Campfire,2453875.5,140,1230,0.1,A,35.6486,-101.6342,3.0,NPS,TX,,,
2006,2453882.5,147,0800,4.0,Campfire,2453882.5,147,1930,0.1,A,35.6486,-101.6342,3.0,NPS,TX,,,
2006,2453884.5,149,1000,4.0,Campfire,2453885.5,150,1930,0.1,A,35.7172,-101.5994,3.0,NPS,TX,,,
2006,2453884.5,149,1100,4.0,Campfire,2453885.5,150,1930,0.1,A,35.7097,-101.6617,3.0,NPS,TX,,,
2006,2453885.5,150,0945,4.0,Campfire,2453886.5,151,1930,0.1,A,35.7175,-101.5511,3.0,NPS,TX,,,
2006,2453894.5,159,1100,4.0,Campfire,2453895.5,160,1930,0.1,A,35.6497,-101.63,3.0,NPS,TX,,,
2006,2453904.5,169,0915,4.0,Campfire,2453905.5,170,1930,0.1,A,35.6997,-101.5819,3.0,NPS,TX,,,
2006,2453911.5,176,1135,4.0,Campfire,2453912.5,177,1930,0.1,A,35.465,-101.8497,3.0,NPS,TX,,,
2006,2453911.5,176,2200,4.0,Campfire,2453912.5,177,1930,0.1,A,35.5275,-101.5767,3.0,NPS,TX,,,
2006,2453918.5,183,0926,4.0,Campfire,2453919.5,184,1930,0.1,A,35.7122,-101.5664,3.0,NPS,TX,,,
2006,2453919.5,184,1100,4.0,Campfire,2453920.5,185,2300,0.5,B,35.5658,-101.5519,3.0,NPS,TX,,,
2006,2453919.5,184,2315,4.0,Campfire,2453920.5,185,2300,0.1,A,35.6481,-101.6356,3.0,NPS,TX,,,
2006,2453932.5,197,1530,4.0,Campfire,2453932.5,197,1600,0.1,A,35.7194,-101.5931,3.0,NPS,TX,,,
2007,2454155.5,55,1030,4.0,Campfire,2454155.5,55,1045,0.1,A,35.4667,-101.8417,3.0,NPS,TX,,,
2007,2454155.5,55,1213,4.0,Campfire,2454155.5,55,1215,0.1,A,35.4736,-101.8131,3.0,NPS,TX,,,
2007,2454155.5,55,1330,4.0,Campfire,2454155.5,55,1350,0.1,A,35.4633,-101.8467,3.0,NPS,TX,,,
2007,2454156.5,56,0930,4.0,Campfire,2454156.5,56,0945,0.1,A,35.4525,-101.8353,3.0,NPS,TX,,,
2007,2454156.5,56,1200,4.0,Campfire,2454156.5,56,1230,0.1,A,35.4525,-101.8347,3.0,NPS,TX,,,
2007,2454156.5,56,1425,4.0,Campfire,2454156.5,56,1445,0.1,A,35.4667,-101.8278,3.0,NPS,TX,,,
2007,2454157.5,57,1100,4.0,Campfire,2454157.5,57,1400,0.1,A,35.4653,-101.8436,3.0,NPS,TX,,,
2007,2454157.5,57,1425,4.0,Campfire,2454157.5,57,1445,0.1,A,35.4664,-101.8436,3.0,NPS,TX,,,
2007,2454423.5,323,0730,4.0,Campfire,2454423.5,323,0920,0.1,A,35.4669,-101.8467,3.0,NPS,TX,,,
2008,2454518.5,53,2130,4.0,Campfire,2454518.5,53,2200,0.1,A,35.4639,-101.8428,3.0,NPS,TX,,,
2008,2454519.5,54,1100,4.0,Campfire,2454519.5,54,1130,0.1,A,35.4728,-101.8464,3.0,NPS,TX,,,
2009,2454884.5,53,1400,4.0,Campfire,2454884.5,53,1530,0.3,B,35.4669,-101.865,7.0,STATE,TX,,,
2009,2454898.5,67,1950,4.0,Campfire,2454898.5,67,2000,0.1,A,35.7172,-101.5506,3.0,NPS,TX,,,
2009,2454910.5,79,1430,4.0,Campfire,2454910.5,79,1500,0.1,A,35.4639,-101.8447,3.0,NPS,TX,,,
2009,2454910.5,79,1500,4.0,Campfire,2454910.5,79,1530,0.1,A,35.4631,-101.8386,3.0,NPS,TX,,,
2009,2454911.5,80,1430,4.0,Campfire,2454911.5,80,1500,0.1,A,35.7167,-101.5961,3.0,NPS,TX,,,
2009,2454912.5,81,1500,4.0,Campfire,2454912.5,81,1530,0.1,A,35.4686,-101.8225,3.0,NPS,TX,,,
2009,2455015.5,184,1430,4.0,Campfire,2455015.5,184,2200,0.1,A,35.4667,-101.8269,3.0,NPS,TX,,,
2009,2455015.5,184,2318,4.0,Campfire,2455015.5,184,2350,0.1,A,35.46533,-101.842,3.0,NPS,TX,,,
2009,2455016.5,185,1820,4.0,Campfire,2455016.5,185,1900,0.1,A,35.4789,-101.7631,3.0,NPS,TX,,,
2009,2455023.5,192,1450,4.0,Campfire,2455023.5,192,1500,0.1,A,35.5942,-101.7322,3.0,NPS,TX,,,
2009,2455049.5,218,2045,4.0,Campfire,2455049.5,218,2055,0.1,A,35.6878,-101.5925,3.0,NPS,TX,,,
2009,2455051.5,220,1620,4.0,Campfire,2455051.5,220,1630,0.1,A,35.6819,-101.5983,3.0,NPS,TX,,,
2009,2455051.5,220,1720,4.0,Campfire,2455051.5,220,1730,0.1,A,35.7203,-101.5508,3.0,NPS,TX,,,
2009,2455081.5,250,1130,4.0,Campfire,2455081.5,250,1200,0.2,A,35.7061,-101.6639,3.0,NPS,TX,,,
2009,2455102.5,271,1030,4.0,Campfire,2455102.5,271,1040,0.1,A,35.7211,-101.6644,3.0,NPS,TX,,,
2009,2455142.5,311,0945,4.0,Campfire,2455142.5,311,1000,0.1,A,35.5422,-101.7292,3.0,NPS,TX,,,
2009,2455143.5,312,0900,4.0,Campfire,2455143.5,312,0920,0.1,A,35.6492,-101.6353,3.0,NPS,TX,,,
2009,2455162.5,331,1400,4.0,Campfire,2455162.5,331,1500,0.1,A,35.6917,-101.6414,3.0,NPS,TX,,,
2009,2455163.5,332,1530,4.0,Campfire,2455163.5,332,1630,0.1,A,35.7225,-101.6636,3.0,NPS,TX,,,
2009,2455175.5,344,1050,4.0,Campfire,2455175.5,344,1110,0.1,A,35.7219,-101.6625,3.0,NPS,TX,,,
2009,2455177.5,346,1530,4.0,Campfire,2455177.5,346,1800,10.0,C,35.6822,-101.6286,3.0,NPS,TX,,,
2006,2453806.5,71,1450,4.0,Campfire,2453808.5,73,1800,73.0,C,29.5606,-102.7786,7.0,STATE,TX,,,
1994,2449537.5,185,1800,4.0,Campfire,2449538.5,186,2300,10.0,C,28.8339,-95.4878,4.0,FWS,TX,,,
1995,2449920.5,203,1800,4.0,Campfire,2449921.5,204,2100,0.1,A,30.5014,-97.9733,4.0,FWS,TX,,,
1996,2450426.5,344,1500,4.0,Campfire,2450426.5,344,1900,700.0,E,29.6125,-94.4722,4.0,FWS,TX,,,
1996,2450109.5,27,1540,4.0,Campfire,2450109.5,27,1711,25.0,C,26.0741,-98.087,4.0,FWS,TX,,,
1996,2450290.5,208,1540,4.0,Campfire,2450290.5,208,1640,1.0,B,26.1042,-98.2795,4.0,FWS,TX,,,
1996,2450226.5,144,1900,4.0,Campfire,2450227.5,145,0900,50.0,C,28.8717,-95.4469,4.0,FWS,TX,,,
1996,2450279.5,197,1430,4.0,Campfire,2450281.5,199,1600,200.0,D,28.866,-95.4833,4.0,FWS,TX,,,
1997,2450597.5,149,1100,4.0,Campfire,2450597.5,149,1400,1.0,B,29.6583,-94.1167,4.0,FWS,TX,,,
1997,2450636.5,188,2000,4.0,Campfire,2450636.5,188,2200,2.0,B,29.6583,-94.1167,4.0,FWS,TX,,,
1997,2450685.5,237,1030,4.0,Campfire,2450685.5,237,1100,1.0,B,29.6583,-94.1,4.0,FWS,TX,,,
1997,2450707.5,259,1230,4.0,Campfire,2450707.5,259,1300,2.0,B,29.6611,-94.1,4.0,FWS,TX,,,
1997,2450652.5,204,1127,4.0,Campfire,2450652.5,204,1200,4.0,B,26.228,-98.4825,4.0,FWS,TX,,,
1998,2450947.5,134,1035,4.0,Campfire,2450947.5,134,1130,4.0,B,29.65274,-94.1208,4.0,FWS,TX,,,
1998,2450988.5,175,0900,4.0,Campfire,2450988.5,175,1700,1.0,B,29.633,-94.175,4.0,FWS,TX,,,
1998,2450880.5,67,2200,4.0,Campfire,2450880.5,67,2359,5.0,B,26.0681,-97.8107,4.0,FWS,TX,,,
1999,2451323.5,145,0600,4.0,Campfire,2451323.5,145,0645,2.0,B,29.666,-94.0833,4.0,FWS,TX,,,
1999,2451334.5,156,1700,4.0,Campfire,2451334.5,156,1730,0.1,A,29.666,-94.1333,4.0,FWS,TX,,,
2000,2451728.5,185,1620,4.0,Campfire,2451728.5,185,1625,0.1,A,29.6042,-94.25,4.0,FWS,TX,,,
2000,2451729.5,186,2130,4.0,Campfire,2451729.5,186,2135,0.1,A,29.666,-94.0833,7.0,STATE,TX,,,
2000,2451729.5,186,2250,4.0,Campfire,2451729.5,186,2255,0.1,A,29.666,-94.0833,7.0,STATE,TX,,,
2001,2451967.5,58,1530,4.0,Campfire,2451967.5,58,1535,0.1,A,29.652,-94.1189,4.0,FWS,TX,,,
2002,2452610.5,336,0715,4.0,Campfire,2452610.5,336,0730,0.1,A,28.184,-96.74,4.0,FWS,TX,,,
2002,2452421.5,147,1300,4.0,Campfire,2452421.5,147,1330,0.1,A,29.83109,-94.1667,7.0,STATE,TX,,,
2002,2452420.5,146,1400,4.0,Campfire,2452420.5,146,1500,0.1,A,29.61,-94.2278,4.0,FWS,TX,,,
2002,2452459.5,185,1300,4.0,Campfire,,,,0.1,A,29.63333333,-94.25,4.0,FWS,TX,,,
2002,2452622.5,348,0900,4.0,Campfire,2452622.5,348,1130,0.1,A,28.8297,-95.50022,4.0,FWS,TX,,,
2002,2452316.5,42,1215,4.0,Campfire,2452317.5,43,1545,3.0,B,25.95,-97.52437,8.0,PRIVATE,TX,,,
2002,2452327.5,53,1945,4.0,Campfire,2452329.5,55,1800,35.0,C,25.8516,-97.4288,4.0,FWS,TX,,,
2003,2452993.5,354,1230,4.0,Campfire,2452993.5,354,1400,1.0,B,30.52803,-97.9629,8.0,PRIVATE,TX,,,
2003,2452789.5,150,1430,4.0,Campfire,2452789.5,150,1800,2.5,B,30.6334,-98.0682,8.0,PRIVATE,TX,,,
2003,2452825.5,186,1400,4.0,Campfire,2452825.5,186,1415,0.1,A,29.6755,-94.0683,4.0,FWS,TX,,,
2003,2452825.5,186,1500,4.0,Campfire,2452825.5,186,1515,0.3,B,29.6614,-94.1092,4.0,FWS,TX,,,
2003,2452646.5,7,1100,4.0,Campfire,2452646.5,7,1230,1.0,B,28.814,-95.5681,4.0,FWS,TX,,,
2003,2452646.5,7,1315,4.0,Campfire,2452646.5,7,1400,0.1,A,28.814,-95.5681,4.0,FWS,TX,,,
2004,2453055.5,51,1300,4.0,Campfire,2453055.5,51,1800,1.0,B,30.65513,-97.9981,8.0,PRIVATE,TX,,,
2004,2453189.5,185,2200,4.0,Campfire,2453189.5,185,2215,0.1,A,29.66555556,-94.0775,4.0,FWS,TX,,,
2004,2453190.5,186,2145,4.0,Campfire,2453190.5,186,2200,0.1,A,29.6625,-94.08805556,4.0,FWS,TX,,,
2004,2453190.5,186,2200,4.0,Campfire,2453190.5,186,2215,0.1,A,29.66,-94.09611111,4.0,FWS,TX,,,
2004,2453191.5,187,2130,4.0,Campfire,2453191.5,187,2145,0.1,A,29.66277778,-94.08638889,4.0,FWS,TX,,,
2004,2453197.5,193,1730,4.0,Campfire,2453197.5,193,1830,0.1,A,29.64583333,-94.1375,4.0,FWS,TX,,,
2004,2453197.5,193,1600,4.0,Campfire,2453197.5,193,1645,0.1,A,29.66416667,-94.08277778,4.0,FWS,TX,,,
2004,2453204.5,200,1700,4.0,Campfire,2453204.5,200,1800,0.1,A,29.66222222,-94.08805556,4.0,FWS,TX,,,
2004,2453217.5,213,1800,4.0,Campfire,2453217.5,213,1815,0.1,A,29.66416667,-94.08194444,4.0,FWS,TX,,,
2004,2453210.5,206,1800,4.0,Campfire,2453210.5,206,1830,0.1,A,29.63666667,-94.15833333,4.0,FWS,TX,,,
2004,2453254.5,250,1545,4.0,Campfire,2453254.5,250,1615,0.1,A,29.57944444,-94.30638889,4.0,FWS,TX,,,
2004,2453359.5,355,1130,4.0,Campfire,2453359.5,355,1200,0.1,A,29.66555556,-94.07861111,4.0,FWS,TX,,,
2005,2453696.5,326,1500,4.0,Campfire,2453701.5,331,1800,332.6,E,29.60083333,-94.46777778,8.0,PRIVATE,TX,,,
2005,2453546.5,176,1800,4.0,Campfire,2453546.5,176,1815,0.1,A,29.6,-94.41,4.0,FWS,TX,,,
2005,2453734.5,364,1330,4.0,Campfire,2453734.5,364,1700,0.1,A,30.51435,-97.964,8.0,PRIVATE,TX,,,
2005,2453719.5,349,1300,4.0,Campfire,2453719.5,349,1300,0.1,A,30.527,-97.968,4.0,FWS,TX,,,
2005,2453604.5,234,1500,4.0,Campfire,2453605.5,235,1200,350.0,E,29.77277778,-94.09444444,4.0,FWS,TX,,,
2005,2453687.5,317,1715,4.0,Campfire,2453687.5,317,1715,0.1,A,29.56216,-94.35619,4.0,FWS,TX,,,
2005,2453386.5,16,0800,4.0,Campfire,2453386.5,16,0845,0.1,A,29.66333333,-94.08583333,4.0,FWS,TX,,,
2005,2453386.5,16,0845,4.0,Campfire,2453386.5,16,0930,0.1,A,29.6625,-94.08861111,4.0,FWS,TX,,,
2005,2453442.5,72,1515,4.0,Campfire,2453442.5,72,1545,0.1,A,29.66638889,-94.07555556,4.0,FWS,TX,,,
2005,2453546.5,176,1745,4.0,Campfire,2453546.5,176,1800,0.2,A,29.66138889,-94.09138889,4.0,FWS,TX,,,
2005,2453554.5,184,1800,4.0,Campfire,2453554.5,184,1830,0.1,A,29.65305556,-94.11722222,4.0,FWS,TX,,,
2005,2453555.5,185,2015,4.0,Campfire,2453555.5,185,2030,0.1,A,29.65944444,-94.0975,4.0,FWS,TX,,,
2005,2453554.5,184,1515,4.0,Campfire,2453554.5,184,1545,0.1,A,28.78065,-95.62156,4.0,FWS,TX,,,
2005,2453554.5,184,1745,4.0,Campfire,2453554.5,184,1815,0.1,A,28.82006,-95.54972222,4.0,FWS,TX,,,
2005,2453561.5,191,1530,4.0,Campfire,2453561.5,191,1600,0.1,A,28.77865,-95.60769,4.0,FWS,TX,,,
2006,2453835.5,100,1430,4.0,Campfire,2453835.5,100,1515,0.1,A,30.50479,-98.02626,4.0,FWS,TX,,,
2006,2453917.5,182,1800,4.0,Campfire,2453917.5,182,1845,0.1,A,29.66638889,-94.07694444,4.0,FWS,TX,,,
2007,2454348.5,248,1500,4.0,Campfire,2454348.5,248,1530,0.1,A,29.66583333,-94.07722222,4.0,FWS,TX,,,
2007,2454163.5,63,1700,4.0,Campfire,2454163.5,63,1730,0.1,A,29.66638889,-94.075,4.0,FWS,TX,,,
2007,2454282.5,182,1000,4.0,Campfire,2454282.5,182,1015,0.1,A,29.66527778,-94.07805556,4.0,FWS,TX,,,
2007,2454305.5,205,2200,4.0,Campfire,2454305.5,205,2230,0.1,A,29.66777778,-94.07166667,4.0,FWS,TX,,,
2008,2454535.5,70,0900,4.0,Campfire,2454535.5,70,0930,0.1,A,29.66694444,-94.07555556,4.0,FWS,TX,,,
2008,2454516.5,51,0800,4.0,Campfire,,,,0.1,A,29.66194444,-94.09027778,4.0,FWS,TX,,,
2008,2454516.5,51,0830,4.0,Campfire,,,,0.1,A,29.66388889,-94.08361111,4.0,FWS,TX,,,
2009,2454893.5,62,1545,4.0,Campfire,2454893.5,62,1700,0.3,B,30.73658,-98.07003,4.0,FWS,TX,,,
2000,2451790.5,247,,4.0,Campfire,,,,15.0,C,30.63125,-95.71458001,14.0,MISSING/NOT SPECIFIED,TX,Walker,471,Walker
2000,2451607.5,64,,4.0,Campfire,,,,90.0,C,30.17292002,-94.92709002,14.0,MISSING/NOT SPECIFIED,TX,Liberty,291,Liberty
2000,2451558.5,15,,4.0,Campfire,,,,7.0,B,30.45346998,-95.65356002,14.0,MISSING/NOT SPECIFIED,TX,Montgomery,339,Montgomery
2000,2451548.5,5,,4.0,Campfire,,,,5.0,B,30.85207998,-95.71042,14.0,MISSING/NOT SPECIFIED,TX,Walker,471,Walker
2000,2451546.5,3,,4.0,Campfire,,,,20.0,C,32.47708001,-95.69790999,14.0,MISSING/NOT SPECIFIED,TX,Van Zandt,467,Van Zandt
2000,2451544.5,1,,4.0,Campfire,,,,70.0,C,31.98541998,-95.54375,14.0,MISSING/NOT SPECIFIED,TX,Anderson,001,Anderson
2000,2451544.5,1,,4.0,Campfire,,,,3.0,B,31.52707999,-95.71042,14.0,MISSING/NOT SPECIFIED,TX,Anderson,001,Anderson
2000,2451775.5,232,,4.0,Campfire,,,,1.0,B,31.30625001,-93.81042,14.0,MISSING/NOT SPECIFIED,TX,Sabine,403,Sabine
2000,2451776.5,233,,4.0,Campfire,,,,3.0,B,32.38542001,-95.23125001,14.0,MISSING/NOT SPECIFIED,TX,Smith,423,Smith
2000,2451818.5,275,,4.0,Campfire,,,,10.0,C,31.81458002,-94.39374999,14.0,MISSING/NOT SPECIFIED,TX,Shelby,419,Shelby
2000,2451770.5,227,,4.0,Campfire,,,,2.0,B,31.81458002,-94.47708001,14.0,MISSING/NOT SPECIFIED,TX,Nacogdoches,347,Nacogdoches
2000,2451599.5,56,,4.0,Campfire,,,,1.0,B,32.17292001,-94.84374999,14.0,MISSING/NOT SPECIFIED,TX,Rusk,401,Rusk
2000,2451613.5,70,,4.0,Campfire,,,,2.0,B,32.04792001,-94.43541998,14.0,MISSING/NOT SPECIFIED,TX,Panola,365,Panola
2000,2451545.5,2,,4.0,Campfire,,,,16.0,C,32.92292,-94.55625001,14.0,MISSING/NOT SPECIFIED,TX,Cass,067,Cass
2000,2451580.5,37,,4.0,Campfire,,,,2.0,B,32.55208,-94.29791001,14.0,MISSING/NOT SPECIFIED,TX,Harrison,203,Harrison
2000,2451817.5,274,,4.0,Campfire,,,,5.0,B,32.93958002,-94.58958001,14.0,MISSING/NOT SPECIFIED,TX,Cass,067,Cass
2000,2451741.5,198,,4.0,Campfire,,,,65.0,C,30.31041998,-94.07707998,14.0,MISSING/NOT SPECIFIED,TX,Jasper,241,Jasper
2000,2451602.5,59,,4.0,Campfire,,,,1.0,B,30.31457999,-94.41875,14.0,MISSING/NOT SPECIFIED,TX,Hardin,199,Hardin
2000,2451769.5,226,,4.0,Campfire,,,,1.0,B,31.03542,-94.97292002,14.0,MISSING/NOT SPECIFIED,TX,Polk,373,Polk
2000,2451557.5,14,,4.0,Campfire,,,,8.0,B,30.76875002,-95.01875002,14.0,MISSING/NOT SPECIFIED,TX,Polk,373,Polk
2000,2451558.5,15,,4.0,Campfire,,,,10.0,C,30.18111001,-96.96028001,14.0,MISSING/NOT SPECIFIED,TX,Lee,287,Lee
2001,2452217.5,308,,4.0,Campfire,,,,3.0,B,31.93124999,-95.86875,14.0,MISSING/NOT SPECIFIED,TX,Anderson,001,Anderson
2002,2452357.5,83,,4.0,Campfire,,,,3.0,B,31.13944002,-94.09777998,14.0,MISSING/NOT SPECIFIED,TX,San Augustine,405,San Augustine
2002,2452289.5,15,,4.0,Campfire,,,,3.0,B,32.07292002,-95.35625002,14.0,MISSING/NOT SPECIFIED,TX,Cherokee,073,Cherokee
2002,2452608.5,334,,4.0,Campfire,,,,10.0,C,32.23972,-95.89777999,14.0,MISSING/NOT SPECIFIED,TX,Henderson,213,Henderson
2002,2452599.5,325,,4.0,Campfire,,,,1.0,B,31.13124998,-94.09791997,14.0,MISSING/NOT SPECIFIED,TX,San Augustine,405,San Augustine
2002,2452519.5,245,,4.0,Campfire,,,,45.0,C,32.88541998,-94.41875,14.0,MISSING/NOT SPECIFIED,TX,Cass,067,Cass
2002,2452338.5,64,,4.0,Campfire,,,,10.0,C,33.66875002,-95.03958001,14.0,MISSING/NOT SPECIFIED,TX,Red River,387,Red River
2002,2452287.5,13,,4.0,Campfire,,,,2.0,B,32.42707999,-94.85625,14.0,MISSING/NOT SPECIFIED,TX,Gregg,183,Gregg
2002,2452405.5,131,,4.0,Campfire,,,,3.0,B,30.21639,-93.95666997,14.0,MISSING/NOT SPECIFIED,TX,Orange,361,Orange
2003,2452789.5,150,,4.0,Campfire,,,,15.0,C,31.51888999,-94.93944998,14.0,MISSING/NOT SPECIFIED,TX,Cherokee,073,Cherokee
2003,2452975.5,336,,4.0,Campfire,,,,7.0,B,33.20639,-94.45194,14.0,MISSING/NOT SPECIFIED,TX,Cass,067,Cass
2003,2452979.5,340,,4.0,Campfire,,,,12.0,C,32.90777999,-94.49360999,14.0,MISSING/NOT SPECIFIED,TX,Cass,067,Cass
2003,2452936.5,297,,4.0,Campfire,,,,8.0,B,32.85916999,-94.74471999,14.0,MISSING/NOT SPECIFIED,TX,Upshur,459,Upshur
2003,2452938.5,299,,4.0,Campfire,,,,3.0,B,33.03582997,-94.72971997,14.0,MISSING/NOT SPECIFIED,TX,Morris,343,Morris
2003,2452943.5,304,,4.0,Campfire,,,,3.0,B,32.74361001,-94.63111,14.0,MISSING/NOT SPECIFIED,TX,Harrison,203,Harrison
2003,2452994.5,355,,4.0,Campfire,,,,45.0,C,33.31638999,-95.45722001,14.0,MISSING/NOT SPECIFIED,TX,Hopkins,223,Hopkins
2003,2452741.5,102,,4.0,Campfire,,,,8.0,B,32.90222,-94.65611001,14.0,MISSING/NOT SPECIFIED,TX,Cass,067,Cass
2003,2452728.5,89,,4.0,Campfire,,,,1.0,B,32.54777999,-94.12695001,14.0,MISSING/NOT SPECIFIED,TX,Harrison,203,Harrison
2003,2452649.5,10,,4.0,Campfire,,,,35.0,C,33.77694,-95.08945,14.0,MISSING/NOT SPECIFIED,TX,Red River,387,Red River
2003,2452741.5,102,,4.0,Campfire,,,,20.0,C,31.03055997,-97.62527002,14.0,MISSING/NOT SPECIFIED,TX,Bell,027,Bell
2003,2452787.5,148,,4.0,Campfire,,,,70.0,C,30.17583,-97.41695,14.0,MISSING/NOT SPECIFIED,TX,Bastrop,021,Bastrop
2004,2453230.5,226,,4.0,Campfire,,,,3.0,B,30.70333,-95.17527997,14.0,MISSING/NOT SPECIFIED,TX,San Jacinto,407,San Jacinto
2004,2453260.5,256,,4.0,Campfire,,,,12.0,C,31.81054999,-94.72693998,14.0,MISSING/NOT SPECIFIED,TX,Shelby,419,Shelby
2004,2453113.5,109,,4.0,Campfire,,,,3.0,B,32.23554998,-95.11444,14.0,MISSING/NOT SPECIFIED,TX,Smith,423,Smith
2004,2453085.5,81,,4.0,Campfire,,,,10.0,C,29.42277999,-95.22694,14.0,MISSING/NOT SPECIFIED,TX,Henderson,213,Henderson
2004,2453099.5,95,,4.0,Campfire,,,,10.0,C,32.81054999,-95.01110999,14.0,MISSING/NOT SPECIFIED,TX,Upshur,459,Upshur
2004,2453257.5,253,,4.0,Campfire,,,,20.0,C,32.96667002,-95.65749998,14.0,MISSING/NOT SPECIFIED,TX,Hopkins,223,Hopkins
2004,2453309.5,305,,4.0,Campfire,,,,75.0,C,30.22694001,-94.58110998,14.0,MISSING/NOT SPECIFIED,TX,Hardin,199,Hardin
1992,2448909.5,288,,4.0,Campfire,,,,20.0,C,30.02379,-95.57331,14.0,MISSING/NOT SPECIFIED,TX,Harris,201,Harris
1992,2448827.5,206,,4.0,Campfire,,,,65.0,C,32.10625,-95.87292,14.0,MISSING/NOT SPECIFIED,TX,Henderson,213,Henderson
1992,2448693.5,72,,4.0,Campfire,,,,75.0,C,31.84792,-94.66042,14.0,MISSING/NOT SPECIFIED,TX,Rusk,401,Rusk
1992,2448897.5,276,,4.0,Campfire,,,,10.0,C,31.73958,-95.18958,14.0,MISSING/NOT SPECIFIED,TX,Cherokee,073,Cherokee
1992,2448864.5,243,,4.0,Campfire,,,,1.0,B,31.66458,-94.66458,14.0,MISSING/NOT SPECIFIED,TX,Nacogdoches,347,Nacogdoches
1992,2448908.5,287,,4.0,Campfire,,,,15.0,C,31.41875,-94.43958,14.0,MISSING/NOT SPECIFIED,TX,Nacogdoches,347,Nacogdoches
1992,2448964.5,343,,4.0,Campfire,,,,35.0,C,31.18125,-94.15625,14.0,MISSING/NOT SPECIFIED,TX,San Augustine,405,San Augustine
1992,2448968.5,347,,4.0,Campfire,,,,12.0,C,31.83125,-95.68125,14.0,MISSING/NOT SPECIFIED,TX,Anderson,001,Anderson
1992,2448902.5,281,,4.0,Campfire,,,,1.0,B,31.49792,-94.67291,14.0,MISSING/NOT SPECIFIED,TX,Angelina,005,Angelina
1992,2448903.5,282,,4.0,Campfire,,,,1.0,B,30.17708,-94.57709,14.0,MISSING/NOT SPECIFIED,TX,Hardin,199,Hardin
1992,2448943.5,322,,4.0,Campfire,,,,10.0,C,30.70625,-95.00208,14.0,MISSING/NOT SPECIFIED,TX,Polk,373,Polk
1993,2449214.5,227,,4.0,Campfire,,,,5.0,B,30.55208,-94.96875,14.0,MISSING/NOT SPECIFIED,TX,San Jacinto,407,San Jacinto
1993,2449248.5,261,,4.0,Campfire,,,,107.0,D,30.74792,-96.08958,14.0,MISSING/NOT SPECIFIED,TX,Grimes,185,Grimes
1993,2449270.5,283,,4.0,Campfire,,,,2.0,B,30.36914,-95.48761,14.0,MISSING/NOT SPECIFIED,TX,Montgomery,339,Montgomery
1993,2449284.5,297,,4.0,Campfire,,,,1.0,B,31.23958,-94.99792,14.0,MISSING/NOT SPECIFIED,TX,Trinity,455,Trinity
1993,2449172.5,185,,4.0,Campfire,,,,5.0,B,32.21458,-94.85208,14.0,MISSING/NOT SPECIFIED,TX,Rusk,401,Rusk
1993,2449054.5,67,,4.0,Campfire,,,,7.0,B,31.64375,-93.83542,14.0,MISSING/NOT SPECIFIED,TX,Shelby,419,Shelby
1993,2449264.5,277,,4.0,Campfire,,,,4.0,B,31.42708,-93.83125,14.0,MISSING/NOT SPECIFIED,TX,Sabine,403,Sabine
1993,2449087.5,100,,4.0,Campfire,,,,10.0,C,33.01875,-94.18542,14.0,MISSING/NOT SPECIFIED,TX,Cass,067,Cass
1993,2449030.5,43,,4.0,Campfire,,,,2.0,B,31.06875,-93.54791,14.0,MISSING/NOT SPECIFIED,TX,Newton,351,Newton
1993,2449219.5,232,,4.0,Campfire,,,,5.0,B,30.93958,-94.04375,14.0,MISSING/NOT SPECIFIED,TX,Jasper,241,Jasper
1993,2449267.5,280,,4.0,Campfire,,,,15.0,C,30.21458,-94.19791,14.0,MISSING/NOT SPECIFIED,TX,Hardin,199,Hardin
1993,2449297.5,310,,4.0,Campfire,,,,3.0,B,30.89792,-95.03542,14.0,MISSING/NOT SPECIFIED,TX,Polk,373,Polk
1993,2449261.5,274,,4.0,Campfire,,,,10.0,C,30.88958,-94.30209,14.0,MISSING/NOT SPECIFIED,TX,Tyler,457,Tyler
1993,2449193.5,206,,4.0,Campfire,,,,15.0,C,30.23542,-94.00625,14.0,MISSING/NOT SPECIFIED,TX,Orange,361,Orange
1993,2449262.5,275,,4.0,Campfire,,,,20.0,C,30.06861,-97.15195,14.0,MISSING/NOT SPECIFIED,TX,Bastrop,021,Bastrop
1994,2449559.5,207,,4.0,Campfire,,,,18.0,C,30.80208,-95.48959,14.0,MISSING/NOT SPECIFIED,TX,Walker,471,Walker
1994,2449618.5,266,,4.0,Campfire,,,,80.0,C,31.67708,-95.39792,14.0,MISSING/NOT SPECIFIED,TX,Anderson,001,Anderson
1994,2449584.5,232,,4.0,Campfire,,,,2.0,B,32.17708,-94.90625,14.0,MISSING/NOT SPECIFIED,TX,Rusk,401,Rusk
1994,2449612.5,260,,4.0,Campfire,,,,60.0,C,31.67708,-95.38541,14.0,MISSING/NOT SPECIFIED,TX,Anderson,001,Anderson
1994,2449353.5,1,,4.0,Campfire,,,,6.0,B,32.46875,-94.34375,14.0,MISSING/NOT SPECIFIED,TX,Harrison,203,Harrison
1994,2449613.5,261,,4.0,Campfire,,,,4.0,B,32.38125,-94.81458,14.0,MISSING/NOT SPECIFIED,TX,Gregg,183,Gregg
1994,2449614.5,262,,4.0,Campfire,,,,1.0,B,32.53125,-94.08958,14.0,MISSING/NOT SPECIFIED,TX,Harrison,203,Harrison
1994,2449631.5,279,,4.0,Campfire,,,,9.0,B,33.26458,-94.38541,14.0,MISSING/NOT SPECIFIED,TX,Cass,067,Cass
1994,2449685.5,333,,4.0,Campfire,,,,6.0,B,30.01458,-96.93125,14.0,MISSING/NOT SPECIFIED,TX,Fayette,149,Fayette
1995,2449992.5,275,,4.0,Campfire,,,,5.0,B,31.72708,-95.40625,14.0,MISSING/NOT SPECIFIED,TX,Anderson,001,Anderson
1995,2449942.5,225,,4.0,Campfire,,,,2.0,B,32.30625,-95.23959,14.0,MISSING/NOT SPECIFIED,TX,Smith,423,Smith
1995,2450055.5,338,,4.0,Campfire,,,,8.0,B,32.00208,-95.29375,14.0,MISSING/NOT SPECIFIED,TX,Cherokee,073,Cherokee
1995,2449956.5,239,,4.0,Campfire,,,,10.0,C,31.96458,-94.06875,14.0,MISSING/NOT SPECIFIED,TX,Shelby,419,Shelby
1995,2450049.5,332,,4.0,Campfire,,,,1.0,B,32.11875,-94.79375,14.0,MISSING/NOT SPECIFIED,TX,Rusk,401,Rusk
1995,2450046.5,329,,4.0,Campfire,,,,20.0,C,31.95625,-95.96875,14.0,MISSING/NOT SPECIFIED,TX,Anderson,001,Anderson
1995,2450012.5,295,,4.0,Campfire,,,,30.0,C,31.95208,-94.31875,14.0,MISSING/NOT SPECIFIED,TX,Shelby,419,Shelby
1995,2450011.5,294,,4.0,Campfire,,,,3.0,B,31.92292,-94.45625,14.0,MISSING/NOT SPECIFIED,TX,Shelby,419,Shelby
1995,2449757.5,40,,4.0,Campfire,,,,8.0,B,33.29375,-94.16458,14.0,MISSING/NOT SPECIFIED,TX,Cass,067,Cass
1995,2450010.5,293,,4.0,Campfire,,,,20.0,C,33.33125,-94.74375,14.0,MISSING/NOT SPECIFIED,TX,Bowie,037,Bowie
1995,2450046.5,329,,4.0,Campfire,,,,354.0,E,33.38958,-94.74375,14.0,MISSING/NOT SPECIFIED,TX,Red River,387,Red River
1995,2450046.5,329,,4.0,Campfire,,,,2.0,B,32.75625,-94.10625,14.0,MISSING/NOT SPECIFIED,TX,Marion,315,Marion
1995,2450048.5,331,,4.0,Campfire,,,,15.0,C,33.06875,-94.38541,14.0,MISSING/NOT SPECIFIED,TX,Cass,067,Cass
1995,2450004.5,287,,4.0,Campfire,,,,35.0,C,33.37708,-94.93958,14.0,MISSING/NOT SPECIFIED,TX,Titus,449,Titus
1995,2450045.5,328,,4.0,Campfire,,,,7.0,B,32.50625,-94.88958,14.0,MISSING/NOT SPECIFIED,TX,Gregg,183,Gregg
1996,2450187.5,105,,4.0,Campfire,,,,35.0,C,31.41042,-95.66042,14.0,MISSING/NOT SPECIFIED,TX,Houston,225,Houston
1996,2450185.5,103,,4.0,Campfire,,,,35.0,C,30.26992,-95.57397,14.0,MISSING/NOT SPECIFIED,TX,Montgomery,339,Montgomery
1996,2450152.5,70,,4.0,Campfire,,,,10.0,C,30.35953,-95.28897,14.0,MISSING/NOT SPECIFIED,TX,Montgomery,339,Montgomery
1996,2450125.5,43,,4.0,Campfire,,,,12.0,C,31.81042,-95.64375,14.0,MISSING/NOT SPECIFIED,TX,Anderson,001,Anderson
1996,2450129.5,47,,4.0,Campfire,,,,2.0,B,32.15611,-94.34361,14.0,MISSING/NOT SPECIFIED,TX,Panola,365,Panola
1996,2450127.5,45,,4.0,Campfire,,,,2.0,B,32.08125,-95.26458,14.0,MISSING/NOT SPECIFIED,TX,Cherokee,073,Cherokee
1996,2450242.5,160,,4.0,Campfire,,,,3.0,B,31.13958,-94.08125,14.0,MISSING/NOT SPECIFIED,TX,San Augustine,405,San Augustine
1996,2450268.5,186,,4.0,Campfire,,,,5.0,B,32.06875,-95.54375,14.0,MISSING/NOT SPECIFIED,TX,Henderson,213,Henderson
1996,2450266.5,184,,4.0,Campfire,,,,8.0,B,31.62708,-94.89375,14.0,MISSING/NOT SPECIFIED,TX,Nacogdoches,347,Nacogdoches
1996,2450375.5,293,,4.0,Campfire,,,,8.0,B,32.50625,-95.84375,14.0,MISSING/NOT SPECIFIED,TX,Van Zandt,467,Van Zandt
1996,2450145.5,63,,4.0,Campfire,,,,1.0,B,32.10625,-95.16875,14.0,MISSING/NOT SPECIFIED,TX,Cherokee,073,Cherokee
1996,2450152.5,70,,4.0,Campfire,,,,1.0,B,32.72708,-95.68958,14.0,MISSING/NOT SPECIFIED,TX,Van Zandt,467,Van Zandt
1996,2450151.5,69,,4.0,Campfire,,,,1.0,B,31.79375,-94.97708,14.0,MISSING/NOT SPECIFIED,TX,Cherokee,073,Cherokee
1996,2450152.5,70,,4.0,Campfire,,,,1.0,B,31.63958,-94.61875,14.0,MISSING/NOT SPECIFIED,TX,Nacogdoches,347,Nacogdoches
1996,2450174.5,92,,4.0,Campfire,,,,1500.0,F,31.86458,-94.65208,14.0,MISSING/NOT SPECIFIED,TX,Rusk,401,Rusk
1996,2450165.5,83,,4.0,Campfire,,,,4.0,B,31.79792,-94.89375,14.0,MISSING/NOT SPECIFIED,TX,Nacogdoches,347,Nacogdoches
1996,2450096.5,14,,4.0,Campfire,,,,8.0,B,32.43958,-94.74792,14.0,MISSING/NOT SPECIFIED,TX,Gregg,183,Gregg
1996,2450175.5,93,,4.0,Campfire,,,,2.0,B,32.94375,-94.09792,14.0,MISSING/NOT SPECIFIED,TX,Cass,067,Cass
1996,2450176.5,94,,4.0,Campfire,,,,2.0,B,33.36042,-95.04375,14.0,MISSING/NOT SPECIFIED,TX,Titus,449,Titus
1996,2450194.5,112,,4.0,Campfire,,,,1.0,B,32.61042,-95.13125,14.0,MISSING/NOT SPECIFIED,TX,Upshur,459,Upshur
1996,2450144.5,62,,4.0,Campfire,,,,10.0,C,32.74792,-94.08125,14.0,MISSING/NOT SPECIFIED,TX,Marion,315,Marion
1996,2450146.5,64,,4.0,Campfire,,,,55.0,C,32.77291,-95.64375,14.0,MISSING/NOT SPECIFIED,TX,Wood,499,Wood
1996,2450132.5,50,,4.0,Campfire,,,,90.0,C,32.73542,-94.84375,14.0,MISSING/NOT SPECIFIED,TX,Upshur,459,Upshur
1996,2450130.5,48,,4.0,Campfire,,,,6.0,B,32.84375,-94.66458,14.0,MISSING/NOT SPECIFIED,TX,Marion,315,Marion
1996,2450154.5,72,,4.0,Campfire,,,,8.0,B,32.71875,-94.64375,14.0,MISSING/NOT SPECIFIED,TX,Harrison,203,Harrison
1996,2450159.5,77,,4.0,Campfire,,,,5.0,B,32.40625,-94.21875,14.0,MISSING/NOT SPECIFIED,TX,Harrison,203,Harrison
1996,2450268.5,186,,4.0,Campfire,,,,3.0,B,33.33125,-94.45208,14.0,MISSING/NOT SPECIFIED,TX,Bowie,037,Bowie
1996,2450273.5,191,,4.0,Campfire,,,,6.0,B,33.48125,-94.43542,14.0,MISSING/NOT SPECIFIED,TX,Bowie,037,Bowie
1996,2450389.5,307,,4.0,Campfire,,,,75.0,C,30.38542,-94.36459,14.0,MISSING/NOT SPECIFIED,TX,Hardin,199,Hardin
1996,2450212.5,130,,4.0,Campfire,,,,2.0,B,30.40625,-94.26875,14.0,MISSING/NOT SPECIFIED,TX,Hardin,199,Hardin
1996,2450091.5,9,,4.0,Campfire,,,,12.0,C,30.82292,-94.48959,14.0,MISSING/NOT SPECIFIED,TX,Tyler,457,Tyler
1997,2450677.5,229,,4.0,Campfire,,,,2.0,B,30.26622,-95.82653,14.0,MISSING/NOT SPECIFIED,TX,Grimes,185,Grimes
1997,2450454.5,6,,4.0,Campfire,,,,50.0,C,31.19792,-94.00625,14.0,MISSING/NOT SPECIFIED,TX,Sabine,403,Sabine
1997,2450502.5,54,,4.0,Campfire,,,,3.0,B,32.53958,-94.64375,14.0,MISSING/NOT SPECIFIED,TX,Harrison,203,Harrison
1997,2450725.5,277,,4.0,Campfire,,,,3.0,B,32.64791,-94.28125,14.0,MISSING/NOT SPECIFIED,TX,Harrison,203,Harrison
1998,2450906.5,93,,4.0,Campfire,,,,20.0,C,31.46875,-95.56458,14.0,MISSING/NOT SPECIFIED,TX,Houston,225,Houston
1998,2450904.5,91,,4.0,Campfire,,,,5.0,B,31.51458,-95.56458,14.0,MISSING/NOT SPECIFIED,TX,Houston,225,Houston
1998,2450922.5,109,,4.0,Campfire,,,,1.0,B,32.15625,-95.62292,14.0,MISSING/NOT SPECIFIED,TX,Henderson,213,Henderson
1998,2450915.5,102,,4.0,Campfire,,,,5.0,B,31.14375,-94.16875,14.0,MISSING/NOT SPECIFIED,TX,San Augustine,405,San Augustine
1998,2450966.5,153,,4.0,Campfire,,,,2.0,B,31.89792,-95.22292,14.0,MISSING/NOT SPECIFIED,TX,Cherokee,073,Cherokee
1998,2451026.5,213,,4.0,Campfire,,,,160.0,D,31.91042,-94.13958,14.0,MISSING/NOT SPECIFIED,TX,Shelby,419,Shelby
1998,2451006.5,193,,4.0,Campfire,,,,4.0,B,32.46041,-94.78125,14.0,MISSING/NOT SPECIFIED,TX,Gregg,183,Gregg
1998,2450991.5,178,,4.0,Campfire,,,,5.0,B,32.37708,-94.89375,14.0,MISSING/NOT SPECIFIED,TX,Gregg,183,Gregg
1998,2451062.5,249,,4.0,Campfire,,,,2.0,B,32.88958,-95.12292,14.0,MISSING/NOT SPECIFIED,TX,Upshur,459,Upshur
1998,2450922.5,109,,4.0,Campfire,,,,4.0,B,32.81875,-94.87292,14.0,MISSING/NOT SPECIFIED,TX,Upshur,459,Upshur
1998,2450945.5,132,,4.0,Campfire,,,,21.0,C,32.48958,-94.37708,14.0,MISSING/NOT SPECIFIED,TX,Harrison,203,Harrison
1998,2450907.5,94,,4.0,Campfire,,,,2.0,B,32.65625,-94.29791,14.0,MISSING/NOT SPECIFIED,TX,Harrison,203,Harrison
1998,2450966.5,153,,4.0,Campfire,,,,1.0,B,32.51458,-94.53125,14.0,MISSING/NOT SPECIFIED,TX,Harrison,203,Harrison
1998,2450963.5,150,,4.0,Campfire,,,,1.0,B,32.68686,-95.00625,14.0,MISSING/NOT SPECIFIED,TX,Upshur,459,Upshur
1998,2450946.5,133,,4.0,Campfire,,,,3.0,B,31.11042,-94.03542,14.0,MISSING/NOT SPECIFIED,TX,Jasper,241,Jasper
1998,2450910.5,97,,4.0,Campfire,,,,2.0,B,29.96458,-97.31458,14.0,MISSING/NOT SPECIFIED,TX,Bastrop,021,Bastrop
1998,2450986.5,173,,4.0,Campfire,,,,40.0,C,30.58958,-96.56875,14.0,MISSING/NOT SPECIFIED,TX,Brazos,041,Brazos
1998,2451024.5,211,,4.0,Campfire,,,,25.0,C,30.27708,-97.46458,14.0,MISSING/NOT SPECIFIED,TX,Travis,453,Travis
1999,2451504.5,326,,4.0,Campfire,,,,20.0,C,31.23944,-95.96861,14.0,MISSING/NOT SPECIFIED,TX,Leon,289,Leon
1999,2451196.5,18,,4.0,Campfire,,,,1.0,B,31.80208,-95.31458,14.0,MISSING/NOT SPECIFIED,TX,Cherokee,073,Cherokee
1999,2451433.5,255,,4.0,Campfire,,,,15.0,C,31.62708,-94.75208,14.0,MISSING/NOT SPECIFIED,TX,Nacogdoches,347,Nacogdoches
1999,2451434.5,256,,4.0,Campfire,,,,2.0,B,31.73958,-94.81875,14.0,MISSING/NOT SPECIFIED,TX,Nacogdoches,347,Nacogdoches
1999,2451440.5,262,,4.0,Campfire,,,,1.0,B,31.93958,-95.01458,14.0,MISSING/NOT SPECIFIED,TX,Cherokee,073,Cherokee
1999,2451432.5,254,,4.0,Campfire,,,,15.0,C,31.81458,-95.07709,14.0,MISSING/NOT SPECIFIED,TX,Cherokee,073,Cherokee
1999,2451513.5,335,,4.0,Campfire,,,,12.0,C,32.29792,-94.95625,14.0,MISSING/NOT SPECIFIED,TX,Rusk,401,Rusk
1999,2451509.5,331,,4.0,Campfire,,,,35.0,C,31.66458,-95.38958,14.0,MISSING/NOT SPECIFIED,TX,Anderson,001,Anderson
1999,2451232.5,54,,4.0,Campfire,,,,2.0,B,31.87292,-94.98541,14.0,MISSING/NOT SPECIFIED,TX,Cherokee,073,Cherokee
1999,2451540.5,362,,4.0,Campfire,,,,8.0,B,33.49936,-94.68542,14.0,MISSING/NOT SPECIFIED,TX,Bowie,037,Bowie
1999,2451539.5,361,,4.0,Campfire,,,,5.0,B,32.97708,-94.18958,14.0,MISSING/NOT SPECIFIED,TX,Cass,067,Cass
1999,2451512.5,334,,4.0,Campfire,,,,3.0,B,33.14375,-95.01875,14.0,MISSING/NOT SPECIFIED,TX,Titus,449,Titus
1999,2451511.5,333,,4.0,Campfire,,,,3.0,B,33.41042,-95.09375,14.0,MISSING/NOT SPECIFIED,TX,Red River,387,Red River
1999,2451456.5,278,,4.0,Campfire,,,,2.0,B,33.67292,-94.95625,14.0,MISSING/NOT SPECIFIED,TX,Red River,387,Red River
1999,2451453.5,275,,4.0,Campfire,,,,3.0,B,33.04375,-94.56875,14.0,MISSING/NOT SPECIFIED,TX,Cass,067,Cass
1999,2451440.5,262,,4.0,Campfire,,,,16.0,C,32.56875,-94.94375,14.0,MISSING/NOT SPECIFIED,TX,Upshur,459,Upshur
1999,2451451.5,273,,4.0,Campfire,,,,2.0,B,32.86458,-94.29791,14.0,MISSING/NOT SPECIFIED,TX,Marion,315,Marion
1999,2451411.5,233,,4.0,Campfire,,,,3.0,B,32.56042,-94.71042,14.0,MISSING/NOT SPECIFIED,TX,Gregg,183,Gregg
1999,2451416.5,238,,4.0,Campfire,,,,2.0,B,32.66458,-94.21875,14.0,MISSING/NOT SPECIFIED,TX,Harrison,203,Harrison
1999,2451441.5,263,,4.0,Campfire,,,,2.0,B,32.67292,-95.01875,14.0,MISSING/NOT SPECIFIED,TX,Upshur,459,Upshur
1999,2451474.5,296,,4.0,Campfire,,,,1.0,B,33.37292,-94.10208,14.0,MISSING/NOT SPECIFIED,TX,Bowie,037,Bowie
1999,2451244.5,66,,4.0,Campfire,,,,6.0,B,30.16042,-93.84792,14.0,MISSING/NOT SPECIFIED,TX,Orange,361,Orange
1999,2451454.5,276,,4.0,Campfire,,,,4.0,B,31.38542,-94.80209,14.0,MISSING/NOT SPECIFIED,TX,Angelina,005,Angelina
1999,2451444.5,266,,4.0,Campfire,,,,4.0,B,31.39792,-94.51875,14.0,MISSING/NOT SPECIFIED,TX,Angelina,005,Angelina
1999,2451498.5,320,,4.0,Campfire,,,,2.0,B,30.34792,-93.90208,14.0,MISSING/NOT SPECIFIED,TX,Jasper,241,Jasper
1999,2451502.5,324,,4.0,Campfire,,,,80.0,C,29.82278,-97.13528,14.0,MISSING/NOT SPECIFIED,TX,Fayette,149,Fayette
2004,2453183.5,179,,4.0,Campfire,,,,5.0,B,31.67893999,-97.26707001,14.0,MISSING/NOT SPECIFIED,TX,McLennan,309,McLennan
2005,2453653.5,283,,4.0,Campfire,,,,2.0,B,33.02639,-95.18499998,14.0,MISSING/NOT SPECIFIED,TX,Franklin,159,Franklin
2005,2453658.5,288,,4.0,Campfire,,,,20.0,C,32.43332999,-94.39999999,14.0,MISSING/NOT SPECIFIED,TX,Harrison,203,Harrison
2005,2453637.5,267,,4.0,Campfire,,,,25.0,C,32.45000002,-94.41666001,14.0,MISSING/NOT SPECIFIED,TX,Harrison,203,Harrison
2005,2453661.5,291,,4.0,Campfire,,,,90.0,C,33.84499997,-95.48110998,14.0,MISSING/NOT SPECIFIED,TX,Lamar,277,Lamar
2005,2453624.5,254,,4.0,Campfire,,,,40.0,C,32.55000001,-94.51667001,14.0,MISSING/NOT SPECIFIED,TX,Harrison,203,Harrison
2005,2453695.5,325,,4.0,Campfire,,,,15.0,C,33.14832997,-94.55527001,14.0,MISSING/NOT SPECIFIED,TX,Cass,067,Cass
2005,2453699.5,329,,4.0,Campfire,,,,10.0,C,32.80805998,-94.82111,14.0,MISSING/NOT SPECIFIED,TX,Upshur,459,Upshur
2005,2453698.5,328,,4.0,Campfire,,,,12.0,C,32.64000001,-95.24527999,14.0,MISSING/NOT SPECIFIED,TX,Wood,499,Wood
2005,2453698.5,328,,4.0,Campfire,,,,1.0,B,33.24139001,-94.26305,14.0,MISSING/NOT SPECIFIED,TX,Cass,067,Cass
2005,2453686.5,316,,4.0,Campfire,,,,3.0,B,33.74027999,-95.11611001,14.0,MISSING/NOT SPECIFIED,TX,Red River,387,Red River
2005,2453392.5,22,,4.0,Campfire,,,,30.0,C,32.53332999,-94.63332998,14.0,MISSING/NOT SPECIFIED,TX,Harrison,203,Harrison
2005,2453411.5,41,,4.0,Campfire,,,,30.0,C,33.48972001,-94.22139001,14.0,MISSING/NOT SPECIFIED,TX,Bowie,037,Bowie
2005,2453441.5,71,,4.0,Campfire,,,,3.0,B,33.10000001,-94.22194999,14.0,MISSING/NOT SPECIFIED,TX,Cass,067,Cass
2005,2453441.5,71,,4.0,Campfire,,,,138.0,D,32.81416999,-94.52443998,14.0,MISSING/NOT SPECIFIED,TX,Marion,315,Marion
2005,2453504.5,134,,4.0,Campfire,,,,3.0,B,33.09610998,-94.20361,14.0,MISSING/NOT SPECIFIED,TX,Cass,067,Cass
2005,2453536.5,166,,4.0,Campfire,,,,8.0,B,32.87944001,-94.91889002,14.0,MISSING/NOT SPECIFIED,TX,Upshur,459,Upshur
2005,2453416.5,46,,4.0,Campfire,,,,2.0,B,32.85,-94.26138999,14.0,MISSING/NOT SPECIFIED,TX,Marion,315,Marion
2005,2453554.5,184,,4.0,Campfire,,,,45.0,C,33.29193999,-94.39861002,14.0,MISSING/NOT SPECIFIED,TX,Bowie,037,Bowie
2005,2453561.5,191,,4.0,Campfire,,,,3.0,B,33.61194997,-94.56722,14.0,MISSING/NOT SPECIFIED,TX,Bowie,037,Bowie
2005,2453596.5,226,,4.0,Campfire,,,,20.0,C,32.61750001,-94.82416998,14.0,MISSING/NOT SPECIFIED,TX,Upshur,459,Upshur
2005,2453735.5,365,,4.0,Campfire,,,,1.0,B,32.44166998,-94.41471997,14.0,MISSING/NOT SPECIFIED,TX,Harrison,203,Harrison
2005,2453729.5,359,,4.0,Campfire,,,,3.0,B,33.06444999,-94.59083999,14.0,MISSING/NOT SPECIFIED,TX,Cass,067,Cass
2005,2453447.5,77,,4.0,Campfire,,,,50.0,C,32.19889002,-94.97693999,14.0,MISSING/NOT SPECIFIED,TX,Smith,423,Smith
2005,2453680.5,310,,4.0,Campfire,,,,2.0,B,32.19416998,-94.38305999,14.0,MISSING/NOT SPECIFIED,TX,Panola,365,Panola
2005,2453666.5,296,,4.0,Campfire,,,,80.0,C,31.89472001,-96.01444,14.0,MISSING/NOT SPECIFIED,TX,Freestone,161,Freestone
2005,2453660.5,290,,4.0,Campfire,,,,45.0,C,31.53971999,-95.51305001,14.0,MISSING/NOT SPECIFIED,TX,Anderson,001,Anderson
2005,2453665.5,295,,4.0,Campfire,,,,2.0,B,32.37610997,-94.05305001,14.0,MISSING/NOT SPECIFIED,TX,Rusk,401,Rusk
2005,2453714.5,344,,4.0,Campfire,,,,20.0,C,32.15082999,-94.64111,14.0,MISSING/NOT SPECIFIED,TX,Rusk,401,Rusk
2005,2453730.5,360,,4.0,Campfire,,,,60.0,C,32.16389001,-94.88834002,14.0,MISSING/NOT SPECIFIED,TX,Rusk,401,Rusk
2005,2453730.5,360,,4.0,Campfire,,,,60.0,C,32.08721997,-94.615,14.0,MISSING/NOT SPECIFIED,TX,Rusk,401,Rusk
2005,2453730.5,360,,4.0,Campfire,,,,60.0,C,32.51916998,-94.72472,14.0,MISSING/NOT SPECIFIED,TX,Rusk,401,Rusk
2005,2453510.5,140,,4.0,Campfire,,,,1.0,B,32.42471997,-95.29999999,14.0,MISSING/NOT SPECIFIED,TX,Smith,423,Smith
2005,2453730.5,360,,4.0,Campfire,,,,1.0,B,31.20221998,-94.61861,14.0,MISSING/NOT SPECIFIED,TX,Angelina,005,Angelina
2005,2453686.5,316,,4.0,Campfire,,,,1.0,B,30.90472001,-93.55749999,14.0,MISSING/NOT SPECIFIED,TX,Newton,351,Newton
2005,2453555.5,185,,4.0,Campfire,,,,31.0,C,30.37138999,-94.39250001,14.0,MISSING/NOT SPECIFIED,TX,Hardin,199,Hardin
2005,2453587.5,217,,4.0,Campfire,,,,45.0,C,30.42360999,-94.37665998,14.0,MISSING/NOT SPECIFIED,TX,Hardin,199,Hardin
2005,2453497.5,127,,4.0,Campfire,,,,2.0,B,30.94917,-93.93528001,14.0,MISSING/NOT SPECIFIED,TX,Jasper,241,Jasper
2005,2453631.5,261,,4.0,Campfire,,,,8.0,B,30.28111,-94.29777997,14.0,MISSING/NOT SPECIFIED,TX,Hardin,199,Hardin
2005,2453664.5,294,,4.0,Campfire,,,,71.0,C,30.20472,-94.91943998,14.0,MISSING/NOT SPECIFIED,TX,Liberty,291,Liberty
2005,2453666.5,296,,4.0,Campfire,,,,250.0,D,30.20249997,-95.82611002,14.0,MISSING/NOT SPECIFIED,TX,Waller,473,Waller
2005,2453630.5,260,,4.0,Campfire,,,,25.0,C,31.12889001,-95.19917,14.0,MISSING/NOT SPECIFIED,TX,Trinity,455,Trinity
2005,2453716.5,346,,4.0,Campfire,,,,3.0,B,30.13861002,-95.38027999,14.0,MISSING/NOT SPECIFIED,TX,Montgomery,339,Montgomery
2005,2453728.5,358,,4.0,Campfire,,,,10.0,C,30.18750001,-95.32971999,14.0,MISSING/NOT SPECIFIED,TX,Montgomery,339,Montgomery
2006,2453913.5,178,,4.0,Campfire,,,,1.0,B,32.91226002,-94.55137998,14.0,MISSING/NOT SPECIFIED,TX,Cass,067,Cass
2006,2453926.5,191,,4.0,Campfire,,,,1.0,B,32.91627999,-94.54991,14.0,MISSING/NOT SPECIFIED,TX,Cass,067,Cass
2006,2453930.5,195,,4.0,Campfire,,,,10.0,C,31.66889001,-95.72586001,14.0,MISSING/NOT SPECIFIED,TX,Anderson,001,Anderson
2006,2453953.5,218,,4.0,Campfire,,,,12.0,C,30.64194001,-99.25944999,14.0,MISSING/NOT SPECIFIED,TX,Mason,319,Mason
2006,2453959.5,224,,4.0,Campfire,,,,16.0,C,32.61241999,-94.87427998,14.0,MISSING/NOT SPECIFIED,TX,Upshur,459,Upshur
2006,2453901.5,166,,4.0,Campfire,,,,25.0,C,32.45622,-95.48272,14.0,MISSING/NOT SPECIFIED,TX,Rusk,401,Rusk
2006,2453803.5,68,,4.0,Campfire,,,,20.0,C,32.84266998,-94.37316001,14.0,MISSING/NOT SPECIFIED,TX,Marion,315,Marion
2006,2453811.5,76,,4.0,Campfire,,,,5.0,B,32.3155,-94.34142997,14.0,MISSING/NOT SPECIFIED,TX,Panola,365,Panola
2006,2453820.5,85,,4.0,Campfire,,,,3.0,B,32.23528,-95.10749999,14.0,MISSING/NOT SPECIFIED,TX,Smith,423,Smith
2006,2453834.5,99,,4.0,Campfire,,,,2.0,B,30.19075002,-95.69133001,14.0,MISSING/NOT SPECIFIED,TX,Montgomery,339,Montgomery
2006,2453743.5,8,,4.0,Campfire,,,,12.0,C,32.49361,-94.89082997,14.0,MISSING/NOT SPECIFIED,TX,Gregg,183,Gregg
2006,2453753.5,18,,4.0,Campfire,,,,6.0,B,33.33082998,-94.95888999,14.0,MISSING/NOT SPECIFIED,TX,Titus,449,Titus
2006,2453783.5,48,,4.0,Campfire,,,,2.0,B,33.59082999,-95.19416998,14.0,MISSING/NOT SPECIFIED,TX,Red River,387,Red River
2006,2453742.5,7,,4.0,Campfire,,,,1.0,B,30.61888999,-93.81860999,14.0,MISSING/NOT SPECIFIED,TX,Newton,351,Newton
2006,2453750.5,15,,4.0,Campfire,,,,2.0,B,30.51388997,-94.02444,14.0,MISSING/NOT SPECIFIED,TX,Jasper,241,Jasper
2006,2453738.5,3,,4.0,Campfire,,,,160.0,D,30.28610998,-95.80722002,14.0,MISSING/NOT SPECIFIED,TX,Grimes,185,Grimes
2006,2453736.5,1,,4.0,Campfire,,,,200.0,D,30.90360997,-99.89806002,14.0,MISSING/NOT SPECIFIED,TX,Menard,327,Menard
2006,2453749.5,14,,4.0,Campfire,,,,1.0,B,30.08721997,-97.29611001,14.0,MISSING/NOT SPECIFIED,TX,Bastrop,021,Bastrop
2006,2453743.5,8,,4.0,Campfire,,,,138.0,D,29.73971998,-96.20471998,14.0,MISSING/NOT SPECIFIED,TX,Austin,015,Austin
2006,2453987.5,252,,4.0,Campfire,,,,4.0,B,32.92894,-94.06021997,14.0,MISSING/NOT SPECIFIED,TX,Cass,067,Cass
2006,2454002.5,267,,4.0,Campfire,,,,1.0,B,32.34239997,-95.24786,14.0,MISSING/NOT SPECIFIED,TX,Smith,423,Smith
2006,2454014.5,279,,4.0,Campfire,,,,2.0,B,32.77149999,-94.17543998,14.0,MISSING/NOT SPECIFIED,TX,Marion,315,Marion
2006,2454015.5,280,,4.0,Campfire,,,,2.0,B,32.95366998,-94.70081001,14.0,MISSING/NOT SPECIFIED,TX,Morris,343,Morris
2006,2453743.5,8,,4.0,Campfire,,,,5.0,B,30.81861,-93.78527999,14.0,MISSING/NOT SPECIFIED,TX,Newton,351,Newton
2006,2454066.5,331,,4.0,Campfire,,,,6.0,B,30.09971998,-97.29304997,14.0,MISSING/NOT SPECIFIED,TX,Bastrop,021,Bastrop
2006,2454057.5,322,,4.0,Campfire,,,,12.0,C,32.29756999,-95.59503998,14.0,MISSING/NOT SPECIFIED,TX,Henderson,213,Henderson
2006,2453843.5,108,,4.0,Campfire,,,,7.0,B,30.15455001,-95.23914001,14.0,MISSING/NOT SPECIFIED,TX,Montgomery,339,Montgomery
2006,2453871.5,136,,4.0,Campfire,,,,10919.0,G,27.89883,-98.95071,14.0,MISSING/NOT SPECIFIED,TX,Webb,479,Webb
2006,2453876.5,141,,4.0,Campfire,,,,3.0,B,32.22228001,-94.34798998,14.0,MISSING/NOT SPECIFIED,TX,Panola,365,Panola
2006,2453762.5,27,,4.0,Campfire,,,,30.0,C,31.788,-95.24667001,14.0,MISSING/NOT SPECIFIED,TX,Cherokee,073,Cherokee
2007,2454149.5,49,,4.0,Campfire,,,,15.0,C,29.79222001,-97.26971997,14.0,MISSING/NOT SPECIFIED,TX,Fayette,149,Fayette
2007,2454162.5,62,,4.0,Campfire,,,,25.0,C,33.39582997,-94.32750002,14.0,MISSING/NOT SPECIFIED,TX,Bowie,037,Bowie
2007,2454130.5,30,,4.0,Campfire,,,,3.0,B,33.32435999,-94.44946001,14.0,MISSING/NOT SPECIFIED,TX,Bowie,037,Bowie
2005,2453653.5,283,,4.0,Campfire,,,,1.0,B,30.15704997,-95.50723999,14.0,MISSING/NOT SPECIFIED,TX,Grimes,185,Grimes
2005,2453672.5,302,,4.0,Campfire,,,,4.0,B,31.67535,-97.28416002,14.0,MISSING/NOT SPECIFIED,TX,McLennan,309,McLennan
2005,2453669.5,299,,4.0,Campfire,,,,1.0,B,32.68810998,-95.18957002,14.0,MISSING/NOT SPECIFIED,TX,Wood,499,Wood
2005,2453676.5,306,,4.0,Campfire,,,,1.0,B,30.16268001,-95.51396001,14.0,MISSING/NOT SPECIFIED,TX,Grimes,185,Grimes
2005,2453672.5,302,,4.0,Campfire,,,,5.0,B,30.07489999,-97.24020001,14.0,MISSING/NOT SPECIFIED,TX,Bastrop,021,Bastrop
2005,2453679.5,309,,4.0,Campfire,,,,4.0,B,31.39783001,-98.94817001,14.0,MISSING/NOT SPECIFIED,TX,San Saba,411,San Saba
2005,2453697.5,327,,4.0,Campfire,,,,1.0,B,33.24118997,-94.31123001,14.0,MISSING/NOT SPECIFIED,TX,Cass,067,Cass
2005,2453702.5,332,,4.0,Campfire,,,,1.0,B,31.64270001,-96.28616,14.0,MISSING/NOT SPECIFIED,TX,Freestone,161,Freestone
2005,2453575.5,205,,4.0,Campfire,,,,3.0,B,31.61540998,-100.26589998,14.0,MISSING/NOT SPECIFIED,TX,Tom Green,451,Tom Green
2005,2453575.5,205,,4.0,Campfire,,,,6.0,B,31.48279001,-100.2818,14.0,MISSING/NOT SPECIFIED,TX,Tom Green,451,Tom Green
2005,2453705.5,335,,4.0,Campfire,,,,1.0,B,32.91300001,-94.73553999,14.0,MISSING/NOT SPECIFIED,TX,Morris,343,Morris
2005,2453483.5,113,,4.0,Campfire,,,,15.0,C,33.08953,-95.25670998,14.0,MISSING/NOT SPECIFIED,TX,Franklin,159,Franklin
2005,2453663.5,293,,4.0,Campfire,,,,1.0,B,32.97353998,-96.43727,14.0,MISSING/NOT SPECIFIED,TX,Rockwall,397,Rockwall
2005,2453553.5,183,,4.0,Campfire,,,,1.0,B,29.54222,-94.40621997,14.0,MISSING/NOT SPECIFIED,TX,Galveston,167,Galveston
2005,2453730.5,360,,4.0,Campfire,,,,5.0,B,32.05435999,-98.02493002,14.0,MISSING/NOT SPECIFIED,TX,Erath,143,Erath
2005,2453672.5,302,,4.0,Campfire,,,,5.0,B,32.59720998,-99.10101997,14.0,MISSING/NOT SPECIFIED,TX,Shackelford,417,Shackelford
2005,2453706.5,336,,4.0,Campfire,,,,1.0,B,32.91232001,-94.73533,14.0,MISSING/NOT SPECIFIED,TX,Camp,063,Camp
2005,2453560.5,190,,4.0,Campfire,,,,55.0,C,31.514,-99.94309999,14.0,MISSING/NOT SPECIFIED,TX,Concho,095,Concho
2005,2453692.5,322,,4.0,Campfire,,,,1.0,B,29.21144001,-97.97563001,14.0,MISSING/NOT SPECIFIED,TX,Wilson,493,Wilson
2005,2453730.5,360,,4.0,Campfire,,,,1.0,B,33.27491999,-96.75618,14.0,MISSING/NOT SPECIFIED,TX,Collin,085,Collin
2005,2453714.5,344,,4.0,Campfire,,,,100.0,D,30.98811002,-98.09372998,14.0,MISSING/NOT SPECIFIED,TX,Burnet,053,Burnet
2005,2453735.5,365,,4.0,Campfire,,,,25.0,C,31.35474998,-97.92612002,14.0,MISSING/NOT SPECIFIED,TX,Coryell,099,Coryell
2005,2453735.5,365,,4.0,Campfire,,,,1.0,B,31.31838002,-95.86551,14.0,MISSING/NOT SPECIFIED,TX,Leon,289,Leon
2005,2453735.5,365,,4.0,Campfire,,,,1.0,B,31.24605001,-96.08085999,14.0,MISSING/NOT SPECIFIED,TX,Leon,289,Leon
2005,2453735.5,365,,4.0,Campfire,,,,1.0,B,29.29860998,-98.20778001,14.0,MISSING/NOT SPECIFIED,TX,Wilson,493,Wilson
2005,2453730.5,360,,4.0,Campfire,,,,2.0,B,32.17819997,-101.01479999,14.0,MISSING/NOT SPECIFIED,TX,Mitchell,335,Mitchell
2005,2453721.5,351,,4.0,Campfire,,,,1.0,B,30.28783002,-97.25506999,14.0,MISSING/NOT SPECIFIED,TX,Bastrop,021,Bastrop
2005,2453732.5,362,,4.0,Campfire,,,,20.0,C,31.45174998,-98.36443,14.0,MISSING/NOT SPECIFIED,TX,Mills,333,Mills
2005,2453533.5,163,,4.0,Campfire,,,,2.0,B,33.40222998,-96.62482002,14.0,MISSING/NOT SPECIFIED,TX,Grayson,181,Grayson
2005,2453733.5,363,,4.0,Campfire,,,,2.0,B,29.65173001,-97.41889999,14.0,MISSING/NOT SPECIFIED,TX,Gonzales,177,Gonzales
2005,2453714.5,344,,4.0,Campfire,,,,1.0,B,32.71836999,-99.28792001,14.0,MISSING/NOT SPECIFIED,TX,Shackelford,417,Shackelford
2005,2453411.5,41,,4.0,Campfire,,,,1.0,B,32.72834001,-99.29669999,14.0,MISSING/NOT SPECIFIED,TX,Shackelford,417,Shackelford
2005,2453729.5,359,,4.0,Campfire,,,,15.0,C,29.20729001,-98.13586998,14.0,MISSING/NOT SPECIFIED,TX,Wilson,493,Wilson
2005,2453693.5,323,,4.0,Campfire,,,,2.0,B,32.11242997,-99.05975,14.0,MISSING/NOT SPECIFIED,TX,Callahan,059,Callahan
2005,2453538.5,168,,4.0,Campfire,,,,1.0,B,32.79812998,-94.64258998,14.0,MISSING/NOT SPECIFIED,TX,Marion,315,Marion
2005,2453546.5,176,,4.0,Campfire,,,,10.0,C,34.22951001,-100.06889999,14.0,MISSING/NOT SPECIFIED,TX,Cottle,101,Cottle
2005,2453723.5,353,,4.0,Campfire,,,,1.0,B,33.50145,-95.09996998,14.0,MISSING/NOT SPECIFIED,TX,Red River,387,Red River
2005,2453706.5,336,,4.0,Campfire,,,,40.0,C,32.03123002,-98.71252999,14.0,MISSING/NOT SPECIFIED,TX,Comanche,093,Comanche
2005,2453733.5,363,,4.0,Campfire,,,,1.0,B,32.52520999,-96.88596999,14.0,MISSING/NOT SPECIFIED,TX,Ellis,139,Ellis
2005,2453735.5,365,,4.0,Campfire,,,,3.0,B,32.50818998,-96.92478998,14.0,MISSING/NOT SPECIFIED,TX,Ellis,139,Ellis
2005,2453561.5,191,,4.0,Campfire,,,,7.0,B,29.67319998,-98.04989,14.0,MISSING/NOT SPECIFIED,TX,Guadalupe,187,Guadalupe
2005,2453730.5,360,,4.0,Campfire,,,,3.0,B,31.61907001,-95.59135999,14.0,MISSING/NOT SPECIFIED,TX,Anderson,001,Anderson
2005,2453735.5,365,,4.0,Campfire,,,,5.0,B,32.79988,-94.27288998,14.0,MISSING/NOT SPECIFIED,TX,Marion,315,Marion
2005,2453733.5,363,,4.0,Campfire,,,,1.0,B,30.70374002,-96.29304997,14.0,MISSING/NOT SPECIFIED,TX,Brazos,041,Brazos
2005,2453735.5,365,,4.0,Campfire,,,,20.0,C,33.19544998,-102.284,14.0,MISSING/NOT SPECIFIED,TX,Terry,445,Terry
2005,2453392.5,22,,4.0,Campfire,,,,2.0,B,31.63802,-96.29821,14.0,MISSING/NOT SPECIFIED,TX,Freestone,161,Freestone
2005,2453511.5,141,,4.0,Campfire,,,,1.0,B,30.15502998,-98.05151999,14.0,MISSING/NOT SPECIFIED,TX,Hays,209,Hays
2005,2453443.5,73,,4.0,Campfire,,,,1.0,B,32.71328001,-95.19679997,14.0,MISSING/NOT SPECIFIED,TX,Wood,499,Wood
2005,2453512.5,142,,4.0,Campfire,,,,1.0,B,32.74112,-95.28492998,14.0,MISSING/NOT SPECIFIED,TX,Wood,499,Wood
2005,2453606.5,236,,4.0,Campfire,,,,800.0,E,28.48711999,-99.91988002,14.0,MISSING/NOT SPECIFIED,TX,Dimmit,127,Dimmit
2005,2453628.5,258,,4.0,Campfire,,,,1.0,B,32.42579999,-94.71600001,14.0,MISSING/NOT SPECIFIED,TX,Rusk,401,Rusk
2005,2453636.5,266,,4.0,Campfire,,,,2.0,B,30.21584999,-99.00401002,14.0,MISSING/NOT SPECIFIED,TX,Gillespie,171,Gillespie
2005,2453626.5,256,,4.0,Campfire,,,,2.0,B,31.19683,-98.90714,14.0,MISSING/NOT SPECIFIED,TX,San Saba,411,San Saba
2005,2453650.5,280,,4.0,Campfire,,,,5.0,B,29.85128,-100.94879998,14.0,MISSING/NOT SPECIFIED,TX,Val Verde,465,Val Verde
2005,2453636.5,266,,4.0,Campfire,,,,6.0,B,33.32917999,-96.02324,14.0,MISSING/NOT SPECIFIED,TX,Hunt,231,Hunt
2005,2453571.5,201,,4.0,Campfire,,,,1.0,B,32.40585999,-96.18228998,14.0,MISSING/NOT SPECIFIED,TX,Kaufman,257,Kaufman
2005,2453412.5,42,,4.0,Campfire,,,,1.0,B,33.42169001,-96.58433997,14.0,MISSING/NOT SPECIFIED,TX,Grayson,181,Grayson
2006,2453736.5,1,,4.0,Campfire,,,,1.0,B,31.14132998,-94.39274002,14.0,MISSING/NOT SPECIFIED,TX,Angelina,005,Angelina
2006,2453741.5,6,,4.0,Campfire,,,,100.0,D,29.51646999,-98.31508001,14.0,MISSING/NOT SPECIFIED,TX,Bexar,029,Bexar
2006,2453763.5,28,,4.0,Campfire,,,,25.0,C,32.74423002,-100.09040002,14.0,MISSING/NOT SPECIFIED,TX,Jones,253,Jones
2006,2453741.5,6,,4.0,Campfire,,,,20.0,C,28.83940001,-98.73198997,14.0,MISSING/NOT SPECIFIED,TX,Atascosa,013,Atascosa
2006,2453748.5,13,,4.0,Campfire,,,,1.0,B,30.84710998,-96.98885,14.0,MISSING/NOT SPECIFIED,TX,Milam,331,Milam
2006,2453770.5,35,,4.0,Campfire,,,,1.0,B,28.96884002,-98.66156998,14.0,MISSING/NOT SPECIFIED,TX,Atascosa,013,Atascosa
2006,2453770.5,35,,4.0,Campfire,,,,8.0,B,28.89797999,-98.87999001,14.0,MISSING/NOT SPECIFIED,TX,Frio,163,Frio
2006,2453762.5,27,,4.0,Campfire,,,,1.0,B,33.17082997,-95.10536002,14.0,MISSING/NOT SPECIFIED,TX,Titus,449,Titus
2006,2453736.5,1,,4.0,Campfire,,,,1.0,B,32.58249,-97.07424999,14.0,MISSING/NOT SPECIFIED,TX,Tarrant,439,Tarrant
2006,2453772.5,37,,4.0,Campfire,,,,2.0,B,29.8913,-100.39780002,14.0,MISSING/NOT SPECIFIED,TX,Edwards,137,Edwards
2006,2453743.5,8,,4.0,Campfire,,,,1.0,B,32.53895998,-96.82128001,14.0,MISSING/NOT SPECIFIED,TX,Ellis,139,Ellis
2006,2453750.5,15,,4.0,Campfire,,,,2.0,B,31.09968,-96.24049,14.0,MISSING/NOT SPECIFIED,TX,Leon,289,Leon
2006,2453771.5,36,,4.0,Campfire,,,,4.0,B,32.18113998,-98.12138001,14.0,MISSING/NOT SPECIFIED,TX,Erath,143,Erath
2006,2453781.5,46,,4.0,Campfire,,,,210.0,D,30.21582998,-100.25150001,14.0,MISSING/NOT SPECIFIED,TX,Edwards,137,Edwards
2006,2453747.5,12,,4.0,Campfire,,,,10.0,C,35.19463999,-101.74890001,14.0,MISSING/NOT SPECIFIED,TX,Potter,375,Potter
2006,2453753.5,18,,4.0,Campfire,,,,1.0,B,32.92708997,-95.46744,14.0,MISSING/NOT SPECIFIED,TX,Wood,499,Wood
2006,2453797.5,62,,4.0,Campfire,,,,15.0,C,32.47039997,-97.49772997,14.0,MISSING/NOT SPECIFIED,TX,Johnson,251,Johnson
2006,2453783.5,48,,4.0,Campfire,,,,1.0,B,29.15287,-98.67006998,14.0,MISSING/NOT SPECIFIED,TX,Atascosa,013,Atascosa
2006,2453749.5,14,,4.0,Campfire,,,,1.0,B,31.55135001,-97.18507998,14.0,MISSING/NOT SPECIFIED,TX,McLennan,309,McLennan
2006,2453804.5,69,,4.0,Campfire,,,,1.0,B,35.19904001,-101.88850002,14.0,MISSING/NOT SPECIFIED,TX,Potter,375,Potter
2006,2453805.5,70,,4.0,Campfire,,,,1.0,B,35.19903001,-101.83380002,14.0,MISSING/NOT SPECIFIED,TX,Potter,375,Potter
2006,2453785.5,50,,4.0,Campfire,,,,3.0,B,35.29384,-101.62349999,14.0,MISSING/NOT SPECIFIED,TX,Potter,375,Potter
2006,2453807.5,72,,4.0,Campfire,,,,6.0,B,29.61533998,-99.52747999,14.0,MISSING/NOT SPECIFIED,TX,Uvalde,463,Uvalde
2006,2453736.5,1,,4.0,Campfire,,,,1.0,B,31.30546999,-94.5618,14.0,MISSING/NOT SPECIFIED,TX,Angelina,005,Angelina
2006,2453801.5,66,,4.0,Campfire,,,,1.0,B,32.37135001,-95.35544999,14.0,MISSING/NOT SPECIFIED,TX,Smith,423,Smith
2006,2453811.5,76,,4.0,Campfire,,,,1.0,B,32.74128001,-97.55255,14.0,MISSING/NOT SPECIFIED,TX,Parker,367,Parker
2006,2453748.5,13,,4.0,Campfire,,,,1.0,B,31.28911997,-94.59161001,14.0,MISSING/NOT SPECIFIED,TX,Angelina,005,Angelina
2006,2453777.5,42,,4.0,Campfire,,,,250.0,D,36.23327001,-100.12020002,14.0,MISSING/NOT SPECIFIED,TX,Lipscomb,295,Lipscomb
2006,2453777.5,42,,4.0,Campfire,,,,200.0,D,36.11999999,-100.02419998,14.0,MISSING/NOT SPECIFIED,TX,Lipscomb,295,Lipscomb
2006,2453777.5,42,,4.0,Campfire,,,,200.0,D,36.24909002,-100.0854,14.0,MISSING/NOT SPECIFIED,TX,Lipscomb,295,Lipscomb
2006,2453827.5,92,,4.0,Campfire,,,,1.0,B,33.27306,-99.98398001,14.0,MISSING/NOT SPECIFIED,TX,Haskell,207,Haskell
2006,2453806.5,71,,4.0,Campfire,,,,375.0,E,33.95759999,-100.17129997,14.0,MISSING/NOT SPECIFIED,TX,Cottle,101,Cottle
2006,2453833.5,98,,4.0,Campfire,,,,1.0,B,28.27344001,-99.61761998,14.0,MISSING/NOT SPECIFIED,TX,Dimmit,127,Dimmit
2006,2453812.5,77,,4.0,Campfire,,,,1.0,B,31.30958002,-94.45005,14.0,MISSING/NOT SPECIFIED,TX,Angelina,005,Angelina
2006,2453793.5,58,,4.0,Campfire,,,,3.0,B,31.22566001,-94.67097999,14.0,MISSING/NOT SPECIFIED,TX,Angelina,005,Angelina
2006,2453840.5,105,,4.0,Campfire,,,,2.0,B,29.54466998,-94.40323999,14.0,MISSING/NOT SPECIFIED,TX,Galveston,167,Galveston
2006,2453832.5,97,,4.0,Campfire,,,,4.0,B,30.01725999,-100.21140002,14.0,MISSING/NOT SPECIFIED,TX,Edwards,137,Edwards
2006,2453818.5,83,,4.0,Campfire,,,,1.0,B,31.56723001,-95.56178999,14.0,MISSING/NOT SPECIFIED,TX,Anderson,001,Anderson
2006,2453839.5,104,,4.0,Campfire,,,,1.0,B,32.93606999,-95.51612,14.0,MISSING/NOT SPECIFIED,TX,Wood,499,Wood
2006,2453844.5,109,,4.0,Campfire,,,,1.0,B,31.87329998,-99.14179001,14.0,MISSING/NOT SPECIFIED,TX,Brown,049,Brown
2006,2453847.5,112,,4.0,Campfire,,,,2.0,B,29.34886998,-98.21094001,14.0,MISSING/NOT SPECIFIED,TX,Bexar,029,Bexar
2006,2453827.5,92,,4.0,Campfire,,,,2.0,B,32.84817999,-98.25039998,14.0,MISSING/NOT SPECIFIED,TX,Palo Pinto,363,Palo Pinto
2006,2453876.5,141,,4.0,Campfire,,,,2.0,B,30.19194001,-95.62797001,14.0,MISSING/NOT SPECIFIED,TX,Grimes,185,Grimes
2006,2453877.5,142,,4.0,Campfire,,,,1.0,B,30.19194001,-95.62797001,14.0,MISSING/NOT SPECIFIED,TX,Grimes,185,Grimes
2006,2453840.5,105,,4.0,Campfire,,,,1.0,B,33.12918,-94.24543999,14.0,MISSING/NOT SPECIFIED,TX,Cass,067,Cass
2006,2453820.5,85,,4.0,Campfire,,,,3.0,B,33.19909,-96.22607002,14.0,MISSING/NOT SPECIFIED,TX,Hunt,231,Hunt
2006,2453884.5,149,,4.0,Campfire,,,,1.0,B,29.21763998,-99.761,14.0,MISSING/NOT SPECIFIED,TX,Uvalde,463,Uvalde
2006,2453901.5,166,,4.0,Campfire,,,,2.0,B,32.02995997,-96.27168998,14.0,MISSING/NOT SPECIFIED,TX,Navarro,349,Navarro
2006,2453912.5,177,,4.0,Campfire,,,,4.0,B,32.79705002,-94.65421,14.0,MISSING/NOT SPECIFIED,TX,Marion,315,Marion
2006,2453897.5,162,,4.0,Campfire,,,,3.0,B,33.75734999,-98.39067999,14.0,MISSING/NOT SPECIFIED,TX,Clay,077,Clay
2006,2453916.5,181,,4.0,Campfire,,,,1.0,B,32.61108,-97.80392002,14.0,MISSING/NOT SPECIFIED,TX,Parker,367,Parker
2006,2453876.5,141,,4.0,Campfire,,,,2.0,B,32.76,-94.55000001,14.0,MISSING/NOT SPECIFIED,TX,Marion,315,Marion
2006,2453877.5,142,,4.0,Campfire,,,,1.0,B,32.74000001,-94.51999997,14.0,MISSING/NOT SPECIFIED,TX,Marion,315,Marion
2006,2453885.5,150,,4.0,Campfire,,,,1.0,B,32.74000001,-94.51999997,14.0,MISSING/NOT SPECIFIED,TX,Marion,315,Marion
2006,2453930.5,195,,4.0,Campfire,,,,1.0,B,32.63820997,-94.29586,14.0,MISSING/NOT SPECIFIED,TX,Harrison,203,Harrison
2006,2453880.5,145,,4.0,Campfire,,,,2.0,B,35.37096,-101.33039999,14.0,MISSING/NOT SPECIFIED,TX,Hutchinson,233,Hutchinson
2006,2453943.5,208,,4.0,Campfire,,,,1.0,B,32.45668001,-99.8428,14.0,MISSING/NOT SPECIFIED,TX,Taylor,441,Taylor
2006,2453898.5,163,,4.0,Campfire,,,,3.0,B,30.58108998,-95.86068999,14.0,MISSING/NOT SPECIFIED,TX,Grimes,185,Grimes
2006,2453937.5,202,,4.0,Campfire,,,,1.0,B,32.71263998,-95.19574998,14.0,MISSING/NOT SPECIFIED,TX,Wood,499,Wood
2006,2453981.5,246,,4.0,Campfire,,,,1.0,B,29.54646002,-94.39694001,14.0,MISSING/NOT SPECIFIED,TX,Galveston,167,Galveston
2006,2453901.5,166,,4.0,Campfire,,,,15.0,C,32.02947,-96.26191999,14.0,MISSING/NOT SPECIFIED,TX,Navarro,349,Navarro
2006,2453808.5,73,,4.0,Campfire,,,,1.0,B,33.42694,-97.17565002,14.0,MISSING/NOT SPECIFIED,TX,Cooke,097,Cooke
2006,2453987.5,252,,4.0,Campfire,,,,1.0,B,32.79756,-94.64519001,14.0,MISSING/NOT SPECIFIED,TX,Marion,315,Marion
2006,2453928.5,193,,4.0,Campfire,,,,5.0,B,31.47670001,-93.75870999,14.0,MISSING/NOT SPECIFIED,TX,Sabine,403,Sabine
2006,2454008.5,273,,4.0,Campfire,,,,3.0,B,30.85238999,-95.34812002,14.0,MISSING/NOT SPECIFIED,TX,Walker,471,Walker
2006,2453738.5,3,,4.0,Campfire,,,,1.0,B,32.09314,-94.56132999,14.0,MISSING/NOT SPECIFIED,TX,Rusk,401,Rusk
2006,2453739.5,4,,4.0,Campfire,,,,3.0,B,32.93139998,-94.56132999,14.0,MISSING/NOT SPECIFIED,TX,Rusk,401,Rusk
2006,2453740.5,5,,4.0,Campfire,,,,2.0,B,32.09314,-94.56132999,14.0,MISSING/NOT SPECIFIED,TX,Rusk,401,Rusk
2006,2453743.5,8,,4.0,Campfire,,,,1.0,B,32.09314,-94.56132999,14.0,MISSING/NOT SPECIFIED,TX,Rusk,401,Rusk
2006,2454008.5,273,,4.0,Campfire,,,,2.0,B,29.82341999,-94.90022001,14.0,MISSING/NOT SPECIFIED,TX,Chambers,071,Chambers
2006,2454016.5,281,,4.0,Campfire,,,,1.0,B,33.23810998,-94.25626999,14.0,MISSING/NOT SPECIFIED,TX,Cass,067,Cass
2006,2454022.5,287,,4.0,Campfire,,,,1.0,B,33.09300001,-94.49899997,14.0,MISSING/NOT SPECIFIED,TX,Cass,067,Cass
2006,2454042.5,307,,4.0,Campfire,,,,2.0,B,31.3453,-93.89368002,14.0,MISSING/NOT SPECIFIED,TX,Sabine,403,Sabine
2006,2454084.5,349,,4.0,Campfire,,,,1.0,B,31.91415998,-98.05993998,14.0,MISSING/NOT SPECIFIED,TX,Hamilton,193,Hamilton
2006,2454062.5,327,,4.0,Campfire,,,,1.0,B,30.77824998,-95.33571998,14.0,MISSING/NOT SPECIFIED,TX,Walker,471,Walker
2006,2454088.5,353,,4.0,Campfire,,,,1.0,B,29.72179002,-99.97386999,14.0,MISSING/NOT SPECIFIED,TX,Real,385,Real
2006,2454009.5,274,,4.0,Campfire,,,,2.0,B,31.67310001,-95.09866997,14.0,MISSING/NOT SPECIFIED,TX,Cherokee,073,Cherokee
2006,2453743.5,8,,4.0,Campfire,,,,25.0,C,33.18241997,-98.40113999,14.0,MISSING/NOT SPECIFIED,TX,Jack,237,Jack
2007,2454111.5,11,,4.0,Campfire,,,,4.0,B,33.73795,-94.97118001,14.0,MISSING/NOT SPECIFIED,TX,Red River,387,Red River
2007,2454156.5,56,,4.0,Campfire,,,,2.0,B,30.38372999,-94.25481998,14.0,MISSING/NOT SPECIFIED,TX,Tyler,457,Tyler
2007,2454162.5,62,,4.0,Campfire,,,,1.0,B,32.74933001,-95.08228999,14.0,MISSING/NOT SPECIFIED,TX,Upshur,459,Upshur
2007,2454155.5,55,,4.0,Campfire,,,,2.0,B,32.65427,-95.12621002,14.0,MISSING/NOT SPECIFIED,TX,Upshur,459,Upshur
2007,2454155.5,55,,4.0,Campfire,,,,5.0,B,29.78462001,-98.66336998,14.0,MISSING/NOT SPECIFIED,TX,Kendall,259,Kendall
2007,2454183.5,83,,4.0,Campfire,,,,1.0,B,26.29945,-98.09994001,14.0,MISSING/NOT SPECIFIED,TX,Hidalgo,215,Hidalgo
2007,2454173.5,73,,4.0,Campfire,,,,1528.0,F,36.40952997,-102.97340003,14.0,MISSING/NOT SPECIFIED,TX,Dallam,111,Dallam
2007,2454189.5,89,,4.0,Campfire,,,,1.0,B,29.53187998,-94.43631002,14.0,MISSING/NOT SPECIFIED,TX,Galveston,167,Galveston
2007,2454182.5,82,,4.0,Campfire,,,,3.0,B,30.75313999,-104.15929999,14.0,MISSING/NOT SPECIFIED,TX,Jeff Davis,243,Jeff Davis
2007,2454162.5,62,,4.0,Campfire,,,,1.0,B,30.47487,-97.79353002,14.0,MISSING/NOT SPECIFIED,TX,Williamson,491,Williamson
2007,2454148.5,48,,4.0,Campfire,,,,1.0,B,30.22989998,-98.64882001,14.0,MISSING/NOT SPECIFIED,TX,Gillespie,171,Gillespie
2007,2454128.5,28,,4.0,Campfire,,,,1.0,B,32.93459,-95.40254998,14.0,MISSING/NOT SPECIFIED,TX,Wood,499,Wood
2007,2454212.5,112,,4.0,Campfire,,,,4.0,B,33.00579001,-95.26272998,14.0,MISSING/NOT SPECIFIED,TX,Franklin,159,Franklin
2007,2454181.5,81,,4.0,Campfire,,,,1.0,B,27.93565997,-97.14879002,14.0,MISSING/NOT SPECIFIED,TX,Aransas,007,Aransas
2007,2454320.5,220,,4.0,Campfire,,,,0.2,A,32.70986,-100.9051,14.0,MISSING/NOT SPECIFIED,TX,Scurry,415,Scurry
2007,2454162.5,62,,4.0,Campfire,,,,1.0,B,35.04868,-100.9187,14.0,MISSING/NOT SPECIFIED,TX,Donley,129,Donley
2007,2454345.5,245,,4.0,Campfire,,,,1.0,B,31.89068,-99.12244,14.0,MISSING/NOT SPECIFIED,TX,Brown,049,Brown
2007,2454399.5,299,,4.0,Campfire,,,,1.0,B,33.26516,-94.19275,14.0,MISSING/NOT SPECIFIED,TX,Cass,067,Cass
2007,2454386.5,286,,4.0,Campfire,,,,5.0,B,32.47123,-95.23438,14.0,MISSING/NOT SPECIFIED,TX,Smith,423,Smith
2007,2454396.5,296,,4.0,Campfire,,,,1.0,B,29.54507,-94.39925,14.0,MISSING/NOT SPECIFIED,TX,Galveston,167,Galveston
2007,2454407.5,307,,4.0,Campfire,,,,0.25,A,32.04067,-96.49766,14.0,MISSING/NOT SPECIFIED,TX,Navarro,349,Navarro
2007,2454421.5,321,,4.0,Campfire,,,,1.0,B,31.55954,-97.81775,14.0,MISSING/NOT SPECIFIED,TX,Coryell,099,Coryell
2007,2454421.5,321,,4.0,Campfire,,,,65.8,C,33.42782,-98.14711,14.0,MISSING/NOT SPECIFIED,TX,Jack,237,Jack
2007,2454408.5,308,,4.0,Campfire,,,,1.0,B,30.60514,-95.83237,14.0,MISSING/NOT SPECIFIED,TX,Grimes,185,Grimes
2007,2454431.5,331,,4.0,Campfire,,,,0.1,A,30.19698,-94.19447,14.0,MISSING/NOT SPECIFIED,TX,Hardin,199,Hardin
2007,2454456.5,356,,4.0,Campfire,,,,25.0,C,29.07084,-99.15862,14.0,MISSING/NOT SPECIFIED,TX,Frio,163,Frio
2007,2454456.5,356,,4.0,Campfire,,,,25.0,C,29.09271,-98.90101,14.0,MISSING/NOT SPECIFIED,TX,Medina,325,Medina
2007,2454456.5,356,,4.0,Campfire,,,,1.0,B,29.02185,-98.5729,14.0,MISSING/NOT SPECIFIED,TX,Atascosa,013,Atascosa
2007,2454422.5,322,,4.0,Campfire,,,,1.0,B,32.55643,-98.39495,14.0,MISSING/NOT SPECIFIED,TX,Palo Pinto,363,Palo Pinto
2007,2454462.5,362,,4.0,Campfire,,,,2.0,B,32.73772,-98.23997,14.0,MISSING/NOT SPECIFIED,TX,Palo Pinto,363,Palo Pinto
2007,2454462.5,362,,4.0,Campfire,,,,2.0,B,32.74582,-98.26779,14.0,MISSING/NOT SPECIFIED,TX,Palo Pinto,363,Palo Pinto
2007,2454451.5,351,,4.0,Campfire,,,,0.08,A,33.34943,-94.9512,14.0,MISSING/NOT SPECIFIED,TX,Titus,449,Titus
2007,2454465.5,365,,4.0,Campfire,,,,0.3,B,30.24653,-94.20741,14.0,MISSING/NOT SPECIFIED,TX,Hardin,199,Hardin
2007,2454465.5,365,,4.0,Campfire,,,,0.1,A,30.26814,-94.25095,14.0,MISSING/NOT SPECIFIED,TX,Hardin,199,Hardin
2008,2454466.5,1,,4.0,Campfire,,,,2.0,B,32.24636,-98.40055,14.0,MISSING/NOT SPECIFIED,TX,Erath,143,Erath
2007,2454465.5,365,,4.0,Campfire,,,,3.0,B,32.52513,-98.31193,14.0,MISSING/NOT SPECIFIED,TX,Palo Pinto,363,Palo Pinto
2007,2454465.5,365,,4.0,Campfire,,,,2.0,B,28.85572,-98.84103,14.0,MISSING/NOT SPECIFIED,TX,Frio,163,Frio
2007,2454462.5,362,,4.0,Campfire,,,,2.0,B,32.74266,-98.24654,14.0,MISSING/NOT SPECIFIED,TX,Palo Pinto,363,Palo Pinto
2007,2454465.5,365,,4.0,Campfire,,,,1.0,B,30.97053,-95.93256,14.0,MISSING/NOT SPECIFIED,TX,Madison,313,Madison
2007,2454465.5,365,,4.0,Campfire,,,,1.0,B,28.91416,-98.54613,14.0,MISSING/NOT SPECIFIED,TX,Atascosa,013,Atascosa
2008,2454466.5,1,,4.0,Campfire,,,,1.0,B,29.17535,-98.58919,14.0,MISSING/NOT SPECIFIED,TX,Atascosa,013,Atascosa
2008,2454466.5,1,,4.0,Campfire,,,,5.0,B,29.84093,-100.0961,14.0,MISSING/NOT SPECIFIED,TX,Edwards,137,Edwards
2008,2454471.5,6,,4.0,Campfire,,,,10.0,C,30.45949,-96.26808,14.0,MISSING/NOT SPECIFIED,TX,Brazos,041,Brazos
2007,2454463.5,363,,4.0,Campfire,,,,1.0,B,33.46953,-98.23872,14.0,MISSING/NOT SPECIFIED,TX,Clay,077,Clay
2008,2454470.5,5,,4.0,Campfire,,,,3.0,B,33.47044,-98.1376,14.0,MISSING/NOT SPECIFIED,TX,Clay,077,Clay
2007,2454456.5,356,,4.0,Campfire,,,,0.25,A,30.5765,-98.93427,14.0,MISSING/NOT SPECIFIED,TX,Llano,299,Llano
2008,2454475.5,10,,4.0,Campfire,,,,75.0,C,31.70276,-99.4804,14.0,MISSING/NOT SPECIFIED,TX,Coleman,083,Coleman
2008,2454480.5,15,,4.0,Campfire,,,,1.0,B,27.63906,-97.34682,14.0,MISSING/NOT SPECIFIED,TX,Nueces,355,Nueces
2008,2454466.5,1,,4.0,Campfire,,,,1.25,B,31.57201,-97.83195,14.0,MISSING/NOT SPECIFIED,TX,Coryell,099,Coryell
2007,2454416.5,316,,4.0,Campfire,,,,620.0,E,32.30352,-98.46341,14.0,MISSING/NOT SPECIFIED,TX,Palo Pinto,363,Palo Pinto
2007,2454462.5,362,,4.0,Campfire,,,,40.0,C,28.8997,-97.19439,14.0,MISSING/NOT SPECIFIED,TX,Victoria,469,Victoria
2008,2454466.5,1,,4.0,Campfire,,,,2.0,B,30.56111,-100.0052,14.0,MISSING/NOT SPECIFIED,TX,Kimble,267,Kimble
2008,2454467.5,2,,4.0,Campfire,,,,5.0,B,30.64844,-99.68198,14.0,MISSING/NOT SPECIFIED,TX,Kimble,267,Kimble
2008,2454485.5,20,,4.0,Campfire,,,,3.0,B,32.08106,-98.05621,14.0,MISSING/NOT SPECIFIED,TX,Erath,143,Erath
2008,2454476.5,11,,4.0,Campfire,,,,1.0,B,32.3443,-97.37587,14.0,MISSING/NOT SPECIFIED,TX,Johnson,251,Johnson
2007,2454456.5,356,,4.0,Campfire,,,,1.0,B,32.01353,-97.49026,14.0,MISSING/NOT SPECIFIED,TX,Bosque,035,Bosque
2008,2454470.5,5,,4.0,Campfire,,,,40.0,C,31.51365,-98.42298,14.0,MISSING/NOT SPECIFIED,TX,Mills,333,Mills
2008,2454479.5,14,,4.0,Campfire,,,,1.0,B,31.4326,-98.57153,14.0,MISSING/NOT SPECIFIED,TX,Mills,333,Mills
2008,2454494.5,29,,4.0,Campfire,,,,4.0,B,31.44436,-98.56651,14.0,MISSING/NOT SPECIFIED,TX,Mills,333,Mills
2008,2454480.5,15,,4.0,Campfire,,,,0.2,A,32.98772,-96.5488,14.0,MISSING/NOT SPECIFIED,TX,Collin,085,Collin
2008,2454497.5,32,,4.0,Campfire,,,,0.25,A,32.74489,-97.63754,14.0,MISSING/NOT SPECIFIED,TX,Parker,367,Parker
2008,2454471.5,6,,4.0,Campfire,,,,1.0,B,32.32775,-94.35376,14.0,MISSING/NOT SPECIFIED,TX,Panola,365,Panola
2008,2454474.5,9,,4.0,Campfire,,,,1.0,B,32.32775,-94.35358,14.0,MISSING/NOT SPECIFIED,TX,Panola,365,Panola
2008,2454497.5,32,,4.0,Campfire,,,,3.0,B,31.81075,-99.03786,14.0,MISSING/NOT SPECIFIED,TX,Brown,049,Brown
2008,2454497.5,32,,4.0,Campfire,,,,4.0,B,31.81013,-99.03793,14.0,MISSING/NOT SPECIFIED,TX,Brown,049,Brown
2008,2454476.5,11,,4.0,Campfire,,,,0.05,A,30.20016,-97.29179,14.0,MISSING/NOT SPECIFIED,TX,Bastrop,021,Bastrop
2008,2454477.5,12,,4.0,Campfire,,,,0.05,A,30.1211,-97.32539,14.0,MISSING/NOT SPECIFIED,TX,Bastrop,021,Bastrop
2008,2454477.5,12,,4.0,Campfire,,,,0.05,A,30.09482,-97.30129,14.0,MISSING/NOT SPECIFIED,TX,Bastrop,021,Bastrop
2008,2454499.5,34,,4.0,Campfire,,,,0.1,A,28.88726,-99.07707,14.0,MISSING/NOT SPECIFIED,TX,Frio,163,Frio
2008,2454466.5,1,,4.0,Campfire,,,,0.5,B,28.99229,-98.40459,14.0,MISSING/NOT SPECIFIED,TX,Atascosa,013,Atascosa
2008,2454487.5,22,,4.0,Campfire,,,,0.25,A,28.96344,-98.5386,14.0,MISSING/NOT SPECIFIED,TX,Atascosa,013,Atascosa
2008,2454467.5,2,,4.0,Campfire,,,,2.0,B,29.88156,-98.81253,14.0,MISSING/NOT SPECIFIED,TX,Kendall,259,Kendall
2007,2454150.5,50,,4.0,Campfire,,,,1.0,B,31.41372,-95.91815,14.0,MISSING/NOT SPECIFIED,TX,Leon,289,Leon
2008,2454492.5,27,,4.0,Campfire,,,,50.0,C,34.02917,-98.50018,14.0,MISSING/NOT SPECIFIED,TX,Wichita,485,Wichita
2007,2454404.5,304,,4.0,Campfire,,,,1.0,B,31.98216,-99.71728,14.0,MISSING/NOT SPECIFIED,TX,Runnels,399,Runnels
2008,2454510.5,45,,4.0,Campfire,,,,3.0,B,32.39904,-99.4825,14.0,MISSING/NOT SPECIFIED,TX,Callahan,059,Callahan
2008,2454499.5,34,,4.0,Campfire,,,,80.0,C,31.7775,-97.83361,14.0,MISSING/NOT SPECIFIED,TX,Bosque,035,Bosque
2008,2454470.5,5,,4.0,Campfire,,,,80.0,C,31.52413,-98.4034,14.0,MISSING/NOT SPECIFIED,TX,Mills,333,Mills
2008,2454519.5,54,,4.0,Campfire,,,,0.11,A,30.91814,-101.9076,14.0,MISSING/NOT SPECIFIED,TX,Pecos,371,Pecos
2008,2454521.5,56,,4.0,Campfire,,,,0.2,A,32.60651,-97.13086,14.0,MISSING/NOT SPECIFIED,TX,Tarrant,439,Tarrant
2008,2454470.5,5,,4.0,Campfire,,,,150.0,D,30.5117,-98.93176,14.0,MISSING/NOT SPECIFIED,TX,Llano,299,Llano
2007,2454456.5,356,,4.0,Campfire,,,,0.25,A,30.06802,-99.29413,14.0,MISSING/NOT SPECIFIED,TX,Kerr,265,Kerr
2008,2454534.5,69,,4.0,Campfire,,,,0.05,A,32.58971,-97.1388,14.0,MISSING/NOT SPECIFIED,TX,Tarrant,439,Tarrant
2008,2454533.5,68,,4.0,Campfire,,,,1.0,B,31.25749,-100.8143,14.0,MISSING/NOT SPECIFIED,TX,Irion,235,Irion
2008,2454500.5,35,,4.0,Campfire,,,,23.0,C,31.47548,-100.5288,14.0,MISSING/NOT SPECIFIED,TX,Tom Green,451,Tom Green
2008,2454526.5,61,,4.0,Campfire,,,,0.25,A,32.91162,-98.58407,14.0,MISSING/NOT SPECIFIED,TX,Stephens,429,Stephens
2008,2454527.5,62,,4.0,Campfire,,,,0.25,A,32.91177,-98.58425,14.0,MISSING/NOT SPECIFIED,TX,Stephens,429,Stephens
2008,2454526.5,61,,4.0,Campfire,,,,0.25,A,31.31031,-94.37288,14.0,MISSING/NOT SPECIFIED,TX,Nacogdoches,347,Nacogdoches
2008,2454524.5,59,,4.0,Campfire,,,,1.0,B,30.27786,-97.76949,14.0,MISSING/NOT SPECIFIED,TX,Travis,453,Travis
2008,2454508.5,43,,4.0,Campfire,,,,5.0,B,32.97792,-96.1946,14.0,MISSING/NOT SPECIFIED,TX,Hunt,231,Hunt
2008,2454547.5,82,,4.0,Campfire,,,,1.0,B,32.61108,-97.80392,14.0,MISSING/NOT SPECIFIED,TX,Parker,367,Parker
2008,2454548.5,83,,4.0,Campfire,,,,1.0,B,26.29025,-98.14136,14.0,MISSING/NOT SPECIFIED,TX,Hidalgo,215,Hidalgo
2008,2454497.5,32,,4.0,Campfire,,,,0.2,A,32.7198,-100.9002,14.0,MISSING/NOT SPECIFIED,TX,Scurry,415,Scurry
2008,2454498.5,33,,4.0,Campfire,,,,20.0,C,32.53749,-101.0418,14.0,MISSING/NOT SPECIFIED,TX,Scurry,415,Scurry
2008,2454499.5,34,,4.0,Campfire,,,,0.5,B,32.69682,-100.8709,14.0,MISSING/NOT SPECIFIED,TX,Scurry,415,Scurry
2008,2454568.5,103,,4.0,Campfire,,,,0.1,A,32.45257,-102.571,14.0,MISSING/NOT SPECIFIED,TX,Andrews,003,Andrews
2007,2454275.5,175,,4.0,Campfire,,,,1.0,B,29.5299,-98.78811,14.0,MISSING/NOT SPECIFIED,TX,Medina,325,Medina
2008,2454466.5,1,,4.0,Campfire,,,,0.5,B,29.5299,-98.78811,14.0,MISSING/NOT SPECIFIED,TX,Medina,325,Medina
2008,2454570.5,105,,4.0,Campfire,,,,0.4,B,29.5299,-98.78811,14.0,MISSING/NOT SPECIFIED,TX,Medina,325,Medina
2008,2454562.5,97,,4.0,Campfire,,,,1.0,B,31.81823,-99.04126,14.0,MISSING/NOT SPECIFIED,TX,Brown,049,Brown
2008,2454562.5,97,,4.0,Campfire,,,,1.0,B,31.81435,-99.07233,14.0,MISSING/NOT SPECIFIED,TX,Brown,049,Brown
2008,2454524.5,59,,4.0,Campfire,,,,1.0,B,29.67085,-100.0145,14.0,MISSING/NOT SPECIFIED,TX,Real,385,Real
2008,2454513.5,48,,4.0,Campfire,,,,30.0,C,27.24043,-98.10878,14.0,MISSING/NOT SPECIFIED,TX,Brooks,047,Brooks
2008,2454590.5,125,,4.0,Campfire,,,,1.5,B,30.16927,-97.27464,14.0,MISSING/NOT SPECIFIED,TX,Bastrop,021,Bastrop
2008,2454585.5,120,,4.0,Campfire,,,,50.0,C,31.87297,-95.25278,14.0,MISSING/NOT SPECIFIED,TX,Cherokee,073,Cherokee
2008,2454540.5,75,,4.0,Campfire,,,,0.5,B,29.54436,-94.40049,14.0,MISSING/NOT SPECIFIED,TX,Galveston,167,Galveston
2008,2454556.5,91,,4.0,Campfire,,,,0.5,B,29.50885,-94.49528,14.0,MISSING/NOT SPECIFIED,TX,Galveston,167,Galveston
2008,2454604.5,139,,4.0,Campfire,,,,5.0,B,32.14576,-97.41001,14.0,MISSING/NOT SPECIFIED,TX,Hill,217,Hill
2008,2454485.5,20,,4.0,Campfire,,,,1.0,B,30.35664,-97.32965,14.0,MISSING/NOT SPECIFIED,TX,Bastrop,021,Bastrop
2008,2454658.5,193,,4.0,Campfire,,,,0.05,A,32.756,-98.92,14.0,MISSING/NOT SPECIFIED,TX,Stephens,429,Stephens
2008,2454651.5,186,,4.0,Campfire,,,,0.1,A,30.10651,-97.32206,14.0,MISSING/NOT SPECIFIED,TX,Bastrop,021,Bastrop
2008,2454657.5,192,,4.0,Campfire,,,,0.5,B,30.30615,-96.51675,14.0,MISSING/NOT SPECIFIED,TX,Washington,477,Washington
2008,2454680.5,215,,4.0,Campfire,,,,0.33,B,30.1797,-96.89548,14.0,MISSING/NOT SPECIFIED,TX,Lee,287,Lee
2008,2454680.5,215,,4.0,Campfire,,,,0.5,B,33.61935,-95.05859,14.0,MISSING/NOT SPECIFIED,TX,Red River,387,Red River
2008,2454677.5,212,,4.0,Campfire,,,,0.25,A,32.22796,-95.07084,14.0,MISSING/NOT SPECIFIED,TX,Smith,423,Smith
2008,2454583.5,118,,4.0,Campfire,,,,1.0,B,28.39513,-97.73665,14.0,MISSING/NOT SPECIFIED,TX,Bee,025,Bee
2008,2454520.5,55,,4.0,Campfire,,,,120.0,D,35.62169,-100.2813,14.0,MISSING/NOT SPECIFIED,TX,Hemphill,211,Hemphill
2008,2454532.5,67,,4.0,Campfire,,,,1.0,B,32.48414,-100.4123,14.0,MISSING/NOT SPECIFIED,TX,Nolan,353,Nolan
2008,2454659.5,194,,4.0,Campfire,,,,25.0,C,33.60577,-96.29269,14.0,MISSING/NOT SPECIFIED,TX,Fannin,147,Fannin
2007,2454415.5,315,,4.0,Campfire,,,,195.0,D,31.398,-99.683,14.0,MISSING/NOT SPECIFIED,TX,McCulloch,307,McCulloch
2008,2454679.5,214,,4.0,Campfire,,,,1.0,B,32.2873,-99.82298,14.0,MISSING/NOT SPECIFIED,TX,Taylor,441,Taylor
2008,2454737.5,272,,4.0,Campfire,,,,1.0,B,29.30794,-98.18603,14.0,MISSING/NOT SPECIFIED,TX,Wilson,493,Wilson
2008,2454652.5,187,,4.0,Campfire,,,,2.0,B,33.74726,-98.20055,14.0,MISSING/NOT SPECIFIED,TX,Clay,077,Clay
2008,2454504.5,39,,4.0,Campfire,,,,1.0,B,33.07856,-96.31231,14.0,MISSING/NOT SPECIFIED,TX,Collin,085,Collin
2008,2454679.5,214,,4.0,Campfire,,,,0.1,A,30.62897,-96.24168,14.0,MISSING/NOT SPECIFIED,TX,Brazos,041,Brazos
2008,2454742.5,277,,4.0,Campfire,,,,1.0,B,28.1883,-97.60934,14.0,MISSING/NOT SPECIFIED,TX,Bee,025,Bee
2008,2454622.5,157,,4.0,Campfire,,,,1.0,B,32.0515,-96.34749,14.0,MISSING/NOT SPECIFIED,TX,Navarro,349,Navarro
2008,2454717.5,252,,4.0,Campfire,,,,0.5,B,31.08897,-94.02648,14.0,MISSING/NOT SPECIFIED,TX,Jasper,241,Jasper
2008,2454725.5,260,,4.0,Campfire,,,,0.1,A,29.7531,-98.48514,14.0,MISSING/NOT SPECIFIED,TX,Comal,091,Comal
2008,2454743.5,278,,4.0,Campfire,,,,7.5,B,32.55008,-99.05446,14.0,MISSING/NOT SPECIFIED,TX,Stephens,429,Stephens
2008,2454715.5,250,,4.0,Campfire,,,,1.0,B,32.84813,-98.56528,14.0,MISSING/NOT SPECIFIED,TX,Palo Pinto,363,Palo Pinto
2008,2454715.5,250,,4.0,Campfire,,,,1.0,B,32.84828,-98.56548,14.0,MISSING/NOT SPECIFIED,TX,Palo Pinto,363,Palo Pinto
2008,2454674.5,209,,4.0,Campfire,,,,4.0,B,32.49252,-95.38154,14.0,MISSING/NOT SPECIFIED,TX,Smith,423,Smith
2008,2454768.5,303,,4.0,Campfire,,,,1.0,B,33.22486,-98.37045,14.0,MISSING/NOT SPECIFIED,TX,Young,503,Young
2008,2454772.5,307,,4.0,Campfire,,,,2.0,B,32.00573,-97.99509,14.0,MISSING/NOT SPECIFIED,TX,Bosque,035,Bosque
2008,2454740.5,275,,4.0,Campfire,,,,10.0,C,30.8446,-99.38082,14.0,MISSING/NOT SPECIFIED,TX,Mason,319,Mason
2008,2454772.5,307,,4.0,Campfire,,,,0.15,A,33.08609,-96.5672,14.0,MISSING/NOT SPECIFIED,TX,Collin,085,Collin
2008,2454778.5,313,,4.0,Campfire,,,,1.0,B,31.21501,-93.65401,14.0,MISSING/NOT SPECIFIED,TX,Sabine,403,Sabine
2008,2454659.5,194,,4.0,Campfire,,,,2.0,B,33.121,-96.58349,14.0,MISSING/NOT SPECIFIED,TX,Collin,085,Collin
2008,2454779.5,314,,4.0,Campfire,,,,2.3,B,32.88879,-98.42806,14.0,MISSING/NOT SPECIFIED,TX,Palo Pinto,363,Palo Pinto
2008,2454651.5,186,,4.0,Campfire,,,,5.0,B,31.92086,-100.5366,14.0,MISSING/NOT SPECIFIED,TX,Coke,081,Coke
2008,2454784.5,319,,4.0,Campfire,,,,1.0,B,33.07384,-96.54836,14.0,MISSING/NOT SPECIFIED,TX,Collin,085,Collin
2008,2454785.5,320,,4.0,Campfire,,,,1.0,B,33.07381,-96.54781,14.0,MISSING/NOT SPECIFIED,TX,Collin,085,Collin
2008,2454620.5,155,,4.0,Campfire,,,,5.0,B,33.08562,-96.61417,14.0,MISSING/NOT SPECIFIED,TX,Collin,085,Collin
2008,2454794.5,329,,4.0,Campfire,,,,1.0,B,33.10313,-96.54134,14.0,MISSING/NOT SPECIFIED,TX,Collin,085,Collin
2008,2454794.5,329,,4.0,Campfire,,,,1.0,B,33.10379,-96.5508,14.0,MISSING/NOT SPECIFIED,TX,Collin,085,Collin
2008,2454541.5,76,,4.0,Campfire,,,,1.0,B,33.03172,-96.56818,14.0,MISSING/NOT SPECIFIED,TX,Collin,085,Collin
2008,2454522.5,57,,4.0,Campfire,,,,1.0,B,33.11843,-96.59575,14.0,MISSING/NOT SPECIFIED,TX,Collin,085,Collin
2008,2454768.5,303,,4.0,Campfire,,,,0.5,B,28.51802,-96.8034,14.0,MISSING/NOT SPECIFIED,TX,Calhoun,057,Calhoun
2008,2454800.5,335,,4.0,Campfire,,,,10.0,C,30.26087,-98.95391,14.0,MISSING/NOT SPECIFIED,TX,Gillespie,171,Gillespie
2008,2454807.5,342,,4.0,Campfire,,,,8.9,B,33.45631,-95.19531,14.0,MISSING/NOT SPECIFIED,TX,Red River,387,Red River
2008,2454806.5,341,,4.0,Campfire,,,,2.0,B,30.47919,-99.77818,14.0,MISSING/NOT SPECIFIED,TX,Kimble,267,Kimble
2008,2454804.5,339,,4.0,Campfire,,,,25.0,C,27.61733,-97.22874,14.0,MISSING/NOT SPECIFIED,TX,Nueces,355,Nueces
2008,2454680.5,215,,4.0,Campfire,,,,2.0,B,29.54685,-94.39557,14.0,MISSING/NOT SPECIFIED,TX,Galveston,167,Galveston
2008,2454800.5,335,,4.0,Campfire,,,,0.01,A,31.19553,-99.5815,14.0,MISSING/NOT SPECIFIED,TX,McCulloch,307,McCulloch
2008,2454800.5,335,,4.0,Campfire,,,,10.0,C,29.35965,-97.93434,14.0,MISSING/NOT SPECIFIED,TX,Wilson,493,Wilson
2007,2454384.5,284,,4.0,Campfire,,,,8.0,B,31.6805,-94.2975,14.0,MISSING/NOT SPECIFIED,TX,Nacogdoches,347,Nacogdoches
2007,2454387.5,287,,4.0,Campfire,,,,20.0,C,33.75472,-95.14111,14.0,MISSING/NOT SPECIFIED,TX,Red River,387,Red River
2007,2454394.5,294,,4.0,Campfire,,,,20.0,C,30.41878,-94.41805,14.0,MISSING/NOT SPECIFIED,TX,Hardin,199,Hardin
2007,2454409.5,309,,4.0,Campfire,,,,15.0,C,30.56653,-95.49286,14.0,MISSING/NOT SPECIFIED,TX,Montgomery,339,Montgomery
2007,2454410.5,310,,4.0,Campfire,,,,15.0,C,31.0125,-93.63055,14.0,MISSING/NOT SPECIFIED,TX,Newton,351,Newton
2007,2454419.5,319,,4.0,Campfire,,,,1.0,B,33.74722,-95.075,14.0,MISSING/NOT SPECIFIED,TX,Red River,387,Red River
2007,2454421.5,321,,4.0,Campfire,,,,20.0,C,30.11947,-95.75733,14.0,MISSING/NOT SPECIFIED,TX,Montgomery,339,Montgomery
2007,2454420.5,320,,4.0,Campfire,,,,30.0,C,30.7075,-98.43611,14.0,MISSING/NOT SPECIFIED,TX,Llano,299,Llano
2008,2454467.5,2,,4.0,Campfire,,,,5.0,B,32.81856,-94.58387,14.0,MISSING/NOT SPECIFIED,TX,Marion,315,Marion
2007,2454464.5,364,,4.0,Campfire,,,,25.0,C,29.68528,-99.12583,14.0,MISSING/NOT SPECIFIED,TX,Bandera,019,Bandera
2008,2454469.5,4,,4.0,Campfire,,,,4.0,B,31.80611,-94.61028,14.0,MISSING/NOT SPECIFIED,TX,Nacogdoches,347,Nacogdoches
2008,2454503.5,38,,4.0,Campfire,,,,1.0,B,32.28407,-94.39029,14.0,MISSING/NOT SPECIFIED,TX,Panola,365,Panola
2008,2454535.5,70,,4.0,Campfire,,,,120.0,D,34.6165,-100.9823,14.0,MISSING/NOT SPECIFIED,TX,Briscoe,045,Briscoe
2008,2454548.5,83,,4.0,Campfire,,,,1.0,B,30.26403,-95.807,14.0,MISSING/NOT SPECIFIED,TX,Waller,473,Waller
2008,2454573.5,108,,4.0,Campfire,,,,20.0,C,31.76689,-95.74008,14.0,MISSING/NOT SPECIFIED,TX,Anderson,001,Anderson
2008,2454624.5,159,,4.0,Campfire,,,,20.0,C,29.81974,-96.27803,14.0,MISSING/NOT SPECIFIED,TX,Austin,015,Austin
2008,2454626.5,161,,4.0,Campfire,,,,1.0,B,32.50203,-95.42522,14.0,MISSING/NOT SPECIFIED,TX,Smith,423,Smith
2008,2454650.5,185,,4.0,Campfire,,,,1.0,B,31.65964,-95.73309,14.0,MISSING/NOT SPECIFIED,TX,Anderson,001,Anderson
2008,2454669.5,204,,4.0,Campfire,,,,140.0,D,29.92693,-98.05344,14.0,MISSING/NOT SPECIFIED,TX,Hays,209,Hays
2008,2454716.5,251,,4.0,Campfire,,,,2.0,B,30.07272,-97.22596,14.0,MISSING/NOT SPECIFIED,TX,Bastrop,021,Bastrop
2008,2454742.5,277,,4.0,Campfire,,,,10.0,C,31.02139,-94.06834,14.0,MISSING/NOT SPECIFIED,TX,Jasper,241,Jasper
2008,2454744.5,279,,4.0,Campfire,,,,7.0,B,30.43528,-94.26195,14.0,MISSING/NOT SPECIFIED,TX,Hardin,199,Hardin
2008,2454774.5,309,,4.0,Campfire,,,,12.0,C,31.42541,-94.68188,14.0,MISSING/NOT SPECIFIED,TX,Angelina,005,Angelina
2008,2454772.5,307,,4.0,Campfire,,,,2.0,B,31.48409,-93.97838,14.0,MISSING/NOT SPECIFIED,TX,Sabine,403,Sabine
2008,2454807.5,342,,4.0,Campfire,,,,15.0,C,32.38528,-95.19778,14.0,MISSING/NOT SPECIFIED,TX,Smith,423,Smith
2008,2454829.5,364,,4.0,Campfire,,,,0.1,A,32.99653,-96.50029,14.0,MISSING/NOT SPECIFIED,TX,Collin,085,Collin
2008,2454800.5,335,,4.0,Campfire,,,,10.0,C,29.32402,-97.85897,14.0,MISSING/NOT SPECIFIED,TX,Wilson,493,Wilson
2008,2454812.5,347,,4.0,Campfire,,,,0.01,A,29.17578,-97.91621,14.0,MISSING/NOT SPECIFIED,TX,Wilson,493,Wilson
2008,2454650.5,185,,4.0,Campfire,,,,2.0,B,31.65864,-95.72555,14.0,MISSING/NOT SPECIFIED,TX,Anderson,001,Anderson
2008,2454792.5,327,,4.0,Campfire,,,,0.1,A,30.27159,-94.23253,14.0,MISSING/NOT SPECIFIED,TX,Hardin,199,Hardin
2008,2454820.5,355,,4.0,Campfire,,,,0.1,A,30.27431,-94.19553,14.0,MISSING/NOT SPECIFIED,TX,Hardin,199,Hardin
2008,2454771.5,306,,4.0,Campfire,,,,7.0,B,33.36605,-96.50236,14.0,MISSING/NOT SPECIFIED,TX,Collin,085,Collin
2008,2454661.5,196,,4.0,Campfire,,,,250.0,D,30.51144,-98.82642,14.0,MISSING/NOT SPECIFIED,TX,Llano,299,Llano
2008,2454668.5,203,,4.0,Campfire,,,,10.0,C,30.5131,-98.82977,14.0,MISSING/NOT SPECIFIED,TX,Llano,299,Llano
2008,2454702.5,237,,4.0,Campfire,,,,2.0,B,31.46,-97.27,14.0,MISSING/NOT SPECIFIED,TX,Bosque,035,Bosque
2008,2454819.5,354,,4.0,Campfire,,,,1.0,B,31.44,-97.35,14.0,MISSING/NOT SPECIFIED,TX,Bosque,035,Bosque
2008,2454827.5,362,,4.0,Campfire,,,,10.0,C,31.57728,-97.87603,14.0,MISSING/NOT SPECIFIED,TX,Coryell,099,Coryell
2008,2454811.5,346,,4.0,Campfire,,,,0.1,A,29.43887,-98.73074,14.0,MISSING/NOT SPECIFIED,TX,Bexar,029,Bexar
2008,2454824.5,359,,4.0,Campfire,,,,1.5,B,30.41049,-96.54695,14.0,MISSING/NOT SPECIFIED,TX,Burleson,051,Burleson
2008,2454801.5,336,,4.0,Campfire,,,,1.0,B,30.25965,-97.69351,14.0,MISSING/NOT SPECIFIED,TX,Travis,453,Travis
2008,2454763.5,298,,4.0,Campfire,,,,0.1,A,30.14893,-97.28941,14.0,MISSING/NOT SPECIFIED,TX,Bastrop,021,Bastrop
2008,2454780.5,315,,4.0,Campfire,,,,0.1,A,30.17617,-97.25769,14.0,MISSING/NOT SPECIFIED,TX,Bastrop,021,Bastrop
2008,2454513.5,48,,4.0,Campfire,,,,0.25,A,29.43241,-98.80427,14.0,MISSING/NOT SPECIFIED,TX,Bexar,029,Bexar
2008,2454804.5,339,,4.0,Campfire,,,,1.0,B,32.48579,-100.3589,14.0,MISSING/NOT SPECIFIED,TX,Nolan,353,Nolan
2008,2454620.5,155,,4.0,Campfire,,,,2.0,B,29.66983,-100.0311,14.0,MISSING/NOT SPECIFIED,TX,Edwards,137,Edwards
2008,2454684.5,219,,4.0,Campfire,,,,1.0,B,29.61029,-100.0073,14.0,MISSING/NOT SPECIFIED,TX,Uvalde,463,Uvalde
2008,2454806.5,341,,4.0,Campfire,,,,7.0,B,29.59286,-100.0032,14.0,MISSING/NOT SPECIFIED,TX,Uvalde,463,Uvalde
2008,2454721.5,256,,4.0,Campfire,,,,0.1,A,29.48476,-98.29336,14.0,MISSING/NOT SPECIFIED,TX,Bexar,029,Bexar
2008,2454800.5,335,,4.0,Campfire,,,,10.0,C,29.32936,-97.88443,14.0,MISSING/NOT SPECIFIED,TX,Wilson,493,Wilson
2008,2454708.5,243,,4.0,Campfire,,,,0.1,A,32.24154,-94.81682,14.0,MISSING/NOT SPECIFIED,TX,Rusk,401,Rusk
2008,2454708.5,243,,4.0,Campfire,,,,0.1,A,32.24095,-94.81735,14.0,MISSING/NOT SPECIFIED,TX,Rusk,401,Rusk
2008,2454708.5,243,,4.0,Campfire,,,,0.1,A,32.24133,-94.81755,14.0,MISSING/NOT SPECIFIED,TX,Rusk,401,Rusk
2008,2454708.5,243,,4.0,Campfire,,,,0.12,A,32.24205,-94.81713,14.0,MISSING/NOT SPECIFIED,TX,Rusk,401,Rusk
2008,2454708.5,243,,4.0,Campfire,,,,0.1,A,32.35091,-94.80717,14.0,MISSING/NOT SPECIFIED,TX,Rusk,401,Rusk
2008,2454820.5,355,,4.0,Campfire,,,,0.01,A,29.49349,-98.3344,14.0,MISSING/NOT SPECIFIED,TX,Bexar,029,Bexar
2008,2454764.5,299,,4.0,Campfire,,,,0.5,B,32.93034,-96.44632,14.0,MISSING/NOT SPECIFIED,TX,Rockwall,397,Rockwall
2008,2454492.5,27,,4.0,Campfire,,,,12.0,C,29.11912,-99.12912,14.0,MISSING/NOT SPECIFIED,TX,Medina,325,Medina
2008,2454514.5,49,,4.0,Campfire,,,,50.0,C,29.17718,-99.09227,14.0,MISSING/NOT SPECIFIED,TX,Medina,325,Medina
2008,2454769.5,304,,4.0,Campfire,,,,1.0,B,32.73077,-94.55493,14.0,MISSING/NOT SPECIFIED,TX,Marion,315,Marion
2008,2454772.5,307,,4.0,Campfire,,,,6.0,B,33.37829,-97.46665,14.0,MISSING/NOT SPECIFIED,TX,Wise,497,Wise
2008,2454520.5,55,,4.0,Campfire,,,,0.25,A,33.53501,-101.7192,14.0,MISSING/NOT SPECIFIED,TX,Lubbock,303,Lubbock
2008,2454540.5,75,,4.0,Campfire,,,,0.15,A,33.53514,-101.719,14.0,MISSING/NOT SPECIFIED,TX,Lubbock,303,Lubbock
2008,2454546.5,81,,4.0,Campfire,,,,0.25,A,33.53514,-101.719,14.0,MISSING/NOT SPECIFIED,TX,Lubbock,303,Lubbock
2008,2454540.5,75,,4.0,Campfire,,,,1.0,B,33.88031,-97.6569,14.0,MISSING/NOT SPECIFIED,TX,Montague,337,Montague
2008,2454493.5,28,,4.0,Campfire,,,,5.0,B,33.88039,-97.65741,14.0,MISSING/NOT SPECIFIED,TX,Montague,337,Montague
2008,2454624.5,159,,4.0,Campfire,,,,30.0,C,29.47792,-96.14925,14.0,MISSING/NOT SPECIFIED,TX,Austin,015,Austin
2008,2454729.5,264,,4.0,Campfire,,,,0.1,A,30.98372,-97.67454,14.0,MISSING/NOT SPECIFIED,TX,Bell,027,Bell
2008,2454785.5,320,,4.0,Campfire,,,,5.0,B,29.01196,-97.94183,14.0,MISSING/NOT SPECIFIED,TX,Karnes,255,Karnes
2008,2454827.5,362,,4.0,Campfire,,,,0.5,B,33.64206,-97.64167,14.0,MISSING/NOT SPECIFIED,TX,Montague,337,Montague
2008,2454765.5,300,,4.0,Campfire,,,,1.0,B,31.97585,-95.18103,14.0,MISSING/NOT SPECIFIED,TX,Cherokee,073,Cherokee
2008,2454822.5,357,,4.0,Campfire,,,,28.0,C,31.47052,-94.82715,14.0,MISSING/NOT SPECIFIED,TX,Angelina,005,Angelina
2000,2451586.5,43,1345,4.0,Campfire,2451586.5,43,1445,0.2,A,31.09805556,-95.17361111,13.0,STATE OR PRIVATE,TX,,,
1998,2450846.5,33,0916,4.0,Campfire,,,,0.1,A,29.0674,-103.46294,3.0,NPS,TX,,,
2010,2455472.5,276,1438,4.0,Campfire,2455472.5,276,1542,0.1,A,31.1719444,-95.3336111,5.0,USFS,TX,455,455,Trinity
2010,2455474.5,278,1330,4.0,Campfire,2455475.5,279,1130,0.5,B,35.2122222,-100.866389,5.0,USFS,TX,179,179,Gray
2010,2455507.5,311,2300,4.0,Campfire,2455507.5,311,2359,0.1,A,30.49,-95.5747222,5.0,USFS,TX,471,471,Walker
2010,2455490.5,294,1500,4.0,Campfire,2455490.5,294,1930,12.0,C,31.1291667,-95.1661111,13.0,STATE OR PRIVATE,TX,455,455,Trinity
2010,2455493.5,297,1210,4.0,Campfire,2455493.5,297,1300,0.1,A,31.2455556,-94.2872222,5.0,USFS,TX,405,405,San Augustine
2010,2455547.5,351,1434,4.0,Campfire,2455547.5,351,1800,5.1,B,33.325,-97.6452778,5.0,USFS,TX,497,497,Wise
2010,2455317.5,121,1700,4.0,Campfire,2455317.5,121,1730,0.1,A,31.89525,-104.82608,3.0,NPS,TX,,,
2010,2455254.5,58,1250,4.0,Campfire,2455254.5,58,1630,0.1,A,35.4658,-101.8419,3.0,NPS,TX,,,
2010,2455255.5,59,1200,4.0,Campfire,2455255.5,59,1210,0.1,A,35.4639,-101.8447,3.0,NPS,TX,,,
2010,2455269.5,73,1200,4.0,Campfire,2455269.5,73,1210,0.1,A,35.4714,-101.8194,3.0,NPS,TX,,,
2010,2455291.5,95,1150,4.0,Campfire,2455291.5,95,1152,0.1,A,35.7228,-101.6653,3.0,NPS,TX,,,
2010,2455291.5,95,1326,4.0,Campfire,2455291.5,95,1326,0.1,A,35.4647,-101.8419,3.0,NPS,TX,,,
2010,2455296.5,100,1345,4.0,Campfire,2455296.5,100,1400,0.1,A,35.5419,-101.7317,3.0,NPS,TX,,,
2010,2455297.5,101,1100,4.0,Campfire,2455297.5,101,1130,0.1,A,35.7228,-101.6653,3.0,NPS,TX,,,
2010,2455318.5,122,1130,4.0,Campfire,2455318.5,122,1135,0.1,A,35.7214,-101.6614,3.0,NPS,TX,,,
2010,2455326.5,130,1130,4.0,Campfire,2455326.5,130,1200,0.1,A,35.63,-101.5994,3.0,NPS,TX,,,
2010,2455449.5,253,0900,4.0,Campfire,2455449.5,253,1000,0.1,A,35.4653,-101.8472,3.0,NPS,TX,,,
2010,2455259.5,63,1315,4.0,Campfire,,,,0.5,B,34.1325,-98.6098,8.0,PRIVATE,TX,,,
2011,2455667.5,106,0750,4.0,Campfire,2455667.5,106,,15.4,C,31.19305556,-94.4225,5.0,USFS,TX,,,
2011,2455612.5,51,1630,4.0,Campfire,2455612.5,51,1900,8.7,B,31.0475,-94.15555556,5.0,USFS,TX,,,
2011,2455625.5,64,1300,4.0,Campfire,2455625.5,64,1800,28.0,C,31.03194444,-94.39527778,5.0,USFS,TX,,,
2011,2455632.5,71,1415,4.0,Campfire,2455632.5,71,1515,0.1,A,30.49333333,-95.60055556,5.0,USFS,TX,,,
2011,2455605.5,44,1730,4.0,Campfire,2455605.5,44,1823,13.9,C,31.42472222,-93.75222222,5.0,USFS,TX,,,
2011,2455633.5,72,1300,4.0,Campfire,2455633.5,72,1800,0.1,A,31.03361111,-94.28083333,5.0,USFS,TX,,,
2011,2455619.5,58,1200,4.0,Campfire,2455619.5,58,1600,9.7,B,35.47225,-101.81997,3.0,NPS,TX,,,
2011,2455687.5,126,1800,4.0,Campfire,2455687.5,126,1900,0.1,A,35.4647,-101.8489,3.0,NPS,TX,,,
2011,2455751.5,190,1600,4.0,Campfire,2455751.5,190,1900,0.1,A,35.4814,-101.7853,3.0,NPS,TX,,,
2011,2455807.5,246,1230,4.0,Campfire,,,,0.1,A,29.68555556,-94.07944444,4.0,FWS,TX,,,
2009,2454848.5,17,0644,4.0,Campfire,2454848.5,17,0840,10.0,C,32.02416941,-94.11424093,13.0,STATE OR PRIVATE,TX,Panola,365,Panola
2009,2454849.5,18,1349,4.0,Campfire,2454849.5,18,1516,12.0,C,33.54194444,-94.8625,13.0,STATE OR PRIVATE,TX,Red River,387,Red River
2009,2454849.5,18,1358,4.0,Campfire,2454849.5,18,,8.0,B,32.5375,-94.1219,13.0,STATE OR PRIVATE,TX,Harrison,203,Harrison
2009,2454850.5,19,1343,4.0,Campfire,2454850.5,19,1518,10.0,C,33.77638889,-95.328335,13.0,STATE OR PRIVATE,TX,Lamar,277,Lamar
2009,2454867.5,36,1415,4.0,Campfire,2454867.5,36,1536,2.0,B,30.1887705,-95.38944784,13.0,STATE OR PRIVATE,TX,Montgomery,339,Montgomery
2009,2454868.5,37,1636,4.0,Campfire,2454868.5,37,1727,2.0,B,32.525,-94.508,13.0,STATE OR PRIVATE,TX,Harrison,203,Harrison
2009,2454870.5,39,1449,4.0,Campfire,2454870.5,39,1731,40.0,C,30.95438889,-95.50455556,13.0,STATE OR PRIVATE,TX,Walker,471,Walker
2009,2454882.5,51,1336,4.0,Campfire,2454882.5,51,1527,3.0,B,32.28805556,-96.21383333,13.0,STATE OR PRIVATE,TX,Henderson,213,Henderson
2009,2454883.5,52,1300,4.0,Campfire,2454884.5,53,1800,8.0,B,30.29205,-98.41843333,13.0,STATE OR PRIVATE,TX,Blanco,031,Blanco
2009,2454888.5,57,1449,4.0,Campfire,2454888.5,57,1719,17.0,C,29.9918,-95.1996,13.0,STATE OR PRIVATE,TX,Harris,201,Harris
2009,2454890.5,59,1822,4.0,Campfire,2454890.5,59,2052,15.0,C,32.79814065,-94.66291144,13.0,STATE OR PRIVATE,TX,Marion,315,Marion
2009,2454896.5,65,1600,4.0,Campfire,2454897.5,66,1800,125.0,D,28.75194444,-99.76851667,13.0,STATE OR PRIVATE,TX,Zavala,507,Zavala
2009,2454898.5,67,1800,4.0,Campfire,2454900.5,69,1800,4.0,B,32.53825,-97.265,13.0,STATE OR PRIVATE,TX,Johnson,251,Johnson
2009,2454912.5,81,1400,4.0,Campfire,2454912.5,81,2321,230.4,D,33.79182332,-95.63318829,13.0,STATE OR PRIVATE,TX,Lamar,277,Lamar
2009,2454912.5,81,1652,4.0,Campfire,2454912.5,81,1940,50.0,C,33.30616667,-95.1986,13.0,STATE OR PRIVATE,TX,Franklin,159,Franklin
2009,2454932.5,101,1100,4.0,Campfire,2454932.5,101,1704,550.0,E,33.72221532,-95.20932831,13.0,STATE OR PRIVATE,TX,Red River,387,Red River
2009,2454996.5,165,1430,4.0,Campfire,2455000.5,169,1700,200.0,D,30.05666667,-98.51333333,13.0,STATE OR PRIVATE,TX,Blanco,031,Blanco
2009,2454997.5,166,2000,4.0,Campfire,2454998.5,167,1602,122.0,D,31.12611111,-95.16722222,13.0,STATE OR PRIVATE,TX,Trinity,455,Trinity
2009,2455003.5,172,1550,4.0,Campfire,2455003.5,172,1820,2.0,B,31.10377214,-94.21480529,13.0,STATE OR PRIVATE,TX,Angelina,005,Angelina
2009,2455022.5,191,1708,4.0,Campfire,2455022.5,191,2040,30.0,C,32.229583,-94.677083,13.0,STATE OR PRIVATE,TX,Rusk,401,Rusk
2009,2455082.5,251,1400,4.0,Campfire,2455082.5,251,1555,4.0,B,31.22311667,-95.04691667,13.0,STATE OR PRIVATE,TX,Trinity,455,Trinity
2009,2455186.5,355,1237,4.0,Campfire,2455186.5,355,1535,50.0,C,32.26861111,-95.20194444,13.0,STATE OR PRIVATE,TX,Smith,423,Smith
2010,2455223.5,27,1611,4.0,Campfire,2455223.5,27,1737,12.0,C,30.27111111,-95.33305556,13.0,STATE OR PRIVATE,TX,Montgomery,339,Montgomery
2010,2455284.5,88,1928,4.0,Campfire,2455284.5,88,2234,4.0,B,32.81195,-95.10606667,13.0,STATE OR PRIVATE,TX,Upshur,459,Upshur
2010,2455297.5,101,1500,4.0,Campfire,2455297.5,101,1617,2.0,B,31.10194444,-94.0375,13.0,STATE OR PRIVATE,TX,Jasper,241,Jasper
2010,2455343.5,147,1614,4.0,Campfire,2455343.5,147,1753,2.0,B,30.44011667,-94.2623,13.0,STATE OR PRIVATE,TX,Hardin,199,Hardin
2010,2455411.5,215,1251,4.0,Campfire,2455411.5,215,1426,2.0,B,31.23979806,-93.97026722,13.0,STATE OR PRIVATE,TX,Sabine,403,Sabine
2010,2455422.5,226,1731,4.0,Campfire,2455422.5,226,1856,6.0,B,32.77335306,-94.24765278,13.0,STATE OR PRIVATE,TX,Marion,315,Marion
2010,2455445.5,249,1331,4.0,Campfire,2455445.5,249,1424,3.0,B,32.61571667,-94.4688,13.0,STATE OR PRIVATE,TX,Harrison,203,Harrison
2010,2455487.5,291,1300,4.0,Campfire,2455487.5,291,1610,6.0,B,31.96888889,-95.19416667,13.0,STATE OR PRIVATE,TX,Cherokee,073,Cherokee
2010,2455491.5,295,1600,4.0,Campfire,2455491.5,295,1858,3.0,B,31.02283333,-94.31316667,13.0,STATE OR PRIVATE,TX,Tyler,457,Tyler
2010,2455498.5,302,1905,4.0,Campfire,2455498.5,302,2144,1.0,B,30.26351667,-95.7913,13.0,STATE OR PRIVATE,TX,Montgomery,339,Montgomery
2010,2455499.5,303,1228,4.0,Campfire,2455499.5,303,1326,4.0,B,30.67222222,-94.26944444,13.0,STATE OR PRIVATE,TX,Tyler,457,Tyler
2010,2455500.5,304,0304,4.0,Campfire,2455500.5,304,0448,4.0,B,30.82055556,-94.37861111,13.0,STATE OR PRIVATE,TX,Tyler,457,Tyler
2010,2455500.5,304,1200,4.0,Campfire,2455500.5,304,1311,2.0,B,30.65666667,-94.7425,13.0,STATE OR PRIVATE,TX,Polk,373,Polk
2010,2455500.5,304,1630,4.0,Campfire,2455500.5,304,1833,5.0,B,32.23812892,-94.27355717,13.0,STATE OR PRIVATE,TX,Panola,365,Panola
2010,2455542.5,346,1546,4.0,Campfire,2455542.5,346,1707,3.0,B,32.51688333,-94.50376667,13.0,STATE OR PRIVATE,TX,Harrison,203,Harrison
2010,2455542.5,346,2250,4.0,Campfire,2455543.5,347,0250,6.0,B,31.92444444,-95.22705556,13.0,STATE OR PRIVATE,TX,Cherokee,073,Cherokee
2010,2455547.5,351,1700,4.0,Campfire,2455547.5,351,2050,3.0,B,31.0212,-95.04701667,13.0,STATE OR PRIVATE,TX,Trinity,455,Trinity
2010,2455549.5,353,1800,4.0,Campfire,2455549.5,353,2000,1.0,B,30.80315,-94.83656667,13.0,STATE OR PRIVATE,TX,Polk,373,Polk
2010,2455552.5,356,0556,4.0,Campfire,2455552.5,356,0835,1.0,B,30.13905,-95.65203333,13.0,STATE OR PRIVATE,TX,Montgomery,339,Montgomery
2011,2455562.5,1,0955,4.0,Campfire,2455562.5,1,1117,2.0,B,31.67869093,-94.62146195,13.0,STATE OR PRIVATE,TX,Nacogdoches,347,Nacogdoches
2011,2455562.5,1,1420,4.0,Campfire,2455562.5,1,1716,25.0,C,30.41235,-95.68106667,13.0,STATE OR PRIVATE,TX,Montgomery,339,Montgomery
2011,2455564.5,3,1410,4.0,Campfire,2455564.5,3,1532,47.0,C,32.87555556,-94.54805556,13.0,STATE OR PRIVATE,TX,Marion,315,Marion
2011,2455568.5,7,0536,4.0,Campfire,2455568.5,7,0830,10.0,C,31.47216606,-94.80765714,13.0,STATE OR PRIVATE,TX,Angelina,005,Angelina
2011,2455598.5,37,1520,4.0,Campfire,2455598.5,37,1845,14.0,C,31.13827,-97.31668,13.0,STATE OR PRIVATE,TX,Bell,027,Bell
2011,2455605.5,44,1200,4.0,Campfire,2455605.5,44,,1.0,B,32.93379028,-94.08927389,13.0,STATE OR PRIVATE,TX,Cass,067,Cass
2011,2455619.5,58,1200,4.0,Campfire,2455619.5,58,1245,10.0,C,35.46805556,-101.84222222,13.0,STATE OR PRIVATE,TX,Potter,375,Potter
2011,2455621.5,60,1238,4.0,Campfire,2455621.5,60,2059,30.0,C,30.51888889,-94.10444444,13.0,STATE OR PRIVATE,TX,Hardin,199,Hardin
2011,2455622.5,61,1709,4.0,Campfire,2455622.5,61,2022,3.0,B,30.14986667,-95.6755,13.0,STATE OR PRIVATE,TX,Montgomery,339,Montgomery
2011,2455622.5,61,2058,4.0,Campfire,2455622.5,61,2230,3.0,B,30.21638889,-94.37805556,13.0,STATE OR PRIVATE,TX,Hardin,199,Hardin
2011,2455631.5,70,1930,4.0,Campfire,2455631.5,70,2215,3.0,B,29.95277778,-97.31916667,13.0,STATE OR PRIVATE,TX,Bastrop,021,Bastrop
2011,2455632.5,71,1500,4.0,Campfire,2455632.5,71,1700,8.0,B,33.0888,-94.91411667,13.0,STATE OR PRIVATE,TX,Titus,449,Titus
2011,2455637.5,76,1440,4.0,Campfire,2455637.5,76,1614,3.0,B,32.17821667,-94.20615,13.0,STATE OR PRIVATE,TX,Panola,365,Panola
2011,2455644.5,83,1200,4.0,Campfire,2455644.5,83,1420,7.0,B,31.04233333,-94.40968333,13.0,STATE OR PRIVATE,TX,Jasper,241,Jasper
2011,2455646.5,85,1319,4.0,Campfire,2455646.5,85,1506,1.0,B,30.27116667,-93.91866667,13.0,STATE OR PRIVATE,TX,Jasper,241,Jasper
2011,2455648.5,87,1607,4.0,Campfire,2455648.5,87,1721,3.0,B,30.70035,-93.78556667,13.0,STATE OR PRIVATE,TX,Newton,351,Newton
2011,2455652.5,91,1433,4.0,Campfire,2455652.5,91,1832,122.0,D,31.58503333,-94.26758333,13.0,STATE OR PRIVATE,TX,San Augustine,405,San Augustine
2011,2455668.5,107,1435,4.0,Campfire,2455669.5,108,1800,100.0,D,30.22971667,-97.88791667,13.0,STATE OR PRIVATE,TX,Travis,453,Travis
2011,2455672.5,111,1438,4.0,Campfire,2455672.5,111,1747,130.0,D,31.14583333,-93.5525,13.0,STATE OR PRIVATE,TX,Newton,351,Newton
2011,2455677.5,116,1634,4.0,Campfire,2455677.5,116,1717,1.0,B,31.0633,-93.51951667,13.0,STATE OR PRIVATE,TX,Newton,351,Newton
2011,2455723.5,162,1727,4.0,Campfire,2455724.5,163,1443,19.0,C,32.4225,-94.11,13.0,STATE OR PRIVATE,TX,Harrison,203,Harrison
2011,2455725.5,164,1800,4.0,Campfire,2455733.5,172,2000,1771.0,F,32.84633333,-98.247,13.0,STATE OR PRIVATE,TX,Palo Pinto,363,Palo Pinto
2011,2455760.5,199,1413,4.0,Campfire,2455760.5,199,1645,13.0,C,30.99331867,-95.20489627,13.0,STATE OR PRIVATE,TX,Trinity,455,Trinity
2011,2455765.5,204,0749,4.0,Campfire,2455765.5,204,1110,10.0,C,31.65591667,-95.7331,13.0,STATE OR PRIVATE,TX,Anderson,001,Anderson
2011,2455780.5,219,1400,4.0,Campfire,2455783.5,222,1800,7328.0,G,33.39316667,-98.03966667,13.0,STATE OR PRIVATE,TX,Jack,237,Jack
2011,2455805.5,244,2025,4.0,Campfire,2455805.5,244,2141,3.0,B,32.31301,-94.3607,13.0,STATE OR PRIVATE,TX,Panola,365,Panola
2011,2455807.5,246,1407,4.0,Campfire,2455807.5,246,1640,89.0,C,33.45166833,-95.02861111,13.0,STATE OR PRIVATE,TX,Red River,387,Red River
2011,2455812.5,251,1441,4.0,Campfire,2455812.5,251,1711,4.0,B,30.58527778,-94.14518333,13.0,STATE OR PRIVATE,TX,Tyler,457,Tyler
2011,2455843.5,282,1800,4.0,Campfire,2455843.5,282,2040,1.0,B,30.4241833,-94.66711666,13.0,STATE OR PRIVATE,TX,Hardin,199,Hardin
2011,2455847.5,286,1140,4.0,Campfire,2455847.5,286,1500,17.0,C,33.16450602,-95.95327203,13.0,STATE OR PRIVATE,TX,Hunt,231,Hunt
2011,2455890.5,329,1600,4.0,Campfire,2455890.5,329,1840,15.0,C,31.72128333,-94.34523333,13.0,STATE OR PRIVATE,TX,Shelby,419,Shelby
2011,2455914.5,353,1807,4.0,Campfire,2455914.5,353,2037,5.0,B,30.21618333,-93.73451667,13.0,STATE OR PRIVATE,TX,Orange,361,Orange
2011,2455807.5,246,,4.0,Campfire,,,,1.0,B,29.702438,-98.1447,13.0,STATE OR PRIVATE,TX,Comal,091,Comal
2011,2455807.5,246,,4.0,Campfire,,,,100.0,D,28.879176,-97.472677,13.0,STATE OR PRIVATE,TX,Goliad,175,Goliad
2011,2455808.5,247,,4.0,Campfire,,,,2.0,B,28.879477,-97.473106,13.0,STATE OR PRIVATE,TX,Goliad,175,Goliad
2011,2455808.5,247,,4.0,Campfire,,,,20.0,C,29.9044055,-98.2295571,13.0,STATE OR PRIVATE,TX,Comal,091,Comal
2009,2454832.5,1,,4.0,Campfire,,,,7.0,B,33.29154485,-94.93952643,13.0,STATE OR PRIVATE,TX,Titus,449,Titus
2009,2454832.5,1,,4.0,Campfire,,,,1.0,B,31.33309783,-95.49689559,13.0,STATE OR PRIVATE,TX,Houston,225,Houston
2009,2454832.5,1,,4.0,Campfire,,,,0.5,B,30.65962868,-97.77762395,13.0,STATE OR PRIVATE,TX,Williamson,491,Williamson
2009,2454834.5,3,,4.0,Campfire,,,,4.0,B,34.33667562,-100.89679031,13.0,STATE OR PRIVATE,TX,Hall,191,Hall
2009,2454834.5,3,,4.0,Campfire,,,,0.1,A,30.2677689,-94.20978523,13.0,STATE OR PRIVATE,TX,Hardin,199,Hardin
2009,2454835.5,4,,4.0,Campfire,,,,1.0,B,32.767416,-94.573421,13.0,STATE OR PRIVATE,TX,Marion,315,Marion
2009,2454840.5,9,,4.0,Campfire,,,,1.0,B,33.06865787,-96.1897931,13.0,STATE OR PRIVATE,TX,Hunt,231,Hunt
2009,2454843.5,12,,4.0,Campfire,,,,0.1,A,30.946623,-98.279958,13.0,STATE OR PRIVATE,TX,Burnet,053,Burnet
2009,2454844.5,13,,4.0,Campfire,,,,1.0,B,31.62099,-95.8666,13.0,STATE OR PRIVATE,TX,Freestone,161,Freestone
2009,2454844.5,13,,4.0,Campfire,,,,0.5,B,28.80855478,-97.85700053,13.0,STATE OR PRIVATE,TX,Karnes,255,Karnes
2009,2454845.5,14,,4.0,Campfire,,,,1.0,B,31.79,-97.57,13.0,STATE OR PRIVATE,TX,Bosque,035,Bosque
2009,2454846.5,15,,4.0,Campfire,,,,5.0,B,29.90280499,-99.02093466,13.0,STATE OR PRIVATE,TX,Kerr,265,Kerr
2009,2454846.5,15,,4.0,Campfire,,,,0.5,B,32.388959,-99.51261408,13.0,STATE OR PRIVATE,TX,Callahan,059,Callahan
2009,2454846.5,15,,4.0,Campfire,,,,0.5,B,32.3285459,-94.94778675,13.0,STATE OR PRIVATE,TX,Rusk,401,Rusk
2009,2454847.5,16,,4.0,Campfire,,,,0.5,B,32.22120518,-95.35180677,13.0,STATE OR PRIVATE,TX,Smith,423,Smith
2009,2454848.5,17,,4.0,Campfire,,,,60.0,C,27.32427547,-98.30280274,13.0,STATE OR PRIVATE,TX,Duval,131,Duval
2009,2454848.5,17,,4.0,Campfire,,,,1.0,B,31.84677962,-98.3998971,13.0,STATE OR PRIVATE,TX,Comanche,093,Comanche
2009,2454850.5,19,,4.0,Campfire,,,,1.0,B,29.79111406,-98.46238675,13.0,STATE OR PRIVATE,TX,Comal,091,Comal
2009,2454850.5,19,,4.0,Campfire,,,,50.0,C,28.73897706,-97.81624847,13.0,STATE OR PRIVATE,TX,Karnes,255,Karnes
2009,2454850.5,19,,4.0,Campfire,,,,100.0,D,31.91698475,-99.32269227,13.0,STATE OR PRIVATE,TX,Coleman,083,Coleman
2009,2454851.5,20,,4.0,Campfire,,,,1.0,B,32.45160602,-98.64714643,13.0,STATE OR PRIVATE,TX,Eastland,133,Eastland
2009,2454851.5,20,,4.0,Campfire,,,,0.1,A,30.80014414,-97.91843953,13.0,STATE OR PRIVATE,TX,Williamson,491,Williamson
2009,2454853.5,22,,4.0,Campfire,,,,10.0,C,32.75048094,-99.6561533,13.0,STATE OR PRIVATE,TX,Jones,253,Jones
2009,2454854.5,23,,4.0,Campfire,,,,1.0,B,30.22675738,-97.69676655,13.0,STATE OR PRIVATE,TX,Travis,453,Travis
2009,2454854.5,23,,4.0,Campfire,,,,0.03,A,29.51943863,-98.34782106,13.0,STATE OR PRIVATE,TX,Bexar,029,Bexar
2009,2454854.5,23,,4.0,Campfire,,,,1.0,B,26.28158263,-98.17500876,13.0,STATE OR PRIVATE,TX,Hidalgo,215,Hidalgo
2009,2454854.5,23,,4.0,Campfire,,,,1.0,B,32.43741408,-98.69865723,13.0,STATE OR PRIVATE,TX,Eastland,133,Eastland
2009,2454855.5,24,,4.0,Campfire,,,,5.0,B,32.5249201,-95.2706422,13.0,STATE OR PRIVATE,TX,Smith,423,Smith
2009,2454855.5,24,,4.0,Campfire,,,,1.5,B,31.4862256,-94.94377184,13.0,STATE OR PRIVATE,TX,Cherokee,073,Cherokee
2009,2454861.5,30,,4.0,Campfire,,,,0.03,A,29.50596068,-98.35302645,13.0,STATE OR PRIVATE,TX,Bexar,029,Bexar
2009,2454862.5,31,,4.0,Campfire,,,,2.0,B,33.42294241,-97.13857526,13.0,STATE OR PRIVATE,TX,Denton,121,Denton
2009,2454863.5,32,,4.0,Campfire,,,,0.1,A,32.3972501,-99.48448041,13.0,STATE OR PRIVATE,TX,Callahan,059,Callahan
2009,2454863.5,32,,4.0,Campfire,,,,0.1,A,30.6558969,-97.65660945,13.0,STATE OR PRIVATE,TX,Williamson,491,Williamson
2009,2454865.5,34,,4.0,Campfire,,,,0.01,A,30.41617669,-97.28215699,13.0,STATE OR PRIVATE,TX,Lee,287,Lee
2009,2454868.5,37,,4.0,Campfire,,,,1.0,B,32.76958806,-96.25092603,13.0,STATE OR PRIVATE,TX,Kaufman,257,Kaufman
2009,2454868.5,37,,4.0,Campfire,,,,0.5,B,32.23957436,-101.54772485,13.0,STATE OR PRIVATE,TX,Howard,227,Howard
2009,2454869.5,38,,4.0,Campfire,,,,5.0,B,32.57511002,-98.31056739,13.0,STATE OR PRIVATE,TX,Palo Pinto,363,Palo Pinto
2009,2454870.5,39,,4.0,Campfire,,,,1.0,B,30.34577128,-94.54951229,13.0,STATE OR PRIVATE,TX,Hardin,199,Hardin
2009,2454873.5,42,,4.0,Campfire,,,,0.5,B,31.9228083,-97.6516862,13.0,STATE OR PRIVATE,TX,Bosque,035,Bosque
2009,2454873.5,42,,4.0,Campfire,,,,1.0,B,29.4726159,-100.96041482,13.0,STATE OR PRIVATE,TX,Val Verde,465,Val Verde
2009,2454874.5,43,,4.0,Campfire,,,,3.0,B,32.49765719,-97.04874264,13.0,STATE OR PRIVATE,TX,Ellis,139,Ellis
2009,2454875.5,44,,4.0,Campfire,,,,0.5,B,30.06789724,-99.11265069,13.0,STATE OR PRIVATE,TX,Kerr,265,Kerr
2009,2454876.5,45,,4.0,Campfire,,,,0.01,A,30.9558775,-97.71039532,13.0,STATE OR PRIVATE,TX,Bell,027,Bell
2009,2454877.5,46,,4.0,Campfire,,,,30.0,C,32.82109822,-95.64267019,13.0,STATE OR PRIVATE,TX,Wood,499,Wood
2009,2454882.5,51,,4.0,Campfire,,,,1.5,B,31.4580806,-98.94291413,13.0,STATE OR PRIVATE,TX,San Saba,411,San Saba
2009,2454882.5,51,,4.0,Campfire,,,,0.5,B,27.6597083,-97.28427464,13.0,STATE OR PRIVATE,TX,Nueces,355,Nueces
2009,2454882.5,51,,4.0,Campfire,,,,4.0,B,32.27337932,-95.20622792,13.0,STATE OR PRIVATE,TX,Smith,423,Smith
2009,2454883.5,52,,4.0,Campfire,,,,0.5,B,32.78450299,-94.51251341,13.0,STATE OR PRIVATE,TX,Marion,315,Marion
2009,2454883.5,52,,4.0,Campfire,,,,40.0,C,29.00377502,-98.65221814,13.0,STATE OR PRIVATE,TX,Atascosa,013,Atascosa
2009,2454883.5,52,,4.0,Campfire,,,,4.0,B,29.66131833,-100.03933988,13.0,STATE OR PRIVATE,TX,Edwards,137,Edwards
2009,2454883.5,52,,4.0,Campfire,,,,1.0,B,29.29507329,-98.6024037,13.0,STATE OR PRIVATE,TX,Bexar,029,Bexar
2009,2454884.5,53,,4.0,Campfire,,,,0.6,B,33.43265269,-101.64261432,13.0,STATE OR PRIVATE,TX,Lubbock,303,Lubbock
2009,2454884.5,53,,4.0,Campfire,,,,1.0,B,29.66189409,-100.03724646,13.0,STATE OR PRIVATE,TX,Edwards,137,Edwards
2009,2454887.5,56,,4.0,Campfire,,,,2.0,B,29.06365695,-95.61082927,13.0,STATE OR PRIVATE,TX,Brazoria,039,Brazoria
2009,2454890.5,59,,4.0,Campfire,,,,1.0,B,31.34166236,-95.44805955,13.0,STATE OR PRIVATE,TX,Houston,225,Houston
2009,2454890.5,59,,4.0,Campfire,,,,0.5,B,29.21883384,-98.36171031,13.0,STATE OR PRIVATE,TX,Bexar,029,Bexar
2009,2454890.5,59,,4.0,Campfire,,,,0.5,B,30.1169596,-97.31785838,13.0,STATE OR PRIVATE,TX,Bastrop,021,Bastrop
2009,2454890.5,59,,4.0,Campfire,,,,400.0,E,28.81696,-97.01004221,13.0,STATE OR PRIVATE,TX,Victoria,469,Victoria
2009,2454890.5,59,,4.0,Campfire,,,,0.5,B,32.91297168,-95.22954196,13.0,STATE OR PRIVATE,TX,Wood,499,Wood
2009,2454891.5,60,,4.0,Campfire,,,,1.0,B,31.97827301,-95.18261017,13.0,STATE OR PRIVATE,TX,Cherokee,073,Cherokee
2009,2454891.5,60,,4.0,Campfire,,,,10.0,C,32.53729886,-98.4261734,13.0,STATE OR PRIVATE,TX,Palo Pinto,363,Palo Pinto
2009,2454891.5,60,,4.0,Campfire,,,,1.0,B,29.02954409,-95.41738895,13.0,STATE OR PRIVATE,TX,Brazoria,039,Brazoria
2009,2454897.5,66,,4.0,Campfire,,,,0.1,A,31.91624043,-96.41780489,13.0,STATE OR PRIVATE,TX,Navarro,349,Navarro
2009,2454897.5,66,,4.0,Campfire,,,,0.5,B,30.67561348,-94.39971132,13.0,STATE OR PRIVATE,TX,Tyler,457,Tyler
2009,2454898.5,67,,4.0,Campfire,,,,0.1,A,30.076726,-97.495263,13.0,STATE OR PRIVATE,TX,Bastrop,021,Bastrop
2009,2454901.5,70,,4.0,Campfire,,,,0.1,A,30.233701,-97.456975,13.0,STATE OR PRIVATE,TX,Bastrop,021,Bastrop
2009,2454906.5,75,,4.0,Campfire,,,,20.0,C,27.83831677,-98.4337839,13.0,STATE OR PRIVATE,TX,Duval,131,Duval
2009,2454906.5,75,,4.0,Campfire,,,,0.5,B,30.06179673,-99.11903155,13.0,STATE OR PRIVATE,TX,Kerr,265,Kerr
2009,2454906.5,75,,4.0,Campfire,,,,1.0,B,32.346315,-94.639941,13.0,STATE OR PRIVATE,TX,Rusk,401,Rusk
2009,2454907.5,76,,4.0,Campfire,,,,2.0,B,33.84947162,-96.84170621,13.0,STATE OR PRIVATE,TX,Grayson,181,Grayson
2009,2454908.5,77,,4.0,Campfire,,,,0.1,A,30.072045,-97.493569,13.0,STATE OR PRIVATE,TX,Bastrop,021,Bastrop
2009,2454911.5,80,,4.0,Campfire,,,,5.0,B,33.72936822,-98.32208603,13.0,STATE OR PRIVATE,TX,Clay,077,Clay
2009,2454912.5,81,,4.0,Campfire,,,,0.5,B,28.92018545,-98.60287573,13.0,STATE OR PRIVATE,TX,Atascosa,013,Atascosa
2009,2454912.5,81,,4.0,Campfire,,,,1.0,B,29.5183123,-97.68842217,13.0,STATE OR PRIVATE,TX,Gonzales,177,Gonzales
2009,2454913.5,82,,4.0,Campfire,,,,1.0,B,28.37989103,-97.68492262,13.0,STATE OR PRIVATE,TX,Bee,025,Bee
2009,2454913.5,82,,4.0,Campfire,,,,1.0,B,30.69551677,-93.92728727,13.0,STATE OR PRIVATE,TX,Jasper,241,Jasper
2009,2454918.5,87,,4.0,Campfire,,,,1000.0,F,28.87916182,-96.98507963,13.0,STATE OR PRIVATE,TX,Victoria,469,Victoria
2009,2454919.5,88,,4.0,Campfire,,,,0.2,A,29.91397229,-97.5375451,13.0,STATE OR PRIVATE,TX,Caldwell,055,Caldwell
2009,2454919.5,88,,4.0,Campfire,,,,1.0,B,28.88713,-99.07869,13.0,STATE OR PRIVATE,TX,Frio,163,Frio
2009,2454920.5,89,,4.0,Campfire,,,,1.5,B,28.89076725,-96.98896152,13.0,STATE OR PRIVATE,TX,Victoria,469,Victoria
2009,2454922.5,91,,4.0,Campfire,,,,150.0,D,31.70708,-95.91791,13.0,STATE OR PRIVATE,TX,Freestone,161,Freestone
2009,2454924.5,93,,4.0,Campfire,,,,0.2,A,29.51993116,-98.33061924,13.0,STATE OR PRIVATE,TX,Bexar,029,Bexar
2009,2454926.5,95,,4.0,Campfire,,,,5.0,B,33.65620028,-97.80756175,13.0,STATE OR PRIVATE,TX,Montague,337,Montague
2009,2454933.5,102,,4.0,Campfire,,,,0.05,A,31.07416605,-94.02055804,13.0,STATE OR PRIVATE,TX,Jasper,241,Jasper
2009,2454941.5,110,,4.0,Campfire,,,,1.0,B,28.076,-97.222,13.0,STATE OR PRIVATE,TX,Refugio,391,Refugio
2009,2454944.5,113,,4.0,Campfire,,,,1.0,B,32.9623306,-99.80017931,13.0,STATE OR PRIVATE,TX,Haskell,207,Haskell
2009,2454951.5,120,,4.0,Campfire,,,,1.0,B,32.45850248,-100.45352192,13.0,STATE OR PRIVATE,TX,Nolan,353,Nolan
2009,2454974.5,143,,4.0,Campfire,,,,1.0,B,30.5034652,-97.40514805,13.0,STATE OR PRIVATE,TX,Williamson,491,Williamson
2009,2454976.5,145,,4.0,Campfire,,,,1.0,B,32.53293208,-97.81542931,13.0,STATE OR PRIVATE,TX,Hood,221,Hood
2009,2454977.5,146,,4.0,Campfire,,,,0.05,A,31.86370664,-97.37572164,13.0,STATE OR PRIVATE,TX,Bosque,035,Bosque
2009,2454980.5,149,,4.0,Campfire,,,,0.01,A,31.87002391,-97.39178384,13.0,STATE OR PRIVATE,TX,Bosque,035,Bosque
2009,2454982.5,151,,4.0,Campfire,,,,0.01,A,36.05612876,-102.51234759,13.0,STATE OR PRIVATE,TX,Dallam,111,Dallam
2009,2454989.5,158,,4.0,Campfire,,,,3.0,B,32.02986527,-95.28021947,13.0,STATE OR PRIVATE,TX,Cherokee,073,Cherokee
2009,2455011.5,180,,4.0,Campfire,,,,0.25,A,29.43503133,-98.76352061,13.0,STATE OR PRIVATE,TX,Bexar,029,Bexar
2009,2455014.5,183,,4.0,Campfire,,,,1.0,B,32.341826,-99.606686,13.0,STATE OR PRIVATE,TX,Callahan,059,Callahan
2009,2455015.5,184,,4.0,Campfire,,,,1.0,B,32.02326713,-98.04433764,13.0,STATE OR PRIVATE,TX,Erath,143,Erath
2009,2455016.5,185,,4.0,Campfire,,,,6.0,B,32.17866753,-97.35077323,13.0,STATE OR PRIVATE,TX,Hill,217,Hill
2009,2455016.5,185,,4.0,Campfire,,,,2.0,B,32.302558,-99.372757,13.0,STATE OR PRIVATE,TX,Callahan,059,Callahan
2009,2455017.5,186,,4.0,Campfire,,,,0.25,A,30.196818,-96.87539995,13.0,STATE OR PRIVATE,TX,Lee,287,Lee
2009,2455019.5,188,,4.0,Campfire,,,,5.0,B,30.164015,-99.783497,13.0,STATE OR PRIVATE,TX,Edwards,137,Edwards
2009,2455032.5,201,,4.0,Campfire,,,,2.0,B,32.87813183,-95.65899056,13.0,STATE OR PRIVATE,TX,Rains,379,Rains
2009,2455032.5,201,,4.0,Campfire,,,,0.1,A,30.109869,-97.469349,13.0,STATE OR PRIVATE,TX,Bastrop,021,Bastrop
2009,2455037.5,206,,4.0,Campfire,,,,0.25,A,31.140401,-97.697487,13.0,STATE OR PRIVATE,TX,Bell,027,Bell
2009,2455038.5,207,,4.0,Campfire,,,,0.5,B,32.00366078,-97.17957268,13.0,STATE OR PRIVATE,TX,Hill,217,Hill
2009,2455051.5,220,,4.0,Campfire,,,,5.0,B,30.74961238,-97.17416883,13.0,STATE OR PRIVATE,TX,Milam,331,Milam
2009,2455072.5,241,,4.0,Campfire,,,,1.0,B,32.68525522,-98.04253746,13.0,STATE OR PRIVATE,TX,Parker,367,Parker
2009,2455081.5,250,,4.0,Campfire,,,,0.25,A,32.00904124,-95.12321172,13.0,STATE OR PRIVATE,TX,Cherokee,073,Cherokee
2009,2455136.5,305,,4.0,Campfire,,,,1.0,B,33.45197,-96.990162,13.0,STATE OR PRIVATE,TX,Cooke,097,Cooke
2009,2455142.5,311,,4.0,Campfire,,,,1.0,B,32.75564616,-95.42189984,13.0,STATE OR PRIVATE,TX,Wood,499,Wood
2009,2455146.5,315,,4.0,Campfire,,,,0.25,A,32.92720278,-96.45674268,13.0,STATE OR PRIVATE,TX,Rockwall,397,Rockwall
2009,2455151.5,320,,4.0,Campfire,,,,0.5,B,31.78255753,-97.57144076,13.0,STATE OR PRIVATE,TX,Bosque,035,Bosque
2009,2455158.5,327,,4.0,Campfire,,,,2.0,B,34.99459805,-100.24451258,13.0,STATE OR PRIVATE,TX,Collingsworth,087,Collingsworth
2009,2455161.5,330,,4.0,Campfire,,,,0.1,A,30.376321,-98.952312,13.0,STATE OR PRIVATE,TX,Gillespie,171,Gillespie
2009,2455176.5,345,,4.0,Campfire,,,,0.05,A,34.2234514,-102.74099554,13.0,STATE OR PRIVATE,TX,Bailey,017,Bailey
2009,2455178.5,347,,4.0,Campfire,,,,3.0,B,31.64083993,-98.3462609,13.0,STATE OR PRIVATE,TX,Hamilton,193,Hamilton
2009,2455182.5,351,,4.0,Campfire,,,,1.0,B,31.90136736,-99.14079012,13.0,STATE OR PRIVATE,TX,Brown,049,Brown
2009,2455184.5,353,,4.0,Campfire,,,,1.0,B,30.71039133,-99.52719036,13.0,STATE OR PRIVATE,TX,Kimble,267,Kimble
2009,2455187.5,356,,4.0,Campfire,,,,25.0,C,32.89356933,-96.4382311,13.0,STATE OR PRIVATE,TX,Rockwall,397,Rockwall
2009,2455191.5,360,,4.0,Campfire,,,,1.0,B,32.72022,-95.17052,13.0,STATE OR PRIVATE,TX,Wood,499,Wood
2009,2455191.5,360,,4.0,Campfire,,,,1.0,B,31.67204964,-95.09771022,13.0,STATE OR PRIVATE,TX,Cherokee,073,Cherokee
2009,2455193.5,362,,4.0,Campfire,,,,20.0,C,32.3994949,-95.17505985,13.0,STATE OR PRIVATE,TX,Smith,423,Smith
2009,2455196.5,365,,4.0,Campfire,,,,20.0,C,29.02882152,-97.92200551,13.0,STATE OR PRIVATE,TX,Karnes,255,Karnes
2010,2455198.5,2,,4.0,Campfire,,,,0.25,A,33.09800018,-95.07972283,13.0,STATE OR PRIVATE,TX,Titus,449,Titus
2010,2455200.5,4,,4.0,Campfire,,,,0.25,A,31.47911348,-99.02543466,13.0,STATE OR PRIVATE,TX,Brown,049,Brown
2010,2455207.5,11,,4.0,Campfire,,,,5.0,B,35.629573,-101.616154,13.0,STATE OR PRIVATE,TX,Hutchinson,233,Hutchinson
2010,2455209.5,13,,4.0,Campfire,,,,0.05,A,32.59182,-97.1138,13.0,STATE OR PRIVATE,TX,Tarrant,439,Tarrant
2010,2455211.5,15,,4.0,Campfire,,,,1.0,B,32.378512,-98.469429,13.0,STATE OR PRIVATE,TX,Erath,143,Erath
2010,2455219.5,23,,4.0,Campfire,,,,0.01,A,29.41072427,-98.71523688,13.0,STATE OR PRIVATE,TX,Bexar,029,Bexar
2010,2455220.5,24,,4.0,Campfire,,,,8.0,B,32.17426961,-96.54096132,13.0,STATE OR PRIVATE,TX,Navarro,349,Navarro
2010,2455227.5,31,,4.0,Campfire,,,,0.1,A,28.411748,-96.708033,13.0,STATE OR PRIVATE,TX,Calhoun,057,Calhoun
2010,2455254.5,58,,4.0,Campfire,,,,0.1,A,30.375729,-98.951283,13.0,STATE OR PRIVATE,TX,Gillespie,171,Gillespie
2010,2455254.5,58,,4.0,Campfire,,,,0.1,A,31.060937,-97.795856,13.0,STATE OR PRIVATE,TX,Bell,027,Bell
2010,2455255.5,59,,4.0,Campfire,,,,1.0,B,30.577337,-98.21743,13.0,STATE OR PRIVATE,TX,Burnet,053,Burnet
2010,2455255.5,59,,4.0,Campfire,,,,1.0,B,29.04906116,-98.89288977,13.0,STATE OR PRIVATE,TX,Frio,163,Frio
2010,2455255.5,59,,4.0,Campfire,,,,1.0,B,29.04999873,-98.90921638,13.0,STATE OR PRIVATE,TX,Frio,163,Frio
2010,2455269.5,73,,4.0,Campfire,,,,0.01,A,31.085021,-97.727086,13.0,STATE OR PRIVATE,TX,Bell,027,Bell
2010,2455269.5,73,,4.0,Campfire,,,,1.0,B,32.595451,-94.55338,13.0,STATE OR PRIVATE,TX,Harrison,203,Harrison
2010,2455274.5,78,,4.0,Campfire,,,,1.0,B,32.267467,-94.974747,13.0,STATE OR PRIVATE,TX,Rusk,401,Rusk
2010,2455280.5,84,,4.0,Campfire,,,,0.25,A,32.09787647,-95.09981677,13.0,STATE OR PRIVATE,TX,Cherokee,073,Cherokee
2010,2455282.5,86,,4.0,Campfire,,,,1.0,B,30.55194,-103.83527,13.0,STATE OR PRIVATE,TX,Jeff Davis,243,Jeff Davis
2010,2455286.5,90,,4.0,Campfire,,,,1.0,B,32.363979,-100.43837,13.0,STATE OR PRIVATE,TX,Nolan,353,Nolan
2010,2455287.5,91,,4.0,Campfire,,,,0.1,A,32.401994,-95.258417,13.0,STATE OR PRIVATE,TX,Smith,423,Smith
2010,2455291.5,95,,4.0,Campfire,,,,1.0,B,31.648313,-95.789065,13.0,STATE OR PRIVATE,TX,Anderson,001,Anderson
2010,2455294.5,98,,4.0,Campfire,,,,1.0,B,32.615855,-95.979052,13.0,STATE OR PRIVATE,TX,Van Zandt,467,Van Zandt
2010,2455303.5,107,,4.0,Campfire,,,,0.5,B,30.340287,-96.545105,13.0,STATE OR PRIVATE,TX,Burleson,051,Burleson
2010,2455308.5,112,,4.0,Campfire,,,,0.05,A,32.378304,-95.2681594,13.0,STATE OR PRIVATE,TX,Smith,423,Smith
2010,2455309.5,113,,4.0,Campfire,,,,1.0,B,33.04607,-97.83832,13.0,STATE OR PRIVATE,TX,Wise,497,Wise
2010,2455315.5,119,,4.0,Campfire,,,,2.0,B,31.41537274,-94.52029704,13.0,STATE OR PRIVATE,TX,Nacogdoches,347,Nacogdoches
2010,2455315.5,119,,4.0,Campfire,,,,0.1,A,31.08799889,-94.04702045,13.0,STATE OR PRIVATE,TX,Jasper,241,Jasper
2010,2455326.5,130,,4.0,Campfire,,,,5.0,B,31.551789,-95.135364,13.0,STATE OR PRIVATE,TX,Cherokee,073,Cherokee
2010,2455345.5,149,,4.0,Campfire,,,,0.2,A,31.09184724,-94.01993345,13.0,STATE OR PRIVATE,TX,Jasper,241,Jasper
2010,2455347.5,151,,4.0,Campfire,,,,1.0,B,30.70630407,-97.78983906,13.0,STATE OR PRIVATE,TX,Williamson,491,Williamson
2010,2455358.5,162,,4.0,Campfire,,,,0.5,B,31.775461,-97.129054,13.0,STATE OR PRIVATE,TX,McLennan,309,McLennan
2010,2455359.5,163,,4.0,Campfire,,,,2.0,B,26.554405,-99.145045,13.0,STATE OR PRIVATE,TX,Starr,427,Starr
2010,2455367.5,171,,4.0,Campfire,,,,20.0,C,33.354835,-96.708698,13.0,STATE OR PRIVATE,TX,Collin,085,Collin
2010,2455378.5,182,,4.0,Campfire,,,,1.0,B,31.3249528,-100.6052727,13.0,STATE OR PRIVATE,TX,Tom Green,451,Tom Green
2010,2455381.5,185,,4.0,Campfire,,,,0.01,A,32.88094991,-98.52152676,13.0,STATE OR PRIVATE,TX,Palo Pinto,363,Palo Pinto
2010,2455402.5,206,,4.0,Campfire,,,,15.0,C,30.188964,-99.338915,13.0,STATE OR PRIVATE,TX,Kerr,265,Kerr
2010,2455412.5,216,,4.0,Campfire,,,,0.5,B,32.55385245,-94.96183916,13.0,STATE OR PRIVATE,TX,Upshur,459,Upshur
2010,2455421.5,225,,4.0,Campfire,,,,2.0,B,31.700002,-99.093976,13.0,STATE OR PRIVATE,TX,Brown,049,Brown
2010,2455436.5,240,,4.0,Campfire,,,,1.0,B,33.75769412,-98.39194106,13.0,STATE OR PRIVATE,TX,Clay,077,Clay
2010,2455436.5,240,,4.0,Campfire,,,,35.0,C,33.814597,-95.516596,13.0,STATE OR PRIVATE,TX,Lamar,277,Lamar
2010,2455437.5,241,,4.0,Campfire,,,,5.0,B,33.815773,-95.517733,13.0,STATE OR PRIVATE,TX,Lamar,277,Lamar
2010,2455437.5,241,,4.0,Campfire,,,,5.0,B,32.282634,-97.97307,13.0,STATE OR PRIVATE,TX,Erath,143,Erath
2010,2455437.5,241,,4.0,Campfire,,,,23.0,C,32.003891,-99.091444,13.0,STATE OR PRIVATE,TX,Brown,049,Brown
2010,2455443.5,247,,4.0,Campfire,,,,3.0,B,32.044096,-96.148996,13.0,STATE OR PRIVATE,TX,Navarro,349,Navarro
2010,2455444.5,248,,4.0,Campfire,,,,1.0,B,32.8920994,-95.3529845,13.0,STATE OR PRIVATE,TX,Wood,499,Wood
2010,2455444.5,248,,4.0,Campfire,,,,150.0,D,28.76149,-99.24608,13.0,STATE OR PRIVATE,TX,Frio,163,Frio
2010,2455445.5,249,,4.0,Campfire,,,,1.0,B,33.8253967,-96.8260194,13.0,STATE OR PRIVATE,TX,Grayson,181,Grayson
2010,2455445.5,249,,4.0,Campfire,,,,0.5,B,32.99611238,-97.08899861,13.0,STATE OR PRIVATE,TX,Denton,121,Denton
2010,2455470.5,274,,4.0,Campfire,,,,0.2,A,30.3606416,-98.8648838,13.0,STATE OR PRIVATE,TX,Gillespie,171,Gillespie
2010,2455471.5,275,,4.0,Campfire,,,,0.15,A,32.9805552,-97.74971205,13.0,STATE OR PRIVATE,TX,Parker,367,Parker
2010,2455473.5,277,,4.0,Campfire,,,,1.0,B,32.579157,-95.122107,13.0,STATE OR PRIVATE,TX,Upshur,459,Upshur
2010,2455474.5,278,,4.0,Campfire,,,,6.0,B,32.578751,-95.122461,13.0,STATE OR PRIVATE,TX,Upshur,459,Upshur
2010,2455476.5,280,,4.0,Campfire,,,,1.0,B,32.578787,-95.123062,13.0,STATE OR PRIVATE,TX,Upshur,459,Upshur
2010,2455477.5,281,,4.0,Campfire,,,,0.1,A,32.51044932,-94.9823713,13.0,STATE OR PRIVATE,TX,Gregg,183,Gregg
2010,2455484.5,288,,4.0,Campfire,,,,0.1,A,30.30266,-95.87501,13.0,STATE OR PRIVATE,TX,Grimes,185,Grimes
2010,2455485.5,289,,4.0,Campfire,,,,1.0,B,31.664486,-95.087013,13.0,STATE OR PRIVATE,TX,Cherokee,073,Cherokee
2010,2455486.5,290,,4.0,Campfire,,,,2.0,B,32.2926817,-95.4208869,13.0,STATE OR PRIVATE,TX,Smith,423,Smith
2010,2455486.5,290,,4.0,Campfire,,,,1.0,B,31.671499,-95.09388,13.0,STATE OR PRIVATE,TX,Cherokee,073,Cherokee
2010,2455493.5,297,,4.0,Campfire,,,,1.0,B,31.975464,-95.183144,13.0,STATE OR PRIVATE,TX,Cherokee,073,Cherokee
2010,2455496.5,300,,4.0,Campfire,,,,2.0,B,33.00090101,-97.08435144,13.0,STATE OR PRIVATE,TX,Denton,121,Denton
2010,2455499.5,303,,4.0,Campfire,,,,1.0,B,31.33217425,-95.45049491,13.0,STATE OR PRIVATE,TX,Houston,225,Houston
2010,2455499.5,303,,4.0,Campfire,,,,1.0,B,31.0789558,-95.583382,13.0,STATE OR PRIVATE,TX,Houston,225,Houston
2010,2455503.5,307,,4.0,Campfire,,,,1.0,B,32.306867,-99.78075,13.0,STATE OR PRIVATE,TX,Taylor,441,Taylor
2010,2455506.5,310,,4.0,Campfire,,,,1.0,B,32.73430503,-99.29127127,13.0,STATE OR PRIVATE,TX,Shackelford,417,Shackelford
2010,2455507.5,311,,4.0,Campfire,,,,75.0,C,31.923828,-100.593524,13.0,STATE OR PRIVATE,TX,Coke,081,Coke
2010,2455514.5,318,,4.0,Campfire,,,,1.0,B,31.350998,-100.639915,13.0,STATE OR PRIVATE,TX,Tom Green,451,Tom Green
2010,2455519.5,323,,4.0,Campfire,,,,2.0,B,31.42208383,-98.91376867,13.0,STATE OR PRIVATE,TX,San Saba,411,San Saba
2010,2455521.5,325,,4.0,Campfire,,,,10.0,C,32.722129,-95.625687,13.0,STATE OR PRIVATE,TX,Wood,499,Wood
2010,2455525.5,329,,4.0,Campfire,,,,0.1,A,32.814353,-94.806,13.0,STATE OR PRIVATE,TX,Upshur,459,Upshur
2010,2455526.5,330,,4.0,Campfire,,,,2.0,B,31.33847556,-98.08851072,13.0,STATE OR PRIVATE,TX,Coryell,099,Coryell
2010,2455526.5,330,,4.0,Campfire,,,,125.0,D,33.881532,-100.753212,13.0,STATE OR PRIVATE,TX,Motley,345,Motley
2010,2455527.5,331,,4.0,Campfire,,,,50.0,C,33.863627,-100.753756,13.0,STATE OR PRIVATE,TX,Motley,345,Motley
2010,2455527.5,331,,4.0,Campfire,,,,0.01,A,31.094094,-97.792747,13.0,STATE OR PRIVATE,TX,Bell,027,Bell
2010,2455528.5,332,,4.0,Campfire,,,,0.5,B,31.5207067,-93.8086004,13.0,STATE OR PRIVATE,TX,Sabine,403,Sabine
2010,2455530.5,334,,4.0,Campfire,,,,1.0,B,32.64205202,-98.13903198,13.0,STATE OR PRIVATE,TX,Palo Pinto,363,Palo Pinto
2010,2455534.5,338,,4.0,Campfire,,,,20.0,C,29.670752,-99.367905,13.0,STATE OR PRIVATE,TX,Bandera,019,Bandera
2010,2455534.5,338,,4.0,Campfire,,,,1.0,B,31.586169,-97.732708,13.0,STATE OR PRIVATE,TX,Coryell,099,Coryell
2010,2455535.5,339,,4.0,Campfire,,,,700.0,E,32.345926,-100.510998,13.0,STATE OR PRIVATE,TX,Nolan,353,Nolan
2010,2455536.5,340,,4.0,Campfire,,,,0.25,A,29.2654492,-97.7640568,13.0,STATE OR PRIVATE,TX,Gonzales,177,Gonzales
2010,2455537.5,341,,4.0,Campfire,,,,0.5,B,33.581595,-99.795524,13.0,STATE OR PRIVATE,TX,Knox,275,Knox
2010,2455539.5,343,,4.0,Campfire,,,,1.0,B,32.8197206,-100.08558994,13.0,STATE OR PRIVATE,TX,Jones,253,Jones
2010,2455542.5,346,,4.0,Campfire,,,,20.0,C,32.08434032,-95.13258599,13.0,STATE OR PRIVATE,TX,Cherokee,073,Cherokee
2010,2455543.5,347,,4.0,Campfire,,,,1.5,B,30.300204,-98.836269,13.0,STATE OR PRIVATE,TX,Gillespie,171,Gillespie
2010,2455548.5,352,,4.0,Campfire,,,,2.0,B,33.824794,-95.314293,13.0,STATE OR PRIVATE,TX,Lamar,277,Lamar
2010,2455549.5,353,,4.0,Campfire,,,,0.25,A,32.673537,-95.571946,13.0,STATE OR PRIVATE,TX,Wood,499,Wood
2010,2455551.5,355,,4.0,Campfire,,,,0.5,B,32.5917455,-95.199505,13.0,STATE OR PRIVATE,TX,Wood,499,Wood
2010,2455561.5,365,,4.0,Campfire,,,,0.02,A,31.212318,-97.309265,13.0,STATE OR PRIVATE,TX,Bell,027,Bell
2010,2455561.5,365,,4.0,Campfire,,,,5.0,B,31.078639,-97.171467,13.0,STATE OR PRIVATE,TX,Bell,027,Bell
2011,2455562.5,1,,4.0,Campfire,,,,1.0,B,32.3381277,-95.4325283,13.0,STATE OR PRIVATE,TX,Smith,423,Smith
2011,2455562.5,1,,4.0,Campfire,,,,0.25,A,29.7795802,-98.2602101,13.0,STATE OR PRIVATE,TX,Comal,091,Comal
2011,2455562.5,1,,4.0,Campfire,,,,0.5,B,30.8244969,-95.4562796,13.0,STATE OR PRIVATE,TX,Walker,471,Walker
2011,2455562.5,1,,4.0,Campfire,,,,1.0,B,30.2953444,-96.5701408,13.0,STATE OR PRIVATE,TX,Washington,477,Washington
2011,2455562.5,1,,4.0,Campfire,,,,1.0,B,30.441963,-96.411531,13.0,STATE OR PRIVATE,TX,Burleson,051,Burleson
2011,2455563.5,2,,4.0,Campfire,,,,0.15,A,31.92636,-97.646635,13.0,STATE OR PRIVATE,TX,Bosque,035,Bosque
2011,2455564.5,3,,4.0,Campfire,,,,0.1,A,32.184403,-95.327747,13.0,STATE OR PRIVATE,TX,Smith,423,Smith
2011,2455564.5,3,,4.0,Campfire,,,,1.0,B,30.2392673,-97.9101875,13.0,STATE OR PRIVATE,TX,Travis,453,Travis
2011,2455564.5,3,,4.0,Campfire,,,,3.0,B,31.13079,-97.072878,13.0,STATE OR PRIVATE,TX,Falls,145,Falls
2011,2455568.5,7,,4.0,Campfire,,,,1.0,B,35.203701,-101.8640899,13.0,STATE OR PRIVATE,TX,Potter,375,Potter
2011,2455570.5,9,,4.0,Campfire,,,,1.0,B,33.172977,-102.263961,13.0,STATE OR PRIVATE,TX,Terry,445,Terry
2011,2455583.5,22,,4.0,Campfire,,,,1.0,B,29.262412,-97.901006,13.0,STATE OR PRIVATE,TX,Wilson,493,Wilson
2011,2455583.5,22,,4.0,Campfire,,,,1.0,B,31.993913,-95.275052,13.0,STATE OR PRIVATE,TX,Cherokee,073,Cherokee
2011,2455584.5,23,,4.0,Campfire,,,,0.2,A,31.096399,-97.800325,13.0,STATE OR PRIVATE,TX,Bell,027,Bell
2011,2455589.5,28,,4.0,Campfire,,,,5.0,B,32.094791,-97.047043,13.0,STATE OR PRIVATE,TX,Hill,217,Hill
2011,2455590.5,29,,4.0,Campfire,,,,0.5,B,32.555495,-94.857652,13.0,STATE OR PRIVATE,TX,Gregg,183,Gregg
2011,2455590.5,29,,4.0,Campfire,,,,5.0,B,32.268882,-98.818545,13.0,STATE OR PRIVATE,TX,Eastland,133,Eastland
2011,2455590.5,29,,4.0,Campfire,,,,3.0,B,32.3683122,-98.9565505,13.0,STATE OR PRIVATE,TX,Eastland,133,Eastland
2011,2455590.5,29,,4.0,Campfire,,,,1.0,B,31.1045729,-97.9181817,13.0,STATE OR PRIVATE,TX,Coryell,099,Coryell
2011,2455594.5,33,,4.0,Campfire,,,,1.0,B,31.1896953,-100.4985723,13.0,STATE OR PRIVATE,TX,Tom Green,451,Tom Green
2011,2455597.5,36,,4.0,Campfire,,,,1.0,B,29.704315,-97.5943099,13.0,STATE OR PRIVATE,TX,Caldwell,055,Caldwell
2011,2455598.5,37,,4.0,Campfire,,,,0.1,A,31.975464,-95.181084,13.0,STATE OR PRIVATE,TX,Cherokee,073,Cherokee
2011,2455598.5,37,,4.0,Campfire,,,,1.0,B,31.144858,-97.922842,13.0,STATE OR PRIVATE,TX,Coryell,099,Coryell
2011,2455598.5,37,,4.0,Campfire,,,,1.0,B,30.2751233,-97.825224,13.0,STATE OR PRIVATE,TX,Travis,453,Travis
2011,2455604.5,43,,4.0,Campfire,,,,1.0,B,28.890116,-99.072111,13.0,STATE OR PRIVATE,TX,Frio,163,Frio
2011,2455604.5,43,,4.0,Campfire,,,,1.0,B,28.971416,-98.6624219,13.0,STATE OR PRIVATE,TX,Atascosa,013,Atascosa
2011,2455605.5,44,,4.0,Campfire,,,,0.25,A,31.5196328,-100.4710141,13.0,STATE OR PRIVATE,TX,Tom Green,451,Tom Green
2011,2455605.5,44,,4.0,Campfire,,,,0.1,A,31.125795,-97.695597,13.0,STATE OR PRIVATE,TX,Bell,027,Bell
2011,2455605.5,44,,4.0,Campfire,,,,0.01,A,31.061651,-97.700636,13.0,STATE OR PRIVATE,TX,Bell,027,Bell
2011,2455605.5,44,,4.0,Campfire,,,,0.01,A,30.6707262,-97.6865239,13.0,STATE OR PRIVATE,TX,Williamson,491,Williamson
2011,2455605.5,44,,4.0,Campfire,,,,4.0,B,30.388573,-95.080791,13.0,STATE OR PRIVATE,TX,San Jacinto,407,San Jacinto
2011,2455605.5,44,,4.0,Campfire,,,,5.4,B,30.105095,-97.241771,13.0,STATE OR PRIVATE,TX,Bastrop,021,Bastrop
2011,2455605.5,44,,4.0,Campfire,,,,1.0,B,32.4679522,-100.4208096,13.0,STATE OR PRIVATE,TX,Nolan,353,Nolan
2011,2455605.5,44,,4.0,Campfire,,,,1.0,B,33.019727,-96.588894,13.0,STATE OR PRIVATE,TX,Collin,085,Collin
2011,2455607.5,46,,4.0,Campfire,,,,2.0,B,31.388337,-100.552711,13.0,STATE OR PRIVATE,TX,Tom Green,451,Tom Green
2011,2455611.5,50,,4.0,Campfire,,,,8.0,B,31.827125,-96.435499,13.0,STATE OR PRIVATE,TX,Navarro,349,Navarro
2011,2455612.5,51,,4.0,Campfire,,,,0.5,B,31.616555,-100.5972168,13.0,STATE OR PRIVATE,TX,Tom Green,451,Tom Green
2011,2455613.5,52,,4.0,Campfire,,,,1.5,B,31.008849,-97.761562,13.0,STATE OR PRIVATE,TX,Bell,027,Bell
2011,2455613.5,52,,4.0,Campfire,,,,1.0,B,31.156903,-97.917193,13.0,STATE OR PRIVATE,TX,Coryell,099,Coryell
2011,2455613.5,52,,4.0,Campfire,,,,3.0,B,32.3131946,-95.4104681,13.0,STATE OR PRIVATE,TX,Smith,423,Smith
2011,2455615.5,54,,4.0,Campfire,,,,2.0,B,31.1089774,-94.4392187,13.0,STATE OR PRIVATE,TX,Angelina,005,Angelina
2011,2455617.5,56,,4.0,Campfire,,,,0.01,A,30.6665291,-97.686265,13.0,STATE OR PRIVATE,TX,Williamson,491,Williamson
2011,2455618.5,57,,4.0,Campfire,,,,1.0,B,30.509623,-99.771346,13.0,STATE OR PRIVATE,TX,Kimble,267,Kimble
2011,2455619.5,58,,4.0,Campfire,,,,1.0,B,35.467381,-101.839485,13.0,STATE OR PRIVATE,TX,Potter,375,Potter
2011,2455619.5,58,,4.0,Campfire,,,,1.0,B,34.184897,-100.13978,13.0,STATE OR PRIVATE,TX,Cottle,101,Cottle
2011,2455619.5,58,,4.0,Campfire,,,,2.0,B,32.271676,-99.822721,13.0,STATE OR PRIVATE,TX,Taylor,441,Taylor
2011,2455620.5,59,,4.0,Campfire,,,,1.0,B,32.311437,-101.215496,13.0,STATE OR PRIVATE,TX,Howard,227,Howard
2011,2455623.5,62,,4.0,Campfire,,,,0.1,A,29.73938,-98.1048384,13.0,STATE OR PRIVATE,TX,Comal,091,Comal
2011,2455626.5,65,,4.0,Campfire,,,,1.0,B,32.973424,-96.084967,13.0,STATE OR PRIVATE,TX,Hunt,231,Hunt
2011,2455627.5,66,,4.0,Campfire,,,,0.1,A,30.7790504,-97.6260242,13.0,STATE OR PRIVATE,TX,Williamson,491,Williamson
2011,2455628.5,67,,4.0,Campfire,,,,0.5,B,31.387787,-100.553827,13.0,STATE OR PRIVATE,TX,Tom Green,451,Tom Green
2011,2455631.5,70,,4.0,Campfire,,,,1.0,B,35.224226,-101.769195,13.0,STATE OR PRIVATE,TX,Potter,375,Potter
2011,2455631.5,70,,4.0,Campfire,,,,35.0,C,31.875845,-97.365732,13.0,STATE OR PRIVATE,TX,Hill,217,Hill
2011,2455631.5,70,,4.0,Campfire,,,,10.0,C,31.980726,-98.503211,13.0,STATE OR PRIVATE,TX,Comanche,093,Comanche
2011,2455632.5,71,,4.0,Campfire,,,,2.0,B,32.8866326,-95.5855295,13.0,STATE OR PRIVATE,TX,Wood,499,Wood
2011,2455632.5,71,,4.0,Campfire,,,,10.0,C,31.875189,-97.368007,13.0,STATE OR PRIVATE,TX,Hill,217,Hill
2011,2455632.5,71,,4.0,Campfire,,,,10.0,C,31.377529,-100.582924,13.0,STATE OR PRIVATE,TX,Tom Green,451,Tom Green
2011,2455633.5,72,,4.0,Campfire,,,,1.0,B,30.238158,-96.442451,13.0,STATE OR PRIVATE,TX,Washington,477,Washington
2011,2455633.5,72,,4.0,Campfire,,,,45.0,C,32.763893,-98.517666,13.0,STATE OR PRIVATE,TX,Palo Pinto,363,Palo Pinto
2011,2455639.5,78,,4.0,Campfire,,,,2.0,B,30.435354,-95.211296,13.0,STATE OR PRIVATE,TX,San Jacinto,407,San Jacinto
2011,2455639.5,78,,4.0,Campfire,,,,0.01,A,31.062051,-94.107513,13.0,STATE OR PRIVATE,TX,Jasper,241,Jasper
2011,2455639.5,78,,4.0,Campfire,,,,0.2,A,30.1244455,-95.509247,13.0,STATE OR PRIVATE,TX,Harris,201,Harris
2011,2455639.5,78,,4.0,Campfire,,,,0.05,A,32.58001,-97.15791,13.0,STATE OR PRIVATE,TX,Tarrant,439,Tarrant
2011,2455640.5,79,,4.0,Campfire,,,,1.0,B,33.7919035,-98.4100669,13.0,STATE OR PRIVATE,TX,Clay,077,Clay
2011,2455644.5,83,,4.0,Campfire,,,,0.25,A,31.153467,-97.969484,13.0,STATE OR PRIVATE,TX,Lampasas,281,Lampasas
2011,2455644.5,83,,4.0,Campfire,,,,1.0,B,30.804077,-98.393555,13.0,STATE OR PRIVATE,TX,Burnet,053,Burnet
2011,2455645.5,84,,4.0,Campfire,,,,0.01,A,31.122958,-97.6983285,13.0,STATE OR PRIVATE,TX,Bell,027,Bell
2011,2455652.5,91,,4.0,Campfire,,,,5.0,B,32.037621,-99.25478,13.0,STATE OR PRIVATE,TX,Coleman,083,Coleman
2011,2455653.5,92,,4.0,Campfire,,,,1.0,B,35.2122386,-101.8934083,13.0,STATE OR PRIVATE,TX,Potter,375,Potter
2011,2455654.5,93,,4.0,Campfire,,,,1.0,B,33.060471,-95.097313,13.0,STATE OR PRIVATE,TX,Titus,449,Titus
2011,2455656.5,95,,4.0,Campfire,,,,1.0,B,31.47589,-99.488497,13.0,STATE OR PRIVATE,TX,Coleman,083,Coleman
2011,2455656.5,95,,4.0,Campfire,,,,2.0,B,33.694352,-97.517395,13.0,STATE OR PRIVATE,TX,Montague,337,Montague
2011,2455660.5,99,,4.0,Campfire,,,,5.0,B,29.4835944,-97.9506885,13.0,STATE OR PRIVATE,TX,Guadalupe,187,Guadalupe
2011,2455661.5,100,,4.0,Campfire,,,,1.0,B,30.5057728,-97.6443636,13.0,STATE OR PRIVATE,TX,Williamson,491,Williamson
2011,2455661.5,100,,4.0,Campfire,,,,0.25,A,31.3436779,-96.3714101,13.0,STATE OR PRIVATE,TX,Limestone,293,Limestone
2011,2455661.5,100,,4.0,Campfire,,,,0.5,B,31.1165653,-97.6916113,13.0,STATE OR PRIVATE,TX,Bell,027,Bell
2011,2455668.5,107,,4.0,Campfire,,,,0.5,B,27.237856,-98.141497,13.0,STATE OR PRIVATE,TX,Brooks,047,Brooks
2011,2455680.5,119,,4.0,Campfire,,,,75.0,C,32.3556349,-101.3599112,13.0,STATE OR PRIVATE,TX,Howard,227,Howard
2011,2455695.5,134,,4.0,Campfire,,,,10.0,C,33.452068,-99.179764,13.0,STATE OR PRIVATE,TX,Baylor,023,Baylor
2011,2455696.5,135,,4.0,Campfire,,,,1.0,B,32.354443,-99.589863,13.0,STATE OR PRIVATE,TX,Callahan,059,Callahan
2011,2455697.5,136,,4.0,Campfire,,,,1.0,B,29.6574047,-98.0706331,13.0,STATE OR PRIVATE,TX,Guadalupe,187,Guadalupe
2011,2455702.5,141,,4.0,Campfire,,,,1.0,B,31.3269594,-100.6402631,13.0,STATE OR PRIVATE,TX,Tom Green,451,Tom Green
2011,2455707.5,146,,4.0,Campfire,,,,0.1,A,32.556869,-100.056181,13.0,STATE OR PRIVATE,TX,Jones,253,Jones
2011,2455709.5,148,,4.0,Campfire,,,,2.0,B,32.671749,-95.542603,13.0,STATE OR PRIVATE,TX,Wood,499,Wood
2011,2455709.5,148,,4.0,Campfire,,,,3.0,B,32.7897037,-95.6329107,13.0,STATE OR PRIVATE,TX,Wood,499,Wood
2011,2455710.5,149,,4.0,Campfire,,,,1.0,B,33.614834,-102.016554,13.0,STATE OR PRIVATE,TX,Lubbock,303,Lubbock
2011,2455710.5,149,,4.0,Campfire,,,,1.0,B,33.74156,-98.337893,13.0,STATE OR PRIVATE,TX,Clay,077,Clay
2011,2455711.5,150,,4.0,Campfire,,,,1.0,B,33.744754,-98.366175,13.0,STATE OR PRIVATE,TX,Clay,077,Clay
2011,2455715.5,154,,4.0,Campfire,,,,1.0,B,32.7516197,-95.5414442,13.0,STATE OR PRIVATE,TX,Wood,499,Wood
2011,2455719.5,158,,4.0,Campfire,,,,2.0,B,30.696269,-97.716359,13.0,STATE OR PRIVATE,TX,Williamson,491,Williamson
2011,2455719.5,158,,4.0,Campfire,,,,1.0,B,33.188722,-102.27424,13.0,STATE OR PRIVATE,TX,Terry,445,Terry
2011,2455725.5,164,,4.0,Campfire,,,,0.2,A,33.6221684,-96.7414644,13.0,STATE OR PRIVATE,TX,Grayson,181,Grayson
2011,2455729.5,168,,4.0,Campfire,,,,0.1,A,31.946026,-96.708291,13.0,STATE OR PRIVATE,TX,Navarro,349,Navarro
2011,2455731.5,170,,4.0,Campfire,,,,4.0,B,32.786553,-95.655556,13.0,STATE OR PRIVATE,TX,Rains,379,Rains
2011,2455732.5,171,,4.0,Campfire,,,,1.0,B,31.974775,-95.72113,13.0,STATE OR PRIVATE,TX,Anderson,001,Anderson
2011,2455736.5,175,,4.0,Campfire,,,,0.1,A,32.0493,-96.251736,13.0,STATE OR PRIVATE,TX,Navarro,349,Navarro
2011,2455740.5,179,,4.0,Campfire,,,,1.0,B,33.4272345,-97.0557148,13.0,STATE OR PRIVATE,TX,Cooke,097,Cooke
2011,2455744.5,183,,4.0,Campfire,,,,1.0,B,32.090383,-96.07251,13.0,STATE OR PRIVATE,TX,Henderson,213,Henderson
2011,2455744.5,183,,4.0,Campfire,,,,0.1,A,30.781368,-95.913048,13.0,STATE OR PRIVATE,TX,Grimes,185,Grimes
2011,2455744.5,183,,4.0,Campfire,,,,2.0,B,31.594328,-99.096851,13.0,STATE OR PRIVATE,TX,Brown,049,Brown
2011,2455745.5,184,,4.0,Campfire,,,,1.0,B,29.892448,-98.55835,13.0,STATE OR PRIVATE,TX,Kendall,259,Kendall
2011,2455745.5,184,,4.0,Campfire,,,,0.25,A,32.892129,-95.607662,13.0,STATE OR PRIVATE,TX,Wood,499,Wood
2011,2455746.5,185,,4.0,Campfire,,,,4.0,B,33.7999989,-97.4370515,13.0,STATE OR PRIVATE,TX,Cooke,097,Cooke
2011,2455746.5,185,,4.0,Campfire,,,,4.0,B,33.581376,-97.346077,13.0,STATE OR PRIVATE,TX,Cooke,097,Cooke
2011,2455746.5,185,,4.0,Campfire,,,,1.0,B,29.743721,-98.111063,13.0,STATE OR PRIVATE,TX,Comal,091,Comal
2011,2455746.5,185,,4.0,Campfire,,,,1.0,B,30.55966,-98.323936,13.0,STATE OR PRIVATE,TX,Burnet,053,Burnet
2011,2455750.5,189,,4.0,Campfire,,,,0.1,A,33.660042,-95.57893,13.0,STATE OR PRIVATE,TX,Lamar,277,Lamar
2011,2455750.5,189,,4.0,Campfire,,,,1.0,B,31.70173,-95.9396,13.0,STATE OR PRIVATE,TX,Freestone,161,Freestone
2011,2455751.5,190,,4.0,Campfire,,,,10.0,C,28.037062,-97.870073,13.0,STATE OR PRIVATE,TX,Jim Wells,249,Jim Wells
2011,2455751.5,190,,4.0,Campfire,,,,1.0,B,34.023356,-98.368149,13.0,STATE OR PRIVATE,TX,Clay,077,Clay
2011,2455756.5,195,,4.0,Campfire,,,,8.0,B,30.5833353,-98.404022,13.0,STATE OR PRIVATE,TX,Burnet,053,Burnet
2011,2455763.5,202,,4.0,Campfire,,,,1.0,B,29.6948549,-98.1126261,13.0,STATE OR PRIVATE,TX,Comal,091,Comal
2011,2455769.5,208,,4.0,Campfire,,,,1.0,B,35.213755,-101.821258,13.0,STATE OR PRIVATE,TX,Potter,375,Potter
2011,2455772.5,211,,4.0,Campfire,,,,1.0,B,31.624125,-96.264997,13.0,STATE OR PRIVATE,TX,Freestone,161,Freestone
2011,2455774.5,213,,4.0,Campfire,,,,1.0,B,33.641491,-96.620722,13.0,STATE OR PRIVATE,TX,Grayson,181,Grayson
2011,2455791.5,230,,4.0,Campfire,,,,0.01,A,31.895194,-95.226402,13.0,STATE OR PRIVATE,TX,Cherokee,073,Cherokee
2011,2455801.5,240,,4.0,Campfire,,,,1.0,B,30.788269,-96.7168967,13.0,STATE OR PRIVATE,TX,Milam,331,Milam
2011,2455806.5,245,,4.0,Campfire,,,,0.25,A,32.7754169,-94.5087329,13.0,STATE OR PRIVATE,TX,Marion,315,Marion
2011,2455808.5,247,,4.0,Campfire,,,,1.5,B,30.305355,-96.516309,13.0,STATE OR PRIVATE,TX,Washington,477,Washington
2011,2455809.5,248,,4.0,Campfire,,,,1.0,B,33.655924,-96.914606,13.0,STATE OR PRIVATE,TX,Grayson,181,Grayson
2011,2455812.5,251,,4.0,Campfire,,,,1.0,B,31.628245,-95.28511,13.0,STATE OR PRIVATE,TX,Anderson,001,Anderson
2011,2455814.5,253,,4.0,Campfire,,,,1.0,B,33.3384421,-94.4476691,13.0,STATE OR PRIVATE,TX,Bowie,037,Bowie
2011,2455817.5,256,,4.0,Campfire,,,,0.05,A,33.796838,-97.01889,13.0,STATE OR PRIVATE,TX,Cooke,097,Cooke
2011,2455818.5,257,,4.0,Campfire,,,,2.0,B,31.628245,-95.283394,13.0,STATE OR PRIVATE,TX,Cherokee,073,Cherokee
2011,2455820.5,259,,4.0,Campfire,,,,3.0,B,33.8582812,-96.8859517,13.0,STATE OR PRIVATE,TX,Grayson,181,Grayson
2011,2455834.5,273,,4.0,Campfire,,,,10.0,C,31.777358,-97.736692,13.0,STATE OR PRIVATE,TX,Bosque,035,Bosque
2011,2455836.5,275,,4.0,Campfire,,,,0.1,A,33.662245,-95.541838,13.0,STATE OR PRIVATE,TX,Lamar,277,Lamar
2011,2455838.5,277,,4.0,Campfire,,,,1.0,B,31.621879,-96.28477,13.0,STATE OR PRIVATE,TX,Freestone,161,Freestone
2011,2455839.5,278,,4.0,Campfire,,,,1.5,B,33.058169,-95.100403,13.0,STATE OR PRIVATE,TX,Titus,449,Titus
2011,2455841.5,280,,4.0,Campfire,,,,0.01,A,29.886144,-98.218315,13.0,STATE OR PRIVATE,TX,Comal,091,Comal
2011,2455856.5,295,,4.0,Campfire,,,,0.01,A,29.8821925,-98.2630956,13.0,STATE OR PRIVATE,TX,Comal,091,Comal
2011,2455869.5,308,,4.0,Campfire,,,,1.0,B,26.458125,-98.403168,13.0,STATE OR PRIVATE,TX,Hidalgo,215,Hidalgo
2011,2455869.5,308,,4.0,Campfire,,,,1.0,B,29.9740709,-93.9865046,13.0,STATE OR PRIVATE,TX,Jefferson,245,Jefferson
2011,2455870.5,309,,4.0,Campfire,,,,1.0,B,33.653507,-96.595595,13.0,STATE OR PRIVATE,TX,Grayson,181,Grayson
2011,2455870.5,309,,4.0,Campfire,,,,3.0,B,30.57209,-96.702003,13.0,STATE OR PRIVATE,TX,Burleson,051,Burleson
2011,2455871.5,310,,4.0,Campfire,,,,1.0,B,31.613911,-97.245936,13.0,STATE OR PRIVATE,TX,McLennan,309,McLennan
2011,2455884.5,323,,4.0,Campfire,,,,1.0,B,32.9866199,-97.5783109,13.0,STATE OR PRIVATE,TX,Parker,367,Parker
2011,2455884.5,323,,4.0,Campfire,,,,0.5,B,31.362171,-94.672622,13.0,STATE OR PRIVATE,TX,Angelina,005,Angelina
2011,2455884.5,323,,4.0,Campfire,,,,1.0,B,29.174458,-98.408643,13.0,STATE OR PRIVATE,TX,Bexar,029,Bexar
2011,2455905.5,344,,4.0,Campfire,,,,1.0,B,32.3690331,-95.0746445,13.0,STATE OR PRIVATE,TX,Smith,423,Smith
2011,2455913.5,352,,4.0,Campfire,,,,1.0,B,31.544946,-97.157934,13.0,STATE OR PRIVATE,TX,McLennan,309,McLennan
2011,2455923.5,362,,4.0,Campfire,,,,1.0,B,32.5223224,-94.4597407,13.0,STATE OR PRIVATE,TX,Harrison,203,Harrison
2011,2455925.5,364,,4.0,Campfire,,,,1.0,B,30.5544093,-96.3011392,13.0,STATE OR PRIVATE,TX,Brazos,041,Brazos
2011,2455926.5,365,,4.0,Campfire,,,,0.1,A,27.9410545,-97.1455872,13.0,STATE OR PRIVATE,TX,Aransas,007,Aransas
2012,2456070.5,144,0930,4.0,Campfire,2456070.5,144,1045,0.1,A,35.21527778,-100.86194444,5.0,USFS,TX,179,179,Gray
2012,2455953.5,27,1430,4.0,Campfire,2455953.5,27,1830,262.0,D,31.28888889,-95.23833333,5.0,USFS,TX,225,225,Houston
2012,2456144.5,218,,4.0,Campfire,,,,0.1,A,29.68888889,-94.15777778,4.0,FWS,TX,,,
2012,2456156.5,230,,4.0,Campfire,,,,0.1,A,26.25,-98.53333333,4.0,FWS,TX,,,
2012,2456194.5,268,,4.0,Campfire,2456194.5,268,,0.1,A,29.88222222,-95.58083333,4.0,FWS,TX,,,
2012,2456195.5,269,,4.0,Campfire,2456195.5,269,,0.1,A,28.89444444,-95.58222222,4.0,FWS,TX,,,
2012,2455940.5,14,1844,4.0,Campfire,2455941.5,15,1510,86.0,C,29.82205,-94.6313,14.0,MISSING/NOT SPECIFIED,TX,Chambers,071,Chambers
2012,2456089.5,163,0533,4.0,Campfire,2456089.5,163,0825,1.0,B,33.335,-94.23583333,14.0,MISSING/NOT SPECIFIED,TX,Bowie,037,Bowie
2012,2456102.5,176,1729,4.0,Campfire,2456102.5,176,1947,19.0,C,32.47815,-94.41095,14.0,MISSING/NOT SPECIFIED,TX,Harrison,203,Harrison
2012,2456151.5,225,1530,4.0,Campfire,2456152.5,226,1720,106.0,D,33.9444,-96.9421,14.0,MISSING/NOT SPECIFIED,TX,Grayson,181,Grayson
2012,2456180.5,254,1322,4.0,Campfire,2456180.5,254,1531,2.0,B,31.68208333,-95.60685,14.0,MISSING/NOT SPECIFIED,TX,Anderson,001,Anderson
2012,2456180.5,254,1655,4.0,Campfire,2456180.5,254,1753,2.0,B,33.26083333,-95.08638889,14.0,MISSING/NOT SPECIFIED,TX,Titus,449,Titus
2012,2456231.5,305,1448,4.0,Campfire,2456231.5,305,1727,1.0,B,30.06916667,-95.23222222,14.0,MISSING/NOT SPECIFIED,TX,Montgomery,339,Montgomery
2012,2456233.5,307,1557,4.0,Campfire,2456233.5,307,1705,1.0,B,30.42806667,-93.91911667,14.0,MISSING/NOT SPECIFIED,TX,Jasper,241,Jasper
2012,2456245.5,319,1838,4.0,Campfire,2456245.5,319,2010,1.0,B,33.76916667,-95.15166833,14.0,MISSING/NOT SPECIFIED,TX,Red River,387,Red River
2012,2456247.5,321,1729,4.0,Campfire,2456247.5,321,2009,4.0,B,30.32191667,-94.17705,14.0,MISSING/NOT SPECIFIED,TX,Hardin,199,Hardin
2012,2456249.5,323,1236,4.0,Campfire,2456249.5,323,1345,1.0,B,30.62921667,-93.90385,14.0,MISSING/NOT SPECIFIED,TX,Jasper,241,Jasper
2012,2456251.5,325,1302,4.0,Campfire,2456251.5,325,1302,1.0,B,30.91366667,-93.87033333,14.0,MISSING/NOT SPECIFIED,TX,Jasper,241,Jasper
2012,2456256.5,330,0645,4.0,Campfire,2456256.5,330,1008,4.0,B,33.71527778,-95.03555556,14.0,MISSING/NOT SPECIFIED,TX,Red River,387,Red River
2012,2456259.5,333,1414,4.0,Campfire,2456259.5,333,1752,7.0,B,32.40838883,-95.55283333,14.0,MISSING/NOT SPECIFIED,TX,Van Zandt,467,Van Zandt
2012,2456260.5,334,1251,4.0,Campfire,2456260.5,334,1552,3.0,B,32.34281667,-94.73426667,14.0,MISSING/NOT SPECIFIED,TX,Rusk,401,Rusk
2012,2456282.5,356,1431,4.0,Campfire,2456282.5,356,1704,2.0,B,30.16318333,-93.96511667,14.0,MISSING/NOT SPECIFIED,TX,Orange,361,Orange
2012,2455927.5,1,,4.0,Campfire,,,,5.0,B,33.107902,-96.540368,14.0,MISSING/NOT SPECIFIED,TX,Collin,085,Collin
2012,2455927.5,1,,4.0,Campfire,,,,1.0,B,32.374897,-95.154615,14.0,MISSING/NOT SPECIFIED,TX,Smith,423,Smith
2012,2455927.5,1,,4.0,Campfire,,,,7.0,B,31.5601454,-99.2861671,14.0,MISSING/NOT SPECIFIED,TX,Coleman,083,Coleman
2012,2455930.5,4,,4.0,Campfire,,,,1.0,B,32.3214409,-95.2611045,14.0,MISSING/NOT SPECIFIED,TX,Smith,423,Smith
2012,2455934.5,8,,4.0,Campfire,,,,1.0,B,30.250489,-97.933347,14.0,MISSING/NOT SPECIFIED,TX,Travis,453,Travis
2012,2455941.5,15,,4.0,Campfire,,,,0.1,A,33.779682,-97.722595,14.0,MISSING/NOT SPECIFIED,TX,Montague,337,Montague
2012,2455947.5,21,,4.0,Campfire,,,,1.0,B,31.422364,-95.605516,14.0,MISSING/NOT SPECIFIED,TX,Houston,225,Houston
2012,2455948.5,22,,4.0,Campfire,,,,0.2,A,33.204627,-98.1634,14.0,MISSING/NOT SPECIFIED,TX,Jack,237,Jack
2012,2455950.5,24,,4.0,Campfire,,,,1.0,B,31.914694,-102.214093,14.0,MISSING/NOT SPECIFIED,TX,Midland,329,Midland
2012,2455953.5,27,,4.0,Campfire,,,,2.0,B,31.61775,-97.869378,14.0,MISSING/NOT SPECIFIED,TX,Coryell,099,Coryell
2012,2455954.5,28,,4.0,Campfire,,,,1.0,B,33.028611,-97.727553,14.0,MISSING/NOT SPECIFIED,TX,Wise,497,Wise
2012,2455995.5,69,,4.0,Campfire,,,,1.0,B,33.5658732,-96.6032294,14.0,MISSING/NOT SPECIFIED,TX,Grayson,181,Grayson
2012,2456017.5,91,,4.0,Campfire,,,,0.3,B,32.889425,-96.463029,14.0,MISSING/NOT SPECIFIED,TX,Rockwall,397,Rockwall
2012,2456025.5,99,,4.0,Campfire,,,,0.1,A,30.2181893,-98.9333142,14.0,MISSING/NOT SPECIFIED,TX,Gillespie,171,Gillespie
2012,2456033.5,107,,4.0,Campfire,,,,0.01,A,29.885535,-98.253095,14.0,MISSING/NOT SPECIFIED,TX,Comal,091,Comal
2012,2456050.5,124,,4.0,Campfire,,,,0.7,B,31.91466,-106.60148,14.0,MISSING/NOT SPECIFIED,TX,El Paso,141,El Paso
2012,2456067.5,141,,4.0,Campfire,,,,0.1,A,28.426128,-99.228215,14.0,MISSING/NOT SPECIFIED,TX,La Salle,283,La Salle
2012,2456072.5,146,,4.0,Campfire,,,,1.0,B,31.832066,-96.430092,14.0,MISSING/NOT SPECIFIED,TX,Navarro,349,Navarro
2012,2456083.5,157,,4.0,Campfire,,,,0.5,B,33.410572,-95.981226,14.0,MISSING/NOT SPECIFIED,TX,Fannin,147,Fannin
2012,2456109.5,183,,4.0,Campfire,,,,0.25,A,36.068605,-102.528191,14.0,MISSING/NOT SPECIFIED,TX,Dallam,111,Dallam
2012,2456110.5,184,,4.0,Campfire,,,,1.0,B,31.434357,-97.755028,14.0,MISSING/NOT SPECIFIED,TX,Coryell,099,Coryell
2012,2456110.5,184,,4.0,Campfire,,,,0.1,A,33.067665,-96.585531,14.0,MISSING/NOT SPECIFIED,TX,Collin,085,Collin
2012,2456112.5,186,,4.0,Campfire,,,,1.0,B,33.247033,-97.602858,14.0,MISSING/NOT SPECIFIED,TX,Wise,497,Wise
2012,2456114.5,188,,4.0,Campfire,,,,1.0,B,32.5550658,-94.9613481,14.0,MISSING/NOT SPECIFIED,TX,Upshur,459,Upshur
2012,2456140.5,214,,4.0,Campfire,,,,1.0,B,31.422474,-95.59556,14.0,MISSING/NOT SPECIFIED,TX,Houston,225,Houston
2012,2456152.5,226,,4.0,Campfire,,,,3.0,B,31.992135,-94.134464,14.0,MISSING/NOT SPECIFIED,TX,Panola,365,Panola
2012,2456155.5,229,,4.0,Campfire,,,,1.0,B,32.111607,-95.400557,14.0,MISSING/NOT SPECIFIED,TX,Cherokee,073,Cherokee
2012,2456158.5,232,,4.0,Campfire,,,,0.25,A,32.0765224,-98.2362494,14.0,MISSING/NOT SPECIFIED,TX,Erath,143,Erath
2012,2456170.5,244,,4.0,Campfire,,,,1.0,B,30.557521,-96.234385,14.0,MISSING/NOT SPECIFIED,TX,Brazos,041,Brazos
2012,2456174.5,248,,4.0,Campfire,,,,1.0,B,32.7883993,-95.6364627,14.0,MISSING/NOT SPECIFIED,TX,Wood,499,Wood
2012,2456183.5,257,,4.0,Campfire,,,,1.0,B,30.9038164,-94.0196551,14.0,MISSING/NOT SPECIFIED,TX,Jasper,241,Jasper
2012,2456190.5,264,,4.0,Campfire,,,,0.5,B,32.794911,-95.6375671,14.0,MISSING/NOT SPECIFIED,TX,Wood,499,Wood
2012,2456197.5,271,,4.0,Campfire,,,,0.25,A,33.273139,-94.950027,14.0,MISSING/NOT SPECIFIED,TX,Titus,449,Titus
2012,2456198.5,272,,4.0,Campfire,,,,0.2,A,32.4328014,-94.9468161,14.0,MISSING/NOT SPECIFIED,TX,Gregg,183,Gregg
2012,2456202.5,276,,4.0,Campfire,,,,1.0,B,33.2987272,-96.4041241,14.0,MISSING/NOT SPECIFIED,TX,Collin,085,Collin
2012,2456208.5,282,,4.0,Campfire,,,,1.0,B,32.909376,-97.6200303,14.0,MISSING/NOT SPECIFIED,TX,Parker,367,Parker
2012,2456212.5,286,,4.0,Campfire,,,,0.01,A,33.898511,-98.5297558,14.0,MISSING/NOT SPECIFIED,TX,Wichita,485,Wichita
2012,2456213.5,287,,4.0,Campfire,,,,2.0,B,33.752462,-96.92791,14.0,MISSING/NOT SPECIFIED,TX,Grayson,181,Grayson
2012,2456228.5,302,,4.0,Campfire,,,,1.0,B,32.53339,-94.67126,14.0,MISSING/NOT SPECIFIED,TX,Harrison,203,Harrison
2012,2456235.5,309,,4.0,Campfire,,,,1.0,B,33.508123,-96.903019,14.0,MISSING/NOT SPECIFIED,TX,Grayson,181,Grayson
2012,2456241.5,315,,4.0,Campfire,,,,1.0,B,30.512893,-97.5761938,14.0,MISSING/NOT SPECIFIED,TX,Williamson,491,Williamson
2012,2456246.5,320,,4.0,Campfire,,,,0.1,A,32.2451522,-95.1757137,14.0,MISSING/NOT SPECIFIED,TX,Smith,423,Smith
2012,2456248.5,322,,4.0,Campfire,,,,0.01,A,30.193911,-98.602536,14.0,MISSING/NOT SPECIFIED,TX,Gillespie,171,Gillespie
2012,2456253.5,327,,4.0,Campfire,,,,25.0,C,32.744187,-96.315422,14.0,MISSING/NOT SPECIFIED,TX,Kaufman,257,Kaufman
2012,2456254.5,328,,4.0,Campfire,,,,5.0,B,33.4346249,-96.182079,14.0,MISSING/NOT SPECIFIED,TX,Fannin,147,Fannin
2012,2456255.5,329,,4.0,Campfire,,,,1.0,B,33.4341255,-96.1634117,14.0,MISSING/NOT SPECIFIED,TX,Fannin,147,Fannin
2012,2456256.5,330,,4.0,Campfire,,,,1.0,B,32.490579,-98.300428,14.0,MISSING/NOT SPECIFIED,TX,Erath,143,Erath
2012,2456269.5,343,,4.0,Campfire,,,,1.0,B,30.61565,-96.326274,14.0,MISSING/NOT SPECIFIED,TX,Brazos,041,Brazos
2012,2456271.5,345,,4.0,Campfire,,,,1.0,B,29.6648125,-98.085131,14.0,MISSING/NOT SPECIFIED,TX,Guadalupe,187,Guadalupe
2012,2456278.5,352,,4.0,Campfire,,,,2.0,B,33.4389014,-95.9457154,14.0,MISSING/NOT SPECIFIED,TX,Fannin,147,Fannin
2012,2456283.5,357,,4.0,Campfire,,,,2.5,B,33.731086,-95.6754,14.0,MISSING/NOT SPECIFIED,TX,Lamar,277,Lamar
2013,2456360.5,68,2015,4.0,Campfire,2456360.5,68,2300,1.0,B,30.55305556,-95.66,5.0,USFS,TX,471,471,Walker
2013,2456360.5,68,2015,4.0,Campfire,2456360.5,68,2300,0.5,B,30.55305556,-95.65944444,5.0,USFS,TX,471,471,Walker
2013,2456511.5,219,1200,4.0,Campfire,2456511.5,219,1500,2.3,B,30.50138889,-95.59916667,5.0,USFS,TX,339,339,Montgomery
2013,2456484.5,192,1830,4.0,Campfire,2456485.5,193,1030,0.1,A,30.48916667,-95.59916667,5.0,USFS,TX,339,339,Montgomery
2013,2456511.5,219,1200,4.0,Campfire,2456511.5,219,1500,0.1,A,30.49527778,-95.60194444,5.0,USFS,TX,339,339,Montgomery
2013,2456474.5,182,1400,4.0,Campfire,2456474.5,182,1600,0.33,B,30.53333333,-95.62416667,5.0,USFS,TX,471,471,Walker
2013,2456382.5,90,1830,4.0,Campfire,2456382.5,90,1840,0.1,A,29.480467,-101.028881,3.0,NPS,TX,,,
2013,2456551.5,259,0800,4.0,Campfire,2456551.5,259,0900,0.1,A,30.47015,-94.346603,3.0,NPS,TX,,,
2013,2456416.5,124,1800,4.0,Campfire,2456416.5,124,2300,59.2,C,35.6397,-101.6342,3.0,NPS,TX,,,
2013,2456418.5,126,1130,4.0,Campfire,2456418.5,126,1400,0.1,A,35.46407,-101.84465,3.0,NPS,TX,,,
2013,2456348.5,56,1500,4.0,Campfire,2456349.5,57,1800,10.0,C,30.5282,-98.24306,8.0,PRIVATE,TX,Burnet,053,Burnet
2013,2456306.5,14,1300,4.0,Campfire,2456308.5,16,2000,61.0,C,25.95666667,-97.14777778,4.0,FWS,TX,,,
2013,2456479.5,187,1630,4.0,Campfire,2456479.5,187,2200,6.0,B,30.67889,-98.067861,8.0,PRIVATE,TX,,,
2013,2456506.5,214,1230,4.0,Campfire,,,,0.3,B,29.65222222,-94.12194444,4.0,FWS,TX,,,
2013,2456350.5,58,1332,4.0,Campfire,2456350.5,58,1519,16.0,C,32.90101667,-94.71543333,8.0,PRIVATE,TX,Morris,343,Morris
2013,2456514.5,222,1241,4.0,Campfire,2456514.5,222,1342,1.0,B,33.137,-94.51843333,8.0,PRIVATE,TX,Cass,067,Cass
2013,2456354.5,62,1712,4.0,Campfire,2456359.5,67,1120,503.0,E,31.28063333,-97.4723,8.0,PRIVATE,TX,Bell,027,Bell
2013,2456357.5,65,1420,4.0,Campfire,2456357.5,65,1526,1.0,B,30.58658333,-95.40841667,8.0,PRIVATE,TX,Walker,471,Walker
2013,2456521.5,229,1504,4.0,Campfire,2456526.5,234,1802,2.5,B,32.84235,-94.69563333,8.0,PRIVATE,TX,Upshur,459,Upshur
2013,2456364.5,72,1405,4.0,Campfire,2456364.5,72,1519,2.0,B,31.92766667,-95.54688333,8.0,PRIVATE,TX,Anderson,001,Anderson
2013,2456550.5,258,1445,4.0,Campfire,2456551.5,259,1133,36.0,C,31.89958333,-97.23985,8.0,PRIVATE,TX,Hill,217,Hill
2013,2456479.5,187,1607,4.0,Campfire,2456479.5,187,1837,10.0,C,29.62791667,-97.28386667,8.0,PRIVATE,TX,Gonzales,177,Gonzales
2013,2456365.5,73,1600,4.0,Campfire,2456365.5,73,1735,1.5,B,30.44185,-94.2602,8.0,PRIVATE,TX,Hardin,199,Hardin
2013,2456486.5,194,1719,4.0,Campfire,2456487.5,195,1322,87.0,C,31.27163333,-97.48263333,8.0,PRIVATE,TX,Bell,027,Bell
2013,2456396.5,104,1259,4.0,Campfire,2456396.5,104,1523,1.0,B,32.41661667,-94.70905,8.0,PRIVATE,TX,Gregg,183,Gregg
2013,2456463.5,171,,4.0,Campfire,,,,3.0,B,30.501782,-97.001509,8.0,PRIVATE,TX,Lee,287,Lee
2013,2456298.5,6,,4.0,Campfire,,,,4.0,B,31.90525,-94.985733,8.0,PRIVATE,TX,Cherokee,073,Cherokee
2013,2456478.5,186,,4.0,Campfire,,,,2.0,B,32.729928,-95.533574,8.0,PRIVATE,TX,Wood,499,Wood
2013,2456349.5,57,,4.0,Campfire,,,,1.0,B,32.8931,-94.7045,8.0,PRIVATE,TX,Morris,343,Morris
2013,2456366.5,74,,4.0,Campfire,,,,1.0,B,30.1328754,-96.3157879,8.0,PRIVATE,TX,Washington,477,Washington
2013,2456524.5,232,,4.0,Campfire,,,,2.0,B,33.725974,-97.4606047,8.0,PRIVATE,TX,Cooke,097,Cooke
2013,2456525.5,233,,4.0,Campfire,,,,10.0,C,33.2704067,-97.2580666,8.0,PRIVATE,TX,Denton,121,Denton
2013,2456444.5,152,,4.0,Campfire,,,,0.1,A,33.0803815,-96.5694004,8.0,PRIVATE,TX,Collin,085,Collin
2013,2456323.5,31,,4.0,Campfire,,,,0.01,A,30.104445,-94.21051,8.0,PRIVATE,TX,Jefferson,245,Jefferson
2013,2456336.5,44,,4.0,Campfire,,,,5.0,B,32.772832,-95.642732,8.0,PRIVATE,TX,Wood,499,Wood
2013,2456366.5,74,,4.0,Campfire,,,,1.0,B,35.017156,-100.925335,8.0,PRIVATE,TX,Donley,129,Donley
2013,2456404.5,112,,4.0,Campfire,,,,1.0,B,25.931303,-97.5217525,8.0,PRIVATE,TX,Bastrop,021,Bastrop
2013,2456310.5,18,,4.0,Campfire,,,,1.0,B,32.296898,-96.9534259,8.0,PRIVATE,TX,Ellis,139,Ellis
2013,2456355.5,63,,4.0,Campfire,,,,2.0,B,32.165654,-95.4657374,8.0,PRIVATE,TX,Smith,423,Smith
2013,2456535.5,243,,4.0,Campfire,,,,1.0,B,31.7605038,-96.8841115,8.0,PRIVATE,TX,Hill,217,Hill
2013,2456419.5,127,,4.0,Campfire,,,,0.25,A,32.736895,-94.524822,8.0,PRIVATE,TX,Marion,315,Marion
2013,2456318.5,26,,4.0,Campfire,,,,0.1,A,33.24416,-97.591037,8.0,PRIVATE,TX,Wise,497,Wise
2013,2456479.5,187,,4.0,Campfire,,,,0.5,B,30.3460432,-96.5283022,8.0,PRIVATE,TX,Burleson,051,Burleson
2013,2456417.5,125,,4.0,Campfire,,,,1.0,B,28.885565,-95.369997,8.0,PRIVATE,TX,Brazoria,039,Brazoria
2013,2456306.5,14,,4.0,Campfire,,,,0.1,A,29.5843359,-97.96354,8.0,PRIVATE,TX,Guadalupe,187,Guadalupe
2013,2456339.5,47,,4.0,Campfire,,,,0.25,A,32.1977206,-98.2040823,8.0,PRIVATE,TX,Erath,143,Erath
2013,2456433.5,141,,4.0,Campfire,,,,5.0,B,36.289958,-101.300468,8.0,PRIVATE,TX,Hansford,195,Hansford
2013,2456366.5,74,,4.0,Campfire,,,,1.0,B,32.978103,-97.785272,8.0,PRIVATE,TX,Parker,367,Parker
2013,2456326.5,34,,4.0,Campfire,,,,1.0,B,32.8086167,-95.6592687,8.0,PRIVATE,TX,Wood,499,Wood
2013,2456382.5,90,,4.0,Campfire,,,,0.25,A,33.8613817,-98.6287172,8.0,PRIVATE,TX,Wichita,485,Wichita
2013,2456375.5,83,,4.0,Campfire,,,,1.0,B,33.841905,-95.539856,8.0,PRIVATE,TX,Lamar,277,Lamar
2013,2456515.5,223,,4.0,Campfire,,,,0.1,A,31.074623,-94.019923,8.0,PRIVATE,TX,Jasper,241,Jasper
2013,2456378.5,86,,4.0,Campfire,,,,80.0,C,31.13818,-96.748627,8.0,PRIVATE,TX,Falls,145,Falls
2013,2456412.5,120,,4.0,Campfire,,,,1.0,B,31.9179473,-94.6810439,8.0,PRIVATE,TX,Rusk,401,Rusk
2013,2456403.5,111,,4.0,Campfire,,,,0.01,A,31.139361,-97.702647,8.0,PRIVATE,TX,Bell,027,Bell
2013,2456366.5,74,,4.0,Campfire,,,,2.0,B,35.017155,-100.925345,8.0,PRIVATE,TX,Donley,129,Donley
2013,2456369.5,77,,4.0,Campfire,,,,2.0,B,32.440958,-94.313529,8.0,PRIVATE,TX,Marion,315,Marion
2013,2456354.5,62,,4.0,Campfire,,,,0.5,B,32.2317016,-95.8908849,8.0,PRIVATE,TX,Henderson,213,Henderson
2013,2456379.5,87,,4.0,Campfire,,,,1.0,B,33.9605982,-98.5158769,8.0,PRIVATE,TX,Wichita,485,Wichita
2013,2456477.5,185,,4.0,Campfire,,,,1.0,B,33.0246769,-96.193143,8.0,PRIVATE,TX,Hunt,231,Hunt
2013,2456431.5,139,,4.0,Campfire,,,,0.01,A,33.8697383,-98.5490424,8.0,PRIVATE,TX,Wichita,485,Wichita
2013,2456348.5,56,,4.0,Campfire,,,,0.5,B,29.881056,-98.800521,8.0,PRIVATE,TX,Kendall,259,Kendall
2013,2456479.5,187,,4.0,Campfire,,,,0.11,A,31.625487,-96.963938,8.0,PRIVATE,TX,McLennan,309,McLennan
2013,2456390.5,98,,4.0,Campfire,,,,1.0,B,30.564278,-94.187084,8.0,PRIVATE,TX,Tyler,457,Tyler
2013,2456367.5,75,,4.0,Campfire,,,,0.5,B,32.1413791,-95.3083003,8.0,PRIVATE,TX,Smith,423,Smith
2013,2456309.5,17,,4.0,Campfire,,,,1.0,B,32.892926,-94.705335,8.0,PRIVATE,TX,Morris,343,Morris
2013,2456311.5,19,,4.0,Campfire,,,,2.0,B,32.772832,-95.642732,8.0,PRIVATE,TX,Wood,499,Wood
2013,2456485.5,193,,4.0,Campfire,,,,4.5,B,30.5595907,-98.1692301,8.0,PRIVATE,TX,Burnet,053,Burnet
2013,2456351.5,59,,4.0,Campfire,,,,0.25,A,30.1352226,-94.2781957,8.0,PRIVATE,TX,Jefferson,245,Jefferson
2013,2456340.5,48,,4.0,Campfire,,,,0.01,A,33.8650894,-98.5595699,8.0,PRIVATE,TX,Wichita,485,Wichita
2013,2456395.5,103,,4.0,Campfire,,,,2.0,B,32.5897364,-96.9088416,8.0,PRIVATE,TX,Dallas,113,Dallas
2013,2456476.5,184,,4.0,Campfire,,,,3.0,B,30.6084688,-98.4011336,8.0,PRIVATE,TX,Burnet,053,Burnet
2013,2456379.5,87,,4.0,Campfire,,,,1.0,B,31.02544,-104.47933,8.0,PRIVATE,TX,Culberson,109,Culberson
2013,2456298.5,6,,4.0,Campfire,,,,1.0,B,32.1913649,-95.7355049,8.0,PRIVATE,TX,Henderson,213,Henderson
2013,2456472.5,180,,4.0,Campfire,,,,3.0,B,33.010507,-94.3654227,8.0,PRIVATE,TX,Cass,067,Cass
2013,2456355.5,63,,4.0,Campfire,,,,0.1,A,33.85905,-98.558316,8.0,PRIVATE,TX,Wichita,485,Wichita
2013,2456367.5,75,,4.0,Campfire,,,,2.0,B,33.84333,-95.608521,8.0,PRIVATE,TX,Lamar,277,Lamar
2013,2456368.5,76,,4.0,Campfire,,,,1.0,B,33.796553,-95.41935,8.0,PRIVATE,TX,Lamar,277,Lamar
2013,2456332.5,40,,4.0,Campfire,,,,1.0,B,30.114542,-97.479804,8.0,PRIVATE,TX,Bastrop,021,Bastrop
2013,2456481.5,189,,4.0,Campfire,,,,1.0,B,35.143869,-101.867717,8.0,PRIVATE,TX,Randall,381,Randall
2013,2456500.5,208,,4.0,Campfire,,,,1.0,B,29.472321,-95.342381,8.0,PRIVATE,TX,Brazoria,039,Brazoria
2013,2456544.5,252,,4.0,Campfire,,,,1.0,B,29.4627365,-95.35799,8.0,PRIVATE,TX,Brazoria,039,Brazoria
2013,2456573.5,281,,4.0,Campfire,,,,1.0,B,29.5220515,-95.33605,8.0,PRIVATE,TX,Brazoria,039,Brazoria
2013,2456366.5,74,,4.0,Campfire,,,,1.0,B,33.855947,-96.897826,8.0,PRIVATE,TX,Grayson,181,Grayson
2013,2456579.5,287,,4.0,Campfire,,,,2.0,B,27.967418,-97.894363,8.0,PRIVATE,TX,Jim Wells,249,Jim Wells
2013,2456536.5,244,,4.0,Campfire,,,,2.0,B,33.08723,-96.550255,8.0,PRIVATE,TX,Collin,085,Collin
2013,2456366.5,74,,4.0,Campfire,,,,0.5,B,30.1247743,-96.3087876,8.0,PRIVATE,TX,Washington,477,Washington
2013,2456405.5,113,,4.0,Campfire,,,,0.2,A,32.1655864,-96.0085423,8.0,PRIVATE,TX,Henderson,213,Henderson
2013,2456357.5,65,,4.0,Campfire,,,,0.1,A,29.5589742,-97.8820342,8.0,PRIVATE,TX,Guadalupe,187,Guadalupe
2013,2456491.5,199,,4.0,Campfire,,,,1.0,B,29.459052,-95.323746,8.0,PRIVATE,TX,Brazoria,039,Brazoria
2013,2456569.5,277,,4.0,Campfire,,,,1.0,B,35.1872503,-101.7910974,8.0,PRIVATE,TX,Potter,375,Potter
2013,2456558.5,266,,4.0,Campfire,,,,0.1,A,28.89694,-99.09264,8.0,PRIVATE,TX,Frio,163,Frio
2013,2456502.5,210,,4.0,Campfire,,,,0.3,B,32.1778889,-96.0069714,8.0,PRIVATE,TX,Henderson,213,Henderson
2013,2456654.5,362,,4.0,Campfire,,,,0.01,A,31.070286,-97.745361,8.0,PRIVATE,TX,Bell,027,Bell
2013,2456651.5,359,,4.0,Campfire,,,,0.05,A,31.064761,-97.799552,8.0,PRIVATE,TX,Bell,027,Bell
2013,2456565.5,273,,4.0,Campfire,,,,0.01,A,31.08693,-97.757669,8.0,PRIVATE,TX,Bell,027,Bell
2013,2456657.5,365,,4.0,Campfire,,,,0.01,A,29.248496,-98.176019,8.0,PRIVATE,TX,Wilson,493,Wilson
2013,2456644.5,352,,4.0,Campfire,,,,1.0,B,33.425125,-94.0476882,8.0,PRIVATE,TX,Bowie,037,Bowie
2013,2456642.5,350,,4.0,Campfire,,,,1.0,B,32.3978651,-95.30564219,8.0,PRIVATE,TX,Smith,423,Smith
2013,2456469.5,177,,4.0,Campfire,,,,1.0,B,33.425125,-94.0476882,8.0,PRIVATE,TX,Bowie,037,Bowie
2013,2456311.5,19,,4.0,Campfire,,,,0.01,A,33.130644,-96.8331746,8.0,PRIVATE,TX,Collin,085,Collin
2013,2456576.5,284,,4.0,Campfire,,,,0.01,A,31.1171194,-97.7277959,8.0,PRIVATE,TX,Bell,027,Bell
2013,2456551.5,259,,4.0,Campfire,,,,1.0,B,31.53503,-99.766223,8.0,PRIVATE,TX,Concho,095,Concho
2013,2456606.5,314,,4.0,Campfire,,,,0.5,B,32.498976,-94.719673,8.0,PRIVATE,TX,Gregg,183,Gregg
2014,2456735.5,78,1940,4.0,Campfire,2456736.5,79,0005,1.1,B,30.45777778,-95.61861111,5.0,USFS,TX,Montgomery,339,Montgomery
2014,2456746.5,89,1427,4.0,Campfire,2456751.5,94,1630,1.0,B,33.43916667,-97.60611111,5.0,USFS,TX,Wise,497,Wise
2014,2456965.5,308,1400,4.0,Campfire,2456965.5,308,1430,0.25,A,33.39583333,-97.74888889,5.0,USFS,TX,Wise,497,Wise
2014,2456956.5,299,1500,4.0,Campfire,2456956.5,299,1630,0.25,A,33.34055556,-97.59638889,5.0,USFS,TX,Wise,497,Wise
2014,2456802.5,145,1700,4.0,Campfire,2456802.5,145,2200,40.0,C,31.09888889,-94.23166667,5.0,USFS,TX,Angelina,005,Angelina
2014,2456669.5,12,1615,4.0,Campfire,2456669.5,12,1650,0.3,B,35.7076,-101.5584,3.0,NPS,TX,,,
2014,2456757.5,100,0830,4.0,Campfire,2456757.5,100,0910,0.1,A,35.7219,-101.66153,3.0,NPS,TX,,,
2014,2456661.5,4,1621,4.0,Campfire,2456661.5,4,1834,1.0,B,30.41333333,-94.43695,14.0,MISSING/NOT SPECIFIED,TX,Hardin,199,Hardin
2014,2456708.5,51,1910,4.0,Campfire,2456708.5,51,2222,3.0,B,32.54666667,-94.94196667,14.0,MISSING/NOT SPECIFIED,TX,Gregg,183,Gregg
2014,2456726.5,69,1723,4.0,Campfire,2456728.5,71,1805,13.2,C,34.9315,-101.6351667,14.0,MISSING/NOT SPECIFIED,TX,Randall,381,Randall
2014,2456746.5,89,1034,4.0,Campfire,2456746.5,89,1831,12.0,C,33.81666667,-95.63355,14.0,MISSING/NOT SPECIFIED,TX,Lamar,277,Lamar
2014,2456872.5,215,1957,4.0,Campfire,2456873.5,216,,75.0,C,32.50351667,-97.41438333,14.0,MISSING/NOT SPECIFIED,TX,Johnson,251,Johnson
2014,2456911.5,254,1615,4.0,Campfire,2456911.5,254,1840,5.0,B,33.02448333,-96.22868333,14.0,MISSING/NOT SPECIFIED,TX,Hunt,231,Hunt
2014,2456935.5,278,1514,4.0,Campfire,2456935.5,278,1703,2.8,B,30.78973333,-93.97643333,14.0,MISSING/NOT SPECIFIED,TX,Jasper,241,Jasper
2014,2456663.5,6,,4.0,Campfire,,,,0.01,A,30.1054,-97.3205,14.0,MISSING/NOT SPECIFIED,TX,Bastrop,021,Bastrop
2014,2456702.5,45,,4.0,Campfire,,,,0.05,A,30.155425,-97.318832,14.0,MISSING/NOT SPECIFIED,TX,Bastrop,021,Bastrop
2014,2456734.5,77,,4.0,Campfire,,,,2.0,B,31.006969,-97.650819,14.0,MISSING/NOT SPECIFIED,TX,Bell,027,Bell
2014,2456668.5,11,,4.0,Campfire,,,,1.0,B,31.0742819,-97.7872863,14.0,MISSING/NOT SPECIFIED,TX,Bell,027,Bell
2014,2456690.5,33,,4.0,Campfire,,,,0.01,A,31.114092,-97.728539,14.0,MISSING/NOT SPECIFIED,TX,Bell,027,Bell
2014,2456732.5,75,,4.0,Campfire,,,,1.0,B,31.0844,-97.803726,14.0,MISSING/NOT SPECIFIED,TX,Bell,027,Bell
2014,2456757.5,100,,4.0,Campfire,,,,0.01,A,31.085576,-97.77935,14.0,MISSING/NOT SPECIFIED,TX,Bell,027,Bell
2014,2456780.5,123,,4.0,Campfire,,,,0.25,A,31.067051,-97.785015,14.0,MISSING/NOT SPECIFIED,TX,Bell,027,Bell
2014,2457004.5,347,,4.0,Campfire,,,,0.01,A,31.103215,-97.720985,14.0,MISSING/NOT SPECIFIED,TX,Bell,027,Bell
2014,2456709.5,52,,4.0,Campfire,,,,0.25,A,29.409881,-98.73768,14.0,MISSING/NOT SPECIFIED,TX,Bexar,029,Bexar
2014,2456704.5,47,,4.0,Campfire,,,,7.0,B,30.485011,-98.348354,14.0,MISSING/NOT SPECIFIED,TX,Blanco,031,Blanco
2014,2456773.5,116,,4.0,Campfire,,,,2.0,B,30.433273,-98.345768,14.0,MISSING/NOT SPECIFIED,TX,Blanco,031,Blanco
2014,2457014.5,357,,4.0,Campfire,,,,24.0,C,30.37058,-98.480802,14.0,MISSING/NOT SPECIFIED,TX,Blanco,031,Blanco
2014,2456700.5,43,,4.0,Campfire,,,,1.0,B,31.715026,-99.129639,14.0,MISSING/NOT SPECIFIED,TX,Brown,049,Brown
2014,2456844.5,187,,4.0,Campfire,,,,1.0,B,31.835398,-99.0657109,14.0,MISSING/NOT SPECIFIED,TX,Brown,049,Brown
2014,2456710.5,53,,4.0,Campfire,,,,1.0,B,32.927004,-94.923463,14.0,MISSING/NOT SPECIFIED,TX,Camp,063,Camp
2014,2456851.5,194,,4.0,Campfire,,,,1.0,B,34.130017,-98.101387,14.0,MISSING/NOT SPECIFIED,TX,Clay,077,Clay
2014,2456851.5,194,,4.0,Campfire,,,,2.0,B,33.766207,-98.200479,14.0,MISSING/NOT SPECIFIED,TX,Clay,077,Clay
2014,2456781.5,124,,4.0,Campfire,,,,1.0,B,34.130006,-98.094943,14.0,MISSING/NOT SPECIFIED,TX,Clay,077,Clay
2014,2456705.5,48,,4.0,Campfire,,,,25.0,C,31.812836,-99.376037,14.0,MISSING/NOT SPECIFIED,TX,Coleman,083,Coleman
2014,2456706.5,49,,4.0,Campfire,,,,2.0,B,31.81203,-99.371252,14.0,MISSING/NOT SPECIFIED,TX,Coleman,083,Coleman
2014,2456674.5,17,,4.0,Campfire,,,,5.0,B,31.815158,-99.397087,14.0,MISSING/NOT SPECIFIED,TX,Coleman,083,Coleman
2014,2456697.5,40,,4.0,Campfire,,,,1.0,B,31.816617,-99.676037,14.0,MISSING/NOT SPECIFIED,TX,Coleman,083,Coleman
2014,2456793.5,136,,4.0,Campfire,,,,0.1,A,33.0842854,-96.5766577,14.0,MISSING/NOT SPECIFIED,TX,Collin,085,Collin
2014,2456908.5,251,,4.0,Campfire,,,,0.1,A,33.0783183,-96.54990079,14.0,MISSING/NOT SPECIFIED,TX,Collin,085,Collin
2014,2456957.5,300,,4.0,Campfire,,,,0.1,A,33.0876107,-96.55685819,14.0,MISSING/NOT SPECIFIED,TX,Collin,085,Collin
2014,2456866.5,209,,4.0,Campfire,,,,0.01,A,29.6964584,-98.1084103,14.0,MISSING/NOT SPECIFIED,TX,Comal,091,Comal
2014,2456939.5,282,,4.0,Campfire,,,,5.0,B,33.899218,-96.903199,14.0,MISSING/NOT SPECIFIED,TX,Cooke,097,Cooke
2014,2456898.5,241,,4.0,Campfire,,,,2.0,B,31.423097,-97.673178,14.0,MISSING/NOT SPECIFIED,TX,Coryell,099,Coryell
2014,2456906.5,249,,4.0,Campfire,,,,0.1,A,31.4501156,-97.78462969,14.0,MISSING/NOT SPECIFIED,TX,Coryell,099,Coryell
2014,2456660.5,3,,4.0,Campfire,,,,0.12,A,32.6872711,-96.6278146,14.0,MISSING/NOT SPECIFIED,TX,Dallas,113,Dallas
2014,2456660.5,3,,4.0,Campfire,,,,0.12,A,32.675592,-96.82789,14.0,MISSING/NOT SPECIFIED,TX,Dallas,113,Dallas
2014,2456661.5,4,,4.0,Campfire,,,,0.5,B,32.80345,-96.879722,14.0,MISSING/NOT SPECIFIED,TX,Dallas,113,Dallas
2014,2456669.5,12,,4.0,Campfire,,,,0.08,A,32.819961,-96.66758,14.0,MISSING/NOT SPECIFIED,TX,Dallas,113,Dallas
2014,2456970.5,313,,4.0,Campfire,,,,0.12,A,32.713772,-96.834789,14.0,MISSING/NOT SPECIFIED,TX,Dallas,113,Dallas
2014,2456974.5,317,,4.0,Campfire,,,,1.0,B,32.8943859,-96.7309288,14.0,MISSING/NOT SPECIFIED,TX,Dallas,113,Dallas
2014,2456980.5,323,,4.0,Campfire,,,,0.12,A,32.7086991,-96.65447449,14.0,MISSING/NOT SPECIFIED,TX,Dallas,113,Dallas
2014,2456983.5,326,,4.0,Campfire,,,,0.12,A,32.8507382,-96.8846214,14.0,MISSING/NOT SPECIFIED,TX,Dallas,113,Dallas
2014,2456687.5,30,,4.0,Campfire,,,,1.0,B,34.7487,-102.34928,14.0,MISSING/NOT SPECIFIED,TX,Deaf Smith,117,Deaf Smith
2014,2456683.5,26,,4.0,Campfire,,,,0.15,A,33.196216,-97.049961,14.0,MISSING/NOT SPECIFIED,TX,Denton,121,Denton
2014,2456710.5,53,,4.0,Campfire,,,,2.0,B,32.9956611,-97.0880928,14.0,MISSING/NOT SPECIFIED,TX,Denton,121,Denton
2014,2456851.5,194,,4.0,Campfire,,,,3.0,B,33.143786,-97.3895663,14.0,MISSING/NOT SPECIFIED,TX,Denton,121,Denton
2014,2456669.5,12,,4.0,Campfire,,,,0.25,A,33.2540445,-97.20975049,14.0,MISSING/NOT SPECIFIED,TX,Denton,121,Denton
2014,2456675.5,18,,4.0,Campfire,,,,0.25,A,32.317088,-98.02322,14.0,MISSING/NOT SPECIFIED,TX,Erath,143,Erath
2014,2456726.5,69,,4.0,Campfire,,,,1.0,B,32.426245,-98.199478,14.0,MISSING/NOT SPECIFIED,TX,Erath,143,Erath
2014,2456963.5,306,,4.0,Campfire,,,,15.0,C,31.554248,-96.009338,14.0,MISSING/NOT SPECIFIED,TX,Freestone,161,Freestone
2014,2456676.5,19,,4.0,Campfire,,,,0.1,A,30.286516,-98.862572,14.0,MISSING/NOT SPECIFIED,TX,Gillespie,171,Gillespie
2014,2456682.5,25,,4.0,Campfire,,,,1.0,B,32.557932,-94.784638,14.0,MISSING/NOT SPECIFIED,TX,Gregg,183,Gregg
2014,2456772.5,115,,4.0,Campfire,,,,1.0,B,32.450315,-94.614542,14.0,MISSING/NOT SPECIFIED,TX,Harrison,203,Harrison
2014,2456941.5,284,,4.0,Campfire,,,,0.5,B,32.55777,-94.62277389,14.0,MISSING/NOT SPECIFIED,TX,Harrison,203,Harrison
2014,2456900.5,243,,4.0,Campfire,,,,0.5,B,31.886468,-97.359338,14.0,MISSING/NOT SPECIFIED,TX,Hill,217,Hill
2014,2456687.5,30,,4.0,Campfire,,,,1.0,B,32.8863387,-96.13559,14.0,MISSING/NOT SPECIFIED,TX,Hunt,231,Hunt
2014,2456725.5,68,,4.0,Campfire,,,,0.25,A,35.685553,-101.407755,14.0,MISSING/NOT SPECIFIED,TX,Hutchinson,233,Hutchinson
2014,2456906.5,249,,4.0,Campfire,,,,1.0,B,32.56303,-96.322632,14.0,MISSING/NOT SPECIFIED,TX,Kaufman,257,Kaufman
2014,2456682.5,25,,4.0,Campfire,,,,1.0,B,32.4793461,-96.2457789,14.0,MISSING/NOT SPECIFIED,TX,Kaufman,257,Kaufman
2014,2456679.5,22,,4.0,Campfire,,,,0.1,A,33.827464,-95.627441,14.0,MISSING/NOT SPECIFIED,TX,Lamar,277,Lamar
2014,2456956.5,299,,4.0,Campfire,,,,0.25,A,31.522055,-96.82354,14.0,MISSING/NOT SPECIFIED,TX,McLennan,309,McLennan
2014,2456660.5,3,,4.0,Campfire,,,,1.0,B,31.534838,-97.283421,14.0,MISSING/NOT SPECIFIED,TX,McLennan,309,McLennan
2014,2456672.5,15,,4.0,Campfire,,,,1.0,B,31.548297,-97.269688,14.0,MISSING/NOT SPECIFIED,TX,McLennan,309,McLennan
2014,2456703.5,46,,4.0,Campfire,,,,0.75,B,31.598607,-97.321186,14.0,MISSING/NOT SPECIFIED,TX,McLennan,309,McLennan
2014,2456705.5,48,,4.0,Campfire,,,,25.0,C,33.876454,-97.93503,14.0,MISSING/NOT SPECIFIED,TX,Montague,337,Montague
2014,2456990.5,333,,4.0,Campfire,,,,5.0,B,33.795136,-97.719878,14.0,MISSING/NOT SPECIFIED,TX,Montague,337,Montague
2014,2456705.5,48,,4.0,Campfire,,,,0.1,A,33.876698,-97.934189,14.0,MISSING/NOT SPECIFIED,TX,Montague,337,Montague
2014,2456751.5,94,,4.0,Campfire,,,,2.0,B,33.877268,-97.941055,14.0,MISSING/NOT SPECIFIED,TX,Montague,337,Montague
2014,2456681.5,24,,4.0,Campfire,,,,1.0,B,31.998574,-96.142658,14.0,MISSING/NOT SPECIFIED,TX,Navarro,349,Navarro
2014,2456913.5,256,,4.0,Campfire,,,,4.0,B,31.996712,-96.285183,14.0,MISSING/NOT SPECIFIED,TX,Navarro,349,Navarro
2014,2456913.5,256,,4.0,Campfire,,,,4.0,B,31.995923,-96.286411,14.0,MISSING/NOT SPECIFIED,TX,Navarro,349,Navarro
2014,2456934.5,277,,4.0,Campfire,,,,5.0,B,32.677348,-98.266311,14.0,MISSING/NOT SPECIFIED,TX,Palo Pinto,363,Palo Pinto
2014,2456675.5,18,,4.0,Campfire,,,,1.0,B,32.15581,-94.306788,14.0,MISSING/NOT SPECIFIED,TX,Panola,365,Panola
2014,2456757.5,100,,4.0,Campfire,,,,4.0,B,34.748916,-101.7053744,14.0,MISSING/NOT SPECIFIED,TX,Randall,381,Randall
2014,2456677.5,20,,4.0,Campfire,,,,0.1,A,32.876109,-96.43075899,14.0,MISSING/NOT SPECIFIED,TX,Rockwall,397,Rockwall
2014,2456990.5,333,,4.0,Campfire,,,,6.5,B,31.966738,-94.671249,14.0,MISSING/NOT SPECIFIED,TX,Rusk,401,Rusk
2014,2456962.5,305,,4.0,Campfire,,,,0.5,B,30.357771,-95.188379,14.0,MISSING/NOT SPECIFIED,TX,San Jacinto,407,San Jacinto
2014,2456677.5,20,,4.0,Campfire,,,,0.1,A,32.2423076,-95.1397266,14.0,MISSING/NOT SPECIFIED,TX,Smith,423,Smith
2014,2456847.5,190,,4.0,Campfire,,,,0.5,B,32.185175,-95.365405,14.0,MISSING/NOT SPECIFIED,TX,Smith,423,Smith
2014,2456849.5,192,,4.0,Campfire,,,,0.5,B,32.227347,-95.382164,14.0,MISSING/NOT SPECIFIED,TX,Smith,423,Smith
2014,2456705.5,48,,4.0,Campfire,,,,3.0,B,32.399418,-95.3088439,14.0,MISSING/NOT SPECIFIED,TX,Smith,423,Smith
2014,2456730.5,73,,4.0,Campfire,,,,5.0,B,32.4837493,-95.226566,14.0,MISSING/NOT SPECIFIED,TX,Smith,423,Smith
2014,2456740.5,83,,4.0,Campfire,,,,0.5,B,32.4344642,-95.306495,14.0,MISSING/NOT SPECIFIED,TX,Smith,423,Smith
2014,2456746.5,89,,4.0,Campfire,,,,2.0,B,32.483709,-95.15764999,14.0,MISSING/NOT SPECIFIED,TX,Smith,423,Smith
2014,2456710.5,53,,4.0,Campfire,,,,0.25,A,32.756283,-98.915011,14.0,MISSING/NOT SPECIFIED,TX,Stephens,429,Stephens
2014,2456740.5,83,,4.0,Campfire,,,,0.1,A,32.87189,-97.4321219,14.0,MISSING/NOT SPECIFIED,TX,Tarrant,439,Tarrant
2014,2456766.5,109,,4.0,Campfire,,,,0.1,A,32.7143098,-97.4394416,14.0,MISSING/NOT SPECIFIED,TX,Tarrant,439,Tarrant
2014,2456828.5,171,,4.0,Campfire,,,,0.1,A,32.7407309,-97.2746985,14.0,MISSING/NOT SPECIFIED,TX,Tarrant,439,Tarrant
2014,2456973.5,316,,4.0,Campfire,,,,0.01,A,32.8760216,-97.326405,14.0,MISSING/NOT SPECIFIED,TX,Tarrant,439,Tarrant
2014,2457008.5,351,,4.0,Campfire,,,,0.01,A,32.732942,-97.2795327,14.0,MISSING/NOT SPECIFIED,TX,Tarrant,439,Tarrant
2014,2456800.5,143,,4.0,Campfire,,,,1.0,B,32.3705969,-99.7127578,14.0,MISSING/NOT SPECIFIED,TX,Taylor,441,Taylor
2014,2456987.5,330,,4.0,Campfire,,,,1.0,B,33.233094,-94.908485,14.0,MISSING/NOT SPECIFIED,TX,Titus,449,Titus
2014,2456738.5,81,,4.0,Campfire,,,,1.0,B,31.330252,-100.64028,14.0,MISSING/NOT SPECIFIED,TX,Tom Green,451,Tom Green
2014,2456717.5,60,,4.0,Campfire,,,,1.0,B,31.5374035,-100.4787532,14.0,MISSING/NOT SPECIFIED,TX,Tom Green,451,Tom Green
2014,2456870.5,213,,4.0,Campfire,,,,0.5,B,30.34176,-98.14314,14.0,MISSING/NOT SPECIFIED,TX,Travis,453,Travis
2014,2456672.5,15,,4.0,Campfire,,,,0.25,A,30.9079671,-94.4290207,14.0,MISSING/NOT SPECIFIED,TX,Tyler,457,Tyler
2014,2456739.5,82,,4.0,Campfire,,,,0.01,A,33.8739218,-98.4888765,14.0,MISSING/NOT SPECIFIED,TX,Wichita,485,Wichita
2014,2456776.5,119,,4.0,Campfire,,,,1.0,B,30.641945,-97.79159399,14.0,MISSING/NOT SPECIFIED,TX,Williamson,491,Williamson
2014,2456660.5,3,,4.0,Campfire,,,,0.75,B,29.262453,-98.198512,14.0,MISSING/NOT SPECIFIED,TX,Wilson,493,Wilson
2014,2456675.5,18,,4.0,Campfire,,,,0.01,A,29.25173,-98.233668,14.0,MISSING/NOT SPECIFIED,TX,Wilson,493,Wilson
2014,2456887.5,230,,4.0,Campfire,,,,15.0,C,33.128676,-98.931735,14.0,MISSING/NOT SPECIFIED,TX,Young,503,Young
2014,2456686.5,29,,4.0,Campfire,,,,2.0,B,27.197064,-99.422434,14.0,MISSING/NOT SPECIFIED,TX,Zapata,505,Zapata
2015,2457109.5,87,2058,4.0,Campfire,,,,1.0,B,33.36611111,-97.66583333,8.0,PRIVATE,TX,497,497,Wise
2015,2457312.5,290,1430,4.0,Campfire,,,,2.0,B,33.34194444,-97.59833333,5.0,USFS,TX,497,497,Wise
2015,2457313.5,291,1230,4.0,Campfire,2457313.5,291,1400,0.25,A,30.5325,-95.62444444,5.0,USFS,TX,339,339,Montgomery
2015,2457312.5,290,1600,4.0,Campfire,2457312.5,290,1800,0.49,B,30.47444444,-95.66666667,5.0,USFS,TX,339,339,Montgomery
2015,2457310.5,288,2000,4.0,Campfire,2457311.5,289,1100,0.1,A,30.55333333,-95.15083333,5.0,USFS,TX,407,407,San Jacinto
2015,2457257.5,235,2030,4.0,Campfire,2457257.5,235,2045,0.1,A,29.4758,-101.0156,3.0,NPS,TX,,,
2015,2457364.5,342,1740,4.0,Campfire,2457368.5,346,1900,21.0,C,31.89239,-104.85281,3.0,NPS,TX,,,
2015,2457220.5,198,1400,4.0,Campfire,2457220.5,198,1600,1.0,B,32.67389,-94.18383,8.0,PRIVATE,TX,Harrison,203,Harrison
2015,2457244.5,222,1600,4.0,Campfire,2457244.5,222,1700,0.3,B,30.58674,-97.98395,8.0,PRIVATE,TX,Travis,453,Travis
2015,2457234.5,212,1745,4.0,Campfire,2457234.5,212,2200,52.1,C,30.5275,-98.373056,8.0,PRIVATE,TX,Llano,299,Llano
2015,2457232.5,210,1300,4.0,Campfire,2457236.5,214,1800,10.7,C,30.718487,-98.34563,8.0,PRIVATE,TX,Burnet,053,Burnet
2015,2457060.5,38,1539,4.0,Campfire,2457060.5,38,1709,1.0,B,31.79466667,-94.58285,8.0,PRIVATE,TX,Nacogdoches,347,Nacogdoches
2015,2457110.5,88,1715,4.0,Campfire,2457114.5,92,1037,23.0,C,30.18416667,-99.7935,8.0,PRIVATE,TX,Edwards,137,Edwards
2015,2457244.5,222,1535,4.0,Campfire,2457244.5,222,1829,35.0,C,33.3151,-95.74558333,8.0,PRIVATE,TX,Delta,119,Delta
2015,2457253.5,231,1252,4.0,Campfire,2457253.5,231,1343,1.0,B,31.59518333,-94.83831667,8.0,PRIVATE,TX,Nacogdoches,347,Nacogdoches
2015,2457277.5,255,1719,4.0,Campfire,2457277.5,255,1908,3.0,B,32.59726667,-94.94076667,8.0,PRIVATE,TX,Upshur,459,Upshur
2015,2457283.5,261,1502,4.0,Campfire,2457285.5,263,1402,165.0,D,30.41781667,-101.0395333,14.0,MISSING/NOT SPECIFIED,TX,Crockett,105,Crockett
2015,2457291.5,269,1557,4.0,Campfire,2457291.5,269,1759,1.0,B,32.49838333,-94.72433333,8.0,PRIVATE,TX,Gregg,183,Gregg
2015,2457291.5,269,1642,4.0,Campfire,2457291.5,269,1902,2.0,B,31.21031667,-93.85431667,14.0,MISSING/NOT SPECIFIED,TX,Sabine,403,Sabine
2015,2457291.5,269,1635,4.0,Campfire,2457291.5,269,2032,20.0,C,32.5435,-95.68638333,8.0,PRIVATE,TX,Van Zandt,467,Van Zandt
2015,2457305.5,283,,4.0,Campfire,2457305.5,283,1000,1.0,B,33.11133333,-94.39433333,14.0,MISSING/NOT SPECIFIED,TX,Cass,067,Cass
2015,2457305.5,283,1308,4.0,Campfire,2457305.5,283,1421,3.8,B,30.93468333,-94.77575,14.0,MISSING/NOT SPECIFIED,TX,Polk,373,Polk
2015,2457306.5,284,1727,4.0,Campfire,2457306.5,284,1848,2.98,B,30.99215,-94.43488333,14.0,MISSING/NOT SPECIFIED,TX,Tyler,457,Tyler
2015,2457308.5,286,1445,4.0,Campfire,2457308.5,286,1717,1.0,B,30.66386667,-95.00768333,14.0,MISSING/NOT SPECIFIED,TX,Polk,373,Polk
2015,2457306.5,284,1445,4.0,Campfire,2457308.5,286,,153.7,D,32.19271667,-97.81988333,14.0,MISSING/NOT SPECIFIED,TX,Somervell,425,Somervell
2015,2457313.5,291,1352,4.0,Campfire,2457314.5,292,1524,350.0,E,30.3805,-101.4075,14.0,MISSING/NOT SPECIFIED,TX,Crockett,105,Crockett
2015,2457040.5,18,,4.0,Campfire,,,,0.1,A,32.3122,-102.5174,8.0,PRIVATE,TX,Andrews,003,Andrews
2015,2457242.5,220,,4.0,Campfire,,,,1.0,B,33.442042,-98.793697,14.0,MISSING/NOT SPECIFIED,TX,Archer,009,Archer
2015,2457300.5,278,,4.0,Campfire,,,,1.0,B,33.5977682,-98.657732,14.0,MISSING/NOT SPECIFIED,TX,Archer,009,Archer
2015,2457256.5,234,,4.0,Campfire,,,,3.0,B,33.807181,-98.559937,14.0,MISSING/NOT SPECIFIED,TX,Archer,009,Archer
2015,2457340.5,318,,4.0,Campfire,,,,0.25,A,29.012872,-98.576803,14.0,MISSING/NOT SPECIFIED,TX,Atascosa,013,Atascosa
2015,2457271.5,249,,4.0,Campfire,,,,2.0,B,31.020051,-97.653283,8.0,PRIVATE,TX,Bell,027,Bell
2015,2457051.5,29,,4.0,Campfire,,,,0.01,A,31.108213,-97.789993,14.0,MISSING/NOT SPECIFIED,TX,Bell,027,Bell
2015,2457064.5,42,,4.0,Campfire,,,,0.2,A,30.997623,-97.660217,14.0,MISSING/NOT SPECIFIED,TX,Bell,027,Bell
2015,2457241.5,219,,4.0,Campfire,,,,25.0,C,31.0164137,-97.8112628,14.0,MISSING/NOT SPECIFIED,TX,Bell,027,Bell
2015,2457174.5,152,,4.0,Campfire,,,,1.0,B,30.652213,-96.3901379,8.0,PRIVATE,TX,Brazos,041,Brazos
2015,2457271.5,249,,4.0,Campfire,,,,2.0,B,31.915191,-99.04222,8.0,PRIVATE,TX,Brown,049,Brown
2015,2457042.5,20,,4.0,Campfire,,,,15.0,C,30.7437957,-98.0555762,14.0,MISSING/NOT SPECIFIED,TX,Burnet,053,Burnet
2015,2457067.5,45,,4.0,Campfire,,,,1.0,B,35.385366,-101.406833,8.0,PRIVATE,TX,Carson,065,Carson
2015,2457058.5,36,,4.0,Campfire,,,,1.0,B,31.630303,-95.283394,8.0,PRIVATE,TX,Cherokee,073,Cherokee
2015,2457087.5,65,,4.0,Campfire,,,,1.0,B,31.669758,-94.953117,8.0,PRIVATE,TX,Cherokee,073,Cherokee
2015,2457028.5,6,,4.0,Campfire,,,,0.33,B,31.841108,-95.172887,14.0,MISSING/NOT SPECIFIED,TX,Cherokee,073,Cherokee
2015,2457053.5,31,,4.0,Campfire,,,,0.1,A,33.057694,-96.4534679,8.0,PRIVATE,TX,Collin,085,Collin
2015,2457180.5,158,,4.0,Campfire,,,,1.0,B,35.016055,-100.899631,8.0,PRIVATE,TX,Donley,129,Donley
2015,2457290.5,268,,4.0,Campfire,,,,0.01,A,32.497267,-94.72451,8.0,PRIVATE,TX,Gregg,183,Gregg
2015,2457116.5,94,,4.0,Campfire,,,,0.01,A,32.418831,-94.942314,8.0,PRIVATE,TX,Gregg,183,Gregg
2015,2457060.5,38,,4.0,Campfire,,,,1.0,B,30.7776715,-95.9575906,8.0,PRIVATE,TX,Grimes,185,Grimes
2015,2457312.5,290,,4.0,Campfire,,,,0.75,B,30.26357,-95.84423,14.0,MISSING/NOT SPECIFIED,TX,Grimes,185,Grimes
2015,2457291.5,269,,4.0,Campfire,,,,0.1,A,29.576499,-97.978354,14.0,MISSING/NOT SPECIFIED,TX,Guadalupe,187,Guadalupe
2015,2457037.5,15,,4.0,Campfire,,,,1.0,B,32.62449,-94.108887,14.0,MISSING/NOT SPECIFIED,TX,Harrison,203,Harrison
2015,2457306.5,284,,4.0,Campfire,,,,0.1,A,31.378427,-95.450227,14.0,MISSING/NOT SPECIFIED,TX,Houston,225,Houston
2015,2457312.5,290,,4.0,Campfire,,,,1.0,B,33.0237024,-95.9062818,14.0,MISSING/NOT SPECIFIED,TX,Hunt,231,Hunt
2015,2457067.5,45,,4.0,Campfire,,,,1.0,B,35.685366,-101.406833,14.0,MISSING/NOT SPECIFIED,TX,Hutchinson,233,Hutchinson
2015,2457271.5,249,,4.0,Campfire,,,,1.0,B,30.925643,-94.115195,14.0,MISSING/NOT SPECIFIED,TX,Jasper,241,Jasper
2015,2457347.5,325,,4.0,Campfire,,,,1.0,B,32.6128739,-99.6817292,14.0,MISSING/NOT SPECIFIED,TX,Jones,253,Jones
2015,2457314.5,292,,4.0,Campfire,,,,100.0,D,28.6325,-99.2438,14.0,MISSING/NOT SPECIFIED,TX,La Salle,283,La Salle
2015,2457291.5,269,,4.0,Campfire,,,,6.0,B,30.420029,-96.956783,8.0,PRIVATE,TX,Lee,287,Lee
2015,2457218.5,196,,4.0,Campfire,,,,2.0,B,30.678594,-99.255724,8.0,PRIVATE,TX,Mason,319,Mason
2015,2457067.5,45,,4.0,Campfire,,,,2.0,B,31.6739844,-97.1941223,8.0,PRIVATE,TX,McLennan,309,McLennan
2015,2457053.5,31,,4.0,Campfire,,,,0.25,A,31.37053,-97.252285,8.0,PRIVATE,TX,McLennan,309,McLennan
2015,2457277.5,255,,4.0,Campfire,,,,10.0,C,33.868389,-97.675352,8.0,PRIVATE,TX,Montague,337,Montague
2015,2457111.5,89,,4.0,Campfire,,,,7.43,B,30.343659,-95.472167,8.0,PRIVATE,TX,Montgomery,339,Montgomery
2015,2457263.5,241,,4.0,Campfire,,,,5.0,B,34.249696,-100.570521,8.0,PRIVATE,TX,Motley,345,Motley
2015,2457302.5,280,,4.0,Campfire,,,,1.0,B,31.59981519,-94.64750129,14.0,MISSING/NOT SPECIFIED,TX,Nacogdoches,347,Nacogdoches
2015,2457313.5,291,,4.0,Campfire,,,,3.0,B,31.84869,-96.586261,14.0,MISSING/NOT SPECIFIED,TX,Navarro,349,Navarro
2015,2457043.5,21,,4.0,Campfire,,,,0.2,A,27.593998,-97.212353,14.0,MISSING/NOT SPECIFIED,TX,Nueces,355,Nueces
2015,2457074.5,52,,4.0,Campfire,,,,0.1,A,27.6195389,-97.2063602,8.0,PRIVATE,TX,Nueces,355,Nueces
2015,2457347.5,325,,4.0,Campfire,,,,2.0,B,27.7033,-97.377663,14.0,MISSING/NOT SPECIFIED,TX,Nueces,355,Nueces
2015,2457067.5,45,,4.0,Campfire,,,,1.0,B,35.2402945,-101.8316927,14.0,MISSING/NOT SPECIFIED,TX,Potter,375,Potter
2015,2457073.5,51,,4.0,Campfire,,,,1.0,B,35.174266,-101.851282,14.0,MISSING/NOT SPECIFIED,TX,Randall,381,Randall
2015,2457107.5,85,,4.0,Campfire,,,,1.0,B,35.159438,-101.885869,14.0,MISSING/NOT SPECIFIED,TX,Randall,381,Randall
2015,2457138.5,116,,4.0,Campfire,,,,1.0,B,35.1621803,-101.844052,14.0,MISSING/NOT SPECIFIED,TX,Randall,381,Randall
2015,2457028.5,6,,4.0,Campfire,,,,1.0,B,32.1486704,-94.7819227,14.0,MISSING/NOT SPECIFIED,TX,Rusk,401,Rusk
2015,2457060.5,38,,4.0,Campfire,,,,0.2,A,32.616668,-100.885677,14.0,MISSING/NOT SPECIFIED,TX,Scurry,415,Scurry
2015,2457062.5,40,,4.0,Campfire,,,,1.0,B,32.307955,-95.000668,14.0,MISSING/NOT SPECIFIED,TX,Smith,423,Smith
2015,2457029.5,7,,4.0,Campfire,,,,2.0,B,32.1652541,-95.2268569,8.0,PRIVATE,TX,Smith,423,Smith
2015,2457039.5,17,,4.0,Campfire,,,,2.0,B,32.222822,-95.2872777,8.0,PRIVATE,TX,Smith,423,Smith
2015,2457302.5,280,,4.0,Campfire,,,,14.0,C,26.585561,-99.145718,14.0,MISSING/NOT SPECIFIED,TX,Starr,427,Starr
2015,2457032.5,10,,4.0,Campfire,,,,0.01,A,32.954171,-97.290462,14.0,MISSING/NOT SPECIFIED,TX,Tarrant,439,Tarrant
2015,2457247.5,225,,4.0,Campfire,,,,0.01,A,32.666814,-97.30887,8.0,PRIVATE,TX,Tarrant,439,Tarrant
2015,2457365.5,343,,4.0,Campfire,,,,0.01,A,32.4877682,-99.72306259,14.0,MISSING/NOT SPECIFIED,TX,Taylor,441,Taylor
2015,2457313.5,291,,4.0,Campfire,,,,1.0,B,33.282037,-95.005989,14.0,MISSING/NOT SPECIFIED,TX,Titus,449,Titus
2015,2457298.5,276,,4.0,Campfire,,,,0.25,A,31.3409303,-100.51517,14.0,MISSING/NOT SPECIFIED,TX,Tom Green,451,Tom Green
2015,2457269.5,247,,4.0,Campfire,,,,0.5,B,30.9071518,-94.4624337,14.0,MISSING/NOT SPECIFIED,TX,Tyler,457,Tyler
2015,2457299.5,277,,4.0,Campfire,,,,1.0,B,32.8443449,-94.905573,14.0,MISSING/NOT SPECIFIED,TX,Upshur,459,Upshur
2015,2457278.5,256,,4.0,Campfire,,,,2.0,B,32.695766,-94.8716999,8.0,PRIVATE,TX,Upshur,459,Upshur
2015,2457282.5,260,,4.0,Campfire,,,,1.0,B,32.6908835,-94.8552454,8.0,PRIVATE,TX,Upshur,459,Upshur
2015,2457041.5,19,,4.0,Campfire,,,,39.0,C,30.2981021,-96.5690192,14.0,MISSING/NOT SPECIFIED,TX,Washington,477,Washington
2015,2457261.5,239,,4.0,Campfire,,,,1.0,B,30.566919,-97.54982,14.0,MISSING/NOT SPECIFIED,TX,Williamson,491,Williamson
2015,2457263.5,241,,4.0,Campfire,,,,1.0,B,30.563347,-97.541282,14.0,MISSING/NOT SPECIFIED,TX,Williamson,491,Williamson
2015,2457298.5,276,,4.0,Campfire,,,,1.0,B,32.9426839,-95.61761309,14.0,MISSING/NOT SPECIFIED,TX,Wood,499,Wood
2015,2457250.5,228,,4.0,Campfire,,,,2.0,B,33.186764,-98.593792,8.0,PRIVATE,TX,Young,503,Young
2015,2457305.5,283,,4.0,Campfire,,,,2.0,B,33.352039,-98.887253,14.0,MISSING/NOT SPECIFIED,TX,Young,503,Young
