count(*),artist
5,
1,!ll.martians
3,!llmind
1,!llmind & joell ortiz
1,!llmind & skyzoo
1,!llmind & symbolyc one
1,!llmind & verbal kent
1,"""e""qual"
3,"""invictus"" mosai"
1,"""to"""
1,"""weird al"" yankovic"
1,#$ & gdp
1,#kipgang
1,#kno-1
1,#ltflow
1,#massacr
1,#theset
1,$.99 dreams
1,$1 bin & hucci
1,$3.33
1,$aturn & just a gent
1,$cenic
1,$crack money$
2,$crim
1,$crunk smitty$
1,$cvm
1,$idiλli
1,$igil
1,$in
2,$ludgehammer
2,$noregazzzm
1,$pvcemvn trip
2,$sounds$
24,$uicideboy$
3,$uicideboy$ & blvck smurf
1,$uicideboy$ & germ
1,$uicideboy$ & pouya
2,$uicideboy$ & rvmirxz
6,$wagg dinero
1,$wagg dinero & lil jojo
7,$waggot
1,$waggot & nexenus
1,$waggot & 音 light システム
1,$wank flacko
2,$yrup
1,$yrup & hush
1,&friends
4,&y.
4,'t hof van commerce
1,(((o)))
1,(astral)
1,(big/lies/no/hustle)dry chinaski
1,(dc)
1,(dc) & masego
13,(həd) p.e.
1,(moore)
1,(s)he
1,(snoogans)themadscientist
1,(zendan)زندان
1,(zendan)زندان & idntrmmbr.[覚えていない]
1,(øld) grape gød
1,)))nothingisreal)))
2,*67
1,*hitmayng
1,*kevobeats
1,*nsync & britney spears
1,*sb*
1,+indo-
4,+ma
1,+ma & maschmeyer
1,+verb
1,- ojmacoj -
1,-/purple_cobra\-
3,-topic.
1,.:$x$:.
5,.bess one.
2,.casting
2,.ciaиo
2,.cult
2,.finesse gawd
1,.ksun
1,.kznc & kiezin.
1,.l.w.h.
1,.sensi
1,.sinh
3,.vangokk
1,.čunfa
1,.◬ ι z ξ u s.
1,//purple_cobra\\
1,/\/\ore_gai/\/
3,/h/t/a/
4,/sixpointpros
2,00genesis
1,0118-vier
2,072
1,0800
2,1 minute miracles
1,1 pact rural
1,1 way anc
1,1$5soul
1,1% hangout
1,1-uik project
1,1.8.7. mortals
1,10 cents
1,10 k.a.n.s.
1,"10,000 cadillacs"
1,10-david
1,10-speed
2,1000 clowns
7,1000names
2,100s
1,100x
2,101
1,108 dragons
2,10a
1,10bass t
1,10iseewilliams
2,10th letter
1,10vers
1,10° below
6,11/5
7,112
6,113
1,113 & ap
2,116 clique
1,12 a'klok
3,12 gauge
1,12 gauge shotie & the jacka
1,12 jewelz
1,12 пакетов
1,12+
2,1200 hobos
2,1200 hobos & john doe
4,1200 techniques
1,12th planet & ras kass
1,12vince
2,12vince & slowy
5,13 & god
1,13 block
1,13palabras
2,13th son
1,14?
9,14kt
1,14kt & ab
1,15 minut projekt
1,1618
1,1618 & wodoo wolcan
1,1618 & youtaro
1,16yrold & divine
7,1773
1,1773 & trishes
1,18 karat
8,18+
2,183rd & smoke dza
1,184
1,184 & the purist
1,1865
1,187
1,187 fac
2,187 family
3,187 strassenbande
1,18k & sheytan
2,18sense.
1,18sense. & adjaman
1,18sense. & kenja
2,1984
1,1987 supply & dj breakemoff
2,1988
3,1995
1,1999
1,199four
3,1lady
1,1luv & ac lewis
1,1mt & git
1,1punch (원펀치)
2,1sagain (원써겐)
1,1st blood
1,1st degree & deep sleep
2,1st down
1,1ste one
1,1stn3rd
5,1tym
2,2 bal
1,2 bal 2 neg'
1,2 black 2 strong mmg
1,2 black basstuds
1,2 brothers on the 4th floor
22,2 chainz
1,2 demented
1,2 drunk'n poets
1,2 face
1,2 faces
1,2 hungry bros
1,2 hungry bros & 8thw1
1,2 hungry bros & p.so the earth tone king
3,2 hyped brothers and a dog
4,2 in a room
1,2 killa mafia
1,2 krayze
2,2 live jews
1,2 low
1,2 mad
1,2 many dj's
8,2 mello
1,2 mello & yasunori mitsuda (光田康典)
1,2 mics & a kit
1,2 milly
1,2 nes
1,2 of da realist
1,2 of the crew
3,2 pistols
1,2 real & krazy b
1,2 rude
3,2 skinnee j's
1,2 thick
1,2 thick & dj zirk
1,2 too many
1,2 unorthodox & juice
1,2% muck & spyder baybie raw dog
2,2-4 family
1,2-def
1,2-man cypher
1,2-twenty
1,20 below
1,20 fingers
4,20-2-life
1,2000fastwomen
1,200bpm & tilt
1,2012
1,2032
1,206ickness
1,2080
3,20syl
2,21 savage
1,21 savage & metro boomin
1,210west & ana venus
2,211 & skinny pimp
4,213
1,213 & warren g
1,215 asasinz
1,21:03
1,21dp
1,21st century dreamtime lions
1,22 savage
1,22tape
1,23 klikk
1,23klikk
2,24-7 spyz
1,24/7
1,24herbs (廿四味)
1,24k
1,25 is life
4,25/17
1,25/17 & грот
1,25/17 & дмитрий ревякин
1,254 street bosses
5,257ers
8,28 days
2,2am club
2,2bers & l*roneous
1,2bit
1,2boomin
2,2cztery7
1,2d (the second dimension)
5,2d6
1,2dk
1,2e monde
9,2econd class citizen
1,2face
1,2face idibia
2,2faces
1,2fch
1,2groove & disord3r
1,2groove & wu-tang clan
1,2gun5 beatz
3,2h company
1,2in-par
1,2late
1,2late & cracker jon
1,2legit2quit
1,2lson
1,2mal2
9,2mex
1,2mex & awol one
1,2mex & baldhead slick
1,2mex & life rexall
5,2nd ii none
1,2nd life entertainment presentz
1,2nd power
1,2nd sun
4,2ne1 (투애니원)
1,2ne1 (투애니원) & bigbang (빅뱅)
127,2pac
1,2pac & backyard band
1,2pac & boot camp clik
1,"2pac & lisa ""left eye"" lopes"
1,2pac & marvin gaye
2,2pac & outlawz
1,2pac & pink floyd
1,2pac & the game
2,2pac & the notorious b.i.g.
2,2pac & thug life
1,2pac & tony k
2,2pm (투피엠)
1,2rbina 2rista
2,2ruff
1,2secure
3,2tall
1,2tall & dudley perkins
1,2u4ubyu
2,2ugli
1,2ugli & bloody monk consortium
1,2up
2,2zio
2,3 grand
2,3 melancholy gypsys
1,3 memphis kniccas
1,3 mill rod
1,3 mustaphas 3
1,3 shades of rhythm
1,3 steps from nowhere
1,3 titans
1,3 x dope
1,3-2
3,3-card
1,3-deep
1,3-x-klan
2,30/70 collective
1,3010
1,31
1,310
7,311
1,313 bass mechanics
2,313phresh
1,321
1,333 boyz & schwarz
1,33hz
1,345
1,350
2,3582
1,36
7,360
1,360degrees
1,36zero
1,38 slug & pretty tony
1,380 dat lady
1,39 posse
6,3:33
1,3:33 & cannibal ox
1,3:ess & dj shorter
2,3astman
1,3ck
1,3ck & biomat
1,3d & roy ayers
1,3kubebeats & mr. miranda
3,3lw
10,3oh!3
4,3pac
1,3peat
3,3plusss
1,3pm
7,3rd bass
1,3rd eye
1,3rd faze
1,3rd phloor productions
1,3rdiiiuth
1,3rdiiiuth & raisik
1,3re tha hardaway
1,3real 5real
1,3t
1,3teeth
7,3x krazy
1,3y (yez yez yo)
3,4 deep
1,4 straight
1,4 the cause
1,4-2 tha dome
1,4-ever fresh
2,4-ize
1,4-x-sample
1,4.21
1,4.9.0 friedhof chiller
1,40 cal
4,40 glocc
1,40 thevz
1,40 watt hype
6,40 winks
1,40.mid
1,400 hyenes
1,400 hyènes
1,40000 gang
1,"404 device, king pheenix, madhatter, untested methods"
1,404 soldierz
1,40k & kustom
1,40th dimension
1,410 pharaohs
2,415
1,42ghosts
1,43zla
1,44 clique
2,45
1,45 niggaz
1,47
1,499
1,4am & octavius
1,4hero
1,4izacru
1,4life
1,4llsouls & chloe martini
1,4th assassin
1,4th avenue jones
2,4th disciple
1,4th disciple & one man
1,4th pyramid
1,4th25
1,4trackboy & echomann
1,4tune
1,4two7
7,5 & a dime
1,5 & a dime & basic physics
1,5 ela
3,5 elementz
1,5 family click & kool g rap
1,5 flat and brownson
1,5 majeur
85,50 cent
1,50 cent & dj jack beatz
1,50 cent & dj whiteowl
3,50 cent & g-unit
1,50 cent & jay z
2,50 cent & lloyd banks
1,50/50
3,50/50 twin
1,501
4,504 boyz
1,5150 mentally insane
1,52nd street
1,54-71
1,54-71 & kool keith
1,552 & natry
1,55th & koree blunt
2,57th street rogue dog villians
2,5am
1,5kinandbone5
1,5kinandbone5 & robert jeffrey
1,5loops
1,5loops & krick
1,5miinust
1,5quad
1,5tatic
2,5th child
1,5th chyld
1,5th crescent
1,5th seal & nutso
1,5th spear
8,5th ward boyz
1,5th ward juvenilez
5,5th ward weebie
1,6 bvck
3,6 pack čukur
2,6 shot
1,60 channels
1,60 second assassin
1,604 click
5,69 boyz
1,69 napalm
1,69 worms
22,6blocc
2,6er gascho
2,6fingers
1,6hunnit bj
1,6ix & logic
4,6lack
1,6mäki
1,6press
2,6th floor
1,6th sense
1,6yx 5yve & cadence
4,7 days of funk
1,7 g.e.m.s.
5,7 notas 7 colores
4,702
3,711kid
1,72 soul
1,740 boyz
1,75/85 south
1,750 rebels
1,76
1,77 karat gold
1,781
4,7even sun
1,7even sun & cans
1,7eventh 4loor
5,7eventhirty
2,7l
2,7l & beyonder
13,7l & esoteric
1,7l & main flow
1,7l & tall matt 
1,7th generation
1,7th octave
1,7th rail crew
1,7th sphere
1,7th veil
1,7ucas
1,8 floors down
1,8-bit
1,8-bit bandit & dumbfoundead
1,8-bit boys & ytcracker
1,8-bit crookz
1,8-off
2,80's babies
4,808 state & mc tunes
2,808ink
1,811 & ph.d.
4,813
3,83
1,86kiloherz
1,88 ultra
1,88 ultra & nacho picasso
1,88 ultra & no merci
2,88-keys
2,88:88
1,89 godzilla
11,8ball
1,8ball & e.d.i. mean
17,8ball & mjg
1,8bit cynics & jivin scientists
1,8earcub
2,8eight (에이트)
1,8er$
1,8er$ & soniye
1,8prn
1,8prn & heartbeat(s)
6,8reg
1,8thw1
2,8thw1 & pat van dyke
1,8tm
1,8up
1,8°6 crew
2,9 lazy 9
1,9 theory
1,9 trae family
1,90 bpm
1,90 lovers
1,90 mph
1,90 proof
1,90 prophets
5,90's bambino
1,9029
1,903 outlaws
1,90estudio
1,911
1,918
1,93 taught me
3,95 south
1,96wrld
1,98° & stevie wonder
5,99 posse
1,99%
1,990x
1,995
1,999
1,9dm & lawz spoken
1,9ice
2,9milimetros
1,9planets
5,9th prince
1,9th uno
18,9th wonder
3,9th wonder & buckshot
1,9th wonder & david banner
1,9th wonder & kaze
7,9th wonder & murs
1,9th wonder & pete rock
1,9th wonder & skyzoo
2,9th wonder & spectac
1,9th wonder & talib kweli
1,9th wonder & wale
3,9thcloud
1,:brownstudy
1,?uestlove
2,@junkmail
3,@peace
1,[ s e n s o ]
1,[.phelix]
1,[beatmasta.oknd]
1,[cr.uz] & kahawai loaf
1,[drwn.entact]
1,[ksg]
1,[ksg] & drwn.
1,[loveandbalance]
13,[offbeatninja]
5,[redacted]
2,[samwise]
1,[slr] & cloudy.
1,\/oss
1,^hevl
1,_____face
5,_danieru
1,_whtspce
1,_zoot.
1,a band of buriers
1,a better tomorrow
1,a boogie wit da hoodie
2,a broken silence
1,a brother scratch
1,a damned revolution
1,a few good men
1,a good one
1,a great big world
1,a gun called tension
1,a history of violence
3,a june & j beat
1,a l l i e
1,a la fu
1,a little rooster
1,a lost people
2,a merican girlfriend
1,a new beginning & kwamé
1,a plus tha kid & shady nate
3,a problem like maria
2,a quest
1,a r c a d i
2,a red cat in the doghouse
1,a s v h i
4,a sol mechanic
45,a tribe called quest
1,a tribe called quest & consequence
1,a tribe called quest & erykah badu
1,a tribe called quest & the pharcyde
4,a tribe called red
1,a tribe called red & das racist
4,a z e
1,a$ap ant & a$ap rocky
16,a$ap ferg
6,a$ap mob
33,a$ap rocky
1,a$ap rocky & troyboi
2,a$ap ty beats
2,a$ton matthews
1,a$tral
1,a'daleis
1,a'me lorain
3,a+
6,a-1
3,a-alikes
5,a-class
1,a-d
1,a-dam-shame
1,a-dub
7,a-f-r-o
1,a-fos
1,a-g-2-a-ke
1,a-lee
1,a-lex ram
1,a-love
1,a-maz-on
3,a-merk
2,a-plus
1,a-plus & aagee
2,a-plus & compound 7
1,a-rif
1,a-ron
2,a-rühm
3,a-team
18,a-trak
1,a-trak & cam'ron
1,a-trak & dillon francis
2,a-trak & dj qbert
1,a-trak & glc
1,a-trak & kanye west
1,a-trak & the rub
1,a-villa
2,a-wa
5,a-wax
1,a-wax & gonzoe
1,a. charles
1,a. g. cook & lil gash
1,a. luoti
1,a. s
1,a.b.n. renegadez & trae tha truth
4,a.bee
1,a.c. smooth
3,a.chal
1,a.d.a.y
1,a.d.d.
7,a.d.o.r.
6,a.dd+
1,a.f.q.b
4,a.g.
1,a.g. & koss
1,a.g. & o.c.
4,a.g. & ray west
2,a.geh wirklich?
1,a.j. brione
1,a.j. 盗品
4,a.j.k.s.
1,a.k
2,a.k.-s.w.i.f.t.
2,a.k.a. brothers
1,a.kor black (에이코어 블랙)
1,a.l.
1,a.l. laureate
1,a.l.g.
1,a.l.t.
2,a.l.t. & the lost civilization
3,a.m. architect
1,a.m. dre'
2,a.m.o.
1,a.m.s crew
1,a.m.w.
1,a.o.c
1,a.o.n.c.
1,a.p.s.d.
1,a.r.m.
1,a.r.t. & freez
1,a.r.t. & rico
1,a.r.t. & sticks
1,a.s.m
1,a.s.p.
1,a.saxon
3,a.skillz
2,a.skillz & beatvandals
3,a.skillz & krafty kuts
1,a.skillz & nick thayer
1,a.v. kids
1,a.v. mitchell
1,a.v.i.u.s. & agflux
1,a.y.b. force
1,a.y.d.
3,a.y.e.
2,a1mill3r
2,a2
10,a2h
1,a2h & aelpeacha
1,a2h & xanax
1,a2velas
1,a3bandas
1,a3l
6,a_rival
1,aa.kurtz
12,aaliyah
1,aaliyah & dām-funk
1,aalo guha
2,aalon$e
1,aalon$e & δktr
2,aamir
1,aardvarck
1,aardvark
2,aarodynamics
1,aaron
1,aaron choulai
3,aaron cohen
1,aaron del valle
1,aaron evans & illogic
2,aaron evo
1,aaron explicable
2,aaron hall
2,aaron lacrate
1,aaron lacrate & amanda blank
1,aaron lacrate & low budget
1,aaron smith
3,aaronmaxwell
1,aaronmaxwell & james matthew
1,aarophat
1,aarón baliti & dj volo
1,aasen
2,aasim
1,ab cephei
1,ab devinci
9,ab-soul
1,ab-soul & jay rock
1,ab-soul & jmsn
2,abakus
1,abakus & aokid
1,abbott & brown
5,abbrev
5,abd al malik
1,abdel gadir salim & emmanuel jal
1,abdelalien
4,abdominal
1,abdominal & dj fase
1,abdominal & the obliques
2,abdu ali
1,abe 2 lshefa
1,abeamoflight
3,abel
1,abel okugawa
3,abelest
1,abentis
1,abgohard
2,abhi the nomad
1,abhi//dijon
1,abidaz
1,abidaz & cherrie
1,abide.n
1,abigoba
17,abjo
1,able.p
3,able8
1,abluka alarm
1,abluskittle
1,abmanrah
2,abn
1,abn renegadez & trae tha truth
2,abnormal sleepz
2,abnorml injustice
1,aboli$h
2,aboriginals
1,aborted jesus milkshake
11,above the law
2,above this
3,abra
2,abraham
1,abraham inc.
1,abram
1,abram wilson
1,abraxxxas
2,abrii
1,abrii & hiragii
1,abroo
1,abs
5,abscondence
1,abscxndence
1,absent
3,absent minded
1,absentavery
7,absolute beginner
1,absolute value
1,absolute zero
1,absolutemadman
1,absoulut karnage
2,absrdst
1,absrdst & diveo
3,abstrackt keal agram
1,abstract
1,abstract collective
1,abstract giants
1,abstract mindstate the m.o.d.
8,abstract rude
1,abstract rude & musab
1,abstract rude & taktloss
4,abstract rude & tribe unique
3,abstract tribe unique
1,abstractomator
1,abstrakt idea
1,abstrakt mind
1,abstraktaudio
1,abstrct
1,absztrakkt
1,absztrakkt & cr7z
1,absztrakkt & snowgoons
1,abu
1,abudtone
3,abyss
1,abyssinian creole
1,abzorbr
1,ac & dell
1,ac slater & mumdance
1,ac slater & o8o
2,ac splyt
1,ac3
1,ac3po & panoptik
1,ac3po & vojko vrućina
1,acarine
1,acatcalledfritz & audessey
3,acaz
1,accardo & konvulse
2,access immortal
1,acción sánchez
1,acción sánchez & hazhe
2,accrophone
3,ace
1,ace & action
1,ace & pearl
1,ace clark
1,ace def & wolvepop
3,ace deuce
17,ace hood
1,ace rozay
1,aced spade
14,aceyalone
2,aceyalone & rjd2
1,achilles
1,achim funk & mr.nylson
1,achmix
2,achozen
11,achromatic residue
3,achromatik
1,achromatik & childish gambino
1,achromatik & matthew beyer
1,achromatik & que theory
4,achtvier
1,achtvier & said
6,acid reign
1,acid reign & gebo
1,acid reign & neila
1,acide sulfurique
1,ackronem
9,ackryte
1,ackryte & prof.logic
1,ackumen
4,acoosmik
1,acousticriffer
1,acqua toffana
1,acre & cosmic revenge
1,acrid lemon
3,acro jazz laboratories
1,acsi & gwandxya.
25,action bronson
2,action bronson & riff raff
1,action bronson & roc marciano
1,action bronson & statik selektah
1,action davis
1,action pac
1,actitud maría marta
1,active & nahquon
10,active member
1,active member & sadahzinia
1,actors and poets
1,actress
1,acts 29
2,actual proof
1,actual proof & big remo
2,ad
2,ad bourke
1,ad litteram
5,adagio!
1,adalwolf
1,adam and cuth
1,adam bailie
1,adam f
1,adam koots
1,adam purski
1,adam santoya
1,adam strange & granola funk express
4,adam tensta
1,adam warlock
4,adam warrock
1,adam.f
3,adamn killa
1,adamn killa & dp beats
1,adamski
1,adara & k theory
1,add-2
1,add-2 & khrysis
1,addi blanco
3,addis black widow
1,addmo
1,addverse effects
1,addy van der zwan & koen groeneveld
1,ade
1,adebizi & pikkupiru
3,adeem
2,adeem & shalem
1,adeja benz
1,adelzking
3,ademus
1,ades
1,adeva
1,adfu
1,adhd
3,adi dick
2,adi l hasla
1,adi l hasla & heinis
1,adi nowak
3,adina howard
1,adjaman
3,adje
1,adjágas
1,adk crew
7,adlib
1,adlib & freedom 30
2,adlib swayze
1,adlm
1,adln & awon
1,admiral dawg
1,admiral p
1,ado kojo
1,adoc
1,adolf noise & dj koze
1,adonis & mike beatz
1,adonis star
1,"adore, 1996"
2,adp
1,adpq
1,adrenokrome
1,adrian aardvark
1,adrian be
1,adrian champion
2,adrian lau
1,adrian lau & harry fraud
2,adrian marcel
1,adrian marcel & lvlss
2,adrian younge
1,adrian younge & ali shaheed muhammad
2,adrian younge & souls of mischief
1,adrian younge performed by venice dawn
1,adrien zatylny
3,advance patrol
3,advanced chemistry
1,advanced placement
3,adventure time
1,advntr
1,adán cruz
1,adès
3,aeed
9,aelpeacha
1,aelpeacha & msj
1,aelpeacha & richard segal huredia
1,aeon
1,aeon & von pea
2,aeon grey
1,aeon grey & bashir
1,aeon grey & sabicas
10,aer
1,aerial wipe
2,aero chord
1,aero chord & klaypex
1,aero chord & razihel
1,aero-k
4,aesop
2,aesop & dj hecktik
31,aesop rock
1,aesop rock & el-p
1,aesop rock & figure
1,aesop rock & headphone science
3,aesop rock & homeboy sandman
1,aesop waits
2,aether
5,afasi & filthy
1,affsid kidjhagiffy
1,afghan jesus
1,afghan raiders
1,afiara quartet & skratch bastid
1,afiliashun
1,afin
1,aflo
1,aflocentric
1,afo & sagace
1,aforic
1,afra
1,afra & incredible beatbox band
1,africa unite
1,african-american zombie lawyer
1,afrika baby bam & neneh cherry
9,afrika bambaataa
4,afrika bambaataa & family
1,afrika bambaataa & james brown
1,afrika bambaataa & man parrish
10,afrika bambaataa & soulsonic force
4,afrika bambaataa & time zone
1,afrikan boy
1,afro
1,afro classics
1,afro cluster
1,afro jazz
1,afro q ben
2,afro-plane
2,afro-rican
6,afrob
1,afrob & samy deluxe
1,afrobeta
2,afrodisiac soundsystem
2,afrojack
16,afroman
1,afryqah records
5,afta-1
1,afta-1 & nikko gray
1,after 7
5,after hours
1,after the smoke
1,afternoon wasted
1,aftershock
5,afu-ra
1,afuc chan (阿佛) & day tai (戴偉)
1,ag cubano
2,ag da coroner
1,ag the kid
1,aga b
5,agallah
1,agallah & the alchemist
1,agallah the don & dirtydiggz
2,agartha audio
1,age-m
1,ageless
1,agent 23
1,agent 23 & granola funk express
1,agent orange
3,agents of change
1,agentstriknine & white mic
2,agerman
1,agerman & keak da sneak
1,ages
1,agg
1,aggravated
1,aggravated assault
1,ago
1,agonylife & z-ro
1,agostino scafidi
1,agq
1,agression verbale
1,agrip nassim
1,agust d
1,agustus thelefant & big koont
1,ahh ooh
1,ahkatari
4,ahmad
1,ahmed sirour
4,ahmir
3,ahnnu
1,ahnom
1,ahoribuzz
7,ahwlee
1,ahwlee & mndsgn
3,ahzumjot
7,ai
1,aiello wilson
1,aiello wilson & north bronx alliance
2,ailu valle
1,ailurus & autumn nights
12,aim
1,aim & qnc
1,aimnhervs
1,aimo brookmann
1,ain't no love
1,air
2,air 2 a bird
1,air drops
5,air dubai
1,air france
1,air morden klikk
4,air tycoon
1,airbird & napolian
3,airborn audio
1,airborn gav
1,airhythmatic
1,airklipz
1,airliner
8,airlocke
1,airplane radio
1,airwav & digital ethos
1,airwolf
6,airøspace
1,aisti & emeto
2,aivovuoto
1,aivovuoto & khid
1,aj biggs
2,aj suede
1,aj tracey
1,aja west & cheeba
1,ajebutter22
5,ajmw
1,ajron & małolat
4,ajs nigrutin
1,ajs nigrutin & bvana
2,ak
1,ak ausserkontrolle
2,ak skills
4,ak-47
1,ak-69
1,ak.ademiker
3,ak26
1,ak420
1,ak:hash
1,aka moon & dj grazzoppa's dj bigband
1,akademic & donny spade
1,akademiks
11,akala
1,akala & blackmill
1,akala & ms. dynamite
1,akam
1,akasha & jzamo
3,akashik ancestorz
1,akbar
1,akd & deepstar
1,akeda
1,akee fontane
3,akeedro
1,akeedro & lowranger
1,akeedro & ohbliv
3,akello light
1,aketo
15,akhenaton
1,akhenaton & bruno coulais
1,akhenaton & dj pone
1,akhenaton & faf larage
1,akhenaton & passi
2,aki
1,aki la machine
1,akin yai
1,akinobu
5,akinyele
1,akinyele & az
5,akir
2,akira gautama
8,akira the don
1,akira the don & radioactive man
1,akitak uzu of khyng-jayden productions
2,akkezdet phiai
1,akko gorilla (あっこゴリラ)
1,aklo
3,ako
1,akoko
23,akon
1,akon & sean biggs
3,akouo
1,akoza
1,akrasis
4,akro
7,akrobatik
1,akroyd smart
1,akshin alizadeh
1,aksim
5,aksua
1,akte one
1,aktivist
1,aktu el shabazz
2,aku
1,aku & ginuwine
1,aku & mouse on the keys
5,akua naru
1,akua naru & the digflo band
1,akuma & factor
1,akwasi
1,akwid
1,al
1,al & huge l
1,al agami
2,al b. sure!
1,al coholic & vlad zhukov
2,al dali
2,al dobson jr.
1,al fatz & chip tha ripper
6,al kapone
2,al kapone & mr. sche
1,al kaporn
9,al lover
1,al milano
2,al patron
1,al peco
1,al quetz
1,al ripken jr. & lunice
3,al rocco
2,al' tariq
6,al'tarba
1,al'tarba & lord lhus
2,al-d
1,al-doe
2,al-gear
1,al-one & onlyone
1,al2 el aldeano
9,alaclair ensemble
1,alais clay
2,alamaa
1,alamo roger$
1,alan brymer
1,alan evans
1,alan ritchson
1,alan_wattage
1,alaska boi
1,alaska thunderfuck
2,alaskan fishermen
1,alaskan other
2,albacore
2,albee yap
2,albert parisien
1,alberto gambino
1,albin
1,albin gromer
1,albino
1,alcatraz
1,alchemist
1,alchemist & mobb deep
1,alchemists of sound
1,alchinbond
2,alcyon massive
1,aldo
1,aldo ciccolini
1,aldon
1,alec
1,alec demore
1,alec empire & el-p
3,alecs delarge
1,aleem & leroy burgess
2,aleister x
2,alejuandro buendija
1,alekesam
1,aleks
2,aleksey
3,aleon craft
1,aleos
1,aleph
1,alesia
2,alessia cara
1,alex aff
1,alex attias
3,alex b
1,alex brans
1,alex farnham & nice peter
1,alex gifford
1,alex heduvan
1,alex jones
1,alex jordan
1,alex kresovich
1,alex newell
1,alex osiris
1,alex salveson
6,alex wiley
1,alex wiley & kembe x
1,alexalfons
2,alexander
1,alexander bolsunovskiy
1,alexander jung
1,alexander king
1,alexander lewis
1,alexander lewis & dabow
1,alexander lewis & tails.
1,alexander nut
2,alexander o'neal
12,alexander spit
1,alexander the phatos
1,alexander vogel & dave williams
1,alexandra blakely
1,alexandra(h)
1,alexandre francisco diaphra
1,alexandria
2,alexipharmic
4,alexis & fido
1,alexis aayana
2,alexis weak
1,alexnderluna & disfnk
2,alf alpha
1,alfa mist
1,alfa neu
2,alfred howard & the k23 orchestra
1,alfred howard & travis daudert
2,algernoncornelius
1,algodão
2,algorhythms
3,algorithm
1,algorythm & substantial
1,algorythmik
5,ali
1,ali & gipp
1,ali & mode
3,ali a$
3,ali as
4,ali b
1,ali b & marco borsato
2,ali bumaye
1,ali d
1,ali dahesh music
1,ali dee and the deekompressors
2,ali en
1,ali g & shaggy
1,ali shaheed muhammad
1,ali shaheed muhammad & souls of mischief
1,ali the prodigy
2,ali the son of abdul
1,ali vegas
1,ali'n & cesko
14,alias
1,alias & ehren
3,alias & tarsier
1,alias band
1,alias effect
1,alias g
5,alibi montana
1,alibi montana & lim
1,"alibi montana,kheimer et zone"
1,alice division
8,alicia keys
1,alicia keys & dj fatal
1,alien army
1,alien baby
1,alien brain food
1,alien crème & noguano
1,alien kids
1,alien nation
1,alien nation & phoenix orion
1,alien ultra
1,alignment
1,alika
1,alika y nueva alianza
1,alim kamara
1,alina
1,alinah sipps
1,aliocha kalawax
1,alison carney
1,alison crockett
2,alison wonderland
1,alive
1,alive!
1,alix
1,alix perez
1,aliyah b & kharisma
2,alizzz
3,alkpote
1,alkpote & butter bullets
1,alkpote & dj weedim
1,all caps
5,all city
1,all city productions
4,all good funk alliance
4,all natural
4,all saints
2,all that
1,all the breaks
32,all these fingers
2,all these fingers & doc heller
1,all urban outfield
1,all your bass & the idle kings
3,all-4-one
1,all10
1,allah be universal
4,allan kingdom
1,allan rayman
9,allday
1,allday & c1
1,allee
1,allekirjoittanut
1,allen e.
1,allen gates
2,allen halloween
1,allen iverson aka jewelz
1,allen poe & teck-zilla
1,allen the destroyer
2,allen thomas
1,alles.scheiße
3,alley boy
1,alley life
3,allfiction
1,allfrumtha i
5,alliance ethnik
1,alliance etnik
8,alligatoah
1,alligator food
2,allihave
1,allone & pax
1,alloy-x
1,allsglass
1,alltta
2,allure
2,almighty
1,almighty & k.d. ranks
1,almyghty myghty pythons
3,alnitak_kid
1,alo wala
8,aloe blacc
1,aloe blacc & dj rhettmatic
1,aloe island posse
1,aloka
1,alon de loco (אלון דה לוקו)
5,alonzo
1,alonzothedon
1,alor
1,alostpeople & paris diamond
5,alpa gun
1,alpa gun & greckoe
1,alper atrek
1,alpha
1,alpha (アルファ)
2,alpha 5.20
1,alpha hydrae
1,alpha male society & rob monster
1,alpha prhyme
2,alpha wann
2,alpha wollf
1,alpha/jax
1,alpha1
3,alphabet soup
2,alphabethead
9,alphabets
1,alphabets & jun nagosa
1,alphabets & tree thought
3,alphabets heaven
1,alphachild
1,alphapreest
1,alpis
1,alpoko don
1,alpra
4,alps cru
1,alrima
3,alta
1,altam
2,alter bono
1,alter ego & dan murphy
2,alterbeats
2,altered:carbon
1,altered:carbon & kendall wa
1,alternate reality
1,alternative3
2,altis
5,altis vader
1,altitude.
2,altitvde
1,altly
1,alto pakto
1,alucard & ide
2,aludel
1,aludel & wes hunter
1,alvarez masterminded x k ❍ƒƒ฿∑∆⊺
1,alvaro & lady bee
1,alvia
1,alyosha's dream
4,alyson williams
1,alyssa marie & milez grimez
1,am kidd
1,am sniper
3,am444
1,am7
1,amadaus melodies
2,amadeus the stampede
2,amanda blank
1,amanda blank & xxxchange
1,amanda diva
1,amanda hackey
1,amanda lepore
2,amar
1,amari
1,amateur eyes
1,amateur prose
1,amatuer genius
1,amazigh kateb
2,ambasada
1,ambassadors of funk
1,amber glass
1,amber london
1,amber ojeda
1,ambersmoke
1,ambersunshower
1,ambient dub society
1,ambiguous
1,ambition
2,ambivalent
1,ambrose & nickle nelly
1,amcrr
2,ameeba
1,ameldabee & lefto
1,amelia arsenic
1,amen bk
2,american poets 2099
1,american poets 2099 & warcloud
1,americk lewis they call me easymac
3,amerie
14,amerigo gazaway
3,amewu
4,amg
1,amicabilities
1,amil
5,amin payne
1,amin payne & ben bada boom
1,amin payne & jackson miles
1,amine
1,aminé
1,aminormc
1,aminé
2,amir
3,amir obe
2,amir taron
7,amiri
1,amiri & spectac
1,amity
1,amma
5,ammoncontact
3,ammt
1,amnesia scanner
1,amo
1,amoc
1,amon
5,amon tobin
1,among the dead
1,amos the ancient prophet & sick since
1,amos the ancient prophet & tcg
1,amotion
1,amp
1,amp boogie
1,amphibious
2,ampichino
2,ampichino & berner
1,ampichino & p3
3,amplified
1,amplified & battlecat
2,amplify dot
7,amplive
2,amplive & eligh
1,ams uno
1,amsterdam & goodwill
1,amsterdom
1,amthst
1,amusia1 & mc wicks
1,amv
1,amwa
1,amy leo
2,amy winehouse
1,amy winehouse & pharoahe monch
1,an illustrated mess
1,an-kor
1,an-ten-nae
1,ana ann
1,ana maria alexie & chimie
1,ana sia
5,ana tijoux
1,ana-tole & jonah christian
1,anacondaz
3,anacron
1,anacron & lvxes
2,anahata sacred sound current
1,anakronic electro orkestra
1,anakronic electro orkestra & david krakauer
1,analog brothers
3,analog sound
2,analogue monsta
1,analozik (아날로직)
1,analyst
1,analyze this
1,anamanaguchi
1,anan ryoko
1,anarchist republic of bzzz
2,anarchy
1,anaxagorus
2,ancery
3,anchorsong
4,ancient astronauts
4,ancient mith
1,ancient tongue
1,ancrages
1,and folds
1,andante
1,ander other
4,anderson .paak
1,anderson .paak & blended babies
3,andherpackage
1,ando & kuiters
1,andra fuller
1,andras fox
1,andre afram asmar & circus
2,andre gurov
1,andre jakai
3,andre legacy
1,andre legacy & riff raff
1,andre lukiss
2,andre mariette
19,andre nickatina
4,andre nickatina & equipto
1,andre nickatina & mac dre
1,andre nickatina & smoov-e
1,andre nickatina & the jacka
1,andre williams
2,andrea
1,andrea nardinocchi
2,andrea parker
1,andrew applepie
2,andrew broder
1,andrew broder & crescent moon
1,andrew cha
1,andrew cosentino
1,andrew daniel
1,andrew dice clay
11,andrew huang
1,andrew huang & brent petrie
2,andrew jd
1,andrew w.k. & dj b-roc
1,andrew weatherall
2,andro
1,andrre
8,andré 3000
1,andré altrez
1,andré desaint
1,andré minvielle
1,andré minvielle & lionel suarez
3,andrés
1,andwert
1,andy (اندی) (andranik madadian)
1,andy cole
4,andy cooper
1,andy d
1,andy gymhill & payperwork
2,andy kayes
1,andy metz & brian pimp
6,andy milonakis
4,andy mineo
1,andy petr
1,andy sargeant
1,andy the doorbum & justin aswell
2,andy.
1,andyhimself
1,anecdote
1,aneeway & unknown mizery
1,anelis assumpção
1,aneyo
1,anfalsh
12,angel haze
1,angela johnson
1,angela trimbur & kimmy gatewood
1,angeldust
1,angelic worshiper
1,angelo king
1,angelz
1,angerville
1,angger dimas
1,angger dimas & steve aoki
1,angger dimas & vandalism
2,angie martinez
1,angie stone
1,angio
1,angkor wat
1,angler
1,angry louis
1,angryspace
1,ani dea & fluffy bugs
2,anigozanthos
1,anima sound system
3,animal cannibals
1,animal cracker
2,animal farm
1,animal kingdom & hvw8
2,animal nation
1,animal nation & sly business
3,animate objects
1,animecentrul
1,animus
1,animuse
1,anita tijoux
9,anitek
1,anivox
1,anjalo
1,ankerstjerne
1,ann (앤)
1,ann winley & paulett winley & tanya winley
1,anna morley
2,annagrame
1,anno domini & vendetta kingz
4,anno domini beats
2,annu
1,annurà
1,anodajay
2,anomaly
1,anomic
1,anomie
1,anomos & stealth
1,anonamix & mogly
1,anonimous aka tha loco
1,anonymes
1,anonymous arias
1,anonymous blue
1,anonymous culture
1,anonymous inc.
2,anonymous that dude
1,anorak
1,anotha level
1,another bad creation
4,another level
1,another race
1,anotherrandomname
1,anoyd
1,ansa
3,anskar
2,ant
1,ant & atmosphere
4,ant banks
1,ant banks & too $hort
1,ant diddley dog & rappin' ron
1,antarius
1,antbeezy
1,ante meridian (rozewood + mr. enok)
4,antennae
1,antero sievert
2,anthai
6,anthm
1,anthony crawford
2,anthony drawn
1,anthony drawn & tufu
1,anthony ellect
1,anthony hamilton
1,anthony j. shears
1,anthony maniscalco performed by hook n sling
1,anthony mills & clefco
1,anthony noire
2,anthony pappa
2,anthony valadez
1,anthrax
1,anthropocène
1,anti-lilly & envy hunter
1,anti-lilly & phoniks
1,anti-swag fiend party
1,anticon & deep puddle dynamics
5,anticrisis 666 superstar xxx band
1,antidote
1,antidote emcees
1,antierthang
2,antihelden
1,antihero
1,antik
5,antilopen gang
1,antimc
1,antimc & radioinactive
1,antioch
1,antiolla
11,antipop consortium
1,antipop consortium & matthew shipp
1,antiq
1,antiquarian
1,antiserum & mayhem
1,antitune
2,antix
1,antman wonder & skyzoo
1,antoha mc & антоха мс
1,antoi bustoi
1,antoine berjeaut
2,antoinette
1,antoje
1,anton axélo
1,anton genius
1,anton kristiansson
2,anton serra
1,anton serra & oster lapwass
1,antonine & h1987
1,antonio & curtis heron
1,antwann and lab specialist
2,antwnn
12,antwon
1,antwon & wiki
1,antz
1,anu322
1,anvil hands
1,anwalk x liv martez
1,anwar louis
13,anybody killa
1,anybody killa & native funk
1,anything box
2,anónimo consejo
1,ao logics
1,aocoa
1,aoh family
2,aoi
1,aoi & gdp
1,aokid
2,aosaki
1,ap
1,ap giannini & today's future sound
3,ap.9
1,ap0morph
1,ap2p
2,apache
1,apache & canserbero
3,apache indian
2,apakalypse
1,apakalypse & blunted sultan
1,apakalypse & son of saturn
2,apanemic
2,apani b-fly emcee
1,apart
3,apashe
19,apathy
5,apathy & celph titled
1,ape drums
1,ape tit
1,ape$h!t
1,apes on tapes
1,apex
1,apex rise
1,apexeis (απεχεισ)
5,aphilas
1,aphillyation
3,aphrodelics
2,aphroe
1,apina
1,apl.de.ap & kelis
9,apo ザ·犬 。
2,apoc
1,apocalypse
3,apollo
1,apollo 13 & dj dirty dane
8,apollo brown
1,apollo brown & boog brown
1,apollo brown & david hodges
2,apollo brown & guilty simpson
1,apollo brown & hassaan mackey
1,apollo brown & les revenants
1,apollo brown & murs
3,apollo brown & o.c.
1,apollo brown & planet asia
1,apollo brown & ras kass
2,apollo brown & skyzoo
1,apollo brown & ullnevano
1,apollo escobar
1,apollo main
2,apollo quad
1,apollon musik
2,apomorph
6,apostrophe s
1,app
1,apple & orange
2,apple juice kid
1,applegreen
1,approach
1,approach & salva
1,aprock & snowgoons djs
1,apropos & tab jones
2,apsci
1,apt
1,apt & bix
1,aqua luminus iii. & misanthrop
2,aqualeo
1,aquas nilmarch
2,aquasky
1,aqueueity
1,aquifer
1,aqustiikka
2,ar-ab
2,ar.change.l
1,ar2
8,araabmuzik
1,araabmuzik & azealia banks
1,araabmuzik & danny brown
1,araabmuzik & j phaytul
3,araatan
1,arabesque
4,arabian prince
1,arabie '79
2,arablak
1,arafat
1,arami & rufio
1,arapahoe t.r.u.e.s.
1,arare (アラレ)
1,arash
1,arashi-bu
1,arat kilo
2,arata
1,araxis
1,arbee
1,arbok 48
2,arbour
1,arc & esh
4,arca
1,arcade
1,arcangel & dj luian
1,archangel
3,archetype
4,archibald slim
1,archibald slim & richposlim
1,archibald slim & stalin majesty
1,archie eversole
1,archie lee
1,archie shepp
1,architekt
3,archive
1,archive mind
1,archives
2,archnemesis
1,archy marshall
2,arcsin
1,arctic coast beats
1,ardamus & c royal
1,ardberg theory
1,ardijah
1,are
1,are & stepa
1,area52
3,arecee
1,arenojaz
1,ares
1,aresem
1,aretha franklin & whitney houston
2,arga
1,ari i.q.
4,ari solus
6,ariana grande
7,arianna puello
1,ariannico1e
2,ariano
1,ariano & l.d.
1,arif
1,arima ederra
1,arise king david
1,aristoi
1,aristophanes
1,arize
1,arjaye jeter
2,ark ix
1,ark patrol
1,arkade funk
5,arkansas bo
1,arkeel
1,arkeologists
1,arkeologists & bobby balkan
1,arkeologists & unknown mizery
1,arkham hi-fi
1,arkiv
1,arktkt
1,arlid
1,arling & cameron
1,arlox
1,arm & iris
3,arma blanca
1,arma di scelta
3,armand hammer
1,armand van helden
1,armand van helden & dizzee rascal
1,armand van helden & the buddha baboons
1,armand van helden & the horse
1,armchair generals
1,armed & dangerous
1,armin eagle
1,armin van buuren
13,armond wakeup
1,arms and sleepers
1,arms in motion
2,army of one
11,army of the pharaohs
1,army of twelve munkeez & fifth fam
1,armyfatique
1,arnaldo sentieri
1,arnhemsgewijs
1,arnold & mr. carmack
2,arom
1,aromabar
1,aronchupa & cazzette
1,aroto
1,around the way
1,around7
2,arp 101
1,arpetrio
4,arpl
21,arrested development
1,arrowax
1,arsenal
6,arsonists
1,art aknid
1,art aknid & sofiane pamart
1,art district
1,art electronix
1,art espace
1,art faggotry.
3,art melody
2,art money
1,art of origin
2,art of verse
1,art official intelligence
1,art official intelligence & sage francis
7,art vandelay
1,art vandelay & javi
1,artcrime aka circo inverso
1,artek & coco bryce
1,artemis (αρτέμης)
3,artes
1,artez
2,arthritis
2,arthur baker
2,arthur comeau
3,arthur king
1,arthur king & uncle t.
1,artic
6,articolo 31
1,artie mccraft
1,artie mccraft & kixxie siete
2,artifact
9,artifacts
4,artifakts
1,artilekt
1,artisan p & mondrian loop
1,artistic propaganda
1,artists over industry
1,artists united against apartheid
1,artivistes
6,artofficial
1,artofficial & llamabeats
5,arts the beatdoctor
1,arttheboy
1,artur bax
1,arturo rotunda
1,aru-2
1,aruma
1,arupachi kabuto (あるぱちかぶと)
6,arwwae
1,aryay
1,arythmatic
1,arza1990
3,arμ-2
1,arμ-2 & crдm
1,arμ-2 & eemu
1,arμ-2 & lee (asano+ryuhei)
2,as i am
1,as valet
9,asa
1,asa & avain
1,asa & toverit
4,asaad
1,asagaya
1,asamov
1,asante phenix
2,asaviour
1,asaviour & dj iq
2,asayake production
1,asche
2,asd
2,ash kidd
1,ash walker
1,ash wednesday
4,ashanti
1,ashanti major
2,ashantology
1,ashekman
1,asher
2,asher d
2,asher d & daddy freddy
13,asher roth
1,asher roth & fat tony
3,asheru
3,asheru & blue black of the unspoken heard
1,ashitaka(アシタカ) & lucky swami
1,ashley all day
1,ashleye armelin
1,ashlu.
1,ashok
8,ashtrejinkins
1,ashwan
1,asia born & dj shadow
1,asia fajardo
8,asian dub foundation
1,asio kids
1,asiro
1,asis galvin
1,asitaka.
1,askari x
3,aslan
1,aslope
4,asm
1,asm & skrein
1,asmara
2,aso-soul
6,aso.
1,asonic garcia
1,aspaldikoa
2,aspartame kills
1,aspd youth
1,aspect 1
3,aspects
1,aspects & snowgoons
1,asphalt legion
1,asphate
1,aspiring wijsdom
1,aspra dimora
17,assassin
1,assassin & border crossing
1,assassin & rockin’ squat
1,assasyn dynasty
1,assault team
1,asshol'dup
2,assholes by nature
2,assia
1,assorted phlavors
1,astad
3,aste
1,asthma inhaler jim
1,astone
1,astonish
1,astral & lotar
1,astre
1,astrid engberg
2,astro
1,astro circus
1,astro p & n.i.c.
1,astro zu
1,astrogato
4,astroid boys
8,astrological
2,astrological & slippery elm
2,astronaft
1,astronaut & far too loud
3,astronaut troy
21,astronautalis
2,astronautica
3,astronomy class
3,astronote
1,astronout
1,astroshaman
1,asylum & m.s.i.
2,atach tatuq
1,atari blitzkrieg
1,atari teenage riot
1,atban klann
1,atd & skech185
1,aten rays
1,aten rays & hatter
5,athletic mic league
1,atili bandalero
4,atk
2,atl
1,atl boys
2,atlantic connection
1,atlantic haze
1,atlantic starr
1,atlanticus
1,atlars & dj veekash
4,atlas
1,atlas soundtrack
1,atlatl cauac
1,atliens & subtomik
2,atls.
2,atma
1,atma & son of saturn
1,atmosfear
74,atmosphere
1,atmosphere & dillinger four
1,atmosphere & eyedea & abilities
1,atmosphere & instant legend
1,atmosphere & the uncluded
1,atomic kids
1,atomic masses
1,atomic the don
4,atomirotta
1,atoms
4,atoms family
1,atoms family & centa of da web
1,atom™
1,ats & dim4ou
1,attacca pesante
1,attalla
1,attic soul
1,attica blues
1,attikus
6,attwenger
1,atu
1,atvanz
1,auddio draggon
1,audhentik & iam5erious
1,audible audities
2,audible doctor
1,audible landscapes
2,audible mainframe
1,audimas
7,audimatic
4,audio bullys
4,audio dope
1,audio dope & zois
12,audio push
1,audio slugs
2,audio sports
4,audio two
1,audio-ology
3,audio88
5,audio88 & yassin
1,audioflux
2,audiopharmacy
1,audioporno
1,audiosoap
1,audiosynthes
7,audiotreats
1,audiovoid
2,audioweb
2,audit
1,audited beats
1,auditive escape
1,auditory sculpture
1,audra the rapper
1,audrey rose
1,audri nix
8,august alsina
1,august da engineer
1,augustyn
1,aukan
1,aupheus
1,aura
1,aurelia
1,aurora
1,aurélius
1,ausseer hardbradler
1,aussie blake & top floor paradise
1,austin cain
1,austin rapbaum
1,autechre
1,autem
1,authentic bros
1,authorized personel
1,autistic rage festival
1,autodidacts
1,autodidakt
1,autolect
1,automatic
1,automatik
3,automatikk
2,automato
1,autopsy
1,autoérotique
1,autumn keys
3,auxiliary phoenix
1,av lmkr
1,av8
1,av8 & the crooklyn clan
2,avain
1,avant
1,avant temporal
1,avant-garde
1,avatar darko
2,avatar darko & nacho picasso
1,avatar the articulate
1,avb
1,ave.to
2,avelino
1,avelino & wretch 32
5,avens
1,avenue d
1,average
1,average & flip
2,average rap band
1,average.
1,avery wilson
3,avi twat & kirblagoop
1,aviator
1,avie fresh
1,aviscerall
4,avixn
1,avrell
3,awadi
1,awaji & moonlight
1,awar
1,awar & vanderslice
2,awate
2,awekid & dj muzzell
1,awesome azz mal
2,awesome dre' and the hard core committee
1,awful
1,awgs
1,awill
2,awkwafina
1,awkward
6,awkword
3,awlnight
1,awlnight & δktr
1,awol
7,awol one
4,awol one & daddy kev
1,awol one & ecid
4,awol one & factor
1,awol one & fat jack
1,awol one & gel roc
1,awol one & josh martinez
1,awol one & mascaria
1,awol one & nathaniel motte
1,awolnation
3,awon
1,awon & dephlow
1,awon & kameleon beats
3,awon & phoniks
6,axe murder boyz
1,axel f.
1,axel krygier
1,axello & yemguy
1,axes
5,axiom
2,axiom & headspace
4,axion117
1,axsoul * clayton samus
1,axxo lott
2,ay fast
1,ayah & dj jazzy jeff
1,ayak
1,ayar
7,ayatollah
1,ayatollah & dj budget money
1,ayatollah & moka only
1,ayatollah & widowmaker
1,ayben
1,aye
1,aye em
1,aye wun
1,aye zeus
1,ayedee
2,ayekay
2,ayentee
1,ayentee & lodeck
1,ayesha
4,aygeetee
1,ayman
1,ayna
1,ayo
1,ayoh
1,ayomari
8,ayomari & tiron
1,aywee tha seed
1,aywy.
34,az
1,az & blockhead
1,az & frankenstein
1,az & nas
1,az & phil gektor
1,azab ata
9,azad
3,azad & kool savas
1,azad lab
2,azad right
1,azaia
1,azariah
2,azarias
20,azealia banks
1,azealia banks & baauer
1,azeem
1,azeem & dj zeph
1,azekel
1,azilla
1,azim
1,aziza a
5,azizi gibson
1,azlejazz
1,azma
1,azra & eko
1,aztec rex
1,aztech
1,aztech & reel drama
1,aztecs
1,aztlan nation
2,aztra
1,aztra & eevil stöö
1,azudemsk
1,azuré
1,azyl
1,azzurro
1,ağaçkakan
1,b & co.
1,b 3 n b i
1,b angie b
1,b dot l
1,b flatt & tyranny
10,b l a c k i e
1,b l я є d .
1,b low drup
2,b magic
1,b rich
1,b wise
1,b!unt force
1,b$
1,b'good
1,b'lakely
4,b'zwax
1,b*right
1,b+
2,b-1
1,b-1 & large professor
1,b-32
1,b-breezy
1,b-brown
1,b-crew
1,b-dibe
1,b-dumm
2,b-free (비프리)
3,b-ju
3,b-lash
1,b-lash & mc bogy
10,b-legit
1,b-legit & e-40
1,b-lo
1,b-lo & da ganksta
1,b-luv & db tha general
1,b-may
1,b-movie fiendz
6,b-real
3,b-real & berner
2,b-rhymin
1,b-rich
1,b-rock & the bizz
1,b-soap (비-숍)
10,b-tight
2,b. ave
3,b. bravo
1,b. bravo & broken haze
1,b. bravo & eliphino
12,b. dolan
1,b. dolan & curtis plum
2,b. durazzo
2,b. white
1,b.a.m. & m-dot
5,b.a.p (비에이피)
3,b.a.r.s. murre
1,b.b. & the underground kingz
1,b.b. jay
1,b.b.o. (best ballers out)
1,b.b.z darney
1,b.brock
1,b.d.m
1,b.done x spaceghost
3,b.durazzo
15,b.g.
1,b.g. & chopper city boyz
1,b.g. & maal the pimp & maal the pimp
1,b.g. & soulja slim
1,b.g. knocc out
1,b.g. knocc out & dresta
4,b.g. the prince of rap
1,b.houze
1,b.i. & chris craft
1,b.i.c. (bitches is crazy)
1,b.k.o. & sajsi mc
1,b.l.i.n.g. & definite
9,b.lewis
42,b.o.b
1,b.o.b & dj noize
1,b.o.b & london jae
1,b.o.b & scotty atl
1,b.o.k
1,b.o.l.t. warhead
1,b.o.m.b
1,b.o.n.e. enterpri$e
1,b.o.o.k.s. one
1,b.o.o.k.s. one & dem one
1,b.o.o.n.
1,b.r. gunna
1,b.r.e.a.d
2,b.r.o
1,b.r.o & dj tuniziano
16,b.t.g
2,b.t.g.
1,b.t.s.
7,b.u.g. mafia
1,b.v.s.m.p.
2,b.visible
1,b.y.o.b.
1,b2k
1,b3ar fruit™
1,b3tas
1,b5
1,ba ba kids
1,ba2s
1,baadasssss
4,baas b & lange frans
1,baatin
1,baatin & noel zancanella
17,baauer
1,baauer & ester dean
1,baauer & just blaze
2,baauer & rl grime
1,baauer performed by the flesh experience
1,baba
13,baba brinkman
5,baba saad
1,baba zumbi
3,babamania
1,babasónicos
1,babble
4,babbletron
1,babe field
1,babe field & babeo baggins
1,babe rainbow
1,babe ruth
1,babel
1,babel fishh
1,babel fishh & edison
1,babel fishh & oskar ohlson
1,babel fishh & tenshun
1,babel mètis
1,babeo baggins
1,baboon torture division
1,babutsa
16,baby bash
1,baby bash & billy dha kidd
2,baby bash & jay tee
1,baby bash & kparker
1,baby bash & lucky luciano
1,baby bash & paul wall
1,baby beesh & jay tee
1,baby blak
2,baby blue soundcrew
1,baby boy da prince
1,baby chill
2,baby d
1,baby drew
1,baby e
1,baby elephant
2,baby j
1,baby k
1,baby love lullaby
1,baby luke
3,baby queens
1,baby rasta & gringo
1,baby s
3,babyface
3,babyfather
1,babyfather & dean blunt
4,babyhead
1,babylon mayne
3,babylon warchild
1,bacao rhythm & steel band
2,bachelor fox
1,bacil & rakby
3,back alley kat
1,back drop bomb
1,back pack boyz
1,back to newc45tle
4,back-on
1,backbone
1,backburner
1,backdraft & skyblew
1,backpack beatz
1,backpack beatz & c-red
2,backpack beatz & nate wattz
4,backpack beatz & stess the emcee
1,backstabbing good people
2,backstreet boys
1,backwoodz studioz
1,backyard bangers
1,backyard boogie
1,backyard bully
1,bacon shoe
2,baconhead
1,bad and blue
1,bad ass grasshoppers
2,bad azz
1,bad azz & bizzy bone
3,bad balance
1,bad boy & spice 1
2,bad boy bill
2,bad boy bill & richard vission
1,bad boy's da band
1,bad brya
2,bad copy
1,bad credit
1,bad fathers
1,bad gesture
1,bad influence
1,bad lucc
6,bad meets evil
1,bad meets evil & eminem
1,bad mutha goose and the brothers grimm
1,bad neighbors
1,bad news brown
1,bad nylon
2,bad rabbits
1,bad rabbits & vince staples
2,bad ronald
4,bad royale
1,bad spit
1,bad to not
10,badbadnotgood
1,badbadnotgood & black milk
4,badbadnotgood & ghostface killah
1,badbadnotgood & little simz
1,badboe & prosper
1,badcrop
1,badfish
1,badhabitz & life mc
1,badluck
1,badministrator
1,badsummer
1,badsummer & gawdlee
1,badvice collective
3,baechigi (배치기)
1,baeza
1,bag of tricks cat & mega ran
1,bagarre
2,bagel squad
2,baggsmen
1,baggsmen & jake stone
1,baghira
2,bago
1,bagoly
2,baha men
5,bahamadia
1,bahar
5,bahwee
1,baila & para
1,bailey wiley
1,bain
1,bajo palabra
1,baka
1,bakar
1,baked milk
1,baked plissken
1,baker phonk
3,bakers of the holy bread
1,bako slim
2,bakoda
1,bakumenko dmitry
1,balam ajpu
1,balance
3,balance and the traveling sounds
1,baleine 3000
1,balentsバランス
1,bali-kid
2,balkan beat box
1,ball in the house
1,ballamann & pokar
1,ballers ona mission
1,ballhead
1,ballin' a$$ dame
3,ballout
1,ballout & tadoe
2,bally sagoo
2,balmy
2,baloji
1,balstyrko
1,bam & the mouse outfit
1,bam bam
1,bam saker
1,bamabounce
1,bamalam
5,bamalovesoul
2,bamalovesoul & dj rahdu
2,bambi cruz
4,bambino
1,bambino gold
1,bamboo
1,bamboo bros.
3,bambooman
13,bambu
1,bambu & dj muggs
1,bambu & fatgums
1,bambu & prometheus brown
1,bambus
1,bams
1,band ohne namen
1,bandeto & dj low cut
2,bandgang
1,bandgang lonnie bands
1,bandido
1,bandini bastard
1,bando jonez
1,bandwidthboys
2,bandwidthboys & falco
1,bang belushi & king gordy
2,bang data
3,bang on!
1,"bang, you're dead"
1,bangbang & kubus
1,bangies
4,bangs
14,bangtan boys (방탄소년단)
1,banish
1,bankai fam
5,bankroll fresh
1,bankroll mafia
1,bankrupt billionaires
1,banks
2,banks & steelz
1,bano
1,bansheebeat
1,bansky
1,baphomet mc
1,baptman
1,baracuda
1,baracuda young fish
1,barbarfiverek
1,barenaked ladies
1,barenhvrd & todiefor
1,barenhvrd & vanilla trap
1,barf troop
1,barfly & existereo
1,barfly & mr. hill
1,barfsniff
1,bari
1,barisone & prsn
4,barney
2,barnzy
5,baro
1,baron ricks
2,baron rétif & concepción perez
2,baron zen
1,baron zen & tekblazer
1,barr
1,barret beatz
1,barrington levy
1,barrio
1,barry boom
1,barry g
1,barry white
1,bars & hooks
3,bars and melody
1,barsha
1,barsky & fudge
1,barttro bajeena
1,barzo
4,bas
2,bas blasta
1,basecamp
1,baseck & sonic death rabbit
4,basehead
2,baseline
1,basement freaks
1,basement freaks & mc coppa
1,basement grits
2,basement jaxx
1,bashir
1,bashiri asad
3,bashy
2,basic element
1,basic physics
1,basic vocab
1,basick (베이직) & song min ho (송민호)
1,basick musick
2,basik
1,basil oussaint
1,basil poledouris & zoë poledouris performed by various artists
1,baskerville
1,basketsale
1,baskiat
1,bass 305
1,bass boy
1,bass cube
2,bass fish
1,bass is base & ivana santilli
1,bass junkies
1,bass ma boom
1,bass mekanik
1,bass outlaws
4,bass patrol
1,bass physics
1,bass science
4,bass sultan hengzt
1,bassagong (뱃사공)
1,bassit
7,bassnectar
1,bassobese
1,bastardo & sombra
1,bastards of rap
1,bastarz (바스타즈)
1,basti
1,bastien keb
1,bastilleus
1,basurap
1,basutbudet
1,bata barata
1,batara gang
1,batbxy
1,batida
1,batique & pietonu
1,batman aka the rap dwayne wade
1,batracio
5,batsauce
2,batsauce & qwazaar
2,battleboi basti
2,battlecat
1,battles
3,batucada sound machine
8,bauchklang
1,bavoog avers
1,bavu blakes & element7d
1,bawlee.
1,baxter
1,baxter dexter
1,bay area art collective
1,bay area playas 2
1,bay blue
1,bay root productions
1,bayf
1,baylmm
1,bazbat
1,bazilledx
1,bazlow
2,bazooka zac
1,bazuki joe & trillion
1,bbou
1,bbr
3,bbu
1,bbymutha
1,bc & jwp
1,bc400
3,bcxld
1,bdat džutim
1,bdice
2,be
1,be gee
1,be.water
2,beachesbeaches
2,beak nasty
1,beaker
1,beanfield & michael reinboth
12,beanie sigel
1,beanie sigel & freeway
1,beanone
7,beans
1,bear-one & reef the lost cauze
1,bear//face
3,bearbot
1,beardless
1,beardo
4,beardyman
1,bearman
1,bears on parade
2,beast 1333
1,beast mode
1,beastchild
108,beastie boys
1,beastie boys & yeasayer
1,beat architects
6,beat assailant
2,beat culture
1,beat czar (b.c.) kasparov & kabuto the python
2,beat de boul
1,beat demons
9,beat gates
1,beat gates & moz
1,beat gates & recent
1,beat goddess productionz
1,beat inc.
1,beat junkies
1,beat king & brodinski
1,beat konducta
1,beat lampers
1,beat machine aron
1,beat rabbi & deepspace5
1,beat spacek
1,beat stew
1,beat system
1,beat thief & illvibe
3,beat torrent
1,beatahoe & remission
1,beatahoe and boxguts
9,beatboxbandit
1,beatbully
2,beatbusters & def p
3,beatcasso
1,beatconductor
1,beatease concept
1,beatfanatic
3,beatking
1,beatking & gangsta boo
2,beatknox
3,beatmachinearon
2,beatmakerkelz
2,beatmakin troopa
1,beatmatic
1,beatmonster marc & wheezy
2,beatmyth
1,beatnok
1,beatphreak
1,beatríz luengo
3,beats antique
1,beats antique & kreayshawn
1,beats central
1,beats home
3,beats in general & poison ladd s.l.r.
2,beats international
1,beatsofreen
1,beatsteaks
1,beatstro & cirus
1,beatvadda
1,beatvandals
1,beatvandals & mooqee
1,beau love
2,beaudamian
2,beautiful eulogy
1,beautiful lou & western tink
2,beautiful people
1,beazraps
1,bebe rexha
1,bebetune$
1,becci wallace & loki
3,beck
2,bedlam
2,bedlam brethren
2,bedouin soundclash
1,bee
3,bee why
2,beebilõust
1,beebs and her money makers
1,beeda weeda
1,beeda weeda & d-lo
1,beedie
1,beef wellington
6,beefy
5,beejus
2,beeker
3,beelow
5,beenie man
1,beenie man & big punisher
6,beenzino (빈지노)
1,beeyoudee
1,beezkat
1,beezy
1,beezy bux
1,befa beatz
1,before the storm (bts)
1,begga ooh
7,beginner
1,beginner & dendemann
5,beholdthedestroyer & мишка (mishka)
1,bei bei & shawn lee
4,bei maejor
3,being gigantic
1,beirut
4,beit nun
1,bejarano & microphone mafia
1,beka & logic project
4,bekay
1,bel heir
1,beleth
1,belief
11,bell biv devoe
1,belle
4,belleruche
1,belligerent
10,belly
1,belly & big mike
1,belly & dj kay slay
1,belo zero
1,beltway 8
1,bemet
1,ben bada boom & invention
2,ben beal
1,ben blackwell
1,ben cain
2,ben hauke
2,"ben jamin"""
1,ben label
2,ben liebrand
1,ben on the track
1,ben ricketts
1,ben sharpa
1,ben sneyder
1,ben waid & qm
2,ben wesley
1,ben williams
2,ben.b
1,benal
1,bend
1,bender
1,bending mouth
1,bendt & fuhrman
1,bene & beyuz
1,beneath autumn sky
1,benedek
1,benedict arnold
3,beneficence
4,benefit
1,benevolence
1,beng beng cocktail
1,benga
2,bengee
2,bengfang
3,benin city
1,benisour
1,benjah
1,benjamin banger
2,benjamin bear
1,benjamin briggs
1,benjamin diggins
1,benjamin t
1,benji b
1,benji madden & joel madden
1,benky
1,benl
1,benn grim
1,benncart
3,bennett on
1,bennett on performed by various artists
1,benni e
1,bennie black
5,bennie k
2,benny banks
1,benny blanc
1,benny blanko
1,benny diction & able8
1,benny freestyles
1,benny sings & rednose distrikt
1,benny tones
2,beno
1,benstar
1,bent
1,bentham
1,bentley
1,benton
1,benyeson
1,benz
1,benzai korma
1,benzel
1,benzen
2,benzi
1,benzi & black cards
1,benzi ayo & mike zombie
1,benzilla & intelligent black enterprise
4,benzino
5,beogradski sindikat
1,beond & destruct
1,berco balogh & fredy ayisi
1,beressi
1,beretta
1,berezin
1,berhana
1,bern mack
1,"bernard ""pretty"" purdie"
6,berner
1,berner & equipto
1,berner & messy marv
1,berner & san quinn
4,berner & the jacka
1,bernie worrell
1,bernz
1,bero bass
1,beryoza
1,bes [da tempo]
1,beshalist
1,bessedof & dil withers
1,bestovitch
1,beta b♂ys
1,beta erko
1,betatraxx & chuckie
1,beter deleon
1,bethaniens dust & tenshun
1,betoonking
1,betpak dala
1,betshy x0
1,better off jake
1,better taste bureau
2,betty boo
1,betty boo & the beatmasters
5,betty ford boys
1,betty wright & the roots
1,beukorkest
1,beverly road all stars
16,beyoncé
1,beyond
2,beyond da order
1,beyond reality
1,beyond the grave
2,bezczel
1,bezerk
1,bf hoodrich
1,bflecha
1,bhale bacce crew
1,bhalu biralo
1,bhonstro
1,bhonstro & elaquent
2,bi-polar bear
1,biaje
2,bias
4,bias b
1,bias b & geko
1,białas
1,białas & quebonafide
1,białas & solar
1,bibi tanga & le professeur inlassable
3,bibio
1,bibo
7,bicasso
1,bie thanssapak hsu
1,biffty & dj weedim
1,big 50
1,big al
1,big al & da buddha klan
4,big audio dynamite
9,big b
11,big baby gandhi
1,big bang
1,big bang breaks
1,big bang breaks & funk you very much
3,big bank black
1,big bear
1,big ben beats
1,big blac
1,big black boots
1,big black lincoln
17,big boi
1,big boi & otis redding
1,big boi & rick ross
1,big boi & theophilus london
1,big boo
2,big booty bill and da fish
1,big boy
1,big boy t
1,big breakfast
4,big brovaz
2,big bur-na
1,big c
1,big cal
1,big cap & rza
1,big cats!
3,big cats! & guante
1,big cats! & homeless
4,big cats! & the tribe
1,big cats! & toki wright
1,big chief & lil' keke
2,big chocolate
1,big chop
1,big d
1,big d and the kids table
1,big daddie & bossman
19,big daddy kane
1,big dank
1,big derill
2,big dope p
1,big doughski g
1,big drawz
1,big dutty deeze
1,big ed
1,big foe
1,big foot
4,big freedia
1,big frendly
1,big geminii
2,big gigantic
1,big gipp
2,big grams
2,big h
1,big h & flash g
1,big hawk & lil' keke
1,big heavy
2,big hoodoo
4,big j
2,big j the bad man
2,big j. beats
4,big jess
21,big k.r.i.t.
1,big k.r.i.t. & curren$y
1,big k.r.i.t. & grillade
1,big kap & funkmaster flex
1,big kuntry king
1,big kurt
5,big kwam
28,big l
1,big l & silky black
1,big lean
1,big left
1,big lex
2,big lo
2,big lurch
1,big m
1,big mack
1,big makk
1,big malk & juice mega
5,big mello
3,big mike
1,big mike & joell ortiz
2,big mo-berg
7,big moe
1,big momma
4,big narstie
1,big narstie & p jam
1,big narstie & show n prove
1,big narstie & true tiger
10,big noyd
1,big nuz
1,big o
1,big oh!
3,big pauper
4,big pokey
8,big pooh
1,big pooh & dj flash
1,big pooh & nottz
1,big pooh & roc c
1,big poppa & matoma
12,big punisher
1,big punisher & héctor lavoe
1,big punisher & j dilla
5,big quarters
1,big quarters & mux mool
2,big raven
5,big red
1,big remo
1,big ribzy
1,big rob & lil sprout
4,big russian bo$$
1,big s.o.s.a (pyrokid)
1,big sant
3,big scoob
1,big scoob & the booty bandits & scoob lover
26,big sean
1,big shay
1,big shot
6,big shug
3,big smo
1,big sono
1,big squig
1,big squig & rampage
1,big steve
5,big syke
2,big t
1,big tabb
1,big toast
1,big toast & sofa king
3,big tone
1,big tony
1,big tony & diamond k
1,big tree
3,big tuck
1,big twan
3,big twins
1,big twins & dj woool
1,big twinz
8,big tymers
1,big u on the beat
1,big vex
1,big vic
1,big wheels of texas
1,big wild
1,big willie smith
1,big willie smith & da beat terrorists
1,big words
1,big yang the lyrical boss
1,big z remixes
1,big zach
1,big zis
1,big-o & dj watarai
1,big. doe
1,big.sexy
1,biga ranx
30,bigbang (빅뱅)
3,bigflo & oli
1,bigfoot
1,bigg chef & da tribe
4,bigg jus
1,bigg jus & dj gman
2,biggie smalls
1,biggie smalls & dj mister cee
1,biggie smalls & nas
1,biggy jiggy mixtapes
1,biggz general
1,bight club
1,"bigman ""thenextmogul"""
1,bigmek
1,bigrec
1,bigstar (빅스타)
1,bigyuki
1,bigz
4,bike for three!
1,bikstok røgsystem
1,bil bless
1,bil next & paro
2,bilel
1,bill $haft
1,bill boulden & patrick chapin
5,bill brewster
1,bill cosby
1,bill evans & push
2,bill laswell
1,bill latham & the bassturd
1,bill shakes & lee scott
7,bill yurogati
1,billa
4,billa qause
1,billfold
1,billie brelok
1,billinski
2,billionaire black
1,bills clinton
1,billy blanka
1,billy el niño & don dinero
1,billy el niño y don dinero
3,billy hoyle
1,billy milligan
1,billy starks
2,billy the fridge
1,billy the kid
1,billy white
1,billy wilson
5,billy woods
1,billyrubin & mahrley
2,bilo 503
1,bin haden & deeku dekadentti
1,bin ladin
1,binary finary
3,binary star
2,bine☃
1,bingethinkers
1,bingo
2,bingo players
1,bingus
1,biniyam
1,binkis
1,biof
1,biohazard
2,biologic
2,bionic jive
2,bionic sheep
1,bionic sheep & bionic sheep lives
1,bionic stylz
1,bip's
1,birch mafia
1,bird
1,bird & suiken
1,bird beautiful
8,bird peterson
1,birdapres
1,birdapres & dj moves
1,birdapres & mcenroe
1,birdcall
23,birdman
1,birdman & drake
2,birdman & jacquees
3,birdman & lil wayne
1,birdman & mack maine
1,birdman & rick ross
10,birdview crew
6,birdy nam nam
1,birdy nam nam & mai lan
1,birdyearns
1,birkwin & vienna
7,birocratic
1,birocratic & brandon rowan
1,birol giray
3,bironnex
1,birthday boy
1,birthday boy & drew howard
1,birthday island
1,bisc1
1,bisco smith
3,biscuit
1,biscuit & lg
5,bishop lamont
1,bishop lamont & black milk
1,bishop lamont & indef
1,bishop light
1,bishop light & eric dingus
6,bishop nehru
1,bishop nehru & dizzy wright
2,bishu
2,bisk
3,bisso na bisso
1,bisz
1,bisz & radex
2,bit-tuner
4,bit-tuner & göldin
2,bit_meddler
1,bitamina
1,bitch ass darius
1,bitman & roban
1,bito sureiya
1,bittah prophet & noguano
1,bitter rocc
1,bitwise operator
1,bitwvlf
1,bitykradne
1,bitzbaker
1,bix
1,bix & ghettosocks
1,biyi
1,biz
19,biz markie
6,bizarre
1,bizarre ride
1,bizarro records
2,bizzart
1,bizzey
1,bizzi
1,bizzy (비지)
28,bizzy bone
4,bizzy montana
1,bizzy montana & chakuza
7,bj piggo
9,bj the chicago kid
1,bjd
1,björk
1,bk & associates
1,bk beats
1,bk beats & black noi$e
1,bk randy
4,bk-one
1,bk-one & brother ali
1,bka iz
1,bkae
1,bkbrown
1,bkla
10,bknapp
3,bknd
1,blabbermouf
1,blabbermouf & ntan
1,blabbermouf & propo '88
2,blac haze
2,blac monks
1,blac youngsta
4,blacastan
1,blacastan & stu bangas
1,blacc suhn
1,blacc zacc & jugg money
1,black & dangerous
1,black & sucht
1,black & white & winna skellz
2,black alien
1,black anger
4,black attack
1,black bee
1,black bottom collective
1,black box
2,black brut
2,black c
1,black caldron
1,black cards
1,black cat the mouse trainer & mf doom
1,black chalk
1,black chamber
1,black cum
1,black d
2,black dave
1,black despos
1,black dog lip smile & bleujack
6,black dynamite beats
2,black dynasty
2,black element
1,black element & durkin
1,black eye
2,black grass
1,black hole posse
1,black ice
1,black jesus experience & mulatu astatqé (ሙላቱ አስታጥቄ)
1,black joe lewis & the honeybears
1,black jordan
5,black josh
1,black josh & lee scott
1,black josh & pete cannon
1,black kent
1,black knight & dj nominal
9,black knights
1,black knowledge
12,black kray
1,black landlord
1,black lips
1,black lotus
3,black m
2,black maddness
1,black mafia family
2,black magic
1,black magic groove
1,black market
1,black market militia
5,black mask
4,black menace
1,black meteoric star
1,black mic & freddy todd
27,black milk
1,black milk & danny brown
1,black milk & fat ray
1,black milk & nat turner
1,black milk & tree city
2,black monk
10,black moon
5,black mophia clan
1,black moses
3,black moth super rainbow
1,black nasty
1,black natc
1,black nate
1,black nate debiase
1,black noi$e
1,black noi$e & skywlkr
1,black noodles
1,black opz
4,black panther
1,black planet
1,black pocket & calibre
1,black power
1,black prince & aziatic
1,black radical mkii
1,black rhino
5,black rob
10,black sheep
1,black silver & ice-t
1,black silver & tash
2,black spade
6,black star
1,black star & mos def
3,black taboo
5,black taffy
1,black thought
1,black uhuru
5,black violin
1,black vulcanite
1,black zone myth chant
2,"black, rock & ron"
1,black-tokyo musik
13,blackalicious
1,blackasaurus rex
6,blackbear
1,blackbird
1,blackbizzness
1,blackdraft
1,blackeys
1,blackface
1,blackgirl
7,blackhandpath
2,blackjack
1,blackklown & dirty
1,blackmajik
1,blacknuss
2,blacko
2,blackout
1,blackout music
1,blackpink (블랙핑크)
1,blacksheep & rhyme progression
1,blacksmith
1,blackstract
7,blackstreet
1,blackstreet & mýa
1,blackstreet & neville bartos
1,blackstreet & queen pen
1,blacktop megaphone
1,blacktrash&treasure
1,blackulaz64
1,blackwater jukebox
1,blackwolf
4,blade
1,blade brown
1,blade icewood
1,blade mc alimbaye
4,bladee
1,blades
3,blahzay blahzay
1,blahzay roze
1,blaine stephens
1,blaize & madhatter
1,blak
1,blak czer
1,blak forest
2,blak madeen
1,blak madeen & tragedy khadafi
5,blak twang
2,blakblakblak
1,blake alexander cox
7,blake lamirand
1,blake o.
1,blake worrell
3,blakesmith
1,blakesmith & gifted the great
1,blakf8ce
2,blakface
2,blakk rane
1,blakkk
2,blaklyt
2,blakmic
1,blakroc
1,blam lord
1,blame
2,blame one
1,blame one & j57
1,blameful isles
1,blanca
1,blanco
1,blanco & nipsey hu$$le
2,blanco & the jacka
3,blanco yamaguchi
1,blank & kytt
1,blank blue
2,blank fasiz
1,blanka & guts
1,blanka & rongetz foundation
2,blanket
1,blaq kush
6,blaq poet
1,blaq poet & comet
1,blaq tongue society
1,blaq tuxedo
1,blaq visionary
2,blaque spurm
1,blare
1,blaskapelle münsing & blumentopf
1,blast holiday & mistah f.a.b.
2,blastah beatz
2,blasterjaxx
1,blasterjaxx & w&w
1,blaxone
2,blaxtar
1,blaxuede
1,blaze
1,blaze & maxim
1,blaze da golden jaw
13,blaze ya dead homie
1,blaze ya dead homie & twiztid
1,blazin
1,blazin' performed by various artists
1,blazin' squad
1,blazing star
1,blazinmarty
1,blazinmarty & vince van go
5,blazo
1,blazroca
2,blazy
4,blaž
1,blcktsdy
1,bleach and sudd
1,bleaux
1,bleazy dogtown
1,blechbeppo
3,blee
1,bleek
4,bleep bloop
1,bleep bloop & g jones
1,bleep bloop & subp yao
1,bleid
2,bleiddwn
2,blend
1,blend aka mishkin
1,blend aka mishkin & bnc
1,blend aka mishkin & elephant phinix
1,blend mishkin
2,blended babies
1,blended babies & chuck inglish
2,bless
1,bless 1
1,bless beats
1,blessed the emcee
2,blessu
1,blestenation
1,bleu davinci
7,bleubird
4,bligg
1,blind mice
1,bliss
1,bliss & killah priest
9,bliss n eso
1,blitz mob
4,blitz the ambassador
1,blitzkrieger
1,blizik
1,blk smk
1,blk.mnk
1,blk.nmrd & blksmf
5,blkhrts
1,blkjckx
1,blkrkrt
3,blktop project
1,blnt.b
2,blo-fly
1,bloc party
6,block 44
1,block 44 performed by tomas
6,block b (블락비)
1,block barley
1,block life
2,block mccloud
1,block mccloud & dj waxwork
2,block scholars
1,blockbreakers production team
17,blockhead
1,blockhead & dj signify
5,blockhead & illogic
2,blockhead & marq spekt
1,blockhead & omega one
1,blockos-k & top billion
2,blocktreat
2,blok
4,blokkmonsta
1,blokkmonsta & rako
1,blokkmonsta & uzi
1,blondie
1,blood dunza
1,blood lines
2,blood of abraham
2,blood raw
1,blood type
9,bloodhound gang
1,bloodline
5,bloods & crips
2,bloods & damu ridas
3,bloodshot
1,bloodshot pyramid
2,bloody bones & player 1
1,bloody bones & player one
1,bloody jay & young thug
1,bloody monk consortium
1,bloom xxi
2,bloomtap
1,bloomypetal
1,bloque
1,blossom
1,blow that bass and pump that whistle & the 2 live crew
4,blowfly
26,blu
1,blu & cookbook
1,blu & dj gman
1,blu & dj heat
3,blu & exile
1,blu & fa†e
2,blu & med
3,blu & nottz
1,blu & ray west
2,blu & sene
2,blu cantrell
1,blu crush
1,blu j.d.
2,blu rum 13
1,blu rum 13 & one self
2,blu-swing
1,blue
2,blue (aka isle child)
1,blue blood
1,blue brand
5,blue daisy
2,blue daisy & unknown shapes
3,blue in green
2,blue jam & the ghetto street fighter
1,blue moon
1,blue on blue
18,blue scholars
1,blue scholars & sabzi selectah
17,blue sky black death
1,blue sky black death & deniro farrar
1,blue sky black death & frank ocean
1,blue sky black death & hell razah
1,blue sky black death & jean grae
4,blue sky black death & nacho picasso
1,blue sky black death & s.a.s.
1,blue sky black death & warcloud
1,blue stahli
1,blue tribe
1,blueberry_ & miraa.
1,bluebird handwriting
4,bluejuice
17,blueprint
3,blues
1,blues traveler
4,bluestaeb
1,bluesteady triptik
1,bluey robinson
2,bluflame james
1,blufoot
12,blumentopf
1,blumentopf & texta
3,blumio
1,blunt force
1,blunt instrument
1,blunt prophet
1,blunted monkz & pablo valentino
1,bluntfield
2,bluntone
1,bluntone & mujo情
1,bluntskull
1,blur
1,blush
1,blush the innovator
2,blut & kasse
1,blut & kasse & pedaz
2,blutch
8,blvc svnd
1,blvck smurf
2,blvd
2,blänk
1,bläp dëli
1,blæs bukki & tue track
1,bl▲ck † ceiling
1,bl▲ck ▲lice
1,bmb
2,bmb aka space kid
1,bmb aka space kid & dj premier
1,bmbu
1,bmc²
2,bmd
1,bmkr
1,bms & indelible mc's
1,bmwmb & cornel west
1,bmx bandits
3,bnc
3,bnegão & seletores de frequência
1,bnjmn
1,bnr
1,bnv/s
1,bo
1,bo bliz & emynd
1,bo deal
1,bo kool & funk masters
1,bo marley
1,bo$$
6,bo0lo0ps
1,bo7v
1,boac
1,boac & sunspot jonz
1,boardwalk & future death
5,boats
1,boaz
2,bob e. nite
1,bob marley
1,bob marley & mobb deep
3,bob marley & the wailers
1,bob marley & the wailers & lauryn hill
1,bob marley & the wailers & nas
4,bob schneider
1,bob solo & dj skut
2,bob42jh & thomas prime
1,boba boyz
1,boba fettt
2,boba fettucini
1,boba sweat
1,bobbito
2,bobbito & dj stretch armstrong
1,bobbito & stretch
2,bobbitopickles
1,bobbitopickles & drwn.
1,bobblehead
1,bobby bishop
1,bobby blunt
4,bobby brackins
1,bobby brackins & kendre
8,bobby brown
1,bobby caldwell & jack splash
1,bobby creekwater
1,bobby creekwater & lord wolfgang
1,bobby drake
1,bobby evans
1,bobby hustle
1,bobby jimmy & the critters
2,bobby kim (바비 킴)
1,bobby konders & massive sounds
1,bobby lee swagger
1,bobby one
1,bobby raps
1,bobby raps & corbin
1,bobby raps & spooky black
1,bobby sessions
5,bobby shmurda
1,bobby v. & chamillionaire
3,bobby valentino
1,bobby womack
1,bocca grande
1,bocka du
2,bodega bamz
2,bodega man
1,bodhi glitch
1,bodi
1,bodi & bodi & abstrakt
1,bodikhuu
6,body cheetah
5,body count
1,body head bangerz
1,body head bangerz & roy jones jr.
1,bodyguard
1,bodymod
2,boeboe
1,boef
3,boef en de gelogeerde aap
1,boehmer & san holo
1,boeystraat
1,boho fau
2,boho fau & elevated soul
1,boho grow intro
1,boiler boyz
1,bok bok & riz mc
1,bolaji
1,boldsoul
5,boldy james
1,boldy james & the alchemist
1,bole 2 harlem
3,bolesna braća
2,bolo nef
1,bologna christ
1,bolt
3,bomani armah
1,bomarr
3,bomb 20
1,bomb shelta association
5,bomb the bass
2,bomb zombies
1,bomba estéreo
1,bombadeal (the green man)
1,bombay rockers
1,bombdrop
1,bombenprodukt
1,bomber
1,bombony montana & lone
12,bombs and bottles
1,bombs and bottles & zanksi
1,bombs away
6,bomfunk mc's
1,bomshot & warcloud
1,bon rock
2,bon3s
1,bonde da stronda
2,bonde do rolê
1,bonding tapes
4,bone brothers
1,bone crusher
44,bone thugs-n-harmony
2,bone thugs-n-harmony & dj u-neek
1,bone thugs-n-harmony & ray j
22,bones
1,bones & chris travis
1,bones & drew the architect
1,bones & drip-133
1,bones & dylan ross
1,bones & ethelwulf
1,bones & grandmilly
1,bones & xavier wulf
2,bones the beat head
1,bonez mc
2,bonez mc & gzuz
1,bonez mc & kontra k
1,bonez mc & raf camora
1,bong quixote
1,bong-ra
1,bonjay & the souljazz orchestra
2,bonkaz
1,bonnie banane
1,bonnie view mafia
1,bonnot & m-1
1,bonobo
3,bonson
1,bonson & matek
1,bonsoul
4,bonus
1,bonus points
1,bonzo goes to washington
2,boo
1,boo banga
1,boo banga & lil blood
1,boo seeka
1,boo the boss player
7,boo-yaa t.r.i.b.e.
20,booba
1,booba & seth gueko
1,boococky
2,booda french
2,boodah & the bandit
1,boodang
1,boody & le1f
3,boog brown
1,boog collins & mav the prodigy
4,boogat
1,boogeymane
5,boogie
1,boogie & dry ice
3,boogie belgique
2,boogie boy metal mouth
15,boogie down productions
1,boogie howser
1,boogie loc
2,boogie pep
4,boogiemonsters
1,boogz boogetz & prodigy
1,booka b
1,bookhouse
1,bookie
1,bookmobile & zapan
1,books on tape
1,bookworm.
1,boolchampion
1,boom
1,boom & birds
1,boom bap mafiozos
4,boom bap project
4,boom bip
1,boom bip & doseone
1,boom boom satellites
1,boom shaka
1,boom.b
1,booman & kw griff
1,boombaptist
1,boombox brutality
1,boombox cartel
3,boombox saints
2,boomkat
5,boondox
1,boondox & insane clown posse
1,boonie mayfield
13,boosie badazz
1,boosie badazz & c-murder
2,boostive
8,boot camp clik
4,bootleg
1,bootleg rascal
4,bootsy collins
1,booty bouncers
1,booty fade
1,booty thrill
1,boozoo bajou
10,bop alloy
1,bop city
1,bop king dlow
1,bopman
1,bordeaux
3,border crossing
1,borealism
4,borealism.
2,bored lord
4,bored stiff
1,boredoms & dj krush
1,borgeous & dvbbs
1,borgeous & tydi
2,borgore
1,borgore & shaygray
2,borialis
1,boris
1,boris blenn
1,borixon
1,borjan & n'toko
1,borka
1,borka & maja milic
1,born & gdot
1,born 2 die
1,born 2wice
1,born cold
1,born dirty
3,born jamericans
2,born kim (본킴)
1,born sirvibers
1,bosca & vega
1,bosco
1,bosco & speakerfoxxx
1,bosco pooh
2,boss ac
1,boss ac & sam the kid
1,boss bytch
4,boss hogg outlawz
1,boss hogg outlawz & slim thug
1,boss jones
2,boss of scandalz strategyz
1,boss tone
1,boss tone & lee majors
1,bossasaurus
1,bosselmeyer
1,bosski roman
1,bossolo & spice 1
1,bost & bim
1,bostgehio & mikel hats
1,botanics
1,botany
2,botany boys
1,bothered
1,bottled water
1,botto
1,bottom brick
2,bottom fly
3,bottom lip
1,bottom posse
4,botzy
1,bouchées doubles
1,bouga
1,bougaloo
1,boulevard connection
3,boulevard depo & pharaoh
1,bound by brothers
1,bound e! hunters
1,boundzound
4,bounty killer
1,bow wave
13,bow wow
1,bow wow & omarion
1,box bottom
1,boxay
2,boxcutter
2,boxguts
1,boxguts x yokes
1,boxxx
2,boy better know
1,boy eats drum machine
8,boy froot
1,boy froot & cordlessdrill
1,boy funk
1,boy scout of america
2,boycut
1,boys noize
3,boys on pills
5,boyz ii men
2,boyz n da hood
2,boz
1,bozack morris & conway
1,boze
1,bozodawam & rubenslikk
1,boztown
1,bpos
1,br & timebomb
1,brace
1,brace & kabanjak
2,bracken
2,brad b
1,brad beat & funkprez
2,brad hamers
1,brad jordan
3,brad strut
1,bradley keys
1,bradley yougene
1,brady clair
4,braeden bailey
1,braeden bailey & diversa
2,brahm
5,braille
1,braille & symbolyc one
1,brain cast
1,brain child x blanket
1,brainbheats
1,brainiac
1,brainiac & catarata
3,brainorchestra.
8,brainpower
1,brains
1,brainsick
2,brainsick enterprize
1,brainsick mob
7,braintax
2,brainwash 2000
1,brainwash projects
1,brakebill
2,bran richards
4,bran van 3000
1,branchez
21,brand nubian
1,brandeaux calrissian
1,brandhärd
1,brandon d
1,brandon k. verrett
1,brandon logic
1,brandon newhouse
4,brandon thomas
1,brandon williams
3,brandon*
6,"brandon, the genius"
1,brandun deshay
9,brandy
1,brandy & eve
1,brandy & monica
2,branko
1,branstone & yung skrrt
2,brash
1,brass knuckle brass band
1,brass menazeri & mr. lif
3,brass tacks
1,brass tackz
2,brassmunk
1,brassroots
1,brasstracks
4,brassy
1,bratia stereo
2,brav
1,brava
1,brave brothers (용감한 형제)
2,bravehearts
1,brawdcast
1,brazilian girls
1,bread & butter
1,bread winner kane & kevin gates
2,break bread
1,break castle 101
2,break machine
4,break science
1,break science & michal menert
1,break the breakdown
7,breakestra
2,breaking my crayons
4,breakmaster cylinder
1,breakplus
1,breaks co-op
1,breast milk
5,breez evahflowin'
1,breez evahflowin' & dirt e. dutch
1,breeze
4,breezewax
1,breezewax & evan awake
1,breezewax & p.sus
1,breezy beat mc
1,breezy beat mc & debonaire
2,breezy brainstorm
1,breezy lovejoy
4,breitbild
1,brendan ryan
1,brendon small
1,brendy ace d
4,brenk sinatra
1,brenk sinatra & fid mella
1,brenk sinatra & mc eiht
3,brenky
6,brenmar
1,brent hollis
1,brent hollis & j manne da ghostrider
1,brenton duvall
1,brenton duvall & tayyib ali
1,brentsleng
1,brett g.
1,brett klassen & the runaway
1,brett micheal
1,brew city banditz
1,brey
1,brian (브라이언)
1,brian austin green
1,brian burns
2,brian del sigorne
1,brian eno & sebastian rochford
1,brian fitzy
1,brian fresco
1,brian jackson & gil scott-heron
2,brian mcknight
1,brian ritchie
1,bricc baby
1,bricc baby shitro
1,brick & lace
2,brick bazuka
5,brick city ink
1,brick city kids
1,brick+mortar
1,brickcityink
1,bricksquad
3,bridge
1,bridge and tunnel
3,bridgealantee
7,bridini
2,brigade
4,briggs
1,briggzy
1,bright pu (卜學亮)
1,brill
1,brilliant music
1,brilly asher
4,brisco
1,bristol champion
1,britishcapone & mercutio
2,britney spears
1,britney spears & will.i.am
1,brka
1,brmstn
4,bro safari
1,bro safari & ufo!
2,bro'sis
1,bro-n-x
1,bro. george
1,broadcast & two ton sloth
1,broadway
4,broadway project
1,broc
13,brock berrigan
1,brockaflower
3,brockhampton
1,brodie x
6,brodinski
4,broederliefde
1,brohemian & yah supreme
1,brokatar
1,broke & repeat pattern
7,broke for free
1,broke mogul & mick boogie
1,broke/
2,broken
1,broken & input
1,broken clock
1,broken complex
1,broken darkness
2,broken haze
2,broken keys
1,broken logic
1,broken pen
1,broken stars
1,broken sticks
1,broken.
4,brokencyde
1,brokenwood & enflux
1,brokin english klik
1,bron dayvid
1,bron g & the stay fresh crew
1,brontochronic
1,brontosonic
2,bronx style bob
1,bronz kafka
5,bronze nazareth
1,bronze nazareth & canibus
1,bronze nazareth & willie the kid
2,brooke candy
2,brooke hogan
1,brooke valentine
3,brooklyn academy
1,brooklyn assault team & fort greene assasins
1,brooklyn funk essentials
1,brooklyn wildlife
1,brooklyn zu
1,brooks buford & rehab
14,brotha lynch hung
1,brotha lynch hung & c-bo
1,brotha lynch hung & c.o.s.
1,brotha lynch hung & cos
2,brotha lynch hung & doomsday productions
1,brotha lynch hung & mc eiht
1,brotha lynch hung & sicx
1,brotha lynch hung & tall cann g
1,brotha ollie
1,brothaz bent
19,brother ali
1,brother arthur
1,brother beatbox & destruct
1,brother most
1,brother mynor
2,brother reade
1,brother reade & jams f. kennedy
1,brother sun sister moon
1,brotherhood creed
1,brotherhood foundation
1,brotherman
1,brothers and systems
2,brothers from another
3,brothers hand mirror
3,brothers keepers
1,brothers like outlaw
3,brothers of the mind
1,brothers of the same mind & mc class
1,brothers of the stone
1,brothers on organised missions
1,brothers stoney
1,brothers uv da blakmarket
1,brougham
2,brous one
1,brous one & retrogott
1,brous uno
1,brown
6,brown bag allstars
1,brown bells
1,brown eyes (브라운 아이즈)
1,brown v. board
1,brownside
4,brownstone
1,brrd
1,brrd & wodoo wolcan
1,brrrrr
1,brrwd
1,brtnd & brtrnd
1,brtsound
1,bru lei
20,bruce lee
1,bruddha mang
1,bruiser brigade
3,bruno mars
1,bruno mars & lil wayne
1,brutha nature
2,bruxa
1,bruza
1,bry.zen
1,bryan ghee
2,bryan himes
1,bryan himes & p roy lee
1,bryan silva
1,bryant canelo
1,bryant stewart
1,bryce bowden
1,bryce vine
1,brydon
1,bryn thomas
1,bryson mcgee
3,bryson tiller
1,bryte
2,brzowski
1,brzzvll
1,brädi
2,bs 2000
9,bsd.u
1,bse
1,bslsk
2,bstep
2,bstfrnd
1,bt
1,bt flow
1,btb
1,btk
3,btng
2,btob (비투비)
1,bu (비유)
1,bu la'ia
2,bubba dak
9,bubba sparxxx
1,bubble guy six
2,buc fifty
1,buccet loc
38,buck 65
1,bucket hat jack & casa blanca
1,bucket of honey
1,buckethead & phonopsychographdisk
1,bucketz
3,buckshot
1,buckshot & krs-one
1,buckshot & p-money
1,buckshot killit
5,buckshot lefonque
1,buckwheat groats
1,buckwhite
3,buckwild
2,buckwild & celph titled
1,buckwild & meyhem lauren
1,bucky jonson
1,bud.d
6,budamunk
1,budamunk & fitz ambro$e
2,budamunk & ill.sugi
2,budamunk & joe styles
1,budamunky
1,budamunky & joe styles
1,buddah nation & downlow
2,buddha monk
1,buddha monk feat. ol' dirty bastard
1,buddy becks
1,buddy klein
1,buddy maxwell
9,buddy peace
2,buddy peace & prolyphic
3,buddy wakefield
2,budget wax
1,budgie
2,budo
3,budo & grieves
3,budo kiba collective
2,budspells
2,bueller
1,buerlap zak
1,buff billington & malakai
2,buff1
1,buff1 & damu the fudgemunk
1,buff1 & dj rhettmatic
2,buffalo black
1,bufflo
2,buga kingz (부가킹즈)
1,bugatti blac
1,buggsy
2,buggsy #1
1,buggsy #1 & farma g
1,bugle
11,bugseed
3,bugseed & ill.sugi
1,bugseed & illsugi
1,bugseed & illtheessence
1,bugseed & pigeondust
1,bugz
1,bugz in the attic
1,bugzy malone
3,build an ark
2,built to fade
3,buk lau
1,buka & rahim
1,bukez finezt
1,bukiko
1,bukki blæs & geolo g.
4,bukue one
1,bulek & dos
1,bull of heaven
1,bulle
1,bullet proof scratch hamsters
1,bulletproof dolphin
3,bullfrog
6,bullion
1,bullion & tranqill
1,bulljun & el barrio
1,bully camp
1,bullys wit fullys
1,bumcello
2,bumkey (범키)
1,bumpy knuckles
3,bumpy knuckles & dj premier
1,bumpy knuckles & krs-one
2,bumpy knuckles & statik selektah
4,bun
1,bun & dakim
1,bun & delofi
1,bun & hidenka
10,bun b
1,bunch & clap
1,bunda
1,bunji garlin & damian marley
1,bunk
2,bunko stew
2,bunty beats
2,bunty beats & chox mak
5,buraka som sistema
1,burdeos
1,burgers
1,burghrecords
2,burgundy fats
2,burial
1,burke the jurke
1,burman
1,burna boy
1,burning house
1,burntmd
1,burqa boyz
3,bus
1,bus stop
23,busdriver
1,busdriver & daedelus
2,busdriver & radioinactive
3,bushbayer
22,bushido
1,bushido & njf
1,bushido & shindy
1,bushido & sido
1,bushmind
3,bushwackass
2,bushwalla
5,bushwick bill
1,bust down
1,busta
5,busta flex
60,busta rhymes
1,busta rhymes & leaders of the new school
1,busta rhymes & lupe fiasco
1,busta rhymes & q-tip
1,busta rhymes & twista
1,bustin' melonz
1,busty and the bass
3,busy
1,busy bee
1,busy p
1,busy signal
1,butch
1,butch cassidy & damizza
1,butch clancy
2,butch dawson
1,butcher brown
1,butchers harem
3,butchwax
1,butchwax & darth fader
1,butt montana
2,butta verses
1,buttas
2,butter and salmon
5,butterfingers
3,buttering trio
1,butthole surfers
1,button*masher
1,buuda
1,buugachomp
1,buutsi t & lokit
1,buyse
1,buz bomb
1,buzz e nova
1,buzz poets
1,buzzy bwoy
1,buzétage
2,bva
2,bvana
1,bvana & mikri maus
1,bvana & neznani ludaci
3,bvmps!
2,bvndito
1,bvzy
1,bwan
1,bx gould
1,bya & today's future sound
1,byah
2,byrd
1,byrdgang & jim jones
1,byrdversion1
1,byron & onra
1,byron davis & the fresh krew
4,byron the aquarius
1,byson
1,byz
4,bzk〒
1,bzrk
1,bzy beats aka bzforte
1,bzy mind
2,bzzy
1,b£ams
9,bëlga
1,bïa
1,bønes™
2,bürger lars dietrich
1,büro am strand
5,c + c music factory
1,c dah
2,c dog
4,c milli
3,c plus
1,c powers
4,c y g n
8,c-block
14,c-bo
7,c-doc
1,c-funk
5,c-loc
2,c-luv (태완)
1,c-luv (태완) & dok2 (도끼)
1,c-mob
1,c-mon
6,c-mon & kypski
1,c-mone
2,c-money & the players inc
15,c-murder
1,c-note
19,c-rayz walz
1,c-rayz walz & kosha dillz
1,c-rayz walz & parallel thought
1,c-rayz walz & plain pat
1,c-rebell-um
3,c-reezy
1,c-rxch
1,c-sen
1,c-stud vill
1,c. alex
1,c. terrible
1,c. webb
1,c.e.b.
2,c.h.a.o.s.
4,c.i.a.
1,c.i.n.
1,c.j. boyd
1,c.j. lewis
1,c.j. luckey
2,c.l. smooth
1,c.l. smooth & dj j-period
16,c.l. smooth & pete rock
1,c.lewis
1,c.o.g & mr. biss
1,c.o.p.s.
1,c.o.s.
1,c.o.t.a. and friends
1,c.o.w. 牛
2,c.p.o.
1,c.r. avery
1,c.r.a.c. knuckles
1,c.rae & clifftop vandalz
1,c.w.a.
5,c2c
1,c2d
1,c4
1,c4 productions
1,c_c
1,c_roc
2,ca$h money click
7,ca$h out
1,ca$ino m.o.b.b.
1,cabadzi
1,caballero & jean jass
1,cabbageboy aka si begg
1,cabes
1,cabo pozo
2,cadalack ron
1,cadaver conspiracy
1,cade skylar
1,cadell
3,cadence
1,cadence collective
8,cadence weapon
1,cadence weapon & owen pallett
1,cadenza
1,cadi 'lac
2,cadik
1,cadillac don & j-money
2,cado
1,caen project & equinox
1,cafe de lux
1,cafe shahor hazak (קפה שחור חזק)
26,cage
1,cage & aquarium
1,cage & camu tao
1,cage & copywrite
1,cage 1
1,cagnet
1,caibeatz
1,caj
1,cajete
2,cakedog
1,cakedog & vatogato
4,cakes da killa
1,cal
3,cal chuchesta
2,calamity
5,calavera
2,calavera & trauma
1,calcei
1,caleb james
1,caleb keown
2,caleb stone
1,caleb stone & issue
4,caleborate
1,cali & el dandee
4,cali agents
1,cali agents & rasco
1,cali allstarr
1,cali behr
2,cali cleve & demrick
1,cali kings
1,cali life style
1,cali p. & tinie tempah
3,cali swag district
1,calico ca$h
1,california bear gang
1,california john
1,calika
1,caliph8
1,call me ladro
2,call o' da wild
6,call4it
6,calle 13
1,calle p & gubb
1,calloway
1,callum connor
1,calm
1,calm child
1,calmage
1,calvert
1,calvertron
2,calvin harris & dizzee rascal
1,calvin valentine
2,cam & china
1,cam blake
2,cam groves & spose
7,cam meekins
1,cam smith
1,cam the wizzard
26,cam'ron
1,cam'ron & french montana
1,cam'ron & prince
2,cam'ron & vado
1,cam'ron & waka flocka flame
2,camel crock
1,camelia pand'or
1,cameo
1,cameron airborne
2,cameron butler
1,cameron dallas
3,cameron paul
3,camino & camino 84
4,camoflauge
1,camoflauge & crime affiliates
1,camorra
2,camouflage large clique
1,camp bossa
1,camp counselors
10,camp lo
2,camp lo & pete rock
1,camp lo & ski beatz
1,camp sun
1,campag velocet
5,camu tao
1,camufingo
4,can't stop won't stop
1,can't stop won't stop & scrape
1,can-kat
1,cana brava
1,canadian winter
2,canardo
1,canary sing
1,canaw cocotte & cocotte pondu
2,cancel
1,cancer
2,cancer rising
1,cander
2,candice pillay
3,candie hank
5,candiria
1,candlespit collective
1,candy royalle & the freed radicals
6,candyman
1,cane sugar
1,caneda
1,canfeza
22,canibus
1,canibus & keith murray
1,canibus & kool g rap
1,canibus & oobe
1,canibus & phoenix orion
1,canice
1,canicool & miiisha
1,cannabliss grey
1,cannibal johnson
8,cannibal ox
1,cannibal ox & invisible
1,cannon all american
1,cannon2x
1,cannonhead
3,canooooopy
1,canooooopy & lidly
1,canox
1,canto i
1,canton jones
8,canya reial
1,cao sao vang
2,cap 1
1,cap kendricks & edgar wasser
1,cap1
2,capaciti
7,caparezza
2,capaz
1,cape cod
1,cape town effects
3,capicua
1,capital
3,capital d
1,capital d & molemen
3,capital tax
1,capital-c
1,capitan futuro
1,capleton
2,capo
1,capo boss
1,capo di capi
2,capone
14,capone-n-noreaga
2,cappablack
15,cappadonna
6,cappo
2,cappo & nappa
1,capppa
3,cappuccino
1,capsize
1,capsul
1,captain & the cook
1,captain backpack
6,captain dan & the scurvy crew
1,captain funk
4,captain futuro
1,captain gips
1,captain jack
2,captain midnite & kyle lucas
11,captain murphy
1,captain nerk
1,captain panic! & systek
1,captain planet
4,captain rock
1,captain save 'em
1,captive portal
1,capture
4,caput
1,car stereo wars
1,car-man
1,caraslargas
2,carbon
2,carbon & phane
2,carc[h]arias
2,carcinogenick
1,cardo
1,cardz & ena
1,career girls
1,career the brain
1,cargo culte
2,caribbean dandee
2,caribou
1,cariche esplosive
4,carigamist
1,carl
1,carl borg
2,carl crinx & mc rene
1,carl et les hommes-boîtes
2,carl hancock rux
1,carl roe
1,carl roe & ripynt
2,carl thomas
1,carl's jr
3,carla's dreams
1,carli & marcus price
1,carlito
1,carlitta durand
1,carlo cassetto & mat young
1,carlos bess & ralph vargas
1,carlos garcia
1,carlos jean
1,carlos niño & friends
2,carlos niño & miguel atwood-ferguson
1,carlos serrano
1,carlos shega
1,carlos vives & wisin
1,carlos y gaby
1,carlos y gaby & gifted & blessed
1,carloz $g$ & blanco yamaguchi
1,carlton zeus
2,carly rae jepsen
2,carmen electra
3,carmine
8,carnage
3,carnage the executioner
1,carne masada
1,carol
1,carolin kebekus & fifty sven
1,carolina chocolate drops & run-d.m.c.
1,carolina fiend & kid advay
1,carone
1,carpet patrol
1,carrell
1,carrington
3,cars & trains
3,cartel
8,cartel de santa
1,cartelsons
1,cartes & kleine jay
2,cas metah
1,cas one
1,casa di caboclo
1,casbah 73
1,case
4,casey
11,casey veggies
1,casey veggies & rockie fresh
2,cash cash
1,cash crew
1,cash flow
1,cash molly
1,cash money & marvelous
3,cash money millionaires
3,cash money records
1,cash money spencer
1,cash out
1,cashamill anime boy
1,cashem
7,cashis
1,cashmere cat
1,cashmere cat & dj mustard
1,cashmere the pro
1,cashtro crosby & vic the northstar
1,cashtue
2,cashy
1,cashy & purpdogg
3,casino
1,casino royale
2,casisdead
1,casisdead & later
6,caskey
1,caspa & grand puba
13,casper
1,casserine
1,cassetteboy
1,cassetteboy & dj rubbish
1,cassettes won't listen
2,casseurs flowters
8,cassidy
4,cassie
1,cassius
1,cassius henry
2,cassius rich
1,cassius rich & taj leon
1,cassius tae
1,casta
7,castle
1,castle & has-lo
2,castrovalva
12,casual
1,casual & j. rawls
1,casual projects
1,casus belli
1,cat power
2,cat soup
2,cat soup & curtis heron
1,cat therapist
3,catacombkid
1,catalyst & obvi
1,catanz
1,catarata
1,catcall
2,catch lungs
1,catching flies
2,catnapp
5,caural
1,cautious kieran
5,cauzndefx
8,cavalier
2,cavaliers noirs
1,cavalli ca$h
2,cavanaugh
1,cave fighter
2,caveman
3,caveman the wise
1,cavemen speak
1,cavicalifornia
1,caxton press
1,cay-riss
1,cayoz
1,caz
1,caz greez
2,cazal organism
6,cazwell
3,cb mass (씨비 매스)
5,cbs
1,cd spinz & fosterbeats
1,cdb
1,ce
1,ce-low bandits
1,ceaser
1,ceasrock
1,ceazer
3,cecil otter
1,cecil otter & p.o.s
5,cecilio.g
2,cecilio.g & kuor lxrrxz
1,ced hughes
1,cedric till & undogmatic
3,cedry2k
1,cedry2k & ctc
6,cee beond
1,cee knowledge and the cosmic funk orchestra
5,cee lo green
2,cee major
1,cee nario & jo well
1,cee x svnty6
1,cee-dell
2,cee-lo green
6,cee-roo
1,cee-won x
2,ceebrolistics
1,ceej & rome fortune
1,ceewhy
1,ceezburger
1,ceha joint
1,cehacherespira
1,ceiling demons
1,cela #9
1,celestaphone
1,celestial trax
1,celestial trax & orlando volcano
1,celina & maeckes
1,cell7
2,cella dwellas
1,cellar door
1,celldweller & metric
1,cello kid
2,cellski
2,cellule x
10,celly cel
2,cellyru
1,cellyru & e mozzy
4,celo & abdi
6,celph titled
1,celsius
1,cenospecies
1,centa of da web
1,centenary
1,centory
1,centr
1,central dynasty
1,central intelligence
1,central parks & es-k
1,central services
1,centri
1,centrální mozek lidstva
8,centz
1,ceo
1,cerebral vortex & robot koch
1,cern
1,cern 1 & ray west
1,cero
1,cero rio
1,certified truth
1,certifié parisien
6,ces cru
1,cesar comanche
14,ceschi
2,ceschi & factor
1,"ceschi & pat ""the bunny"" schneeweis"
1,cesqeaux & yellow claw
2,cesrv
3,cestladore
1,cestyle
3,cex
1,ceyness
5,ceza
1,ceza & killa hakan
1,cfalife
1,cfcf
2,cfo$
1,cfo$ & j-frost
1,cgb
1,ch33
1,cha cha
1,cha$e beatz
1,cha$e hustle
1,chablife
1,chace infinite & dj muggs
1,chad c
1,chad hugo & hip hop dan
1,chad jackson
1,chad krystals
1,chad warden
2,chada
2,chade summerset
1,chadllac dundee
6,chadwack
1,chai.stevenz
1,chain smokers
1,chain swangaz & dirt nasty
3,chainsaw police
2,chairhat
2,chairman maf
1,chaka demus & pliers
1,chaka khan & mary j. blige
1,chaker
1,chaki zulu performed by various artists
1,chakra zulu & orko eloheim
9,chakuza
7,chali 2na
2,chali 2na & roc c
1,chali 2na & the funk hunters & chali 2na
6,chalice
3,chalie boy
1,chambaland
1,chambry
1,chambry & cmrmn
29,chamillionaire
1,chamillionaire & koopa
2,chamillionaire & paul wall
2,champ mc
2,champagne champagne
1,champagne champagne & starfucker
1,champagne champagne & theesatisfaction
1,champagne drip
1,champain
4,champloo
1,champtown
1,champy radcliffe
1,chance productions
1,chance random
11,chance the rapper
1,chance the rapper & lil b
1,chance the rapper & the social experiment
1,chance waters
1,chance york
1,chancellor warhol
1,chandeliers of mars
1,chando
2,chanel west coast
4,chanes
1,chanes & house shoes
1,change the future
3,changing faces
1,chango & lil' toro
1,chango julius & the nothing
1,channel 2 & chronixx
1,channel changer
7,channel live
1,channel one & triple d
1,channel two
1,chants
1,chaos royale
1,chaotik stylz
1,chaoze one & irie révoltés
2,chaozz
2,chapman
1,chaptaaay
2,chapter & the verse
1,chapter zero
1,charbel
1,charile lap
2,charisma.com
6,charizma & peanut butter wolf
1,charle$ conceptz
3,charles gnarles
11,charles hamilton
2,charles only
1,charles r. smith jr.
2,charles trees
2,charles trees & mux mool
1,charles x
1,charlesblack
2,charlesthefirst
2,charli baltimore
1,charli baltimore & dutchie man
1,charlie bars
3,charlie brown jr.
1,charlie farley
1,charlie hanseen
3,charlie mac
1,charlie murphy
1,charlie puth & lil wayne
1,charlie rain
1,charlie row campo
2,charlie sloth
1,charlie wilson
1,charlotte
1,charly greane
1,charlymorgan
1,charm the legend
1,charmaine & plan b
1,charmingly ghetto the mc
1,charnell
2,charodey jeddy
1,charon don & dj huggy
2,chasbeats
2,chase
8,chase & status
1,chase & status & sub focus
1,chase ensyte
1,chase moore
2,chase n. cashe
1,chase phoenix
1,chase the vagabond
2,chasm
1,chasm & skryptcha
1,chasta
1,chateau des dieux
1,chatmm
1,chaunceytails
5,chaundon
2,chavis chandler
1,chavo
1,chayahuaska & master veiga
1,chaz french
1,chaz fuego
1,chaz gotti
1,chaz van queen
1,che dolla
6,che fu
1,che grand
1,che sudaka
2,cheak13
1,cheap sober
1,chease
1,cheatcode
1,cheazy-e
1,cheb rubën
1,chebaleba
1,chedda
1,chedda chapp
2,chedda da connect
1,chedda hill entertainment
1,cheeens
8,cheek
2,cheeky blakk
2,cheetah (치타)
1,cheetah (치타) & jessi (제시)
1,cheeze (치즈)
1,cheezus 3 & lofty305
1,cheezy d
1,cheezy mcnasty
1,chef boy rg
1,chef boy rg & dev
4,chef scout
1,chef scout & dan rover
1,chef'special
4,chefket
1,cheldon mcqueen
1,chelo
3,cheloo
1,chelsea reject
1,chemist & matayo
1,chemistry
2,chemo
1,chen g
2,cher lloyd
2,cherax destructor
1,cheri dennis
2,cherish
2,cherrie
1,cherry brown
1,cherrywine
1,cheru
1,cherub & two fresh
2,chesslo junior
3,chester p
1,chester see
1,chester see & ryan higa
11,chester watson
1,chet faker
1,chetamor
1,chetta
2,chev
1,chevy p
1,chevy shann & smiley
4,chevy woods
1,chevyboy
1,chew
1,chewingum
1,cheyenne
1,chfwrrn.
2,chi-ali
1,chi-lavek
1,chiang mai
1,chicken boubou
1,chicken grease
1,chicken hill productions
1,chico & coolwadda
1,chico de seúl
1,chico mann
1,chicoria
29,chiddy bang
8,chief
1,chief & deheb
2,chief & john robinson
1,chief & moka only
1,chief & sinuous
2,chief boima
1,chief groovy loo & the chosen tribe
1,chief hunter jack
6,chief kamachi
1,chief kamachi & killah priest
1,chief kamachi & the juju mob
56,chief keef
1,chief keef & dp beats
1,chief keef & g.o.o.d. music
1,chief keef & gucci mane
1,chief xcel & dj shadow
1,chiefing hombre
1,chiefs
1,chiefs & nick acquroff
2,chiens de paille
1,child rebel soldier
33,childish gambino
1,childish gambino & pogo
1,childish gambino & problem
1,children of production
5,children of the corn
1,children of the cornbread
2,children of the damned
2,children of the night
1,chill & z-ro
1,chill black guys
7,chill bump
1,chill cosby
1,chill e.b.
2,chill mega chill
2,chill rob g
1,chill will
1,chilla
1,chilldren of da ghetto
1,chillin gillin
8,chillin villain empire (cve)
3,chillman
1,chills & precinct phantom
1,chillxwill
1,chilly & leafy
6,chilly gonzales
1,chilly tee
1,chilly willy
4,chima
1,chima anya
3,chimp beams
1,chimp beams & shing02
4,chimpo
1,chimpo & sam binga
1,chimpo & trigga
4,chimurenga renaissance
1,chin checca
1,chin injeti
1,china black
1,china mac
1,chinaka
1,chinatown
1,chinch33
11,chinese man
1,chinese man & tumi
5,chingo bling
9,chingy
1,chinmachine
1,chinny beats
1,chino
1,chino grande
7,chino xl
14,chinx
1,chinx & french montana
1,chinx & harry fraud
4,chip
1,chip jewelry
6,chip tha ripper
1,chip$
1,chipachip
7,chipmunk
2,chippy nonstop
1,chirie vegas
1,chista okolina
1,chiswick reach all stars nutsin & tom middleton
1,chiza-i-am
1,chloe martini
1,chlyklass
4,cho pd (조pd)
8,choclair
1,choclair & saukrates
1,chocolate bam boo
1,chocolate bread
4,chocquibtown
1,chocvillah
1,choice37
1,choir boy
1,choirboy
1,choke sleeper
1,chokeules
2,choklate
1,choku
1,chomsk'
1,chonabibe
2,chong-nee
1,chono
1,choon goonz
1,choongum
1,choose mics
2,chop juggler
4,chop shop
1,chop the onion
2,choppa
1,chopper read
1,chopperman & limpyloo
3,chops
1,chops & g-unit
1,chops & kanye west
1,chops & raekwon
1,chopstars & slim k
1,chopstix murphy
1,chordashian
5,chords
1,chosen few
1,chosen1
1,chowder
1,chri$topher
1,chris arnold
1,chris august
1,chris b. thomas
1,chris beckstrom
32,chris brown
1,chris brown & dj drama
1,chris brown & kesha
1,chris brown & ohb
6,chris brown & tyga
1,chris cavalier
1,chris coco & rob da bank
1,chris cox
1,chris crack
1,chris crack & tree
1,chris crack & vic spencer
1,chris dave & stutz mcgee
1,chris de luca & peabird
1,chris de luca & phon.o
1,chris faeth
1,chris faust
1,chris gresswell & underheadz
1,chris james
2,chris jay
1,chris keys & oh no
1,chris louis
1,chris mcdonald
2,chris miles
1,chris o'bannon
1,chris read
1,chris sheppard
2,chris sills
1,chris steez
2,chris taylor
1,chris taylor & sebastian rochford
1,chris thomas king
12,chris travis
1,chris villa
1,chris ward
12,chris webby
1,chris webby & oncue
1,chris young the rapper
1,chris.topher & indigenous ak
1,chrischa
2,chrisette michele
1,christ bearer
1,christ like keese
2,christ yen
1,christian blaizer
2,christian rich
1,christian rich & grandtheft
1,christian scott
1,christian tv
5,christina aguilera
1,christina aguilera & nelly
6,christina milian
1,christine and the queens
1,christión
1,christmas in bethlehem
1,christoph el' truento & the means
2,"christopher h. knight & josef ""j7"" lord"
1,christopher lennertz
1,christopher michael jensen
1,christopher rau
1,christopher scott
1,christopher trace
1,christopher williams
2,chris△re
1,chro
1,chroma-kei
7,chromadadata
3,chromakey
2,chrome
1,chrome and illinspired
3,chronic future
2,chronik
1,chronikalz
2,chronophonic
1,chryso
1,chu.
7,chubb rock
1,chubb rock & trackmasterz performed by chubb rock
1,chuch
1,chuck breezy
5,chuck d
1,chuck gee & j-pill
7,chuck inglish
1,chuck maloney
1,chuck mosley and vua
1,chuck on the van
2,chuck strangers & hus kingpin
1,chuck sutton
4,chuckee.
2,chuckie
1,chuckie nugget
2,chud
1,chuggo
2,chuk le garçon
1,chulito camacho
1,chum & icon the mic king
1,chump & oxela
1,chumzilla
4,chunk
1,chunky a
1,church
1,church of when the shit hits the fan
1,churros
1,chustaki
6,chuuwee
3,chuuwee & jr & ph7
1,chuuwee & sundown
3,chuuwee & trizz
1,chuwee & jr & ph7
1,chuxx
1,chvrn
2,chydeone
1,chynk & exzac change
1,chynna
1,château flight & la caution
14,ciara
2,ciasco
1,cibazoll
1,cibo matto
1,cicada
1,cicco
4,cid rim
1,cid rim & the clonious
1,cide effect
1,cidinho & doca
1,cier kills
1,cifack
1,cight viii
1,cilon.
3,cilvaringz
1,cine mad in chaos
1,cinemaddicts
2,cinnaman & jay scarlett
1,cinow
1,cinturon negro
1,cipha
1,cipher
1,cipher9
1,cir.cuz
1,cira
6,circle infinite
2,circle of native vibes
1,circle of power
1,circuit to the moon
1,circulo polar artico
1,cirious & deelux
1,cirque éloize
1,cirus
1,cirus & lethal phuckk
1,cisco & shwayze
10,cities aviv
1,cities aviv & royal't
2,citizen cope
1,citizen funk
1,citizen jp & rafman
3,citizen kane
1,citizen kane & sic sense
3,citizen kay
5,citizen king
1,city boy
1,city boyz
3,city high
1,city light
1,citymouth
1,cityreal & wes mackey
1,cityscape
1,cityslikka
1,citywide krew
1,civil youth
2,civilian
1,cj taylor
7,cj the genesis
1,cjamm (씨잼)
2,ck
1,ck d'nee
1,ck47
1,cl
3,cl (씨엘)
1,cl cliff
11,clams casino
1,clams casino & danny brown
1,clams casino & kendrick lamar
1,clan destined
1,clancy maverick
4,clandestien
1,clara (클라라)
1,clara morgane
1,class a felony
1,classic anderson & yhood
1,classic caps & j.a.c.
1,classic material
1,classic the legend
1,classic the legend & j~l beatz
17,classified
1,classified & skratch bastid
1,classik
1,classless kulla & istari lasterfahrer
1,claumatic
2,clause four
1,clavius crates
1,claws costeau & mesak
2,clay
1,clay and justin
1,clay d
1,clayborne family
1,clayjay
1,clazzi (클래지)
1,clean bandit
1,cleankut
1,clear blue
6,clear soul forces
2,cleararmor
1,cleaver the cut up
1,clefco & mainloop
1,cleff and eugenius
2,clemens
2,clement marfo & the frontline
1,cleo & donatan
1,cleopatra
1,cleophus & ashes holland
1,cleptoclectics
1,cleveland city crooks
1,cleveland city crookz
2,clever austin
1,clever austin & harmless
1,clever jeff
1,clever one
1,click animosity
1,click click boom
1,clicks & whistles
1,cliff clavin
1,cliff herman
1,clifftop vandalz
1,clik-47
1,clika one
1,climber
2,clint breeze
1,clinton sly
3,clinton sparks
1,clinton sparks & kanye west
1,clip art joel
1,cliponville orkestra
11,clipping
1,clips x ahoy
18,clipse
1,clipse & portishead
1,clipse & pusha t
1,clipse & re-up gang
1,cloaks & spencer doran
1,clockwerk
1,clockwork
1,clokworx
6,clonki
1,close enough
1,closed caption
2,clothes
1,cloud bog
1,cloud city classic
1,cloud michaels
1,cloud people
5,cloud.
5,clouddead
1,cloudnine
1,clouds
1,clover (클로버)
2,clozee
1,clp
1,cltrlsndtrck & nrvs
1,club district allstars
3,club dogo
1,club kuru
1,club nouveau
1,club nouveau & timex social club
1,club risque
1,club's rappers & det reirruc
1,clue to kalo
6,clueso
1,clutch kid
4,clutchy hopkins
1,clutchy hopkins & lord kenjamin
2,clutchy hopkins & shawn lee
1,cluttch
7,clyde carson
2,cm jones
2,cma
1,cmc & silenta
1,cmc & silenta & the funk hunters
1,cmdwn
1,cmp
2,cmptr
1,cmrn.
8,co$$
1,co-defendants
2,co. fee
1,coasaru
1,coast
1,coastal
1,coastal rituals
1,coaster
1,coaxial
1,cobe
1,cobe obeah
3,cobna
1,cobra
1,cobra krames
1,coby ashpis
1,coca kash
1,coca rico
1,coca vango
3,cocaine 80s
1,cocaine chris
1,cocinaughty
1,cockamamie jamie
1,coco
13,coco bryce
1,coco bryce & kanttoripoika
1,coco bryce & slugabed
1,coco slang
6,coco solid
3,cocoa brovaz
1,cocoa brovaz & cut killer
1,cocoina
1,cocorosie
1,coda conduct
1,coda noir
2,codak carter
1,"code ""m"" & vee"
1,code 6 a.k.a. lyrical gangsta
1,code k
2,code kunst (코드쿤스트)
1,codename
1,codu' penal
1,cody boy
1,cody chesnutt
1,codyak
1,coely
1,coffeeblack
1,coffees & cigarettes
1,coffey anderson
1,coffi
2,cognito
1,cohen@mushon (כהן@מושון)
1,cohen@mushon (כהן@מושון) & dj mesh
1,cohenbeats
1,coin banks
1,coin banks & ta-ku
4,coin locker kid
1,coines
1,coka
1,coka bazoka
2,coke boys & french montana
1,coke bumaye
1,coko
1,colby o'donis
1,colcutz
4,cold 187um
6,cold crush brothers
3,cold duck complex
11,cold hart
2,cold legistics
1,cold love
1,cold steel & peter fox
1,cold wax
1,cold world
1,cold world & sean price
2,cold world hustlers
1,cold187um
8,coldcut
1,coldcut & hexstatic
1,coldcut & pc
1,coldcut & steinski
1,coldfrunt
1,coldplay
1,coldplay & drake
1,cole blunted
1,colectivo etéreo & dadalú
2,coleman hell
4,colette carr
1,coley cole
1,colin johnco & king rhythm
2,colin munroe
2,collapsed lung
1,collapsible mammals
1,collapsing lungs
1,collaptic
2,collarbones
1,colle der fomento
2,collectif mary read
1,collective alliance
4,collective efforts
3,college boyz
1,collette
8,collie buddz
1,collie herb
1,collioure
1,colmar crew
1,colonel loud
3,colonna
1,color me badd
1,color plus
1,colorblind
1,colos
1,colossius & digi g'alessio
1,colossus
1,colours of melancholia
1,colt
4,colt ford
1,colt45
1,columbia bt
1,columbine
1,com.a
1,coma
1,combat wombat
1,combination lock
1,combine vibes
1,combo! & lesware
1,comet and rediculus
6,comfort fit
1,comité pokofló
1,comma
1,commissioner gordon & king mez
1,commodo
1,commodore84
40,common
1,common & ice cube
1,common & j dilla
1,common & john legend
1,common & nas
1,common & no i.d.
2,common grackle
1,common knowledge
5,common market
3,como asesinar a felipes
1,compadre
9,company flow
1,company of prophets
1,complex theory
1,compro.
6,compton's most wanted
1,compton's most wanted & mc eiht
2,comptons righteous
1,computer jay
1,computofresh
2,comunalien
1,con&booger
1,concentration camp
2,concept
1,concept of thought
1,concept7
1,concise
1,concise kilgore
3,concrete click
1,concrete mob
1,cone gorilla
1,conecrewdiretoria
3,conejo
1,confia
1,confidence & purpose
1,confidence & rashad
1,confidential
1,confucius & mysterious d
1,confus
1,congi
1,congo natty
3,connect
1,connect-r
1,connie constance
1,connie price & the keystones
1,connor gilbert
1,connor holland
1,connor seven & jay dako
1,conquest
1,conrad newholmes
2,conrank
2,conscience
1,conscienze and rhympage
4,conscious thoughts
1,conscious youths
1,consciousthoughts
1,consensus
1,consep
14,consequence
10,consolidated
1,consoul
1,conspicuous
1,conspirituality
6,constant deviants
1,constant flow
1,constantino
13,constrobuz
2,constrobuz & necedah
1,constructive r.u.k.u.s.
1,constylations
3,contact field orchestra
10,contact lens
2,contact play
1,contakz
1,context mc
1,continual brew
1,continuous
7,contour
1,contour & illadell
1,contra auguste
1,contrast
1,control light
4,control machete
6,controller 7
1,convicted felons
1,convicts
1,convok
3,conway
3,conway & westside gunn
1,conzcept
3,coo coo cal
2,cook classics
1,cook laflare
1,cookbook & evidence
1,cookbook & uno mas
5,cookie crew
2,cookie monster galaxy
2,cookin' soul
1,cookin' soul & fiend
1,cookin' soul & le$
2,cookin' soul & mc melodee
1,cookin' soul & nas
1,cool african
2,cool brandon
3,cool breeze
3,cool c
3,cool calm pete
1,cool cee brown
1,cool chris
1,cool cut & eric xl singleton
2,cool d
1,cool manu badns
1,cool nutz
1,cool waters
1,coolax
1,coolbone
1,cooler than smack
1,coolie t
24,coolio
1,coolio & ennio morricone
1,cools miliyan
1,cooly live
1,cooly wright
2,coolzey
2,coop mc
5,cooper
1,coops
2,coosie
1,cop magnet
2,copperpot
1,copperwire
1,coptic soldier
10,copycat
10,copywrite
1,copywrite & surock
1,cor stidak & keor meteor
2,cora e
1,corailcerveau
2,corbin
1,cord5
3,corey
1,corey d thegreat
1,corey davis
1,corey hague
1,corey mclemore
1,corey the kidd
1,corey writes
1,corinne stevie
12,cormega
1,cormega & lake
1,cornbread & lil kemo
1,cornbread children & doap nixon
2,corneille
1,cornelius blacklock
2,corner 2 corner
2,corner boy p
1,coro
2,corona
1,corporate
4,corporate avenger
1,corpse circus
1,correspondence
2,corrientes
1,corrupt empire
1,corrupted nostalgia
1,cors.bros.prod.
1,cortez
1,cortez mars
1,corus 86
1,cory gunz
1,cory mo
1,cory o
5,coryayo
1,coryayo & wun two
1,cos-g
1,cosby sweater
1,coscash
2,cosculluela
1,cosm & jabbathakut
3,cosmic analog ensemble
1,cosmic buddha & seanwyze
1,cosmic jam
1,cosmic kat
1,cosmic slop shop
1,cosmic tune
1,cosmicprank
1,cosmin 13
1,cosmo
1,cosmo baker & dj ayres
1,cosmo galactus & thaione davis
1,cosmo's midnight
1,cossu
3,costa
1,costanza
1,cotton ja lance
1,coubo
3,coughee brothaz
1,coultrain
16,count bass d
1,count bass d & dj crucial
3,count bass d & dj pocket
1,count bass d & insight
1,count coolout
1,count lazy & funkbademeister
1,counting coins
1,coup
1,court martialed
1,court voices
2,courtney pine
1,courts
1,cousin affect
1,cousin fik
2,cousin stizz
2,coutoentrelesdents
1,covalence
1,cover drive
1,cover the child of destruction
1,covert ops (arcee and marvel)
1,cowboy troy
2,cowode & walterwarm
1,coydog
1,coyote kisses
1,cozo & no more heroes
2,cozz
1,cps
2,cr7z
1,crack claus & crystal f
1,crack comb
1,crack epidemic
1,crack ignaz
1,crack ignaz & lgoony
1,crack ignaz & wandl
2,crack ignaz & young krillin
1,crack moses
1,crackajack
1,crackaveli
1,cracked out
1,crackula
1,crackzilla
1,crad
3,cradle
2,cradle of thorns
3,cradle orchestra
1,cradle orchestra & shing02
1,craft
8,craig david
5,craig g
1,craig g & marley marl
8,craig mack
1,craig smart
1,craige king
1,craiz
2,craneuhm
4,craneuhm.
1,crankcase
1,crash (크래쉬)
1,crash crew
3,crashprez
1,crashprez & *hitmayng
1,crate creeps
1,craymak
2,craymen
1,crazeology
1,crazethejack
1,crazy b & dj eanov
1,crazy daylight
1,crazy sam & da verbal assassins
1,crazy titch
7,crazy town
2,crazylady & diego lionetti
3,cream
2,cream child
1,cream of beats
1,cream villa
1,creamie
1,create
1,creative & hi-tech
1,creative bloodline
1,creative element
1,creative minds
1,creative swing alliance
1,creature
1,creatures of habit
3,credibil
7,credit to the nation
1,creep lo & evil pimp
1,creep woland
1,creeper
1,crem'e
1,crema
3,creme de la creme
2,creme fresh
1,crendore & glitchy & scratchy
1,creon
1,cres
2,creutzfeld & jakob
1,crew cuervos
1,crew x
2,crew54
1,cribshitter
2,crime boss
3,crime lords
4,crime mob
2,crimedanch cartel
1,crimes!
5,crimewave
6,criminal manne
1,criminal manne and frayser boy
1,cringe fest
6,criolo
1,criolo & emicida
2,crips
1,cris cab
1,cris prolific
1,crispi crunch (크리스피 크런치)
1,critic
2,critical
3,critical bill
1,critical c
1,critical condition
1,critical condition band
1,criticalhitz
1,critikal
1,critikal drumscience
1,crixus
1,crizzly
2,crnkn
13,cro
1,cro-magnon
1,crockett king
1,cronite
1,crook
1,crooked
16,crooked i
1,crooked lettaz
1,crooked ozone
1,crooked path
5,crookers
2,crooklyn dodgers
2,crookram
1,cropsman
1,cross my heart hope to die
1,crossed out
1,crossfaderz
1,crossover & dj x​-​acto
1,crossover kidz
1,crotona-p
1,croup
1,crowda
1,crowhead
2,crown
6,crown city rockers
1,crown colony
1,crown hutch
1,crown nation
1,cru
2,crucial chaotic
4,crucial conflict
5,crucial star (크루셜 스타)
8,crudbump
1,crunc tesla
3,crunchy black
1,crunk & white
4,crunkfuckers
1,crusaders for real hip hop
3,crush (크러쉬)
1,crustation
1,crustified dibbs
1,crusto
4,cry baby genius
1,crym
1,cryptic enigma
14,cryptic one
2,cryptic wisdom
1,cryptonasen
1,crystal cuts
4,crystal f
1,crystal f & partisan
1,crystal f & serious dan
1,crystal lake
1,crystal vision
3,cryston
1,crze & géabé
4,crдm
1,cscale & g-mane
1,cshot
1,csjb
2,cslsx & lushlife
1,csrd
1,cualli
2,cuban link
2,cubanito 20.02
4,cubbiebear
1,cubby
1,cudawianki
2,cudlo & jenai
1,cuft
1,cuicide
1,cuinciu
4,cuizinier
1,cujo
6,culcha candela
1,culprate
1,cult classic records
1,cult cyph
1,cult favorite
2,cult mountain
1,cult of the damned
1,cultiz
1,cultjah dreamz
1,culture beat
1,culture cry wolf
16,cunninlynguists
1,cup of sun
2,cupcakke
1,cupid
1,cupid & shuffle
2,cupp cave
1,cupp cave & dem hunger
1,curb cobain
4,curbside jones
1,curiosity corner
1,curious
1,curious kontrol & stélouse
2,curly castro
2,curlyman
1,curlyman & errdeka
1,curlyrock & freezee dee
38,curren$y
2,curren$y & harry fraud
1,curren$y & purps
1,curren$y & smoke dza
1,curren$y & styles p
1,curren$y & the alchemist
1,curren$y & thelonious martin
3,curren$y & wiz khalifa
1,curren$y & young roddy
14,curse
4,curse ov dialect
1,curse ov dialect & kaigen
3,cursed
1,curseovdialect
1,cursive
2,curt@!n$
1,curtic
1,curtis
1,curtis & majka
1,curtis heron
1,curtis mayfield & ice-t
1,curtis plum
1,curtis williams
1,curtis.
2,curtiss king
2,curumin
1,curvine
1,customary
1,cut 2 kill
18,cut chemist
9,cut chemist & dj shadow
1,cut chemist & madlib
2,cut chemist & shortkut
14,cut killer
2,cut la roc
1,cut throats & lil wayne
1,cute attack
3,cutfthr
5,cuthead
1,cutheta
1,cutie boy spliff
1,cutta chase
1,cutta chase & daryl donald
1,cutta chase & fredo
1,cutthoat committee
1,cutthroat
1,cutting edge collective
1,cuttooth
1,cutty bang
2,cutty ranks
1,cuturix
1,cuz lightyear
1,cvd
3,cvk.
5,cvlt beats
5,cvpellv
3,cx kidtronik
1,cxlviii
1,cxrl
1,cy young
9,cyanide
1,cyber vision
1,cyberclops
1,cyberclops & k.e.v.o.r.k.i.a.n.
1,cybergiga
1,cyberus.se
1,cyberwave
1,cydal
6,cyhi the prynce
1,cyk
1,cyko
5,cymarshall law
3,cymarshall law & mr. joeker
1,cymarshall law & the beatnikz
2,cymatiks
2,cymbalik
12,cyne
1,cynic & sick jacken
1,cynic one
1,cyphanetik
1,cyphervipers
1,cypido
46,cypress hill
1,cypress hill & jason nevins
1,cypress hill & peter rosenberg
1,cypress hill & roni size
1,cypress hill & rusko
2,cypria
1,cypria & handbook
1,cyril hahn
1,cyrus
5,cyrus malachi
1,cyrus tha great
1,cyssero
1,cza
3,czarface
1,czarny hifi
2,c¤ldrose
1,d 2 tha s
1,d a v ξ
1,d crime & dj yess
2,d dand
2,d double e
1,d double e & jammer
3,d e n a
1,d fast
3,d irie
1,d m tea hawk
2,d mob
1,d mob & trife
1,d money pros
1,d noc
2,d of trinity garden cartel
1,d strong & dave sparkz
1,d w y e r
1,d w y e r & n.fitz
4,d will
4,d will & stik figa
1,d!rty aud!o
1,d!rty aud!o & tropkillaz
1,d&d
1,d&d all-stars
1,d&d sluggers
1,d' de kabal
1,d'african
1,d'allen white
7,d'angelo
2,d'anthony
1,d'banj
1,d'evil
1,d'influence
1,d'lyfa reilly
1,d'manic
1,d'meitz & ilusha
1,d'meka
1,d'n'd
1,d'opus & roshambo
1,d'rok
2,d-bangerz
4,d-block
1,d-block & wu-tang clan
1,d-bo
1,d-boy
1,d-dot (the madd rapper)
1,d-dre the giant
1,d-drew
1,d-fekt
2,d-flame
2,d-funk
1,d-jay ness d
1,d-lay
3,d-lo
3,d-loc
1,d-m-y
1,d-man 55
1,d-moe
2,d-nice
3,d-pryde
1,d-ray
1,d-roc & diamond
1,d-script
1,d-serenity
1,d-serenity & lil kris
2,d-shot
12,d-sisive
1,d-sisive & tone mason
1,d-stroy
7,d-styles
1,d-styles & dj flare
3,d-styles & dj qbert
1,d-styles & dj shadow
2,d-tay & young buck
3,d-tension
1,d-track
5,d-unit (디유닛)
1,d-zire & jc-001
1,d. bess
2,d. black
1,d. clark
1,d. gaines & kyleflowen
1,d. horton
2,d. riba & l. macari
1,d.a. the future
2,d.a.m.n.
1,d.a.r.
3,d.abuz system
1,d.b.a.
1,d.c. (디씨)
1,d.dove & factor
1,d.e.
1,d.evilman
1,d.g. yola
1,d.gomez
1,d.i.b
1,d.i.e.
1,d.i.n.o
2,d.i.t.c.
1,d.j. born
1,d.j. doc roc and the get smart crew
1,d.j. skillspinz
1,d.j. tee & lil elt
1,d.l. (dev large) of buddha brand
1,d.l. blando & wax dee
3,d.l.o. the iceman
1,d.lynch
1,d.n.a. disciples
1,d.o (이현도)
1,d.o.
1,d.o.d
1,d.o.i.
1,d.o.l.o.
1,d.o.r. & doodlebug
1,d.p.
7,d.r.a.m.
1,d.r.o
1,d.s.g
2,d.s.g.b. & pastor troy
3,d.v.s*
1,d.w
1,d.w. long elementary & today's future sound
1,d.ò.f.a.t.
1,d00p
2,d1
19,d12
1,d12 & dj butter
1,d12 & eminem
1,d12 & gorillaz
1,d3m4nd
1,d3pths
2,d4l
1,d4nny
1,d:fuse
4,d:vice
1,d:vice & pyramidpendulum
1,da 187 klick
2,da 5 footaz
1,da 9er's & r. burd
1,da alphabets
1,da backwudz
3,da beatminerz
1,da beatnik
1,da blacksoul
1,da brains
10,da brat
1,da bul nate
5,da bush babees
3,da buze bruvaz
1,da champ
1,da cheeba hawks
1,da chozen
1,da circle
1,da clique
1,da cnd coalition & gee rock
1,da covenant
1,da crime click
6,da dysfunkshunal familee
1,da dysfunkshunal familee & finsta bundy
1,da dzaka nakot
1,da entre
1,da f.u.n.k
1,da fal & jon.q
1,da funk
1,da gabriel
2,da germ
1,da grace boys
1,da grass roots
2,da grassroots
6,da great deity dah
2,da halrazzers
4,da henchmen
1,da herb man
1,da hol' 9
1,da homlez
3,da hoodz uv mizbhavya
1,da hoodzmen
1,da hooligans
1,da hypnotik
1,da kashmere
3,da king & i
1,da last ones
3,da lench mob
1,da los generashun
1,da low livz
4,da mafia 6ix
2,da minds of sol
1,da mobstas
1,da monstar mob
1,da mouth (大嘴巴)
1,da muzicianz
2,da nabahood threat
1,da nappy headz
1,da nayborhoodz
1,da noe doe network
1,da nu flava
1,da nuthouse
1,da phlayva
1,da playboy foundation & oral bee
2,da poet
1,da pump
1,da rail black & pauly paps
1,da realnis
1,da rezedents of boogie & edward allen
1,da robba & san quinn
1,da ruckus
1,da sha ra
2,da t.r.u.t.h.
3,da unda dogg
2,da weasel
1,da wild boyz
7,da youngsta's
3,da$h
1,da$h & retch
1,da$h & sean o'connell
1,da' mad scientist
1,da' t.r.u.t.h.
1,da' unda' dogg' & mac dre
1,da-p
1,da-p & da-p dabeatx
1,da-p dabeatx
1,da10keus & goodfella
2,daara j
1,daaveblanch
1,dab rozer
1,dab70 & enigma.404
1,dabaaz
4,dabbla
3,dabow
8,dabrye
1,dabrye & mike slott
1,dabu fantastic
2,dac
1,dacapo & k-def
1,dacav5
1,daco junior
1,dacosta
1,dada & mastiksoul
1,dada & struka
1,dada life
1,daddie notch
1,daddy boastin
1,daddy freddy
1,daddy grace
1,daddy k
6,daddy kev
2,daddy lord c
1,daddy maza
3,daddy mory
1,daddy rich & pete nice
1,daddy v & dmg
2,daddy x
7,daddy yankee
1,daddy yankee & n.o.r.e.
1,daddy yankee & play-n-skillz
1,daddy-o
1,dadoo
1,dady
1,dae dae
1,dae zhen
11,daedelus
1,daedelus & jogger
1,daedelus & kneebody
1,daedelus & om'mas keith
1,daedelus & teebs
1,daedelus & the death set
1,daev martian
1,dafra19
2,daft grips
1,daft punk
1,daft punk & slum village
1,dafu
2,dafuniks
1,dafunk$hun
1,dafuture
3,dag savage
2,dagha
1,dagobert & masterarp
1,dah conectah
1,dahlia black
1,dahlia thepoet
1,dahru
1,dahv
1,dai burger
2,dailon
1,dailon & esseks
2,daily bread
2,daily meds
1,daimes
2,daimyo
1,dainjamental
1,daisuke tanabe
1,daisuke tanabe & jealousguy
1,daisuke tanabe & mike gao
5,daisy cutta
2,daisy dee
1,dak4ndym4nfu & young philosophy
4,dakah hip hop orchestra
11,dakim
5,dakota
1,daktur banff
1,daktyl
1,dal3 y3ah!
2,dalaj
1,dalberg
1,dalco
5,dale chase
2,dale earnhardt jr. jr.
1,dale firebird & dj skee
1,dale kruegler & the missing felicitys
2,dali vision
1,dallas & shad
1,dallas holladay
1,dallas that kid
1,daloe & joey
2,daltone
1,daltone & governor andy
1,dalure
2,dam
3,dam mantle
1,dam nation
3,dam native
4,damacha
1,damacha & petechen
1,damacha & psymun
3,damage
1,damage control
1,damaged goods
1,damani nkosi
1,damascus
3,dame
1,dame four
1,dame grease
1,dame grease & riff raff
1,damian dame
6,damian marley
6,damian marley & nas
1,damiano (다미아노)
1,damien
3,damien dempsey
1,damien page
5,damion davis
1,damizza
1,dammit karen
1,damn disko
1,damn kids
2,damn right!
1,damn!
2,damn! & timbuktu
1,damnesia-vu
1,damo
1,damon albarn
1,damon albarn & studio 13
1,damon albarn & the heavy seas
1,damon horton
1,damon k. fox
1,damso
26,damu the fudgemunk
1,damu the fudgemunk & k-def
2,dan black
8,dan bull
2,dan costello
1,dan farber
5,dan greenpeace & dj yoda
1,dan hayden
1,dan henig
2,dan johns
3,dan le sac
13,dan le sac vs scroobius pip
1,dan major
1,dan olvera
1,dan olvera & graham walling
9,dan the automator
1,dan the underdog & bellee
7,dan-e-o
3,dana dane
2,danay suárez
1,dancakes
1,dance with herb
5,danceproject
1,dandii sun
1,dandrough
1,dandy teru
2,dandyguel
5,danegurous
1,dang. & effect
1,danger dan
8,danger mouse
3,danger mouse & jemini
1,danger mouse & sparklehorse
1,danger robbins & soulbrotha
1,danger zone mobb sqwad
5,dangerdoom
1,dangerkids
1,dangermouse
1,dangerous dame
1,dangerous hippo
1,dangerous minded clik
1,dangerous rob
1,dani deahl
3,dani m
3,dani ro
1,daniel
2,daniel adams-ray
1,daniel arroyo
1,daniel bernard roumain
1,daniel bijan
2,daniel caesar
2,daniel drumz
1,daniel haaksman
1,daniel neitz
1,daniel parry
2,daniel savio
1,daniel savio & dj krush
1,daniel wilson
2,danilo barbiero
1,danja mowf
1,danju
1,dank boyz
1,dank d & waldo
1,dank nity
1,dankgod & kirblagoop
1,danni gray
1,dannu
1,danny bliss
7,danny breaks
28,danny brown
1,danny brown & j dilla
1,danny brown & kurt mcgirt
1,danny brown & tony yayo
1,danny corn
6,danny diablo
2,danny diatribe
1,danny diggs
2,danny diggs & jermiside
1,danny drive thru & mr. dibiase
1,danny grooves
1,danny l harle
1,danny lover
1,danny seth
1,danny wayne
7,danny!
2,dano & emelvi
1,dante
1,dante & deck
2,dante ck
2,dany dan
1,dany dan & ol kainry
1,dan∆logone
6,daoko
1,daonek
1,dap-c & lil wayne
2,dappy
1,dapz on the map
1,daquan
1,dar-o
1,darc feather
4,darc mind
1,daretta
1,darg team
5,dargen d'amico
1,darien brockington
2,darius
1,darius andino
4,dark billy
1,dark circle
1,dark horse
1,dark krow
5,dark lotus
1,dark maat'r & freak motif
1,dark miracle
1,dark party
1,dark prince
1,dark side of the moon
2,dark sister
1,dark sister & noah23
3,dark skinned assassin
1,dark sun riders
6,dark time sunshine
5,dark tower
1,dark voice of angelique
1,darkcide
1,darke complex
1,darkecy
3,darkhouse family
1,darkleaf
1,darklit
1,darkman
1,darkness
1,darko
1,darko the super
1,darko...you haven't heard of him
3,darkroom familia
4,darkside
1,darksolace
1,darkstorm
3,darmo
1,darnell
3,darq e freaker
1,darrel bell
1,darrian dorrough
1,darrin ross
1,darrio lamont
1,dartel
1,darth fader & the wax warriors
1,dartmouth cords
1,daru jones & reggie b
1,daru jones & rena
1,darwin deez
1,darxx
1,daryela
3,das bo
1,das ding ausm sumpf
12,das efx
1,das efx & gang starr
1,das efx & redman
1,das pri-v
7,das racist
1,das racist & kool a.d.
1,das' real
1,dasanga
1,dash berlin & dbstf
1,dash flash
1,dash shamash
1,dasin
1,dasnames
1,dassit
1,dasso
2,dasta
1,dat adam
1,dat crew
1,dat garcia
1,dat's b
2,datahowler
1,dataka
1,datakrash
1,datavision ltd.
3,datewithdeath
1,datewithdeath & mhzesent
6,datfootdive
1,datkid
1,datra
2,datsik
1,datune
1,daunte price
1,dave b
1,dave b & sango
1,dave bee
2,dave bee!
1,dave biegel
2,dave clarke
1,dave dub
3,dave east
1,dave ghetto
1,dave lombardo & dj spooky
1,dave matthews band & jay z
1,dave rmx
1,dave soldier & komar & melamid
1,dave sparkz & wodoo wolcan
1,dave the fave
1,dave909
1,daveed diggs
1,daveed diggs & rafael casal
1,davey
1,david a & usher
1,david and the ps3 games
1,david ashley
1,david asphalt
1,david asphalt & milli
12,david banner
1,david bowie & dezmatic
1,david caron
1,david chesky performed by mike two & orchestra of the 21st century
1,david chief & purpan.
1,david clout
6,david dallas
1,david davis & ugly iq
1,david diaz
2,david ezra brown
1,david fascher
1,david fiuczynski
2,david guetta
1,david guetta & snoop dogg
1,david heartbreak
2,david hodges
2,david holmes
1,david holmes & the free association
1,david hustlehoff
2,david jack
1,david kaing
1,david krakauer & socalled
2,david liebe hart
2,david love not war
1,david may
1,david michael
1,david morales & the bad yard club
4,david ramos
1,david rush
1,david ryshpan & think twice
1,david shabani
2,david sides
1,david starfire
2,david starfire music
1,david the creation
1,david tort
1,david vanderstoep
1,david vangel
1,david waxman
1,davido
1,davie west
3,davinchee x
3,davinci
1,davinci & sweet valley
1,davion titan
1,davis
2,davodka
1,davon
1,davu
1,davy d
1,davy dmx
1,davy fresh
1,dawa o mic
1,dawarlos
1,dawg wonder
2,dawin
1,dawl + siew
1,dax live
1,dax mafesi
1,day
2,day job
4,day one
1,dayda banks
1,daye jack
1,dayeve xienze
1,dayfade
2,dayggs
1,daylight
1,days n' daze
1,daytona
18,daz dillinger
1,daz dillinger & dion neuble
1,daz dillinger & fratthouse
2,daz dillinger & jt the bigga figga
1,daz dillinger & makaveli
1,daz dillinger & snoop dogg
1,daz dillinger & wc
1,dazdavis
1,daze
1,dazed shadow
3,dazzie dee
4,db
1,db sota
6,db tha general
1,dba flip
1,dbcooper
1,dbg'z
1,dbridge
1,dc & ace
2,dc grimsta
8,dc talk
1,dc the midi alien
1,dc the midi alien & termanology
2,dcbb
1,dclark
1,dcomplexity
1,dcplx
2,dcs
1,dcsx
2,dcvdns
3,ddamage
1,ddamage & ttc
17,dday one
1,dday one & dextah
1,dday one & dj blue
1,dday one & glen porter
1,de 6 apornas armé
1,de colombiaanse bloedgroep
2,de de
8,de elusive
2,de fofftig penns
1,de huilende rappers
1,de huufe
1,de javaanse jongens
10,de jeugd van tegenwoordig
1,de jeugd van tegenwoordig & katja schuurman
5,de kraaien
1,de la ghetto
1,de la hoja
69,de la soul
1,de la soul & epmd
1,de leve
1,de likt
1,de novo
1,de puta madre
1,de vliegende panters
1,de-phazz
3,deacon the villain
1,deacon the villain & sheisty khrist
1,dead at birth
1,dead aware
1,dead bent
2,dead celebrity status
1,dead cicadas
1,dead creeps orchestra
1,dead end alliance
1,dead end hip hop & salem psalms
1,dead fader
1,dead fucking serious & the illusionists
6,dead horse beats
1,dead man funk
4,dead obies
1,dead ott
2,dead players
2,dead poet & wildcard
1,dead poetz society
16,dead prez
1,dead prez & dj drama
2,dead prez & dj green lantern
1,dead prez & grizzly bear
1,dead prez & m-1
2,dead prez & outlawz
1,dead residents
1,deadbatch
2,deadbeat
1,deadline & pete cannon
1,deadlinz
1,deadly
1,deadly avenger & dj touché
1,deadly deuce
1,deadly snakes
3,deadly venoms
2,deadmau5
1,deadringaz
1,deadverse massive
1,deadxbeat & spellwrks
1,dealema
1,dean (딘)
2,dean blunt
1,dean dawson
1,dean hurley
9,dean marroni
1,dean martin & lil wayne
1,dean steele
1,deantoni parks
1,dear dj
1,death
1,death abyss
1,death by stars
1,death comet crew
27,death grips
3,death of hi fi
1,death of the neighbourhood
1,death over simplicity
1,death star
3,death team
2,death*star
1,deathstarkillah
2,debaser
2,debbie deb
1,debian blak
3,debit
1,deblë men
1,debmaster
1,debmaster & kool trasher performed by thavius beck
12,debonair p
1,debonair p & o.c.
2,debonair samir
1,deborah cox
3,deca
2,decap
1,decarie black
1,decay
1,decent criminal
4,deceptikon
1,deceptikonz
1,decibel grand
1,decipher
4,deckard
1,decktales
1,decktonic & strong suit
2,deckwrecka
1,declan508
1,deco
1,decomposure
1,decompoze
1,ded tebiase
1,deda
1,deda & ini
4,dedunamis
1,dedy dread
1,dedy dread & dj rebel
1,dee
2,dee & kamy
1,dee dee king
1,dee j a la fu & lotek
1,dee jay bird
1,dee metto & nutso
1,dee metto & planetary
6,dee nasty
5,dee-1
1,dee-lyrious
1,deeare & kuma
2,deeb
1,deech
1,deeday the scorpion
1,deee-lite
1,deeeznvtzzz
1,deeeznvtzzz & occvlt
1,deej
1,deejay crank
1,deejay om
2,deejay punk-roc
2,deejay tone & has-lo
1,deejay.
1,deela
1,deen burbigo
1,deen ninja
1,deep & redbaren907
1,deep burial
1,deep foundation
1,deep frigid winter
2,deep in da circle
2,deep puddle dynamics
3,deep rooted
2,deep shoq
1,deep swing
1,deepflow
1,deepika
1,deepsea lights
3,deepspace5
4,dees chan
1,deeside lyrics
2,deeskee
1,deeskee & escape artists
1,deeskee & existereo
3,deetah
2,deezuz
3,deezy martians
1,def
1,def bond
1,def con 4
13,def con dos
2,def cut
1,def dames
4,def dee
1,def dee & la
1,def dee & zar
1,def defiance
1,def ears
1,def fiction & sandart
1,def harmonic
1,def ill & laima
3,def jef
1,def la desh & the fresh witness
2,def p
1,def p & howling coyotes
1,def real
3,def rhymz
3,def squad
4,def wish cast
1,def's hed
1,def-i & soul soup
2,def3
1,def3 & factor
1,def3 & moka only
1,def3 & mosaic
1,defacedproperty & jivin scientists
1,defact
5,defari
1,defcee
2,defckon
2,defcon
2,defconn (데프콘)
1,defconn (데프콘) & jeong hyeong don (정형돈)
1,defekted sektion
1,defenders of style
1,defenderz of style
1,deffie & r.o.m.
1,deffinition
1,define
1,definite aka loophole
1,definite mass
4,definite vacation - 4 - suckas
6,definition of sound
1,definitive jux
1,defizit
1,defkline & red polo
1,defkon
1,defkon & bertholet
1,deflon
1,defmatic & project leftover
3,defoos & lea-won
3,deft
1,deft aphid
1,defunk
1,defunk & jive
4,degenhardt
1,degenhardt & kamikazes
1,degenhardt & loock
7,degiheugi
1,dei hamo
11,deichkind
1,deigo bernal
1,deine freunde
1,deine lieblings rapper
1,deine lieblingsrapper
1,deineltan
1,deion
1,deion sanders
1,deity reign
9,dej loaf
1,dej loaf & lil durk
1,dejay cash
1,dekk & luck-one
1,dekoh
1,del
1,del dot
1,del rey system
27,del the funky homosapien
1,del the funky homosapien & parallel thought
1,del the funky homosapien & swollen members
1,del the funky homosapien & tame one
1,del'moon project
1,del'moon project feat. alumni
7,dela
1,dela & the notorious b.i.g.
1,delafé y las flores azules
1,delapaz
1,deleralo
3,delfinas
1,deli
1,deliah
1,delic & sticks
1,delicious demon
2,delight & unseen
1,delik
1,deliman
9,delinquent habits
1,delinquent saints
1,deliric & silent strike
1,deliric1 & dj paul
1,deliverance
1,delliomic
6,delofi
1,delogated
1,delores.
2,delroy edwards
9,dels
3,delta
1,delta automatik
8,deltron 3030
1,delux
3,deluxe
1,delvador
3,dem atlas
1,dem clems
3,dem franchize boyz
1,dem hunger
1,dem wild boys
1,demastas
4,demi portion
1,demian jacob
1,demicat
5,demigodz
1,demise
2,demo
1,demo-barry
3,demokracy
1,demolition bass
2,demon
1,demon & the knomadz
3,demon boyz
1,demon queen
1,demonslayer
1,demonstration synthesis
1,demosud
1,demouche
1,demunz the dark apostle
1,den den
1,den dubieus & obskuur
1,den gale pose
3,den sorte skole
3,denace
1,denard dapoet
4,dendemann
1,dengaryu & keyser söze (田我流とカイザーソゼ)
1,dengaz
1,dengee
1,dengo
5,deniro farrar
1,deniro farrar & shady blaze
1,deniro farrar & young god
1,denis colin & denis colin trio
1,denis mac carty
3,deniz
1,deniz lim-sersan
4,denizen kane
1,denki groove (電気グルーヴ)
3,denmark vessey
1,denmark vessey & scud one
1,dennis lisk
3,denyo 77
9,denzel curry
1,denzel curry & lofty305
1,deobe
1,deobson
1,deon davis
3,depakote
1,dephlow
1,dephrase
1,depotax
1,depressive tongue posse
5,depth affect
1,depto-3
2,deqawn & superstar quamallah
1,deqt
1,dequince
1,der asiate
1,der g-funk kiosk
1,der mann
2,der nino aus wien
2,der plot
3,der tobi & das bo
4,der wolf
1,der xer
3,derek b
1,derek hughes
1,derek minor
1,derek pope
1,derek zoia
1,derek-d
2,derelect camp
1,dericus claptonius
1,derin falana
3,derlee
1,derrick hodge
5,dert
2,dert & josé gonzález
1,dert floyd
1,deru
1,des
1,descendant
1,descry
3,desdamona
1,desert eagle discs
1,desi mo
2,designer drugs
1,designer drugs & shamon cassette
5,desiigner
3,desmond cheese
1,deso dogg
1,desperado
2,despo rutti
2,despot
3,despotin fam
1,despotin' fam
11,dessa
1,destin'd
7,destiny's child
1,desto & nasher
1,destorm power
1,destorm power & nice peter
1,destruct
1,destruct & moresounds
1,destruction & lethal
3,destructo
1,destructo & wax motif
1,detail
1,details
1,detalks
1,detane
1,detboi
1,detect
1,detonator
2,detox
1,detrimental
1,detroit boxx & step 2
1,detroit sex machines
1,deuce
6,deux (듀스)
1,deux process
3,dev
1,dev large
1,dev79
1,devaine
1,devaloop & jamaljabiby
1,devaloop & philanthrope
3,devastator
1,devi dev & terrace martin
1,deviant institute
1,deviant zen
1,deviants of reality
1,device
1,devilman
1,devils elbow
2,devin burgess
1,devin e.
24,devin the dude
1,devine carama
1,devine carama & dj well blended
8,devlin
2,devo spice
1,devo-x
4,devonwho
4,devvon terrell
1,devvon terrell & futuristic
1,devy stonez
1,dewey binns & medaforacle
2,dex amora
1,dex machina
1,dex mahkeenuh
1,dextah
6,dexter
1,dexter & fatoni
1,dexter & maniac
1,dexter & morlockk dilemma
1,dexterman
1,dez & nobs
1,dez harley
1,deza'roi
2,dezert eez
1,df le mr chill
3,dfc
1,dfd
1,dfonz
1,dgaf
1,dgod
1,dgsb
1,dhamir
1,dharmakarma
2,dharmarat
1,dhuntzyo
1,dhuntzyo & kabocha
1,di kang
1,di-to
1,diable rouge & x-men
1,diablo negro
4,diabolic
1,diabolik
3,diafrix
1,dial-7
2,dialect
1,dialect & despair
3,dialectrix
1,dialectrix & dj 2buck
1,dialer
1,dials
6,diam's
1,diamantairs
1,diamond
2,diamond & the psychotic neurotics
1,diamond black hearted boy
1,diamond cuts
5,diamond d
3,diamond district
1,diamond k
1,diamond pistols
1,diamond shell
1,diamond zoidal & ruckazoid
1,diana king
1,diana ross
1,diart
1,diatonic & o-lay
1,diaz
1,diaz grimm
1,dibia$e
3,diburnagua
5,dice
1,dice b
2,dice manne
3,dice raw
1,dicecream
1,dicht & ergreifend
1,dicidens
1,dickimp
1,dico
1,dicta license
1,didaflo
1,didier & iwere
1,didydee & grosso gadgetto
1,die
1,die 3. generation
15,die antwoord
1,die antwoord & main$tream
3,die atzen
1,die beleidiger
1,die coolen säue
26,die fantastischen vier
1,die fantastischen vier & megavier
1,die fantastischen vier & sens unik
5,die firma
1,die futschis
1,die galaktischen 2
1,die galaktischen zwei
6,die orsons
1,die rakede
1,die säcke
1,die toten piloten
4,die vamummtn
1,die-rek
3,diego bernal
1,diego bernal & ernest gonzales
1,diemen x
1,dienasty records
1,diesler
1,diez
3,diezel
1,diezzle don & tha govener
1,diferenz
1,different note
2,different shades of black
1,different teep
1,dig dug
10,digable planets
1,digamaz
2,diger rokwell
1,digger dance
1,diggidi denkah
18,diggin' in the crates crew
4,diggy
3,diggy dex
3,digi g'alessio
1,digiflex
1,digital butter
4,digital ethos
2,digital martyrs
5,digital natives
1,digital pretender
1,digital product & dj woogie
1,digital scale
17,digital underground
1,digitalluc
2,digler
1,dignity
1,dike
1,dil withers
1,dil withers & ohbliv
19,dilated peoples
1,dilated peoples & strong arm steady
1,dilated peoples & talib kweli
1,dilema
1,dilescielo
1,dilf$
1,dilf$ & mikie mayo
1,diligent
1,diligent fingers
1,diligent fingers & m.a.b
1,dill
1,dilla&co.
2,dillan ponders
1,dillon
2,dillon & paten locke
1,dillon cooper
2,dillon francis
1,dilz
1,dim den
2,dim mak
1,dim mak cd sampler
2,dim4ou
1,dim4ou & maddog
1,dima
1,dimitri from paris & dj muro
1,dimitri vegas & like mike
1,dimitri vegas & like mike & moguai
1,dimitry killstorm & haphduzn
1,dimitry killstorm & sean anonymous
6,dimlite
1,dimond saints
3,dimples d
1,dimples tee
1,dinal
1,dinaz & djadja
1,dink
1,dink & tuamie
1,dinner at the thompson's
2,dinner thieves
1,dino
2,dinos punchlinovic
2,dinosaur burps
1,dinosauraus rex
3,dinosaurus rex
3,dio
1,dio drama & khef
3,diogenes
1,dion timmer
2,dion white
1,dionne warwick
1,dionysi
1,diop
2,dios ke te crew
1,diox hifi
23,diplo
1,diplo & dj shadow
1,diplo & eli escobar
1,diplo & gta
1,diplo & lil jon
1,diplo & m.i.a.
1,diplo & santigold
1,diplo & system d-128
1,diplo & usher
1,diplodocus
1,diploide
2,dipset
1,dipset & dj e.nyce
1,dire straits
2,dirk thornton
2,dirt
1,dirt disciples
1,dirt merchants
1,dirt monkey
5,dirt nasty
1,dirt nasty & dj stretch armstrong
1,dirt nasty & mickey avalon
1,dirt nasty & smoov-e
3,dirt platoon
1,dirt platoon & kyo itachi
1,dirtbag dan
1,dirtbag drrl
1,dirtcaps
7,dirty
3,dirty art club
1,dirty birdy
3,dirty cheng zi
1,dirty circus
1,dirty coke
2,dirty danger
1,dirty diggers
7,dirty dike
1,dirty district
2,dirty dockerz
1,dirty drummer
1,dirty elegance
2,dirty face angels
1,dirty fresh
1,dirty ghosts
1,dirty harry
7,dirty heads
1,dirty honkers
1,dirty hum (60 cycles)
1,dirty lo-kong
1,dirty louisa & le dissident
1,dirty milk productions
6,dirty money & sean combs
1,dirty oppland
1,dirty paraffin
1,dirty pharmaceuticals
2,dirty porcelain
2,dirty red & lil bay
1,dirty revival
1,dirty science crew
1,dirty south
1,dirty south rydaz
2,dirty taz
3,dirty wormz
1,dirty wormz & exceed
3,dirty zoo
1,dirtydiggs
1,dirtydiggs & planet asia
2,dirtymaulwurf
1,dirtyphonics
1,dirtyshrimp［蛯］
1,dir†y mary
1,dis bonjour á la dame
1,disarstar
1,disaster magic
1,dischord
3,disciples of christ
1,disciples of the sick
1,discipline99
1,discipline99 & stray|excel
4,disco d
1,disco d & paradime
1,disco don
1,disco rick
1,discordia
2,discourse
2,discreet
1,discreet da chosen 1
1,diset
1,disfigured robot child
3,disflex 6
1,disfunction-ill
1,dishonour
8,disiz
4,disiz la peste
1,disiz peter punk
2,disjointed
1,disko no. 1 & jan delay
1,disko-ions
1,diskord
1,dislocated styles
1,disney
2,disorda
1,dissziplin
2,distantstarr
1,distinguished gents
1,distorsione mikrofonika
1,distorted megabytes
1,distorted youth
1,district 78
1,disturbing tha peace & ludacris
1,distúrbio verbal & síntese
1,diveo
1,diversa & gravez
1,diversa & sam hagensen
6,diverse
2,diverse & holoking
1,diverse & mos def
1,diversion tactics
1,divinci
1,divine
1,divine & young blesson
1,divine beings
2,divine council
1,divine manifesto's
1,divine rhyme
1,divine sounds
6,divine styler
1,divino
1,divoli s'vere
1,divtech
1,diwon
1,diwon & smadar levi
1,dixxx
1,dizkret & praktik
1,dizma
3,dizraeli
1,dizraeli & downlow
2,dizraeli & the small gods
1,dizraeli & tom caruana
3,dizz1
1,dizze dahmer performed by various artists
24,dizzee rascal
1,dizzee rascal & dj mk
1,dizzee rascal & fekky
1,dizzee rascal & florence + the machine
1,dizzee rascal & slimzee
1,dizzi slick
1,dizzie the wizard
2,dizzy
1,dizzy d & supa sortahuman
1,dizzy d 45
7,dizzy wright
1,dizzy wright & mark battles
1,dizzyd256
1,"dj ""s"""
3,dj $hin & shing02
1,dj 'd
1,dj 'd & highlife movement
2,dj /rupture
2,dj /rupture & filastine
1,dj /rupture & matt shadetek
1,dj /rupture & mutamassik
1,dj 0.0000001 & mochipet
1,dj 3 stacks & dj don demarco
2,dj 31 degreez
1,dj 360°
5,dj 500benz
1,dj 5150
1,dj 5ter ton & dj rabauke
1,dj 600v
3,dj a-dog
1,dj a1
2,dj abdel
1,dj abdel & dj cut killer
1,dj abdel & dj kost
6,dj abilities
1,dj absurd
1,dj ace & trap-a-holics
1,dj adatrak & stinko
2,dj adlib
1,dj agent 86
2,dj agent m
1,dj ak
3,dj ake
2,dj akilles & professor p
1,dj akoza
1,dj alibi
1,dj alien
2,dj allstar
8,dj am
1,dj am & dj jazzy jeff
1,dj amen & dj carisma
1,dj ams & khiza
3,dj andy smith
1,dj andy smith & scott hendy
1,dj angola
1,dj argonaut & supa koopa
1,dj arok
17,dj assault
4,dj ayres
1,dj ayres & the rub
3,dj ayres & tittsworth
1,dj b-roc & dom
10,dj babu
1,dj babu & lmno
1,dj babu & peanut butter wolf
2,dj bacon
2,dj bahler
10,dj baku
1,dj baku & dj baku hybrid dharma band
1,dj baku & dälek
1,dj balance & surreal
1,dj basslocker
3,dj battle
1,dj bazooka joe
5,dj bc
1,dj bc & wu-tang clan
1,dj beat
1,dj belly
1,dj bitman
1,dj black belt greg & ten typ mes
1,dj blaiz'
1,dj blak
6,dj blaqstarr
1,dj blaqstarr & dj sega
1,dj blaqstarr & rye rye
1,dj blass
1,dj bless aka sutter kain
1,dj blurray & dj whut it dew
2,dj bob & fabobeatz
4,dj bobby b
3,dj bobby black
1,dj bones
1,dj bonez
1,dj boo
2,dj bootsie
3,dj brace
3,dj brandnew & dj noize
2,dj brans
1,dj brans & fel sweetenberg
1,dj brans & gueule dange
1,dj brazil & j.q.a.m.
4,dj break
1,dj breakem off & dj wally sparks
1,dj brett rock
2,dj brisk fingaz
2,dj brokenwindow
1,dj burn one
1,dj burn one & gucci mane
1,dj burn one & s.l. jones
1,dj burn one & starlito
1,dj butter
1,dj butter & dj dez
8,dj cabanon
1,dj cable
23,dj cam
1,dj cam quartet
1,dj camilo rocha
1,dj candlestick & og ron c
1,dj cappel & smitty
1,dj caraby
1,dj carbon fiber
1,dj carisma
1,dj carisma & yesi ortiz
1,dj cassidy
1,dj cave
1,dj center
1,dj centipede
1,dj chaney
1,dj cheapshot
1,dj cheb i sabbah
1,dj cheeba & dj moneyshot
1,dj chernobyl
1,dj chika & ryoko
1,dj chill & dj nasty
1,dj chong wizard
1,dj chop da butcha
1,dj chose
1,dj chuck chillout & kool chip
1,dj chuck t
1,dj cinema
1,dj cinema & dj mello
1,dj circa & grand vanacular
3,dj class
7,dj clay
1,dj clent
2,dj cleo
11,dj clue
1,dj clue & raekwon
1,dj clyde
1,dj colin francis
1,dj color & sandro su
1,dj concept
1,dj concept & peter leo
1,dj concept & planet asia
1,dj connect
1,dj connect & ide
1,dj coolbreeze
1,dj coolbreeze & nicki minaj
1,dj corndogg & vaughnilla
1,dj cosm
1,dj coutz & noah23
1,dj crates
8,dj craze
1,dj craze & dj klever
1,dj craze & klever
1,dj crazy chris
3,dj cream
1,dj crucial
1,dj crucial & hi-fidel
2,dj crystl
4,dj cut killer
1,dj cut killer & dj kheops
1,dj cutler
6,dj cutman
1,dj cutman & sammus
2,dj czarny & tas
1,dj d sharp
1,dj d-sharp
2,dj dahi
4,dj day
1,dj debonaire & maggotron
2,dj decks
7,dj deckstream
1,dj dee square
1,dj deekline & ed solo
2,dj deeon
1,dj def cut
1,dj def rok & dj sefu
1,dj defkline & red polo
3,dj design
1,dj desue
1,dj dez andres
1,dj diggz & dj rated r
1,dj dimos
9,dj dirty dane
1,dj dirty dane & frantik
1,dj dirty dane & satisfy
2,dj dister
1,dj dj tanner
1,dj dj tanner & memory leaks onto the rug
1,dj djel
1,dj dlux
2,dj dmd & the inner soul clique
7,dj doc (디제이 디오씨)
3,dj dog dick
1,dj doiré
2,dj doom
1,dj doom & nutso
1,dj double dose & oh no
1,dj doubledose & oh no
1,dj douggpound
1,dj dough and porge 1
1,dj doyou
25,dj drama
1,dj drama & dj green lantern
1,dj drama & dj ill will
1,dj drama & don cannon
1,dj drama & dorrough
2,dj drama & fabolous
1,dj drama & gucci mane
1,dj drama & kirko bangz
1,dj drama & l.e.p. bogus boys
5,dj drama & lil wayne
1,dj drama & ludacris
1,dj drama & oj da juiceman
1,dj drama & pharrell williams
1,dj drama & slaughterhouse
1,dj drama & t-pain
1,dj drama & t.i.
1,dj drama & yo gotti
1,dj drama & young buck
5,dj drama & young jeezy
1,dj drastic x & phish
1,dj dre sinatra
30,dj drez
1,dj drez & kirtaniyas
2,dj drez & marti nikko
2,dj drez & marty williams
1,dj drez & trae sevn
1,dj drez & zaire black
3,dj drobitussin
1,dj dubplates
1,dj duke & gangrene
1,dj durel
2,dj durshlag
1,dj dust
1,dj dust & listener
1,dj dust & sev statik
1,dj dvrqsyde
1,dj e-love
1,dj e-rock
1,dj e-v & chip tha ripper
1,dj earl
1,dj earth
10,dj earworm
1,dj eaze
3,dj eclipse
1,dj eclipse & statik selektah
1,dj eddie def
1,dj efn
1,dj einstein & ugly duckling
1,dj eko & dj troy t
2,dj el d
1,dj el g & mr.sisco
1,dj eleven
1,dj eli
1,dj eli & shan boogs
1,dj eliazar
1,dj elmi
1,dj emile & dj z-trip
3,dj enuff
2,dj envy
1,dj envy & red café
1,dj envy & tapemasters inc.
1,dj epik
1,dj era
1,dj errwerr
1,dj esco
1,dj esco & dj x-rated
2,dj esco & future
1,dj ese
1,dj evil dee
1,dj evil empire
1,dj evolution
1,dj exclusive
9,dj ezasscul
1,dj ezasscul & fat jon
1,dj fade
1,dj fat junt & punky jones
2,dj faust
5,dj felli fel
1,dj female convict scorpion
1,dj finesse
1,dj fingerfood
1,dj fingers
3,dj fire
1,dj fire & dougie f
1,dj flagrant
2,dj fletch
1,dj flip & skinnyman
5,dj food
2,dj food & dk
1,dj food & the herbaliser
5,dj food stamp
1,dj food stamp & el-p
1,dj food stamp & kev brown
16,dj format
1,dj format & mr thing
1,dj format & phill most chill
1,dj format & the soulsavers soundsystem
1,dj fost
1,dj found dead
1,dj foundation & murs
2,"dj four, one, one"
1,dj fourth drop
4,dj frane
1,dj freaky fred & mc nas-d
3,dj fresh
1,dj fresh & mistah f.a.b.
1,dj fresh & raekwon
1,dj fresh and the whole shabang
1,dj friction
1,dj fu & knowledge
1,dj functional quadriplegia
2,dj funeral
2,dj funk
1,dj funky
1,dj funnel
1,dj fury
1,dj g brown
1,dj gami.k
1,dj gayles
3,dj genius
1,dj geno & glc
1,dj george costanza
2,dj gilla
1,dj godfather
3,dj goldfingers
2,dj goldfingers & dj kost
1,dj goon & dj koyote
1,dj gordon
12,dj green lantern
1,dj green lantern & dj infamous
1,dj green lantern & jadakiss
1,dj green lantern & jay z
1,"dj green lantern & royce da 5'9"""
1,dj green lantern & styles p
1,dj greyboy
1,dj gruff
1,dj gundam
2,dj guybs
1,dj haem
1,dj haitian star
4,dj hamida
1,dj handjob
17,dj harrison
2,dj harvey
1,dj harvey d & h.a.w.k.
3,dj haul & mason
1,dj haze
2,dj hazu
1,dj hektik
5,dj hellblazer
1,dj hen boogie
1,dj hen boogie & himuki
1,dj heritage & wigz
1,dj hi$tory
1,dj hi-c & dj ragz
1,dj hi-eyeq
1,dj hide
2,dj hieu
1,dj hippo
1,dj hitman & dj scrill
1,dj hitz & lil wayne
5,dj holiday
1,dj holiday & dj scream
1,dj holiday & trap-a-holics
14,dj honda
1,dj honda & pmd
1,dj hoppa
1,dj hoppa & gavlyn
1,dj hoppa & mine+us
1,dj hoppa & self provoked
2,dj horg
1,dj hulo
1,dj hum & thaide
1,dj hum & thaíde
3,dj hurricane
1,dj hurricane & jinx
1,dj hype
1,dj hype & dj z-trip
1,dj ian head & gabriel teodros
1,dj ibusal & lobo
1,dj iceman q
1,dj icewater
1,dj icewater & johnny paycheck
4,dj icewater & shing02
2,dj ideal
4,dj igacorosas
1,dj ill will
1,dj ill will & dj mustard
1,dj ill will & dj rockstar
1,dj ill will & dj whoo kid
1,dj illogik
2,dj iq
1,dj iq & joker starr
1,dj iron & mindsone
1,dj iron sparks
1,dj irv & mc t. tucker
1,dj ishine
1,dj isso
1,dj isso & dj kenn
1,dj ivan
3,dj j-period
1,dj j-period & game rebellion
1,dj j-period & q-tip
1,dj jazz
1,dj jazz & pauly yams
10,dj jazzy jeff
1,dj jazzy jeff & michael jackson
3,dj jazzy jeff & mick boogie
1,dj jazzy jeff & peanut butter wolf
20,dj jazzy jeff & the fresh prince
2,dj jd sports
1,dj jealous j
1,dj jean maron
1,dj jebel
1,dj jedi
1,dj jester
1,dj jewboy
1,dj jim tonic & silla
1,dj jimi
1,dj jodeci & robb skee
2,dj joe bodega
1,dj johnny juice & illus
1,dj jon deck & ghettosocks
12,dj js-1
1,dj js-1 & dj skizz
1,dj js-1 & dub-l
4,dj jubilee
1,dj junkaz lou & kool keith
1,dj just makes beats
1,dj k-prince & dj muro
1,dj k-salaam
1,dj k-za
5,dj k.o.
1,dj kaori
10,dj kay slay
1,dj kay slay & dj smallz
1,dj kay slay & greg street
1,dj kayz
1,dj keef & snoop dogg
1,dj keltech
1,dj ken
2,dj ken watanabe
1,dj keno b
1,dj kensei
5,dj kentaro
1,dj keyns
1,dj keyz & kanye west
1,dj keyz & rick ross
1,dj khalab
1,"dj khalab, baba sissoko"
38,dj khaled
1,dj khaled & evil bastards
1,dj khalid & dj logilo
1,dj kid scratch & dj v-dub
1,dj kidsmeal
1,dj kilmore
12,dj kipraq
3,dj kipraq & dj theacid
1,dj kipraq & roland royce
1,dj kitsune & kool dj gq
1,dj kizzy rock
6,dj koco
2,dj koco a.k.a. shimokita
1,dj konflikt
1,dj koo
6,dj kool
1,dj kool kid
2,dj koze
2,dj kraft dinna
2,dj kridlokk
1,dj kridlokk & lommo
1,dj krime
1,dj kristöffer
33,dj krush
2,dj krush & dj shadow
1,dj krush & ronny jordan
1,dj krush & toshinori kondo (近藤等則)
1,dj krylon
1,dj kurupt
1,dj kutt throat
1,dj kwestion
1,dj lagger & voski
1,dj language
1,dj lantern
1,dj large
4,dj large & organismen
1,dj larry live
2,dj laz
1,dj lazer
1,dj lean rock
1,dj lefto
1,dj legacy
1,dj lengua
1,dj lil bee
1,dj lil sprite
1,dj limbs
1,dj lithium
2,dj live wire
1,dj livewire
3,dj logic
4,dj logilo
1,dj lord jazz
2,dj louis slipperz
2,dj love
8,dj low cut
2,dj lucas
2,dj luke nasty
1,dj maars & tom showtime
1,dj madcap
1,dj madhandz
1,dj maestro
7,dj magic mike
2,dj magic mike & mc madness
2,dj magic mike & the royal posse
1,dj mahf & steddy p.
2,dj maj
1,dj man & le juan love
1,dj manifest
1,dj marc
1,dj marz
1,dj maseo
1,dj maurice
1,dj maurice & dj noel
2,dj mayonnaise
1,dj mech
4,dj mehdi
1,dj mej
1,dj mekalek & sam the sleezbag
2,dj mellow j
1,dj membrain & sepalot
1,dj metropolis
1,dj mf shalem & grip grand
1,dj mickey knox
1,dj mighty mi
1,dj mike dred
1,dj mike nice
1,dj mike nice & dj showtime
2,dj mike smooth & lord finesse
1,dj milo
1,dj mingist & sergelaconic
1,dj mink
1,dj minoyama
1,dj misoshiru (djみそしる) & mc gohan (mcごはん)
2,dj mister cee
17,dj mitsu the beats
1,dj mitsu the beats & dj mu-r
2,dj mk
1,dj mk & ric branson
1,dj mo niklz & messiah musik
1,dj modesty
1,dj mondie
1,dj monkit
1,dj monoton k & mc digital f
2,dj moodie
1,dj moondance
2,dj moondawg
24,dj morgoth
1,dj morpheus
1,dj motiv8
1,dj motive
1,dj moves
1,dj mtn
1,dj muet
11,dj muggs
1,dj muggs & dj warrior
2,dj muggs & gza/genius
1,dj muggs & ill bill
1,dj muggs & planet asia
1,dj muggs & sick jacken
1,dj murge
38,dj muro
1,dj muro & dj ron g
1,dj muro & lord finesse
1,dj muro & paul nice
7,dj mustard
2,dj mvp
1,dj myke & rancore
1,dj myrikal
1,dj n-wee
1,dj n.d.
1,dj nate
1,dj nefarious
13,dj neil armstrong
1,dj netik
1,dj nex millen
1,dj nexus one & drake
1,dj nik-one
8,dj nino brown
1,dj nino brown & jae millz
1,dj nino brown & nick toth
2,dj nino brown & samrai
1,dj nio
1,dj noe dout & fam-lay
1,dj noha
1,dj noise
1,dj nominal & scholarman
1,dj norihito
1,dj nozawa
1,dj nphared & grynch
6,dj nu-mark
1,dj nu-mark & nickodemus
1,dj nu-mark & pomo
2,dj nu-mark & slimkid3
1,dj o-face
2,dj og-s
1,dj oil
1,dj oil & oil
5,dj okawari
4,dj olive oil
1,dj om & meaty ogre
1,dj optimus
1,dj organic & mega ran
1,dj orion
2,dj overdose
6,dj p
1,dj p & dj z-trip
1,dj pa.k & kprod
1,dj paco a.k.a dj jam
1,dj pain
5,dj pain 1 & sole
2,dj pandamonium
1,dj pata & mr pig
1,dj patife
9,dj paul
1,dj paul & drumma boy
2,dj paul & juicy j
2,dj paul & lord infamous
1,dj paul wall
1,dj paul wall & paul wall
1,dj peabird
1,dj peril
1,dj perro & michita
1,dj petey cologne
1,dj pforreal & prince paul
1,dj phantom
1,dj pharris
1,dj phat spice jinxer & the breakbeats
1,dj phixion
1,dj phonetic
2,dj pinto
11,dj pinto da wop
1,dj pizzo
1,dj plain view
3,dj platurn
1,dj platurn & dj zeph
1,dj plus one
3,dj polarsoul
1,dj polique
1,dj polo
1,dj pompey
2,dj pone
1,dj pooh
1,dj pound
1,dj prao-d & boogie b
51,dj premier
1,dj premier & jay-z
1,dj premier & krs-one
1,dj premier & l.a. leakers
1,dj premier & mr thing
1,dj premier & pete rock
1,dj premier & talib kweli
1,dj premier & ugk
1,dj presto one
1,dj primate
1,dj prime cuts
1,dj primetyme
1,dj priority & tone liv
1,dj priority & trazsh man
1,dj proficient
1,dj q-fingaz
19,dj qbert
1,dj qu & nor'easter
2,dj quickie mart & gotham green
1,dj quietstorm
21,dj quik
1,dj quik & dr. dre
1,dj quik & kurupt
1,dj quik & problem
1,dj r.e.d. lite
1,dj raafy
1,dj radar & dj z-trip
4,dj raff
11,dj rahdu
2,dj ransom
2,dj ravine
1,dj raw nasty
1,dj raze
1,dj reckless
33,dj rectangle
1,dj reddy rell
1,dj regal
1,dj rekha
1,dj relaxed insomniac
3,dj rell
1,dj rerok
8,dj revolution
2,dj rhettmatic
1,dj rhettmatic & free the robots
1,dj rhettmatic & trek life
1,dj rhum'1 & fubar
3,dj ride
1,dj risky bizness
1,dj ritchie ruftone
1,dj riz
1,dj rob boskamp
1,dj rob n
1,dj roborob
1,dj roc
1,dj roger mas
2,dj romes
1,dj romes & georgia anne muldrow
1,dj rootz
4,dj rozwell
1,dj rozwell & minkot regudar
1,dj rubbish
1,dj rudd
1,dj rukiz
2,dj ryow a.k.a. smooth current
1,dj ryow aka smooth current
1,dj s&s
1,dj s.k.t
1,dj s.r.
1,dj sacred
1,dj sah
1,dj saksofonisti & ghetto-juuhan
1,dj salem
3,dj sammy b-side
1,dj sandeman
1,dj sandman
1,dj sapien
1,dj sat-one
1,dj scene & four color zack
1,dj scientist
1,dj scientist & fulgeance
5,dj scream
1,dj scream & dj spinatik
1,dj scream & dj whoo kid
1,dj scream & j. kwik
1,dj scream & project pat
353,dj screw
1,dj screw & lil' flip
1,dj screw & point blank
2,dj screw & the screwed up click
1,dj sean mac
1,dj sean mac & twista
1,dj sefu & troy t
4,dj sega
1,dj sega & dj tameil
1,dj seiji
1,dj self
1,dj self & jae millz
2,dj semi
1,dj sept
1,dj serious
1,dj severe
1,dj severe & habitat
62,dj shadow
1,dj shadow & keane
1,dj shadow & lifers group
1,dj shadow & the groove robbers
1,dj shadow & unkle
2,dj shakey bonez
1,dj shame
1,dj sheep
2,dj shepdog
2,dj shige
1,dj shon
2,dj shortkut
1,dj shyboy & rupaul
5,dj signify
1,dj signify & grandmaster caz
1,dj signify & six vicious
1,dj sizzahandz
1,dj skandal & oldy clap
1,dj skarface
3,dj skee
1,dj skee & nj devil
2,dj skee & the game
1,dj sketch
1,dj skizo
4,dj skizz
1,dj skratchmo
4,dj skribble
1,dj skribble & mr. reds
1,dj skully
1,dj skully & klashnekoff
1,dj sky
1,dj slam & ultra magnus
1,dj sleepy
1,dj slink
1,dj slip & the unknown dj
1,dj slippery eeel
4,dj slow
2,dj sly
2,dj smallz
1,dj smallz & rich kidz
6,dj smash
4,dj smilez
4,dj smoke
1,dj smoke & french montana
11,dj smokey
1,dj smokey & kirblagoop
1,dj smurf & p.m.h.i.
6,dj snake
1,dj snake & lil jon
1,dj snake & yellow claw
2,dj sniff
2,dj soko
2,dj solo
2,dj song
1,dj sonjam
5,dj sonny
1,dj sonny the sungod
1,dj sorama
1,dj sotofett
1,dj souhil
1,dj soul and okayplayer presents common
1,dj soulclap & punchline
2,dj souljah
1,dj soulscape
2,dj soulscape (디제이 소울스케이프)
14,dj sound
1,dj spade 1
1,dj sparta
1,dj special-e
1,dj spider
1,dj spinatik
5,dj spinbad
2,dj spinking
1,dj spinn
11,dj spinna
1,dj spinna & j rоcc
1,dj spinna & mr thing
1,dj spinna & mr. scruff
2,dj spinz
11,dj spooky
1,dj spooky & kronos quartet
1,dj spooky & meredith monk
1,"dj spoony & steve ""smooth"" sutherland"
4,dj spot
1,dj squarewave & mr jaeger
8,dj squeeky
2,dj squeeky & the family
2,dj squirt & rc da colaman
1,dj stank daddy
1,dj static
1,dj steady
1,dj step-one
1,dj stevie j
1,dj stig & j.keuz
1,dj stitches & litta buggz
1,dj stitches & rhyme valore
1,dj stix
1,dj stress & rockoleone
1,dj stretch armstrong
1,dj strong & dj warrior
1,dj sub zero & wems
1,dj sun
1,dj superix
2,dj supreme
1,dj supreme & shaheed
1,dj sushi
1,dj swamp
1,dj swet
1,dj swindle
1,dj t-rock
2,dj t-rock & squashy nice
2,dj tab
1,dj take5 & esco
1,dj tama
5,dj tameil
1,dj tameil & dj tim dolla
1,dj target & lumidee
1,dj tasteman & miuosh
1,dj tatc & mac bueno
2,dj tay noel
1,dj taylor minaj
4,dj technics
1,dj technics & dukeyman
1,dj tek wun
1,dj teknikz & nic paper
2,dj tekwun
1,dj tgk
1,dj theacid
1,dj thomilla
1,dj three
1,dj tim dolla
1,dj timop
7,dj tomekk
1,dj tomekk & grandmaster flash
1,dj tone
1,dj tonik
2,dj tonk
1,dj tor-1
1,dj touré
11,dj trademark
1,dj tray
2,dj trendsetter
1,dj triple exe
1,dj troubl'
1,dj troubleman & l*roneous
1,dj troy$e
1,dj tuniziano
1,dj twelvz
1,dj twin
1,dj twister
1,dj twister & noon
2,dj u-neek
1,dj u-turn & elmi
1,dj ubiquity & mc hepher
2,dj uncle al
3,dj unk
24,dj vadim
1,dj vadim & sena
2,dj vadim & the electric
1,dj vadim & yarah bravo
1,dj vajra & othello
1,dj vame & hunter
1,dj vas
1,dj vekked
1,dj vincz lee
1,dj vital force
1,dj vito
1,dj vlad
1,dj vlad & roc raida
1,dj votive & dour tonic input
1,dj warrior
1,dj wattz
1,dj weedim
1,dj wen
1,dj white lightning
1,dj whiteowl
4,dj whitesmith
10,dj whoo kid
1,dj whoo kid & 50 cent
1,dj whoo kid & 50 cent & snoop dogg
1,dj whoo kid & lloyd banks
1,dj whoo kid & red café
1,dj whut it dew & slim k
2,dj wich
1,dj wich & ektor
1,dj wich & rasco
1,dj wire & example
1,dj wisdom & l*roneous
1,dj witnes & squincy jones
1,dj wood
1,dj woody
1,dj woody & sean vinylment
1,dj woogie
1,dj woool
1,dj wordy
1,dj wrek
1,dj xavination
1,dj xela
1,dj yatsui ichiro
1,dj yella boy
3,dj yo-yo dieting
20,dj yoda
1,dj yoda & heritage orchestra
1,dj yoda & people under the stairs
1,dj yogurt
1,dj yolo bear
1,dj young cee & lloyd banks
1,dj young pitt$burgh
1,dj yulian
11,dj z-trip
1,dj z-trip & lateef the truthspeaker
2,dj zap
3,dj zeph
3,dj zirk
2,dj zo
1,dj zo & dumbfoundead
1,dj-b & szczur
1,dj-rrec
1,dj/purple/image
1,dj4am
2,dj4kat
1,dj_cinema
1,djablo
1,django
1,djao
1,djarmbi supreme
1,djb & louilou
1,djduece(2) & honey suckle vine
1,djedjotronic
1,djemba djemba
1,djemba djemba & mr. carmack
1,djemynai
3,dječaci
1,djin
3,djisar
2,djpp
1,djpp & edu kehäkettunen
1,djpp & vakiosäätäjä
1,djv
1,dk
1,dk the punisher
1,dkdb productions
5,dl incognito
1,dlc & rob'n'raz
1,dlrn
2,dlux
1,dlx
1,dm
1,dmac
1,dmbd dwn
1,dmc generation kill
4,dmcc
2,dmg
2,dmg$ & xrabit
1,dml
1,dms
1,dmtn (디엠티엔)
1,dmvu & ill chill
39,dmx
1,dmx & rakim
3,dmx krew
2,dna
1,dna & suzanne vega
1,dnaebeats
1,dng & rad
3,dngr
1,dnoe
1,dnp
1,dns
1,dnt rsh th styg
1,do doperhythm
11,do or die
1,do or die & twista
7,do$age
2,do$age & rellim
3,do$e money
1,do'blaze
3,doap nixon
2,doap on arrival
1,doberman [crew]
1,doberman infinity
1,dobermann
2,dobie
1,doble v
1,dobleache
1,doc
1,doc & motzu
1,doc b. wildman
1,doc battle
4,doc brown
1,doc brown & verb t
1,doc felix
16,doc gynéco
1,doc heller
1,doc holiday
1,doc hollywood
3,doc hollywood & ras kass
1,doc ish
1,doc marzy
1,doc marzy & freaky frankenstein
4,doc mastermind
1,doc mastermind & pi. iѕα∆c
1,doc sav
1,doc si motzu
1,doc singe
1,doc spock
1,doc verbz
2,doc waffles
1,doc. gold grill
1,doc. gold grill & o k h o
1,docc n locc
1,dockside green
1,dockta valkus
1,doco
1,doctor
1,doctor apocalypse
2,doctor becket
1,doctor delite
1,doctor destroyer
1,doctor dré & ed lover
2,doctor evazan
7,doctor flake
2,doctor ice
1,doctor j
2,doctor l
1,doctor magnum
2,doctor p
1,doctor popular
1,document one
5,doe b
1,doe boi
1,doe boi dillinger
1,doe doe & gigio
1,doe maar
1,does bros
1,doesia click
5,doetheghost
3,dog eat dog
1,dog g (大支)
1,dog house posse
1,dog leather
1,dog traders
1,dogbee offla
1,dogdaze
5,dogg master
1,dogg master & mr ponx
1,dogg soso
1,doggy style
1,doggy's angels
3,dogma crew
1,doitch & tonk
2,doja cat
1,dok2
7,dok2 (도끼)
1,dok2 (도끼) & double k (더블 케이)
1,dokkebi q
3,dokter whu of the sol precision crew
1,doktor död
1,doktordoktor
1,dokue
1,dol-lop
1,dolamite
1,doley bernays
1,dolla sign scoob
1,dollabillgates
1,dollabillgates & riff raff
1,dollar bin quintet
2,dolli
1,dolo moretti
2,dolor
7,dolphin
2,dom
1,dom hz
1,dom hz & helen k
11,dom kennedy
1,dom kennedy & shawn chrystopher
1,dom o briggs
3,dom pachino
3,dom viktiga skorna
1,dom$olo
1,domba
1,domdi
1,dominant 1
1,dominant species
2,domingo
1,dominic lord
2,dominik omega
1,dominique larue & j. rawls
6,dominique young unique
4,domino
10,domo genesis
1,domo genesis & hodgy beats
1,domo genesis & the alchemist
1,doms
1,domu
1,don baron
1,don blackman
3,don cannon
1,don cannon & oj da juiceman
4,don choa
1,don d
1,don diablo & example
1,don horses
1,don jagwarr
6,don johnson big band
1,don julio
2,don l
1,don letts
9,don martin
1,don miguel
1,don morgan
1,don nitti
8,don omar
1,don papa
1,don piff
1,don rasputin
1,don rimini
6,don trip
2,don trip & starlito
1,don't sleep
3,don't talk to the cops!
1,donald byrd & guru
1,donald byrd performed by various artists
1,donald evans iii & pre
1,donatan
2,donato
2,donchristian
1,donel smokes & wordsworth
3,donell jones
4,donguralesko
1,donk lab 1
1,donnie
4,donnie darko
1,donnie darksome
1,donnie daydream
1,donnie faubes
1,donnie menace
1,donnie propa
1,donnie propa & j dilla
1,donnie propa & masta ace
1,donnie trumpet & the social experiment
1,donnie waters
7,donnis
1,donny hoffa
1,donny knox
1,donny oh
1,donormaal
1,dontcha
1,donte´
1,donuts with dad
3,donvldkrunk
2,donwill
1,donwill & kay
1,donwill & von pea
1,dony beats
1,donya
1,donzelle
1,doo dirty
1,doo wop
1,doobie powell & robert glasper
1,dood
1,doods
1,dookoom
3,dooley-o
1,doom providers
1,doom sayer 47
21,doomkaboom
1,doomknobs
2,doomsday productions
2,doomshoe
2,doomstarks
14,doomtree
2,doooo
1,doop & subp yao
1,dooqu
4,dooz kawa
1,dop
1,dopamine rush
1,dope 'n sangre
1,dope antelope
1,dope biscuits
11,dope d.o.d.
1,dope d.o.d. & virus syndicate
1,dope fiction & input
1,dope mec
1,dope-e & k-rino
1,dope90
1,dopedemand
1,dopehead
1,dopestyle 1231
1,dopestyle 1231 & kutmasta kurt
2,doppel d
4,doppelkopf
1,dorasel
6,dorian concept
1,dorian concept & ginga
2,dormtainment
7,dorrough
1,dorss sick joker
1,dos4gw
1,dosage
12,doseone
2,dosh
3,doshy
1,dosmoccos
3,dosseh
1,dostrescinco
2,dot
4,dot dot curve :)
1,dot dot curve :) & spanky
3,dot rotten
1,dotard
1,dotexe
1,dotgatsby
1,dotkom
8,dotsfam (многоточие)
1,dotta
1,dotz
1,double ab
1,double ace
1,double agent media
3,double b
1,double chilled
1,double d & osti one
2,double dee & steinski
1,double duchess
1,double h dj crew
1,double helix
1,double k (더블 케이)
1,double negative
4,double pact
2,double trouble & rebel mc
1,double vision
2,double x posse
1,doublespeek
1,doubleswee
1,doudou masta
1,doug carn
2,doug e. fresh
3,doug e. fresh & the get fresh crew
2,doug lazy
1,dough b
1,doughbeezy
5,doughboyz cashout
1,dougie d
1,douglas adams & whale
4,doujah raze
1,douster & zonora point
1,douzi
1,douzirec
1,dov
1,dove
1,dowdy
2,down & dirty tribe
3,down a.k.a. kilo
5,down low
1,down radio
1,down south
2,down to erf
4,down with webster
2,downset
1,downstate
5,downsyde
1,downtown & santigold
1,downtown science
2,dowrong
1,dowrong & eric dingus
1,doxside musical group
1,doxx
2,doz funky baztardz
1,doz9 & torky tork
3,doze
1,do£ boy & shepherd
1,doša
1,dpat
1,dpee
2,dpek
1,dpf
1,dr b & mister
1,dr blaster
1,dr flea
1,dr macoffee
1,dr period
3,dr. alban
1,dr. ama
1,dr. apple
3,dr. awkward
1,dr. becket
1,dr. bootox
6,dr. creep
2,dr. delay
1,dr. delay & godforbid
4,dr. dooom
58,dr. dre
2,dr. dre & eminem
1,dr. dre & jay z
1,dr. dre & ll cool j
1,dr. dre & mack 10
1,dr. dre & snoop dogg
1,dr. dre & wick-it the instigator
1,dr. dre & world class wreckin' cru
3,dr. drumah
1,dr. dundiff
1,dr. dundiff & touch a.c.
1,dr. freshh
1,dr. holmes & xunfusion
1,dr. johnson
1,dr. jones
1,dr. kananga
1,dr. khil
1,dr. kokastien
1,dr. laflow
4,dr. mad
1,dr. moon & sticks
10,dr. octagon
1,dr. octotron
2,dr. oop
1,dr. oop & ear dr.umz the metrognome
7,dr. quandary
1,dr. quandary & louis mackey
1,dr. steel
1,dr. strangeloop
3,dr. syntax
1,dr. syntax & tom caruana
1,dr. tongue
1,dr. vince
2,dr. who dat?
1,dr. who dat? & jneiro jarel
1,dr. wylie & toussaint morrison
1,dr. yelik
1,dr. yen lo
1,dr.core 911 (닥터코어 911)
2,dr.voodoo
1,dr.voodoo & kryptic
1,dr00p
1,dr3 dustan
1,dr3ib3in3r
1,dr3w
1,draama-helmi
1,drae da skimask
1,draft pick
3,drag-on
19,dragon ash
4,dragon boy suede
5,dragon fli empire
1,dragon rojo
1,dragonette & martin solveig
1,dragonfly
1,drainpuppet
108,drake
1,drake & future
1,drake & james blake
1,drake & jay z
2,drake & lil wayne
2,drake & nicki minaj
1,drake & rick ross
1,drake & sevnthwonder
1,drake & the game
1,drake & trey songz
1,drake & young jeezy
2,drake mc
1,drake scott & shash'u
1,drakeo the ruler
1,drakuling ko-karim
1,drama
2,dramadigs
1,dramadigs & eloquent
2,dramangar
2,dramatik
1,drapes
6,drapht
1,drarig & ettocrut
3,drasar monumental & mf grimm
1,dray brown and webbsta beatz
2,dre
2,dre dog
1,dre kroon & redfoo
2,dre skull & juiceboxxx
1,dre spliffman
1,dre-mo
2,dread jensen
4,dreadnots
1,dreadsquad
1,dream
1,dream entact
1,dream ghost
2,dream jefferson
1,dream junkies
4,dream mclean
1,dream shake
8,dream warriors
1,dream/clone
1,dreambeat
1,dreamclub
1,dreammakers
1,dreamon
1,dreams
1,dreamspeed
1,dreamtek & epidemic
3,dreas
2,dreas & meaty ogre
1,dred collective & italdred
1,dred scott
1,dreda dre
1,dredi
8,dreezy
4,dregs one
1,dregs one & ill.sugi
1,drehmoment
2,drekt
1,dremen
1,dres
1,dressin red
2,dressman
1,dret & krulle
1,drew brasher
1,drew dave
2,drew imagination
1,drew kid performed by oooh child ensemble
1,drew long & gukie
1,drew mantia
1,drew mcconnell & sebastian rochford
1,drew parks
5,drew the architect
1,drew the architect & vegard veslelia
1,drewdahead
1,driicky graham
1,drill
1,drinking from the firehose
10,drip-133
1,drive
1,drive me home
1,drive slow
1,drive thru deli
3,drive-by
4,driver
2,drizzle617
1,drizzy wap
1,drlcts
1,drm klikk
1,dro brown
3,dro carey
1,drone
1,drone phonetik & swollen tung
1,droogz brigade
1,droop-e
1,droop-e & e-40
1,droope
2,droopy eye crew
2,drop city yacht club
1,drop jules
1,drop steady freddy
1,drop switch
1,drop the lime & syrup girls
4,dropa
1,dropcast
1,dropout
1,dropout marsh
1,droptek
6,dropxlife
1,drowning dog & malatesta
1,drs
1,drstrngluv
7,drtydrdz
5,dru down
6,dru hill
3,dru kid
1,dru smith
1,drug money
1,druga strefa
3,druhá strana
2,druid cloak
1,drumaddikt
1,drumatic
1,drumloop
1,drumma boy & young buck
1,drums & ammo
1,drumtomski & joe space
1,drunken arseholes
1,drunken dōjō
1,drunken elves (μεθυσμένα ξωτικά)
2,drunken immortals
2,drunken masters
8,drunken tiger (드렁큰 타이거)
1,druture
4,drwn.
1,drwn. & henneysee
1,drwn. & kid yumi
1,drwn. & o̶xela.
1,drwn. & weanin
1,drxlight & mello marc
1,dry
1,dry run
2,drömnu
1,ds13
3,ds455
2,dsavagebeats
1,dsavagebeats & horus
1,dsgrace
2,dsk
4,dsl
1,dsotm
2,dsp
1,dtach - vs one
5,dtmd
1,dtrmnsm
1,dual control
5,dual core
1,dual output
1,duane flames
2,duane jackson
1,dub asylum
2,dub diablo
17,dub fx
1,dub fx & illskillz
1,dub fx & sirius
1,dub kartel
1,dub mafia
1,dub md & nametag
1,dub phizix
1,dub phizix performed by broke'n'£nglish & chimpo
6,dub pistols
1,dub pistols & the crystal method
1,dub sonata
2,dub terminator
1,dub terminator & high frequency
1,dub-o
1,duba
1,dubadelic
1,dubamix
1,dubb 20
1,dubb union
1,dubba jonny
2,dubbel dutch
1,dubbel trubbel
1,dubble d
1,dubbledge
1,dubbul o
1,dubbul o & pro p
7,dubee
1,dubie
6,dubioza kolektiv
1,dubj
1,dublin
3,dubmatique
2,dubstepx
1,dubz
1,dubzy & twilight cist
1,duce duce
1,duces-r-wild
1,duck 13 & stess the emcee
1,duck duck goose
2,dude & phaeb
1,dude 'n nem
2,dude26
14,dudley perkins
1,dudley perkins & flying lotus
4,dudley perkins & georgia anne muldrow
1,dudley slang
1,duece eclipse & white mic
1,duece flame
1,duende
1,duermeduerme
1,duff ill
1,duggi
2,duice
3,dujeous
2,duke
1,duke & go-ray
1,duke bootee & grandmaster & melle mel
2,duke da beast
2,duke da god
1,duke da god & j.r. writer
2,duke hugh
2,duke westlake
1,duke westlake & spliff hemingway
1,dullah beatz
1,dullfenita
9,dumbfoundead
1,dumbfoundead & wax
2,dumhi
1,dumi right
2,duna
1,dunbar x. santiago
1,dunc
1,dunc & sean born
1,dungeon family
1,dungeon lordz
1,dunian
1,dunk ryders
1,dunkey
1,duo d'en bas
7,duo kie
1,duop
1,duppy gun productions
2,duque nuquem
1,durag dynasty
1,duran baba & shievo bugatti
1,duran duran
1,durazzo
1,dureagon
1,durkin
1,durlin lurt
1,durr
6,durrty goodz
1,duru tha king
1,duruthaking
2,dush tray
1,dusk one
3,dusk raps
1,dusky diana
2,dust junkys
1,dust 主
1,dusted dons
1,dustin cavazos
7,dustin thomas
1,dusty
2,dusty crates
1,dusty fox & gaspar
1,dusty philharmonics
2,dusty tonez
1,dusty ▼▲
2,dustycrates
3,dutch
1,dutch montana
2,dutch young
1,dutchmassive
1,dutchmin
1,dutchy
2,duval mc
1,duvel & nikes
10,duvelduvel
1,duwende
1,duwop & grimm doza
1,dux content
1,duzoe & zwiebel
1,dvas
1,dversusj
1,dviousmindz
1,dvnglez
1,dvnny seth
2,dvph
1,dvre
2,dvs
1,dvsr
4,dwa sławy
1,dwarves
3,dweeb
1,dwie twarze
2,dwig
3,dwizofoz
3,dwizz
1,dwyane swayde
1,dwymom
1,dwynell roland
1,dxa
2,dxct
1,dxts
2,dxxxa d & hzzzt
1,dxxxa d & nukkehallitus
1,dxxxa d & the boys
1,dxxzilla
1,dye
1,dye khan
1,dylan brady & lil bando
1,dylan cozart
2,dylan joel
3,dylan owen
8,dylan ross
1,dylan ross & purpdogg
1,dylarama
1,dyllyn greenwood
3,dyln
1,dylonious
5,dyme def
1,dyme-a-duzin
1,dyna edyne
1,dynametrix
1,dynamic breakers
10,dynamic duo (다이나믹 듀오)
1,dynamic duo (다이나믹 듀오) & lena park (박정현)
1,dynamic projections
4,dynamic syncopation
1,dynamike
1,dynamite & the ghost busters
1,dynamite bruhz & sha stimuli
5,dynamite deluxe
2,dynamite mc
3,dynamix ii
2,dynamo productions
2,dynas
1,dynasty
1,dyno jamz
1,dynohunter
1,dynooo
1,dyolf nivek
1,dysflow
1,dyslexic
1,dyslexic speedreaders
1,dyversastyle
1,dyzberg
2,dz
4,dza
1,dzhem
1,dzk
1,dzxv
1,dzz
11,dälek
2,dälek & faust
1,dälek & ifwhen
1,dälek & kid606
1,dälek & techno animal
1,dälek & the young gods
1,dälek & velma
1,dälek & zu
7,débruit
1,démocrates d
1,désolé pour le bruit
1,döll
1,døves & wicca phase springs eternal
1,dú maroc & sadiq
4,dām-funk
1,dām-funk & galactic fun
5,e e v e e
1,e from the lost
1,e joox
2,e major
1,e major & sean armstrong
1,e moneybags
2,e mozzy
1,e reece
1,e&daniels
1,e'clat
34,e-40
3,e-40 & too $hort
1,e-603
4,e-a-ski
1,e-bang
10,e-dubble
1,e-few
2,e-fluent
3,e-life
1,e-mail
1,e-nut
2,e-prosounds
1,e-sens (이센스)
1,e. grady
1,e. reyes
1,e. snaps
1,e. town concrete
1,e.a.r.t.h
1,e.alvarez
1,e.b.n
1,e.b.w.d.
3,e.c. illa
1,e.c.h.o.
1,e.d.g.e & ron contour
3,e.d.g.e.
1,e.i.g.
1,e.l.p.j.
1,e.lemental
2,e.n.e.m.y mindz
1,e.n.o.n. (either now or never)
1,e.o beats
1,e.o.c.
1,e.p.g.
10,e.s.g.
1,e.s.g. & slim thug
1,e.t.w.
1,e.u.
5,e.via (이비아)
2,e.y.c.
1,e.z.o.
1,e.z.s.d.
1,e2l & oldy clap recordz
1,e3thology
1,ea sports & just blaze
1,ea$y money
1,eaggerstunn
1,eagle chalice
3,eagle eyed tiger
1,eagle nebula
1,ealing.
1,ealzee
2,eamon
1,ean
1,ear dr. umz the metrognome
11,ear dr.umz the metrognome
1,ear dr.umz the metrognome & t-bone steak
1,earatik statik
1,earfear
1,earl blaize & hanifah walidah
1,earl grey
12,earl sweatshirt
1,earl sweatshirt & g herbo
1,earl zinger
1,earlly mac
7,early adopted
1,early d
1,early00
1,earmint & elfamail
2,earnest blount
1,earoh
1,earth amplified
1,earthfish
3,earthgang
5,earthling
1,earthly mixes
2,earthquake
1,earthsucks
1,earthsuit
1,earversible
1,earvin
2,east
4,east 17
2,east coast avengers
4,east flatbush project
1,east of the rock
2,east side hoods
1,eastcide
5,easter egg
1,eastern parallel
1,eastern philosophy
3,eastern sunz
4,eastghost
1,eastkoast & lewis parker
1,eastkoast & phalo pantoja
1,eastside poetics
1,eastwood
1,easy b
1,easy buffalo & gorillaz
1,easy business
1,easy markie tee
1,easy mo bee
1,easymac
1,easystar
1,eat this with your ears
1,eaten by nostalgia
1,eaters
1,eats beats
1,eaze
1,eazy money
19,eazy-e
1,eben eldridge
1,ebgb
3,ebi ابی
3,ebola ape
1,ebola ape & moth
2,eboman
1,ebony
1,ebony broadcast system
2,ecca vandal
1,eccentric & phonte
1,ecco2k
4,eccy
2,eccy & shing02
1,eccy & tamaki roy (環roy)
1,ecd
1,echo depth finders
1,echo park
1,echo strobes
1,echographie
9,ecid
1,ecire
1,eclair fifi
1,eclectic
1,eclectic counterparts
1,eclipse 427
1,eclypse
1,eclyse (hypogeal sounds)
7,ecomog
1,ectoplasm & jaqkquil
1,ectoplasme
1,ed
2,ed balloon
2,ed bazz
1,ed ethics
9,ed o.g
5,ed o.g & da bulldogs
2,ed o.g & masta ace
1,ed o.g & pete rock
1,ed o.g & shabaam sahdeeq
15,ed reyes
2,ed reyes & eefsbeatz
1,ed scissor
2,ed scissor & lamplighter
4,ed sheeran
1,ed sheeran & yelawolf
1,ed xl the xaminah
1,ed-two
6,edai
2,edamame
12,edan
1,eddi projex
1,eddie
1,"eddie ""d"""
1,eddie allamand
3,eddie b
1,eddie b & harry fraud
1,eddie brooklyn
1,eddie cheba
1,eddie dean
2,eddie def the last kreep
1,eddie f & the untouchables
1,eddie hk
1,eddie logix
1,eddie machete
2,eddie murphy
1,eddie numbers
1,eddie rap life
1,eddie rath
1,eddy baker & smug mang
2,eddy j. free
1,eddy rebel
1,eddy woogie
1,edel hardiess
1,eden beatz (이든비츠)
1,edgar
4,edgar allen floe
1,edgar allen floe & j wheels
1,edgar cards
1,edgar sabali
3,edgar wasser
1,edgar wasser & fatoni
1,edgar wasser & mine
1,edgewoode
1,edi
1,edi rock
4,edison
1,edison & lazerbeak
2,edison chen (陳冠希)
4,edit
1,edk & thegreendutch
2,edo lee
1,edo lee & iota
1,edo lee & matas
6,edo maajka
1,edorf
1,edu k
1,edu kehäkettunen
1,edu kehäkettunen & prao-d
4,edu leedz
6,educated consumers
1,edvin medvind
1,edward frost
2,edward scissortongue
1,edward scissortongue & lamplighter
1,edward washington ii
1,edwin starr
1,edūgen
2,eearz
6,eedee
1,eedee & eric james
3,eedee & mr. dgaf
1,eelfish
2,eemu
1,eeph
1,eero johannes
2,eets
4,eevil stöö
1,eevil stöö & koksukoo
3,efeizee
1,eff gee
2,eff yoo
1,effect
1,effective
1,effswell
1,efilziyhcrana
1,eg111111
11,egadz
1,egadz & john pain
1,egbo
3,ege çubukçu
1,eggglub
2,eggs.jumbo
2,ego
1,egoland
1,egon
1,egotronic
1,egward
1,ehbert talice
1,ehh hahah
1,ehiorobo
1,eibol
2,eifie
1,eight ball & mjg & rza
2,eightword
1,eighty4 fly
1,eikrem & fredfades
1,einar örn
2,eino antiwäkki
3,eino antiwäkki & keemoh
6,eins zwo
1,einstein
3,eivex
1,ej
3,ekaná
1,ekayim
1,ekiti son
1,eklips
1,eko
1,eko [beatmaker]
15,eko fresh
1,eko fresh & julian williams
1,eko121
1,ekoué
1,ekoué & le bavar
2,ekp
1,ekundayo
2,el bahattee
1,el capitán
1,el chavo
1,el chavo / choppin' mastah
12,el chojin
8,el club de los poetas violentos
4,el da sensei
1,el da sensei & k-def
1,el da sensei & koss
1,el da sensei & the immortals project
3,el da sensei & the returners
1,el dusty
1,el fudge
5,el gallo de oro
1,el gant
1,el gran silencio
1,el huervo
1,el imperio
1,el ka bong
1,el maese kds
2,el matador
8,el meswy
2,el michels affair
1,el michels affair & raekwon
2,el montana negra
1,el niño snake
1,el pelón & tino fiumara
1,el peyote asesino
1,el puto coke
1,el rafa
2,el rass & munma
1,el raton
1,el redd
1,el sicario
2,el sr. rojo
4,el stew
1,el tralla
1,el zombi flash
1,el zombie flash
1,el-b
1,el-b & rossi b & luca
18,el-p
1,el-p & matthew shipp
1,el.
2,el. train
2,elamp
1,elan
13,elaquent
1,elaquent & mr. brady
3,elastinen
1,elate
1,elbeejay
1,elchele
1,elder orange & louis mackey
4,eldo
1,electric
1,electric band marzipan
1,electric band marzipan & island roster
1,electric city
2,electric egypt
1,electric mantis
4,electric sea spider
3,electric wire hustle
1,electrik red
1,electro morocco
1,electro-acoustic beat sessions
1,electrocult circus
1,"eleftherios, the delivery boy"
1,eleggua all stars
1,elekseveneks
1,elekter
1,elektro eko
1,elektro4
1,elekwent folk
1,elemen.o.p
1,elemenno palmetto
1,element & eric broadbent
7,elemental
2,elemental zazen
2,elements
1,elemer
1,elemint
1,eleperez
1,elephant & castle
1,elephant beach
10,elephant eats the profits
1,elephant man
1,elestial sound
1,elevated elements
1,elevated masses
1,elevated ruffians
1,elevator music
1,elfkowitz
10,elhae
2,elhixir
1,eli almic & dj rc
1,eli black
1,eli porter
1,eli.p
11,eligh
1,eligh & jo wilkinson
1,eligh & magi
4,eligh & the grouch
1,elijaah
1,elijah blake
1,elijah divine
1,elimence
1,elio toffana
12,eliot lipp
1,eliot lipp & jasia 10
1,eliot lipp & vyle.
4,eliot wilder
1,eliphino
1,elissa
2,elite
7,elite kennedy
1,eljot sounds & planet anm
1,ella mai
5,ellay khule
1,elle varner
1,ellen degeneres
3,ellesquire
1,elli ingram
1,elliot b.
2,elliot fresh
1,elliot fresh & reeplay
1,elliot fresh & sam zircon
4,elliphant
1,ellis meade
1,ello c
1,ello c & lee monro
1,elm st productions
1,elm street kidz
2,elmore judd
1,elmōh nesmith & the clouds fahrenheit
3,elo (엘로)
2,elohim marino
1,eloji
2,elokuu
1,elon & z-man
3,eloq
1,eloquent
1,eloquent & hulk hodn
1,eloquent & lidly
1,eloquent & loki
1,eloquent & superhirn
1,eloquent & tufu
1,eloquent & warpath
1,eloquent & wun two
1,eloquent und hulk hodn
2,eloquor
4,elos
1,elos beats
6,elphomega
1,elroy 4.0
1,elsiane & the abominable twitch
3,elstein
4,elucid
3,eludem
11,elusive
1,elusive & josh koslow
1,elusive & l*roneous
1,elusive & st/mic
1,elvis costello & the roots
5,elwd
2,elwood
3,elyon
1,elyon & seion
2,elyon beats
12,elyonbeats
1,elyonbeats & kharisma
1,elyonbeats & numatik
1,elyonbeats & sir veillance
1,elza soares
6,elzhi
1,elzhi & will sessions
1,ema-the-kid & origimoz
1,emac
1,emackillent
1,emade
1,emakulate
1,eman & vlooper
5,emancipator
1,emani
1,emani & nabeyin
1,emanny
5,emanon
4,emanuel vinson
1,emapea
3,emay
1,emayus
1,embassy music board
1,embed
2,embee
1,embee & josé gonzález
3,emc
1,emcee anime & kevin lawrence
2,emcee killa
1,emcee killa & grim reaperz
1,emerald ruin$
1,emerald ruins
2,emergency pizza party
1,emesis
1,emf
7,emicida
1,emicida & féfé
4,emilio rojas
1,emiljo a.c.
5,emily wells
132,eminem
1,eminem & guns n' roses
2,eminem & jay z
1,eminem & lil wayne
1,eminem & martin l. gore
1,eminem & nirvana
1,eminem & old world disorder
1,eminem & rihanna
1,eminem & the beatles
1,emis killa
1,emjay
2,emkej
1,emmanuel & phillip hudson
3,emmanuel jal
5,emmanuel moise
2,emmanuel moise & king
1,emmett lehman
1,emmigrands
3,emotionz
1,emp dasme
1,emperor nero
2,emphacized prophecy
14,empire cast
1,empire isis
1,empiria
2,empress stahhr tha femcee
1,empt
1,empty pockets
1,empty_
1,empxthic
3,emskee
3,emufucka
5,emune.
1,emune. & heir raid
1,emus primus
2,emynd
1,emynd & reef the lost cauze
3,en vogue
1,en vogue & f - mob
4,en2ak
1,ena
3,encore
2,end time warriors
3,endangered elements
1,endangered species
3,endemic
1,endo
1,endor
1,endr won
6,endyends
1,endz
1,enemy earth
1,ener
1,enfants 2la basse
2,enfermo
3,engel
1,engelwood & jeff kaale
1,engineers in your ear
1,english frank
3,enhancer
1,enigma dubz
1,enigmatic
1,enkephalin
2,enlightenmentl
1,enlish
1,ennio
1,enoq
1,ensi
1,ensilence
1,entendre entendre
1,enternal
1,enterré sous x
1,entity
1,entourage
1,entreloupe
1,entro //
1,entropy
1,enur & rune rk
2,envision
3,envlps
4,envy
1,envy-us (intellect & izzy)
1,enxo
1,enxve nameless vagrant
1,enz
1,enza
1,enza & killarmy
1,enzo
1,eoe
5,eom
2,eom & wax
1,ep
2,epcot
5,epic
1,epic and nomad
1,epic mendosa
3,epic rain
1,epiclloyd
1,epiclloyd & jenna marbles
1,epiclloyd & mike diva
18,epiclloyd & nice peter
2,epicure
6,epidemic
1,epidemic & tantu
1,epidimic
2,epigon a.d:m
13,epik high (에픽 하이)
1,epik high (에픽 하이) & myk
1,epik high (에픽 하이) & planet shiver
1,epilog & misanthrop
2,episode two
1,epitome & soda pop
15,epmd
1,epmd & foxy brown
1,epoch
1,eponym & esta
3,eppic
1,eprhyme
8,eprom
1,eprom & profisee
1,eps
2,epsilon project
5,epstein
1,eptic
1,eq
1,eq & listener
1,eqt
2,equalibrum
2,equalibrum & intuition
1,equator club
2,equicez
1,equinoxx
6,equipto
1,equipto & mike marshall
2,equipto & opio
1,equipto & otayo dubb
1,equipto & white mic
1,era
1,era & fatbud
3,erameld
1,eraserfase
2,ercandize
2,erci e
1,eri sun
1,eriberto del olmo
2,eric b
17,eric b. & rakim
1,eric b. & rakim & general midi
1,eric b. & rakim & johan s.
7,eric bellinger
2,eric copeland
14,eric dingus
5,eric lau
1,eric lau & guilty simpson
1,eric mayson
1,eric roberson & phonte
1,eric steuer & populous
2,eric stratos
1,eric thomas
1,eric turner
1,eric uh
2,eric xl singleton
6,erick arc elliott
1,erick future
14,erick sermon
2,eriiic j.
1,erik alexander
1,erik aresta
1,erik beeler
4,erik jackson
4,erik jackson & mr. moods
1,erik l & illingsworth
1,erik lundin
1,erik truffaz
1,erikm
1,erin major productions
2,erk tha jerk
2,ernest gonzales
1,ernie k-doe & the meters
1,erno scedo
1,ernst jr.
1,eroks
1,erotic aliens
1,erotic market
4,erotnas
1,erotnas & kiezin.
2,errdeka
5,errol egerson
4,erule
1,erup
1,ery pay
13,erykah badu
1,erykah badu & nas
1,erykah badu & reflection eternal
1,es-k & loupo
1,es.a
1,es.te.v
4,esbe
1,escandaloso xpósito & hartosopash
3,escape artists
1,escobizii
1,ese 40'z
1,eseneka
2,esentpie
1,esfores
1,esgar
40,esham
1,eshon burgundy
1,eskatology
1,eskimo spy
1,eskondo
2,eskr-one
1,eskr-one & illtemper
2,eslam jawaad
1,esno
1,esohel
1,esoin
1,esoligh
1,espe
1,espiiem
1,espião & sala 70
1,esprit collectif
1,espy
1,espy & warm brew
1,ess85
2,essa
5,esseks
1,essential 1
1,essenz
1,esser
1,esso p
8,esta
2,estate
1,estee nack & purpose
7,estelle
1,ester dean
1,esther & sepalot
1,estikay
1,esvee
1,etc! etc! & tha trickaz
1,etc!etc!
1,etch & the slice provider
1,eterea post bong band & uochi toki
1,eternal
1,eternal meazure
1,eternal morning (이터널 모닝)
1,eternia
1,eternia & moss
1,eternity
7,ethan aether
1,ethan glass
1,ethan jeremiah
1,ethel cee
3,ethelwulf
12,ethereal
1,ethnique punch
1,ethx
1,etre
1,eu
1,eu-iv
1,euee
3,eufoteoria
1,eugene
2,eugene martin
1,eugene mcdaniels
1,eugenius
1,eugenius neutron
3,eulorhythmics
1,eunoia
1,euphoniks
2,euphrates
1,eurobeat brony
1,eurocrack
3,euroz
1,eusebe
1,euthemios & won yoh
1,ev ree wuhn
1,eva sarojini
1,evaclear
1,evaemon
1,evak
1,evan awake
1,evan holt & thelonious martin
1,evan moran
12,eve
1,evenodds
12,everlast
1,everlast & house of pain
1,everliven sound
2,everliven sound & inf
1,eversive
1,every
1,everydayz
1,everydejavu
1,everyman
1,evgeny teilor
4,evian christ
14,evidence
1,evidence & lmno
7,evil ebenezer
1,evil ebenezer & merkules
1,evil ebenezer & moka only
1,evil ed
1,evil eddie
1,evil empire & gucci mane
1,evil empire & tapemasters inc.
1,evil intentions
1,evil monkey & mc sniper (mc 스나이퍼)
7,evil needle
1,evil needle & sivey
5,evil nine
7,evil pimp
1,evil twins & shanow
1,evil-e & hen-gee
1,evilkid
2,evilldewer
3,evisbeats
1,evitan
1,evo
1,evo auxilium
1,evol
1,evol & the r.o.c.
1,evol (이블)
1,evol intent
1,evolucid
1,evolv
1,evolve one
1,evolver
1,evren
1,ewan hoozami
3,ewonee
1,ewonee . & fly anakin
1,ex vandals
1,ex-it
2,ex-press
1,ex-y
1,exact change project
14,example
1,example & v!rtu
1,excalibah
1,excel
2,excess
2,excision
1,exclusive murray
1,exclusivo
1,executive lounge
9,exile
1,exile & free the robots
1,exile & lokey
2,exiles of the nation
1,exist
2,existence
2,existereo
1,existereo & paris zax
1,exlimes
1,exnfox
1,exo-k (엑소-k)
1,exo-m (엑소-m)
1,expansion union
2,expensive looks
2,expensive soul
1,explanetary
1,explicit
1,explicit samourai
1,expresión en conserva
1,express fresh
5,express rising
1,expression & pal joey
3,expression direkt
2,expressway yo-yo dieting
1,exqizit flow
1,exquisite taste
1,extended famm
10,extince
1,extra kool
2,extra prolific
1,extra t's
1,exzac change & iyzlow matisse
1,eyal talmudi & roy chen
1,eye n' i
1,eyeceeou
1,eyeconic
1,eyecue
5,eyedea
10,eyedea & abilities
1,eyedea & abilities & michael larsen
1,eyedress
3,eyenine
1,eyes in
3,eyukaliptus
1,ezd
3,ezekey
2,ezekiel
1,ezetaerre
1,ezk & heinis
5,ezkimo
1,ezko
1,ezra
1,ezra collective
1,ezra weller
1,eztheninjakid
1,eïs
1,f a u $ t
1,f g j s
1,f l a n d y & fl∆ming❍sis
1,f mob
1,f(x) (에프엑스)
1,f-yo-punk-a
1,f. of audiotreats & shuko
1,f. virtue
2,f.c coconut
1,f.m.w.l. & jeeep
1,f.o.d
2,f.olk
3,f.r.
1,f.s. effect
6,f.stokes
1,f.stokes & lazerbeak
1,f1ng3rs
1,fa3 (folie à trois)
1,fab deuce
1,fab samperi
4,fababy
5,fabe
1,faber
1,faber morrow
1,faberyayo
1,faberyayo & fs green
1,faberyayo & sef
1,faberyayo & tom trago
3,faberyayo & vic crezée
1,fabfour
1,fabian diaz
2,fabian römer
1,fabianni
1,fabio musta
23,fabolous
4,fabri fibra
4,fabulous trobadors
1,face
3,face candy
2,face forever
1,face ii face
1,face the mc
1,face vega
2,facekché
1,facemob
1,faces (2)
1,faces do subúrbio
1,facethemc & st. pyro
1,faction of the fox
1,facto delafé y las flores azules
9,factor
1,factor & kay the aquanaut
2,factor & myka 9
1,factor and the chandeliers
1,faczyński & kidd
1,fad1d
1,fadah & klm
4,faded & occult
1,faded & tyga
1,fader gladiator
2,faf larage
1,faf larage & shurik'n
1,faf larage & sébastien damiani
3,faggot
1,faint waves & savage void
1,fair game
8,faith evans
1,faith sfx
3,faithless
2,fake type.
3,fakear
2,fakkelbrigade
1,fakkt
2,fakts one
7,falcko
1,falco
1,falcon & sleepy
7,falcons
3,falcxne
1,fall creek brass band
2,fall out boy
1,fall out boy & wiz khalifa
2,fallacy
1,fallacy & fusion
1,fallennwall
1,fallgrapp
1,fallgrapp & jimmy pé
1,fallin
4,falls
1,falon sierra
5,falsalarma
6,false ego
4,false tropics
5,falside
2,falside & juan deuce
1,fam-lee
3,fambly fun!
1,fame
1,fame school
2,family bizz
2,family event
3,family force 5
1,family junction
1,family tree
1,famous
1,famous dex
3,fana (화나)
1,fanatik
1,fancy
3,fancy mike
1,fane stelaru
3,fankadeli
1,fanningsystems
1,fanny neguesha
3,fannypack
1,fano & hatemo
2,fanso
3,fantasia
1,fantasma
1,fantastic negrito
1,fantasy & ol' dirty bastard
1,fantazia
2,fantompower
1,fantômas
1,fantôme
10,far & son
17,far east movement
1,far east movement & get up
1,far east movement & the cataracs
4,far east rhymers
1,far west
3,faramarz aslani
1,farazi v kayra
5,fard
2,fard & snaga
1,fareeq el atrash
2,farenzeks
1,farfadet
1,farfadet & rymz
1,fargo
1,farhot
1,farid & oussama
8,farid bang
3,farid bang & kollegah
3,farm fresh
1,farmer
1,farmlife
1,faro
1,farris & himself
4,fasba fpel
7,fashawn
1,fashawn & murs
2,fast crew
1,fast forward
1,fast h
1,fast life yungstaz
1,fastforward
1,fastr
1,fat bastard
1,fat beat sound system
1,fat boi
12,fat boys
1,fat club
1,fat daddy
3,fat freddy's drop
1,fat gang
1,fat hed
1,fat jack
1,fat jack & mascaria
23,fat joe
1,fat joe & remy ma
1,fat jon
1,fat jon & styrofoam
10,fat jon the ample soul physician
1,fat jon the ample soul physician & nujabes
1,fat killahz
1,fat kneel
3,fat nick
5,fat pat
2,fat tone
3,fat tony
1,fat tony & tom cruz
2,fat trel
1,fata
1,fatajs free all those abu jamals
1,fatal attraction
2,fatal bazooka
3,fatal lucciauno
1,fatbabs & naâman
1,fatbud
1,fatcake
2,fate
1,fatgums
2,fatgyver
5,fathead
11,father
1,father & ilovemakonnen
1,father & key!
1,father & richposlim
3,father dom
1,father dude & troyboi
2,father funk
3,father mc
1,fatima
1,fatkidsbrotha
2,fatlip
5,fatman scoop
1,fatnice
1,fatnice & mushmouf
1,fato criminal
1,fatoni
1,fats'e
1,fats'e & nedarb nagrom
1,fatt father
1,fatt matt & petey punch
4,fattaru
2,fatty down
1,fatty koo
1,fattz
1,faultybox
1,fausuto
1,fauve
1,fav
1,favor
7,favorite
1,favorite & hollywood hank
1,favorite & jason
2,fawks
1,fawni
1,fax 4
1,faybn
1,faybo lefreshy
2,faycal
1,fayzen
1,faze
1,faze blue le'goon
1,faze miyake
1,faze one
1,façade the slacker
1,fa†e
1,fbcfabric & reindeer
1,fbg
1,fckcps
1,fdc
1,fdel
2,fdr
1,feadz & kito
1,fear nuttin band
1,feather penn
1,feathers
6,featurecast
1,fecko the emcee
1,feddy da sneak
1,fede poul
1,fedel
2,fedez
1,feds
1,feed'em
1,feeding a mood
1,feedtheplanes
1,feelstyle
1,feend
1,feestdjruud
1,fefe dobson
1,fei-fei
1,feine sahne fischfilet
3,feinkost paranoia
2,feis
1,fejs & onda
3,fekky
2,fel sweetenberg
1,felcon
3,feldt
1,felix cartal
1,felix fast4ward
1,felix krull
1,felix zenger
1,fellatia geisha
1,fellez
1,fellie hayes
6,felly
1,felman
1,felonious: onelovehiphop
2,felt
1,fem fel
1,fences
1,feniks amer
1,fenin
1,fent
1,feodoq
3,fergie
1,fermented reptile
1,fermented reptile & park-like setting
1,fermin iv
4,fermin muguruza
1,ferny mac & jamey p
1,ferrari jackson
1,ferrein
6,ferris mc
2,fes taylor
1,fess grandiose
1,fesu
1,fetbojsi
20,fettes brot
1,fettes brot & modeselektor
20,fetty wap
1,fetty wap & french montana
1,fetty wap & pnb rock
1,feva
1,fevapres
1,feven
1,fever
1,fever sleeved
1,fever trails
1,feverkin & koresma
1,fey-z
1,feyorz
2,ff.c
1,fflame
2,fg
2,fgb
1,fgfive
1,fhat.r & melan
1,fice musaveni
1,ficus
2,fid mella
3,field mob
1,field specialists
2,fieldy's dreams
6,fiend
1,fiend & three 6 mafia
3,fiendsh
2,fierce
1,fievel-flow
1,fifth city mob
1,fifth harmony
2,fifty grand
1,fiftysix
1,fig naytion
1,figarate
3,figg kidd
1,figg panamera
1,figgaz of speech
1,figgkidd
1,fight klub
1,figment & trellion
11,figub brazlevič
1,figub brazlevič & teknical development
1,figure
1,figure uv speech
1,fik's niavo
1,fike & jambazi
1,fil tilen
1,fila brazillia
1,fila fresh crew
3,filastine
1,filastine & maga bo
2,filewile
4,filibusta
3,filibuster
1,filip filipi
1,fill black
2,filosofischestilte
1,filtercutter
2,filthy fingers united
1,filthy frank
1,filthy funk
1,filthy souls
1,filé
1,fin fang foom
1,fin.k.l (핑클)
1,final frontier
3,finale
3,finatticz
2,finding rhythms
1,finesse & synquis
8,fingathing
3,fingazz
1,fingerbangerz
1,finn
1,finsta
7,finsta bundy
7,fintelligens
1,fiona apple
1,fiona prince
1,fire
1,fireworkz
1,firing squad
6,first degree the d.e.
1,first division
2,first down
1,first in command
1,first light
1,first place science project
2,first serve
1,first world
6,fischmob
1,fish
1,fish ill beats
1,fish narc
2,fishing
1,fissures
1,fist
1,fisto
1,fisz
1,fit
9,fitz ambro$e
1,fitz ambro$e & ill.sugi
1,fitz ambro$e & repeat pattern
1,fiva & das phantom orchester
2,fiva mc
2,fiva mc & dj radrum
1,five
1,five & queen
7,five deez
1,five steez
1,fiveoclock & theofficaletiket.
1,fivepee
1,fivesta
1,fixation hardkor
1,fixkes
2,fixpen sill
2,fizzi pizzi
3,fjärde världen
1,fk allstars
1,fk allstars & freundeskreis
2,fki 1st
1,fki 1st & key!
1,fkj
1,fku
4,fl-how aka la plume
1,fla fla
1,flabz
1,flaco
5,flako
1,flako & kit knows
1,flako & noir
3,flakodiablo
8,flame
1,flame griller
1,flamie
16,flamingosis
1,flanch
1,flandy
1,flap jack
1,flash bang grenada
1,flashbackfm
1,flashflour
1,flaszki i szlugi
15,flatbush zombies
1,flatbush zombies & trash talk
3,flatlinerz
1,flatz (prod. by lilknux) & lilknux
1,flava to da bone
1,flavien
1,flavio rodríguez
1,flavor flav
1,flavor unit
1,flawless
1,flawless real talk
1,fleapit
1,flechette
2,flee cartel
1,fleeky palmer
1,fleetwood
1,fleetwood maximum
8,flegmaatikot
1,flegz
1,flektos
1,flemming dalum
21,fler
1,fler & silla
1,fler performed by dj tomekk
1,flesh & blood
3,flesh-n-bone
1,fletch
1,fleur earth
1,flex
1,flex vector
2,flexional
1,flexis
1,flexx
1,flexxip
1,flies
1,fligh
3,flight distance
1,flight facilities
2,flight of the conchords
1,flinke namen
1,flint
1,flint eastwood
2,flip
2,flip da scrip
2,flipmode squad
1,flipsquizit
2,flipsquizit & little king
6,flipsyde
11,fliptrix
1,flirta d
1,flitz&suppe
1,flixx'n'hooch
1,flo
1,flo brown
1,flo j. simpson
35,flo rida
1,floan
1,float 11
2,floating points
8,flobots
1,flobots & the king blues
3,floco torres
2,floetry
1,flofills
5,flofilz
1,flofilz & pawcut
1,flood
2,flooded hallways
1,floods
1,floodwater
1,florida georgia line
1,floridomi
17,flosstradamus
1,flote
1,flow dynamics
1,flow patrol & unseen
2,flowdan
2,flowers for reagan
1,flowin' immo
2,flowklorikos
2,flowtec
2,flowtecs
1,flowzz
1,flox
1,floyd and garage
1,floyd simmons
4,floyd the locsmif
3,floydlocc
1,floème
1,fluency crew
3,fluent form
1,fluffy bugs
2,flughand
1,fluid
2,fluid minds
3,flume
1,fluor
1,flush
2,flux pavilion
1,flxtch!
1,fly anakin
1,fly anakin & koncept jack$on
2,fly coast
1,fly guys
1,fly gypsy
1,fly henderson
2,fly moon royalty
2,fly.union
1,fly.union & iyeball
1,flyamsam
25,flying lotus
1,flying lotus & house shoes
1,flying lotus & killer mike
2,flying spiders
1,flying steps
1,flyn lebowski
3,flynt
2,flynt flossy
1,flynt flossy & watchyamacallit
2,flyphonic
1,flytronix
1,flávio renegado
1,flødeklinikken
1,fm blue
1,fmr2mars
1,fmtr & truelight
1,fnaïre
1,fo' clips eclipse
1,foals
1,focus
1,focus & sp double
2,focus...
3,foesum
1,fog
3,foi oi oi & what the bleep
1,foisey.
1,fokus
1,fold
1,follow him to the end of the desert
2,following footprints
1,fomiza
1,foniks
2,fonk
7,fonky family
1,fono
1,fons
1,fonz
1,fonzworth bentley
1,foo-gram
2,food for animals
1,food q
1,foodman
1,fool
2,fool suede
1,foolish
1,foolish gub
2,foolk
1,foot clan
1,foot patrol
2,footbukone
1,footprints
3,for reals.
3,forbes
1,force
1,force of nature & tsutchie
1,forefeather
1,foreign affairs & macsamillion
13,foreign beggars
1,foreign beggars & jazzsteppa
1,foreign beggars & noisia
1,foreign beggars & rouge à lèvres
4,foreign legion
1,forensic
1,forensiks
1,forest for the trees
1,foresta
1,forlai
2,form & shape
1,form one
1,form one & mobbade barn med automatvapen
1,formula
1,formulatin' fathers
1,forn € kash & kirblagoop
3,forrest day
4,fort knox five
7,fort minor
1,fortafy & xy
1,fortnox
5,fortune
3,fortunes
1,forty mc
1,forty ounces
1,fortysvn
1,forza
1,foscil
1,fossils & h1987
1,fossoyeur & freeman
4,foster
1,foster.
1,fosterbeats
2,fostercare
1,fou furieux
1,foul monday
1,foul mouth
1,foul mouth jerk & granola funk express
1,foul play
1,foundation & rezidue
1,foundation stone
2,fountain of youth
1,four fists
5,four tet
1,fourchen
1,fourtie
1,fox stevenson
2,foxwedding
1,foxx
1,foxx a milliyone
11,foxy brown
3,foyone
1,fozzey & vanc
1,fpwonderful
1,fractal dragon
1,fractales
1,fraction & fresh kils
1,fractions
1,fragile molecule
1,fragment & haiiro de rossi
1,fragment & tamaki roy (環roy)
2,frak
1,fraksha
1,frameshift productions
1,framework
1,frameworks & qnc
1,franc heat
1,francis ford
1,francis freddy
1,francis koira
1,francisco fattoruso
1,franciskoira & the tsaikkedeliks
1,franck roger
1,"franco ""el gorila"""
1,franco & phillipdrummond
1,francois boulanger
1,frank
1,frank bretschneider
1,frank castle
1,frank gamble
1,frank hemd
1,frank hurricane
5,frank john james
1,frank john james & theprophet16
1,frank klepacki
1,frank lyon
1,frank manner
5,frank n dank
2,frank n dank & j dilla
6,frank nitt
1,frank nitt & madlib
5,frank ocean
1,frank ramz
10,frank t
1,frank v & mister d
3,frank white
1,frank white & godsilla
2,frank white & sonny black
3,frankel
5,frankenstein
1,frankie bones & lenny dee
4,frankie cutlass
1,frankie dollaz
1,frankie goodrich
2,frankie hi-nrg mc
1,frankie j
1,frankie krupnik
1,frankie smith
3,frankjavcee
1,franklin thompson
1,franko fraize & lyrical t
2,franky kubrick
1,franky seven
1,franz mesko
1,françois kevorkian
2,frauenarzt
2,frauenarzt & manny marc
3,frayser boy
1,frayser boy & lil' wyte
1,frayser click
2,frcln
3,freak nasty
2,freak noise
1,freakstep
1,freaky & jpegmafia
1,freaky beats
1,frecuencia ochoseis
1,fred deakin
2,fred ones
3,fred the godson
1,fredasp
1,freddie bruno
1,freddie cakez
1,freddie cruger
2,freddie dredd
6,freddie foxxx
26,freddie gibbs
1,freddie gibbs & kaytranada
7,freddie gibbs & madlib
1,freddie gibbs & ski beatz
1,freddie gibbs & statik selektah
1,freddie gibbs & the world's freshest
13,freddie joachim
1,freddie joachim & hometeam
1,freddie joachim & mellow orange
1,freddie joachim & question
1,freddonzolo
1,freddy be
4,freddy finger
6,freddy fresh
1,freddy mczoneout
1,freddy todd
1,freddy valoy
1,fredfades & ivan ave
1,fredo
1,fredo faya
9,fredo santana
1,fredrik mikaelsson
3,fredro starr
1,fredwreck
1,free
1,free ackrite
1,free agent
1,free minds
2,free moral agents
1,free radicals
1,free sol
1,free style lee
4,free the robots
2,free the robots & opio
1,free wize men
1,freebase
1,freebyrd devill
1,freedom
1,freedom movement
1,freedom vxxx
1,freedom williams
1,freedom writers
1,freeend
2,freekbass
2,freekey zekey
4,freeman
1,freemurda
1,freesohl
2,freesol
5,freestyle
3,freestyle (프리스타일)
7,freestyle fellowship
1,freestyle fellowship & junior m.a.f.i.a.
1,freestyle hip-hop beat factory
2,freestyle professors
1,freestyle professors & geo & ricochet
4,freestylers
1,freeverse & xp
12,freeway
5,freeway & girl talk
1,freeway & jake one
1,freeway & statik selektah
1,freeway & the jacka
1,freewyo
1,freez & mike frey
1,freidenker
1,freight elevator quartet
1,freize & young bleed
3,frek sho
1,fremdkunst
38,french montana
3,french montana & max b
1,french tobacco
1,frenchi blanco
5,frenic
4,frenkie
1,frensh kyd
1,frequency & joell ortiz
3,frer 200
1,fresco jakes
1,fresh 'n' funky
1,fresh b
2,fresh breath committee
1,fresh celeste
2,fresh coast
3,fresh daily
3,fresh espresso
1,fresh face
3,fresh hats tight beats
1,fresh i.e.
1,fresh serf & marcus carab
1,fresh-up players
8,fresh2fresh
1,fresh2fresh & mathbonus
1,freshmakers
3,fresku
1,freunde der sonne
1,freunde von niemand
7,freundeskreis
1,fricktion
1,frico
1,friday
2,friday night
1,friday ricky dred
1,fried monk
1,friendly sneakrz
1,friendsfriendsfriendsfriendsfriends
6,friendzone
2,frietboer
1,frigid vinegar
2,friidom
1,fringe
1,fris & dood
3,frisco
1,frisnote camp
1,frits wentink
1,frits wentink & medlar
12,frittenbude
1,fritz da cat
1,fritz da cat & noyz narcos
1,fritz kalkbrenner
12,fritz mansun
1,frnzfrnz
1,frobeats
1,frog one
1,frogg
1,froggy fresh
2,frogmanmuzikk
1,frogs flipping the fuck out
1,frogsuit
4,from the cradle to the rave
4,fronda
1,froneli
1,frontal
2,frontline
1,frontliner & sway
1,frontside
1,fronzilla
1,froskees
1,frost
2,frosty smack
1,frothy & kiz
1,frown-i-brown
1,froyo ma
1,froze
1,fruits & liam
1,frukwan & gravediggaz
1,frum
1,frvr
1,frères d’or
2,fs green
1,fs green & full crate
1,fshstk
1,fthrsn
1,ftr
1,fu
2,fu maga
1,fu*king great
7,fu-schnickens
1,fu2
1,fuat
1,fuat & killa hakan
3,fubar
1,fubar & samuel tafari
1,fuck dat
1,fucknrad
1,fudd rukus
1,fudge
2,fuel box
1,fuenfhaus
1,fuete billete
2,fugative
18,fugees
1,fugo
2,fujako
1,fulanito
5,fulgeance
1,full blooded
1,full circle
1,full crate & mar
3,full force
1,full house ent
1,full nelson
1,fully loaded
1,fumanschu
3,fumuj
11,fun lovin' criminals
7,fun-da-mental
4,funckarma
1,fundamentalz
1,fungal lads
1,funk & pretty lights
3,funk daddy
1,funk ferret
2,funkadelic
1,funkaho
1,funkanomics
8,funkdoobiest
3,funkghost
2,funkghosts
1,funkineven
1,funkloopy
3,funkmaker beats
1,funkmammoth
6,funkmaster flex
1,funkmaster flex presents the flip squad
1,funkmaster wizard wiz
5,funkoars
2,funkprez & jazzy mello
2,funky 4 + 1
3,funky aztecs
1,funky bijou
31,funky dl
1,funky dl & guile
1,funky drummer
1,funky fresh few
3,funky monkey babys (ファンキー・モンキー・ベイビーズ)
1,funky notes
1,funkyjaws & guitars in the space
1,funkypus
1,funkytown pros
4,furax barbarossa
1,furax barbarossa & reda
1,furio đunta
1,furio đunta & rajk
1,furious d
1,furis
2,furred t
2,furthermore
2,fushou.
2,fusik
2,fusion
1,fusky
1,futexture
1,futschis
3,futur proche
1,futur3ghost
1,futura 2000
39,future
1,future & george s. clinton
1,future & gucci mane
1,future & miley cyrus
1,future & rich homie quan
1,future & uncle murda
5,future brown
1,future den
1,future holograms
1,future joyner
1,future primitive sound collective
1,future rock
4,futurebeats
1,futurebeats & mndbd
1,futurebeats & purpan.
1,futurecop!
3,futurekings
1,futurescience
7,futuristic
2,futuristic sex robotz
1,futuristiq
1,fuzati & orgasmic
3,fuzz
1,fuzz lightyear
1,fuzzoscope
3,fvo rta
1,fwawn
1,fwmj & jay electronica
5,fxxxxy
2,fya
2,fybe:one
7,fyre
1,fyre dept.
1,fys
4,färska prinzen
1,färska prinzen & hyper
2,fæ
2,féfé
1,février
8,fünf sterne deluxe
1,g
1,g bonson
2,g dot
1,g force & illmaculate
1,g free
1,g frsh
3,g herbo
2,g jones
1,g jones & minnesota
1,g love e
1,g perico
3,g rider
1,"g"" len"
6,g&g sindikatas
1,g's incorporated
1,g-bod
1,g-clef da mad komposa
1,g-clef da mad komposa performed by ghetto philharmonic
1,g-clef da mad komposa performed by lost secret
1,g-clef da mad komposa performed by soul kid klik
1,g-dep
1,g-dep & loon
1,g-do & xception
5,g-dragon (지드래곤)
1,g-dragon (지드래곤) & t.o.p
1,g-dragon (지드래곤) & taeyang (태양)
23,g-eazy
1,g-force
1,g-groove
1,g-hawk
1,g-hot
1,g-ism
1,g-k
1,g-lotto
2,g-macc
1,g-mies
2,g-mo
1,g-netik
6,g-side
1,g-slimm
1,g-strang
1,g-traxx
22,g-unit
1,g-val & lil yase
1,g-wizard & kevin watts
1,g. brown & j. period
1,g. love
1,g. love & plutonic lab
6,g. love & special sauce
1,g. soldier x recycledj x soukin
1,g.a.g.e.
1,g.a.n
1,g.b. & lil yo
1,g.bonson
1,g.i.n.
1,g.l.m
1,g.l.o.b.e. & whiz kid
1,g.o (지오) & nassun (낯선)
1,g.o.o.d. music
1,g.r. zømbi€
1,g.r.i.e.f.7.8. & tmfse
1,g.r.i.m.m.
1,g.u.m.
1,g.u.n. darkroom familia
1,g2 & keith ape
1,g8abak
1,g8abak & vendetta kingz
1,g_force
1,g_force & planet asia
1,g_force & radiation city
2,gab gotcha
2,gabe 'nandez
1,gabe niles
1,gabe parker
1,gabonano & go yama
1,gabriel gundacker
6,gabriel o pensador
6,gabriel teodros
2,gabrielle
1,gadema
4,gadget
1,gadoe
6,gadoe.
2,gadzooks
1,gage
1,gage the conqueror
4,gagle
1,gagle & jazzy sport top team
4,gahm
3,gaika
1,gajah
2,gajah & mute speaker
1,gajoga
7,galactic
1,galactic brethren
1,galactic emcee
1,galantis
2,galapagoose
1,galapagos
1,galapagos4
1,galaxy x
1,galcher lustwerk
1,galimatias
2,galimatias & joppe
1,gallant
1,galleta records
1,galliano
1,galun & monokle
1,galus
1,galv
1,gambino family
2,game related
1,gameboi
1,gameboy
1,gameface & tropkillaz
6,gamera
1,gamera & khalil nova
1,gametightelectro
1,gamma
1,gandzior
9,gang albanii
1,gang green
49,gang starr
1,gang starr & mobb deep
1,gang starr & people in the audience
1,gang starr & wolfpak
1,gang$ign$
1,gangis khan
7,gangrene
1,gangrene & roc marciano
1,gangsigns
1,gangsta bitch barbie
4,gangsta blac
1,gangsta blac & kingpin skinny pimp
7,gangsta boo
1,gangsta boo & gucci mane
1,gangsta boo & la chat
1,gangsta boo & sinjin hawke
1,gangsta dre
1,gangsta gold & mc money
6,gangsta pat
1,gangsta rap
1,gangsta rhyme posse
9,gangstagrass
2,gangus
1,gangus & gleam
1,ganja mafia
2,ganja white night
1,ganja white night & simon
1,ganjah k
1,ganjak presents black pope
1,"ganksta ""c"""
1,ganksta c
5,ganksta n-i-p
1,ganz
1,gappy ranks & p-money
1,gaps
1,gar
1,garage boy
1,garcia's grooves
2,gardna
1,gareth johnson
3,gargeezy
1,gargoyle
1,gari grèu
1,garimastah & waju
4,garion (가리온)
1,garlicman&chikn
1,garmiani
1,garr mcgee
1,garrett sayers trio
1,garrott odom
2,gary (개리)
1,gary byrd and the gb experience
1,gary clail's tackhead sound system
1,"gary clark, jr."
1,gary numan & mc esoteric
1,gary thomas
1,garythegent
1,gas lamp killers
1,gas-lab & traum diggs
4,gasellit
2,gasoline
1,gasp
2,gaszia & roboclip
1,gaszia & xian
12,gatas parlament
1,gatineau
1,gato & kdö
1,gatsby
1,gatzilla
1,gauche
1,gaucho balboa
2,gauge
1,gaurakaruna
8,gavin
5,gavin castleton
1,gavin hardkiss
4,gavlyn
1,gawdlee
1,gaye bykers on acid
1,gayngs
2,gazapizm
1,gazgolder
1,gaël faye
2,gaïden
2,gb
1,gbmystical & levitatingman
1,gc
7,gdp
1,ge-ology
1,gear-z & lay a lo
1,ged
2,gedz
1,gee & jonon
1,gee dawg 'n' joe boy
1,gee weaver
3,geek squad
4,geekey
2,geeks (긱스)
1,geilerasdu
1,geins't naït & l. petitgand
5,gekko
1,geko aka phil gektor
1,gel & metal carter
2,gelka
5,gemelli diversi
1,gemineye
2,gemini
1,gemma fox
1,gemmy
2,gemstar
1,gen. mill$
2,genaside ii
1,gene the southern child
2,gene the southern child & parallel thought
1,genelec & memphis reigns
1,gener8ion
2,general elektriks
2,general kane
1,general larry platt
2,general malice
1,general sir
2,general steele
4,general woo
1,general woo & nered
1,generation
1,generic
2,generik
2,genesis elijah
2,genesis the greykid
6,genetikk
1,genezis mc
2,genghis ganj
1,genghis khan
1,genghis tron
1,genius collective
3,genius p.j's
2,genocide
1,genocide & knife star
1,genotype
4,gensu dean
2,gensu dean & planet asia
2,gent & jawns
1,gente jodida
1,gentlemen hounds
1,genuflect
3,genx beats
1,geo & ricochet
1,geo la locura
2,george
1,george cauldron
1,george clinton
1,george clinton & the p-funk all stars
3,george fields
1,george iii & sleepdealer
1,george junk & auston k
1,george kelly
1,george kush
1,george maple & what so not
1,george michael & mary j. blige
1,george michael & whitney houston
1,george quinn
2,george spits
3,george the poet
3,georgehail.
11,georgia anne muldrow
2,georgio
1,georgio & hologram lo
1,georgio & nekfeu
2,geotheory
1,geovybe
1,gepetto
1,geraet
1,gerald walker
2,gerard
2,gerardo
1,gergazone
1,germ
6,geronación
4,gerrit kelder
1,gerry read
1,gers pardoel
1,gescom
3,geskia
1,get busy committee
3,get low playaz
1,get the fist movement
18,geto boys
1,geto boys & scarface
1,getparadox
1,getter
1,gettoe noize productions
1,gettomasa & ruuben
2,gfbeats
1,gfoty
1,gg caravan
1,ghasper
1,ghemon
1,ghetto azz niggaz
1,ghetto commission
3,ghetto concept
1,ghetto e
1,ghetto fabulous gang
1,ghetto kaos
4,ghetto mafia
2,ghetto people
1,ghetto people & l-viz
1,ghetto prodige
1,ghetto style
1,ghetto sunrise
1,ghetto twiinz
1,ghetto twinz
1,ghettobitch
1,ghettoblasterman
7,ghettolandz
1,ghettomancer
5,ghettosocks
7,ghetts
1,ghetty & riff raff
11,ghislain poirier
1,ghislain poirier & ttc
9,ghost
2,ghost by nature
1,ghost cauldron
1,ghost dog
1,ghost feet
1,ghost mcgrady
1,ghost mountain
1,ghost noises
1,ghost row
1,ghost town dj's
2,ghost town syndicate
2,ghost writers
1,ghost writerz
1,ghoste & horse head
10,ghostemane
41,ghostface killah
1,ghostface killah & j-love
4,ghostface killah & mf doom
2,ghostface killah & raekwon
1,ghostface killah & sheek louch
1,ghostface killah & trife da god
1,ghosthouse
2,ghostigital
1,ghostoast
1,ghostown
11,ghostpoet
1,ghostra nostra
1,ghostride
2,ghosts in the room
1,ghostsoul
1,ghostwridah
1,ghoti
1,gi (지아이)
2,gi joe kiillaz
1,giacomo
1,giacomo puccini
1,giallo point & smoovth
3,gianluca sgalambro
1,gianni marino
1,giannicash & koz
3,giant gorilla dog thing
1,giant octopus
3,giant panda
3,giant robot
1,gibberish
1,gibbo
1,gibmafuffi
1,gico
1,gifted gab
1,gigglebox
6,giggs
1,giggs & sn1
1,gigi
6,gigio
1,gigio & joey shellz
1,gil scott-heron & jamie xx
3,gila monsta
1,gilbere forte
11,gilles peterson
1,gilles peterson & norman jay
1,gillette
1,gilli
5,gillie da kid
1,gilme (길미)
1,gilroc
1,gilsun & naysayer
1,gimcrack & subversive intentions
1,gimisum army
2,gimma
1,gimson
1,gina thompson
1,ginga snaps
1,ginja
1,gino october
1,gino pietermaai & the flexican
3,ginuwine
1,gio
1,giorgio momurda
1,giorgio moroser
3,giovanni james
1,gipsy
1,gipsy.cz
7,giraffage
1,giraffage & the-dream
3,giriboy (기리보이)
6,girl talk
1,girl talk & jim jones
2,girl unit
1,git
1,git fresh
2,gitchii
1,given names
1,given willingly
1,givv & nah
1,givvn
1,giyo
1,gizmo
1,glad2mecha
1,glad2mecha & ill treats
2,glad2mecha & kista
2,gladiator
1,gladiator & loudpvck
4,gladkill
1,glam shell
1,glam shelll
1,glardiator
1,glass animals
1,glass animals & joey bada$$
1,glass cliffs
1,glass gang
2,glass popcorn
3,glasses malone
2,glaukoma
1,glaç & rafael lechowski
3,glc
1,gld
1,gldni
1,gldni & trash.goon
1,glee cast
1,gleen gretzky
2,glen coco rojo
1,glen horsborough & nathan cozzetto
4,glen porter
2,glenn astro
1,glenn astro & imyrmind
1,glenn astro & krts
2,glenn astro & max graef
1,glenn medeiros
1,gliche
1,glitch squad
1,glitchone
7,gloam
2,global platoon
1,gloc-9
2,glockz
1,glogaines
1,gloomy boyz
1,glory
1,glow mechanics
1,glowinthedark & sfb
2,glowinthedark & tommie sunshine
1,glows in the dark
4,glue
6,glue70
1,glue70 & patrick perkins
1,glyphic procession
26,gmcfosho
1,gmz
13,gnarls barkley
1,gnarls barkley & nelly furtado
1,gnarls barkley & the aphilliates
1,gnarly nonsense
1,gnarly nonsense & eric & parker caexar
2,gnash
1,gni mc
1,gnosis & microphonist
2,go dreamer
1,go yama & lidly
1,go yama x gabonano
1,goals
5,goapele
1,goat
3,goatseru
1,goatsy
1,gob
1,gobby
1,god
1,god (지오디)
1,god cypher divine
3,god made me funky
1,god sense
1,god's army ministries
1,god's peace
1,god's servant
1,god's touch
1,god's touch & marquinch mogule
1,god-des and she
1,godard
1,godblesscomputers
1,godd boddies
2,godfather
13,godfather don
1,godjira
1,godly mc
1,godmode
1,gods touch
3,gods wisdom
3,gods'illa
1,godsilla & king orgasmus one
1,godxilla
1,godz wrath & jordan river banks
1,godzilla
1,gog
1,gohandsl
3,goin' through
1,goines
1,gokh-bi system
2,gold
1,gold bangz
1,gold chain music & planet asia
4,gold chains
1,gold chains & sue cie
3,gold panda
1,gold roger
1,gold teet
1,goldbloc
1,goldchain military & planet asia
1,golddigga & ugly boi luigi
1,golden ganga
1,golden living room
5,golden rules
2,goldenninjah
1,goldenninjah & žiga murko
1,goldfacemoneywatch
1,goldfingah & midiflash
1,goldie
19,goldie lookin chain
2,goldini bagwell
1,goldishack guerrillas
10,goldlink
4,goldmine
1,goldofaf
1,goldroger
1,goldy
1,gole žene & kandžija
1,golem of flesh
2,gomess
2,gon
1,gonervill
1,gonja
7,gonjasufi
1,gonjasufi & ras g
2,gonna get got
1,gonza-ra
2,gonzoe
1,goo
1,goochseed
1,good apollo & spaceship nick
1,good biz
1,good gracious
1,good men gone bad & thomas d
1,good morning babylones
1,good paul
1,good shepard
1,good sounds
1,good vibe society
2,goodbye tomorrow
1,goodfellaz
12,goodie mob
1,goodie mob & pastor troy
6,goodman
1,goofy
1,goomar & grandhuit
1,goomar x saligo
1,goon sqwad
2,goose
2,gordo master
2,gordymichael
1,gore elohim
1,goretex
3,gorgeous children
1,gorgeous geordie
1,goribor
1,gorilla hill
2,gorilla warfare tactics
11,gorilla zoe
17,gorillaz
1,gorillaz & redman
1,gorillaz performed by songs to wear pants to
1,gorse
2,gory gore
3,gospel gangstaz
1,gossamer
2,gossenboss mit zett
1,gosu
7,got7 (갓세븐)
1,gotcha ganja
2,gotcha!
2,goth money
1,gotham freaks
1,gotham heights
2,gothboiclique
1,gotta & hyleen gil
1,gotye
1,goudo (神門)
3,gouseion
1,governor bolts
1,governor washington
1,govna mattic
3,gowe
1,gozpel
1,gp 100 & m.o.p.
1,gp basic (지피 베이직)
1,gp wu
2,gpc
1,gq
1,grace (그레이스)
3,gracias
1,graciela maria
1,gracy hopkins
4,gradur
1,graf fidi
1,graffiti & k. hand
1,graffiti death threat
1,grafh
1,graham barey
1,graham bole
1,graham o'brien
2,graham o.d.
1,graine 2n
1,graise period
13,gramatik
1,gramatik & ludacris
1,gramatik & vitamin d
1,grammar
5,grammatik
1,gran general d
1,gran purismo & hazhe
1,grand
5,grand agent
3,grand analog
10,grand buffet
1,grand corps malade
1,grand daddy gold
6,grand daddy i.u.
1,grand groove
1,grand groove bunch & t-ski valley
2,grand invincible
1,grand lodge 3
1,grand master z
3,grand pianoramax
3,grand protege
9,grand puba
1,grand tapestry
1,grand v of homeliss derilexs & white mic
1,grand wizard theodore & the fantastic romatic five
1,grand-huit performed by tour de manège
1,grandad cody
4,grandemarshall
3,grandeurs of delusion
1,grandhuit & ours samplus
2,grandmaster & melle mel
1,grandmaster caz
1,grandmaster d
11,grandmaster flash
1,grandmaster flash & grandmaster flash & the furious five
1,grandmaster flash & melle mel
2,grandmaster flash & sugarhill gang
10,grandmaster flash & the furious five
1,grandmaster flash & the furious five & melle mel
1,grandmaster flash & the furious five & sugarhill gang
1,grandmaster flash & the incredible bongo band
2,grandmaster melle mel
1,grandmaster melle mel & scorpio
1,grandmaster melle mel & the furious five
1,grandmaster slice
2,grandmilly
1,grandmilly & sageinfinite
1,grandmilly & shozae
1,grandtheft
2,grandtheft & keys n krates
3,granite state
1,granola
5,granola funk express
4,grant
1,grant & xxyyxx
1,grant lazlo
2,grant parks
1,grant parks & pugs atomz
1,granville sessions
2,grap luva
1,grape god
1,graphic
1,graphic melee
1,grasime
1,grasshopper
1,grassright
1,grassrootz
2,grasu xxl
1,grateful dead & the notorious b.i.g.
1,grateful doom
1,grav
2,grave plott
12,gravediggaz
1,gravediggaz & tricky
2,graves 33
1,graves 33 & phreewil
1,graveyard productions
1,graveyard shift
3,graveyard soldjas
3,gravez
1,gravity movement
1,gravité zéro
1,gravy train!!!!
1,gray
3,graycat
10,grayskul
1,grayskul & maker
3,greaf
6,great dane
1,great minds
1,great white
1,great white & the terrible
1,greater good & ray vendetta
1,greatnate
2,greckoe
1,greedy fingers
3,greeeen
1,greeen
1,greeley
13,green assassin dollar
1,green beats
1,green butter
1,green dutch
1,green grenade
2,green ova undergrounds
3,green samurai clan
1,green velvet
1,greenhouse
6,greenhouse effect
1,greenhouse fresh produce
1,greenie
1,greenmoney
1,greenroom coalition
2,greenthink
1,greenwood 3
1,greenwood sharps & mr. key
1,greetings from tuskan
1,greg enemy
1,greg frite
6,greg grease
2,greg hampton
3,greg nice
1,greg osby
1,greg spero quartet
2,greg street
1,greg wilson
1,gregor & kodo
2,gregory d
2,gregory d & mannie fresh
2,gregory nichols
1,gregory pepper & madadam
1,gregory pepper and his problems
1,gregpipe
1,greinum
4,greis
8,grems
1,grems & the imposture
1,gres
1,grey ghost
1,grey ghost & jeremedy
1,grey granite & the killers
3,grey lamb
3,grey matter
1,grey sky appeal
1,grey sky appeal & qwel
1,grey tapes
6,greyboy
5,greydon square
1,greyhat
1,greymatter
2,greyscalesound
2,greyson & jasun
1,greyspace
2,grief78
7,grieves
1,griff
2,griffen
1,griffendere
2,griffi
1,griffin
2,griffin costello
1,grifters inc
1,grill man dude and the serial rappist
1,grillat & grändy
15,grillo
1,grillo & unlog epic waveforms
1,grillz
1,grim demize
3,grim reaperz
1,grim sickers
1,grim104
3,grimace federation
1,grimaso
1,grimblee & hecka
2,grime
2,grimeshine
1,grimey j
1,grimm
8,grimm doza
1,grimmi grimmi
4,grimoire
1,grimp
1,grindalf
1,grindgirl
2,grindhouse gang
1,grinel
1,gringostarr
1,griniga gamla gubbar
1,grioa
6,grip grand
3,gripp
1,gripper
2,grips and tonic
1,gripsta
1,gripsy luv
1,grisfx
1,grispy luv
12,grits
4,griz
1,griz'ly
1,grizmatik
1,grizz savage
1,grizzleboogie
3,grizzly
3,groove armada
1,groove b. chill
2,groove cereal
1,groove garden
1,groove garderobe
2,groove theory
2,grooveman spot
1,grooveminister
1,grosso gadgetto
1,grossomodo
1,grouce
1,ground broken
1,ground floor
3,ground nova
1,ground zero
2,groundfood
2,groundislava
4,group 1 crew
1,group five
9,group home
1,group therapy
7,group_inou
1,groupe fantôme
2,grover mane
1,growbox
2,growin pains
1,grown folk & main attrakionz
1,growsound
1,growth
1,gru
3,grubson
1,gruby mielzky
2,gruf
1,grumpymusick
1,grunert
2,grxgvr
8,grynch
1,grynch & two good men
3,grödash
2,grünt
7,grüvis malt
1,gr€g (as young black george clooney)
2,gs boyz
1,gs9
1,gsc
1,gt garza
5,gta
1,gta & wiwek
3,guaia guaia
1,guante
1,guante & see more perspective
1,guante blanco
1,guateque all stars
1,gubb
4,gucci crew ii
91,gucci mane
1,gucci mane & lil wayne
1,gucci mane & migos
2,gucci mane & peewee longway
2,gucci mane & rich homie quan
1,gucci mane & salem
1,gucci mane & v-nasty
3,gucci mane & waka flocka flame
1,gucci mane & young dolph
1,gucci mane & young scooter
2,gucci mane & young thug
1,gucci vump
3,guce
1,guce & lil wayne
2,gudda gudda
2,guerilla black
2,guerilla maab
1,guerilla maab & trae & dougie d
1,guerilla tek
2,guerilla war tactix
4,guero.
1,guerra
1,guerrilla alliance
2,guess who
1,gueto jam & lino krizz
1,gueule d'ange
2,guf
1,guf & баста
1,guilla
1,guilty
1,guilty as charged
13,guilty simpson
1,guilty simpson & hus kingpin
1,guilty simpson & journalist 103
1,guilty simpson & madlib
1,guilty simpson & pete cannon
1,guilty simpson & rasco
1,guilty simpson & rhettmatic
1,guilty simpson & roc c
1,guilty simpson & small professor
2,guilty smiles
1,guineo
3,guire
5,guizmo
1,gukie
1,gully platoon
1,gulshabu
1,gulshan grover & honey singh
1,gum takes tooth
1,gumbo
1,gummy soul
1,gummy soul & the pharcyde
1,gummy soul & the stuyvesants
1,gumy kastellano
1,gundog
1,gunjah
2,gunna dee
6,gunplay
1,gunplay & isaiah toothtaker
1,gunporn
2,gunrunnerz
6,gunshot
1,gurilla glue
22,guru
1,guru & masta ace
6,guru griff
1,gus mcguillicutty
1,gut nose
1,guthrie lord
10,guts
1,guts & mambo
1,gutta
1,gutta cartel
1,guttstar
2,guy
1,guy sebastian
1,guy woods
1,guè pequeno
1,guè pequeno & marracash
1,guérilla
1,gvmbon
2,gwandxya.
1,gwen bunn
4,gwen stefani
1,gwilhoo
1,gwlt
1,gyasi ross
1,gylzey
16,gym class heroes
1,gypdahip
1,gypsy mamba
1,gypsy unit
1,gyptian
1,gyrl
19,gza/genius
1,gzus piece & sulaiman
1,gzuz
1,gérard baste
1,gísli pálmi
2,g∆ted
1,h e r o s h e
1,h kiss
1,h mafia
1,h the god
1,h x k
1,h*wood
1,h+ & ike
1,h-blockx
1,h-burry
1,h-eugene (h-유진)
1,h-magnum
1,h-sik
2,h-town
1,h-tône et sans e
1,h-wood
1,h. roto
1,h.$.e.
1,h.a.l.o. vessel
1,h.a.m squad
5,h.a.w.k.
1,h.a.w.k. & lil' keke
1,h.e.a.l. human education against lies
1,h.i.m.
1,h.i.s.d.
2,h.i.s.d. (hueston independent spit district)
1,h.n.i.c
1,h.o.t. (hoes on top)
2,h.w.a.
2,h16
8,h1987
1,h1987 & juneshelen
1,h1987 & toni willz
1,h1p
5,h2
3,h20$$$sports$$$
1,h2o
1,h2o flow
1,h3nryl1n
1,ha! yes
1,ha-gakure
2,haakon
1,haamu
1,haamu & vieläki lepposaa
1,haan808
1,haapoja ja illmari
1,haarp cord
1,hab i scream
2,habeas corpus
1,habeas corpus & los chikos del maíz performed by riot propaganda
1,habibiboi
1,habitus
4,hablando en plata squad
1,hache st & gas-lab
1,hackney colliery band
5,hacktivist
9,hadag nahash (הדג נחש)
2,hades
2,hadouken!
1,hadrianic relique
1,haf & beyuz
11,haftbefehl
1,haha crew
1,hai le
2,haiiro de rossi
1,haiiro de rossi & michita
3,haikaiss
2,haiku d'etat
1,haiku-chi
3,hail mary mallon
1,hain teny
1,hairetsu & ytcracker
2,hairy hands
1,haittavaikutus
2,haiyti
1,haiyti & kitschkrieg
1,haj & reef the lost cauze
1,haji p
3,haji springer
3,hajino
1,hajtkovič & slipo
1,haju
1,hak
1,hakan peker
1,hakobune
1,hal brown
1,halc
2,halcali (ハルカリ)
2,haleek maul
1,haleek maul & supreme cuts
1,half a mill
1,half amazin' & tiron
1,half click project
1,half color
1,half dead organization
1,half giant
1,half pint
1,half pit half dead
1,half pound patty
1,half&half
3,half-a-mil
4,halfbreed
1,halfby
1,halfcut
1,halfscissors
1,halibab matador
4,hallelujah picassos
1,hallo
1,hallolean
1,halo
1,halogen one
1,halott pénz
1,ham
1,hamad 45
4,hamburger helper
1,hamed däye
1,hammer
1,hammer & zirkel
1,hammer hill click
1,hamo
1,hamoom
1,hampsu huudeilta
2,hamza
1,han_11
1,hanae
4,hand held aspects
1,hand job academy
14,handbook
1,handmade moments
1,handpicked.
1,hands
1,hands one
5,handsome boy modeling school
1,handsome eric
1,handsy
3,hangar 18
7,hanging tree algorithm
1,hangman
1,hanhae (한해)
1,hann_11
1,hann_11 & l^ng$ to
1,hann_11 & yungmorpheus
1,hannah montana
2,hannibal & joku roti mafia
5,hannibal & soppa
3,hannibal king
1,hannibal leq
1,hannibal stax & marco polo
2,hannya (般若)
1,hans solo
5,hanybal
1,hanzee
1,haolin munk
1,har mar superstar
1,harald kindseth
1,harbor lights
1,hard 2 obtain
1,hard ii kill
1,hard knocks
1,hard lines
1,hard target
1,hard todd
1,hardaway & the commoners
1,hardflip
1,hardkore et âme
1,hardstone
2,hardway
2,hardwe're
1,hardwork movement
2,harleckinz
1,harlem & mike mack
1,harlem 6
1,harlem world
1,harley & muscle
1,harmaa getto
1,harmonic 313
1,haroun
2,harris
5,harris cole
3,harrison
1,harrison blakoldman
1,harrisun21
2,harry caine
1,harry caine & kryone
5,harry fraud
1,harry k.
3,harry shotta
1,hart
1,hartly
1,harts
1,haruka nakamura
1,harv & kid step
2,harvest
1,harvey lindo
1,harzee & svb
1,has experimental
9,has-lo
1,has-lo & zillla rocca
4,hasan salaam
1,hash
3,hashaun
2,hashbrown
19,hashfinger
1,hashim
1,hassaan mackey
1,hassaan mackey & kev brown
1,hassaan mackey & moses rockwell
1,hassan chop
2,hassan moor
1,hatchet
1,hatchet men
1,haterade
1,hatter
2,hatti vatti & noon
1,hau
1,haul
1,haunt solo
1,haunted gauntlet
1,haushetaere
1,hausmarke
1,hav lyfe
2,havana brown
4,havoc
2,havoc & prodeje
1,havoc & the alchemist
2,hawd gankstuh rappuhs mc's (wid ghatz)
2,hawk house
1,hawkins
4,hawnay troof
2,hawthorne headhunters
1,hayat
4,hayce lemsi
1,hayce lemsi & volts face
1,hayden who
1,hayds
1,hayley j. hansell
1,hayling
7,haystak
2,haystak & jelly roll
2,haywyre
1,hayze
2,hayzee
1,haz solo
1,haz33
1,hazardous dukes
2,haze
1,hazenberg & retrogott
1,hazey dope
2,hazhe
2,hazhe & rapsusklei
1,hazhe & sicario
2,hazy beatz
1,hazzy
1,hbk gang
1,hcm
2,hcr
6,hd
1,hdbeendope
1,hdm
2,hdmusiq
2,hdv
1,head honcho & sticky icky
1,head royce & today's future sound
2,head:green hands:blue
2,headband
1,headband & nappychan
2,headboard
1,headbound
1,headcase ladz
1,headhunterz & krewella
1,headliner beats & majorly rough
4,headnodic
1,headnodic & moe pope
1,headnodic & raashan ahmad
3,headphone activist
1,heads of state
1,headset
2,headshotboyz
1,headstrong company
1,headtag
1,headtrick
1,healamonster & tarsier
1,healing music from ü.s.ἀ.
1,health
2,heaps decent
1,hearing kolor 4d
3,heart streets
1,heartbreak & munchi
1,heartbreak sway
1,heartless
2,hearts of darkness
5,heartsdales
2,heartsrevolution
1,heartstreets
2,heat
1,heat blaze
1,heat wave
2,heatbox
6,heath mcnease
1,heath mcnease & playdough
3,heather b.
1,heavy color
4,heavy d
16,heavy d & the boyz
3,heavy links
1,heavy roc
1,heavygroove beats
3,heavytrackerz
2,heavyweight dub champion
1,heavyweight dub champion & liquid stranger
1,hecatomb
3,hecka
1,hecklah & coch
1,heckxx
1,hectic zeniths
3,hector bizerk
1,hector macello
1,hedef 12
1,heels
8,heems
4,hef
1,hefna gwap & kyle rapps
1,hefty junts
1,hehoodrich
1,height
1,height keech
7,height with friends
6,heikki kuula
1,heikki kuula & voli
1,heiko julien
1,heimdals sidste vogter
1,heimer
1,heinis
8,heiruspecs
2,heist
1,heist click
3,heize (헤이즈)
1,hek hernandez
1,helado negro
1,helicó
2,helix
6,hell razah
1,hell razah & shabazz the disciple
9,hell rell
1,hell yeah party time
1,hell-bound
1,hell.usa.nation
1,hellblazer & illuzual
1,helldogs kris
1,hellfish
1,hello heathen
1,hello tomorrow
1,hellsent
1,helmet & house of pain
1,helmynthe
2,helt off
3,heltah skeltah
1,heltah skeltah & o.g.c. (originoo gunn clappaz)
1,hemanifezt
2,hen xi
1,henboogie & kegsone
1,henchmen
6,hendersin
1,hendrik vincent koops
1,henk und shew
1,hennessy
1,henok achido
1,henry
3,henry bowers
2,henry canyons
1,henry fong
1,henry fong & toby green
1,henry from outer space
1,henry knollenberg
1,henry wu
1,hense
1,hentai dude
1,hentaiboys
2,hephty
1,her name
1,her pale
1,herajika tracks
4,heralds of change
1,herb
1,herb alpert
7,herb mcgruff
1,herb pilhofer & thes one
1,herb verbal
1,herbal t
1,herbalist pack
2,herbie hancock
7,herbie laidley & mastermind
1,here & now
1,herm
2,hermanos herméticos
1,hermigervill
1,hermitofthewoods
11,hermitude
4,herobust
1,herobust & pixelord
3,heroes x villains
1,heroes x villains & stooki sound
1,herr sorge
6,herr von grau
2,herra huu
2,herreløse
1,herrick & hooley
3,herrmutt lobby
1,herrotics
1,hersch & thisis
1,hertell & hertell
1,herva
1,hervé & zebra katz
3,herzog
1,hesher
1,het rudie kartel
1,het verzet
1,hex
1,hex cougar
1,hex murda
1,hex one
1,hexsagon
2,hexstatic
1,hey i made this beat
1,hey wtf records & ryan lucht
1,hey!zeus
1,hey!zeus.i
3,heyoka
5,hezekiah
1,hezekiah walker & lfc
1,hezeleo
1,hezus
2,hfnr
2,hg beats
1,hi coop
1,hi definition
1,hi fi snock uptown
4,hi-c
1,hi-cee
1,hi-fi beats
2,hi-five
1,hi-res
2,hi-rez
2,hi-tech
4,hi-tek
3,hiatus kaiyote
1,hibe
1,hibeamz
1,hidden
1,hidden & n95
5,hidden beach recordings
1,hidden rhythm & mc brown mug
1,hidden riddim
1,hideki naganuma
2,hideki okugawa
3,hidetake takayama
1,hiero
14,hieroglyphics
1,hieroglyphics & wu-tang clan
2,hifadility
5,hifana
1,hifi banda
1,high authority
1,high cross society
1,high elders
1,high fidelity three
2,high frequency bandwidth
2,high influence
4,high klassified
1,high noon
1,high park
1,high pass filter
2,high priest
1,high school for recording arts
1,high school sucks cast
1,high tone
1,high v.a.l.u.e.
3,high5
1,highdro
4,highland
1,highland place mobsters
1,highlife
1,hightek lowlives
1,hiimrawn
4,hijack
1,hijokaidan x avandoned
3,hilcrhyme (ヒルクライム)
1,hill classics
22,hilltop hoods
1,hilltop hoods & k21
1,hilton
2,hime (姫)
1,himself
4,himuki
1,himuki & kge the shadowmen
3,himuro
1,hint
1,hinterland
2,hiob
3,hiob & morlockk dilemma
1,hiob & pierre sonality
2,hip club groove
1,hip hop baby
1,hip hop happens
2,hip hop kclan
1,hip hop pantsula
1,hip hop parallele
1,hip hop wieners
1,hip-hop weiners
1,hiphop_genius
1,hipnotic jazz
1,hipnotik
1,hipotonia
8,hippie sabotage
1,hippie sabotage & izzy bizu
1,hippie sabotage & micjordan
4,hippocampe fou
2,hir-o
1,hir-o & red pill
2,hirnspalt
1,hirnspalt & namder
2,hirntot posse
1,hiroki mizukami
1,hiroofthemoon
1,his royal freshness
1,his royale freshness
1,hit hoarders productions
1,hit squad
8,hit-boy
1,hitman
1,hitman prince of darkness
1,hitman sammy sam
1,hitmane
3,hittman
2,hive
1,hive&shado
1,hives inquiry squad
1,hiyohiyoipseniyo
1,hizkit
1,hk et les saltimbanks
1,hkb finn
1,hki crates
1,hleger
1,hlmnsra
1,hlvii kira
2,hm surf
1,hm.t dm.t
3,ho99o9
2,hobbes
4,hobbes duende
1,hobbitz
1,hobbledeions
1,hobbledeions & sugar sk*-*lls
1,hobo junction
2,hobo truffles
4,hobo with a laptop
1,hobronxmoneymakerz
1,hock tu down
2,hockeymask
8,hocus pocus
2,hodgy beats
1,"hodgy beats & tyler, the creator"
1,hodini
1,hofmästarn
1,hofmästarn & roffe ruff
2,hoganbeats
1,hogsley
4,hokes
1,hokilla
1,holger burner
1,holger hiller
1,holiday mountain
2,holism gaea
2,hollertronix
1,holliday
1,hollis
1,hollohan aka g.o.d.
2,hollow pigeons
5,hollow tip
1,hollowpoints
1,holly
1,holly waxwing
2,hollywise
2,hollywood
1,hollywood hank
5,hollywood squadda
12,hollywood undead
1,holmskillit & j. rawls
1,holocaust feat. pro the leader
1,holocaust sunz
2,hologram kizzie
1,hologram lo'
1,holy fuck & shad
1,holy smoke
1,holy$$$
1,holyday (홀리데이) & konsoul (컨소울)
1,holygrailers & tokyo hands
1,home
6,home brew
5,home made kazoku
1,home team
13,homeboy sandman
2,homeboy sandman & jaylib
1,homecut
1,homeless nation
3,homeliss derilex
1,homemade spaceship
1,hometown hero
1,homex
1,homey pimpson
2,homicide
1,hominidæ
1,homunculus
2,honey bones
6,honey claws
2,honey cocaine
1,honey singh
7,honeycoma
4,honky
1,honnda
1,honors english
1,hood
1,hood joplin
1,hood robin
1,hood soul
1,hood surgeon
1,hoodboi
18,hoodie allen
1,hoodini & king!
1,hoodlum priest
1,hoodratz
1,hoodrich pablo juan
1,hoodwnk
2,hoody
1,hoodys
6,hoofwerk
1,hook boogie & the natural posse
1,hoop-la
1,hoosam
1,hoosky
1,hooss
1,hope
2,hope one
1,hopen
2,hopie spitshard
1,hopkins lou
20,hopsin
1,hopsin & mysonne
1,hopsin & swizzz
1,hopudoshi
1,horace brown
1,horn of plenty
2,hornography
1,hornzilla
1,horror city
8,horrorshow
5,horse head
10,horseshoe g.a.n.g.
1,horseshoe g.a.n.g. & kenny siegel
2,horus
1,hosea mais
1,hospital
1,hosted by dj edge
1,hostile noise
1,hostiles
1,hostyle
1,hot beats injection!
3,hot boy$
1,hot butter
2,hot dad
3,hot karl
1,hot pursuit
3,hot rod
1,hot rod & mary j. blige
11,hot sugar
1,hot temper
1,hot tub club
1,hotel drama
1,hotline zero
1,hott headzz
1,hottub
8,house of krazees
17,house of pain
1,house of reps
1,house of rothschild
1,house of whales
2,house party
5,house shoes
1,house shoes & jordan rockswell
1,housemeister
1,housewife
1,houston
1,hovat
1,hovatron
5,how green
1,how to destroy angels
1,how to dress well
1,howard drossin & rza
1,howard drossin performed by dj dlux
1,howard flozstello
2,howard kremer
1,howard shore & kanye west
1,howie lee
10,howie wonder
2,howse
1,hoxton whores & jungle brothers
1,hoyt latte
1,hozay
1,hrcrx
1,hrmxny
2,hs87
2,hst
2,htn
2,htrspltn
1,http
8,hubert daviz
1,hubert daviz & hulk hodn
1,hubert daviz & retrogott
1,hubert daviz & wun two
1,hubert laws & the jazz jousters
1,hubert tas
1,hubwar
10,hucci
1,hucci & ozzie
1,huckleberry p
1,huczuhucz
1,hudson east
19,hudson mohawke
1,hue jane
1,huess
3,huey
1,huey mack
1,huey richards
1,huge hefner
17,huge l
2,huge l & mode
1,huge voodoo
1,huggermugger
1,hugh corduroy
1,hugo & treats
1,hugo delire
1,hugo frederick
1,hugo kant
1,hugo pier
2,hugo the poet
2,hugo toxxx
4,hugo tsr crew
1,huhnmensch
1,hukos
1,hulabaloo
5,hulk hodn & retrogott
1,hulk hogan & the wrestling boot band
1,hullutiedemiesh
1,human
1,human agency
1,human horse
1,human man & jota ese
1,humanreck
1,humble gods
3,humble pious
1,humleridderne
1,humpty
2,hundred strong
1,hundred waters
1,hundy thou
1,hungdizzle
1,hungry giant
1,hungry mob
1,hunnet band gang
1,hunnicomb
4,hunter
1,hunter & mortar
1,hunter and dazastah
1,hurlum
4,hurricane chris
1,hurst huslas
2,hurt everybody
1,hurt pact
1,hurtdeer
1,hurtta
1,huru
1,huru_
8,hus kingpin
3,hus kingpin & rozewood
2,husalah
3,hush
1,hush the myth
1,hushushmedia
3,huss und hodn
4,hussein fatal
1,hussein sherbini
3,hustensaft jüngling
3,hustla
2,hustle gang
1,hustle simmons
1,hustle!
1,hustlers of culture
1,hutcher
1,huw stephens
3,hvid sjokolade
1,hwaji (화지)
1,hwangchan yu
2,hwayobi (화요비)
2,hwy e
1,hxh
2,hxlt
1,hxrman
3,hxv
1,hy-definition
1,hy4_4yh
2,hyacinthe
1,hyacinthe & l.o.a.s
1,hydra & kevin mc coy
1,hydrabadd
1,hydraulix & kurk kokane
1,hydroboyz
2,hydroponic sound system
1,hydroponikz
3,hyenas in the desert
1,hyjak
1,hyjak n torcha
2,hymie's basement
2,hyolyn (효린)
1,hyomin (효민)
1,hype
1,hype williams
2,hyper
8,hyper crush
1,hyperdermic needlz
1,hyperlinx
1,hypertonia
1,hypevercab
1,hypha
1,hypnokid
3,hypnotic brass ensemble
1,hypnotik & savo
1,hypnotize camp posse & three 6 mafia
1,hypo
2,hypoetical
1,hyro da hero
1,hyroglifics
2,hys
4,hyuna (현아)
1,hzha & weanin
1,häzel
1,häzel & joanna borromeo
1,häzel & onrazel
1,hålogalandslaget
1,"héctor ""el father"""
1,héctor & tito
3,hλrrison
1,h∞d∞
2,h▲ze
1,i am (david long)
1,i am d
2,i am legion
1,i am many
1,i am zero
1,i m u r
1,i mahn j
1,i o l o
6,i self devine
2,i self devine & muja messiah
1,i smooth 7
1,i swear it flows
1,i was born with two tongues
1,i$o indies & jahb less
1,i-10 connection
1,i-20
2,i-45
1,i-dea
1,i-disciple
1,i-earn chef
1,i-hop
4,i-power
1,i-rocc & mistah f.a.b.
1,i. born
1,i. l.
1,i. vanish
1,i.c. jonez
1,i.d.
1,i.deals
1,i.f.a.
1,i.l will & mikey dollaz
1,i.l.l. will
2,i.m.p.
1,i.mythos
1,i.n.c.h
3,i.n.t.
1,i.v.
2,i.y.f.f.e.
1,i11evn (일레븐) & illinit (일리닛)
1,i61 & pharaoh
1,i:cube
26,iam
1,iam & sunz of man
1,iam low
1,iambic
1,iamdes
1,iamdlow
6,iame
1,iamisee
4,iamnobodi
1,iamnobodi & melodiesinfonie
1,iamretrokid
10,iamsu!
1,iamsu! & problem
1,ian 310
1,ian brown
3,ian ewing
1,ian isiah
1,ian kamau
1,ian keteku
5,ian pooley
1,ibenji
1,ibm nation
2,ibn
1,ibn inglor
1,ibrahim maalouf
1,ibrahim maalouf & oxmo puccino
1,ic3peak
1,icatching
5,ice
1,ice berg
1,ice city
41,ice cube
1,ice cube & the notorious b.i.g.
1,ice grillz
1,ice jj fish
2,ice kid
1,ice lord
1,ice mc
2,ice mike
1,ice warriors
1,ice water
1,ice water (aka woadah)
1,ice water slaughter
23,ice-t
1,"ice-t, the glove & dave storr"
1,icekream & troyboi
1,icemantis
2,icerocks & meyhem lauren
2,ichi no yoru
1,ichiban hashface
6,ichiro
5,ichiro_
1,ichon
1,icicle & tmsv
2,icke & er
3,icon the mic king
3,iconaclass
1,icr
2,icytwat
1,id obelus
1,ida corr
1,idania
2,ide
1,ideafatte
1,ideal
3,ideal j
1,idealism
1,identity
2,idesia
1,idiom creak
1,idiot forever
1,idiotsavant
1,idir
2,idle warship
10,idntrmmbr.[覚えていない]
1,idole (naked!)
1,idontknowjeffery
1,ie-z
1,ie.merge & machinedrum
2,ig culture
1,ig88 & triceracorn
2,igen beatz
1,iggy
20,iggy azalea
1,iggy azalea & wiz khalifa
1,iggy ignotius
2,igloo two
6,iglooghost
1,iglooghost & mr. yote
1,iglooghost & tay devenny
1,iglu & hartly
1,ignacio
1,ignacio torcido
1,igor kmeťo
1,igor stravinsky & salami fingers
1,iheartmemphis
1,ihon
1,ii forreala
1,ii pride
1,ii tone & lord infamous
1,ii tru
1,iipeace
1,iisi ö
1,ijo
1,ikabod bum
1,ikaz
2,ikaz boi & myth syzer
1,ikd-sj
1,ike
1,ikon
3,ikon (아이콘)
2,ikscheltaschel
1,il l tune
1,il torsolo
1,il-egal
1,ilacoin
6,ilajide
1,ilan kabiljo
1,ilarius
1,ilegales
2,ilkka kalevi tillanen & rantaremmi
2,ill
1,ill advised
2,ill advised & rahsheed
3,ill al skratch
2,ill behavior
16,ill bill
1,ill bill & necro
1,ill bill & steven king
1,ill bill & vinnie paz
2,ill biskits
1,ill boogs
1,ill brothers
1,ill chemistry
1,ill children
1,ill clinton
1,ill conscious
1,ill distracxion
3,ill doots
1,ill effect
1,ill got ten
2,ill harmonics
1,ill heaven & poseï manifest
1,ill heaven & sho'r eze
1,ill insanity
1,ill jake
1,ill logic
1,ill mentality
4,ill mitch
1,ill move sporadic
1,ill move sporadic & tenchoo
1,ill phil & lorenzo
4,ill poetic
1,ill poetic & voice of reazon
1,ill premizz
1,ill semantics
2,ill suono
1,ill tone & shade cobain
2,ill-mannered
2,ill.gates
1,ill.gates & meesha
12,ill.sugi
1,ill.sugi & infinito 2017
1,ill.sugi & yagi
1,ill2lectual & illogic
3,illa ghee
8,illa j
1,illa-dapted
1,illaborate minds
2,illadope
1,illah dayz
2,illangelo
1,illbert
3,illecism!
1,illectric gold
1,illegal
1,illegal jazz poets
2,illegal substance
1,illegitimate children
1,iller & virtual flannel
1,iller than theirs
2,illfightyou
10,illfigure.
1,illfigure. & jayp
1,illicit dialect
1,illinformed
2,illingsworth
1,illinit (일리닛)
1,illit
4,illmaculate
2,illmaculate & onlyone
2,illmatic
1,illmentedvibes
3,illmont
2,illo
1,illo 77
8,illogic
1,illogic & walter rocktight
1,illoquence & rythmatical
1,illpickl
2,illpo & oc from nc
1,illreme (イルリメ)
1,illset infantry
1,illthought
1,illu!
3,illum sphere
1,illuminalogists
2,illuminate
2,illus
1,illusive
2,illustrate
1,illustrious
1,illuzual
1,illvibe
1,illvibe collective
1,illvince
1,illwerd & xp
9,illy
1,illy & m-phazes
1,illy b
9,illya kuryaki and the valderramas
20,ilovemakonnen
1,ilovemakonnen & rich the kid
1,ilpikaso
1,ilumminertia
1,ilya id
1,ilyas
1,ilyas & quintessence james
1,ilюшδ
2,im
1,image ctrl
1,imagine dragons
2,imagined herbal flows
1,imagé
1,imajin
1,imajj & prozperad
1,imakemadbeats
12,iman omari
3,imani coppola
2,imanos
1,imgjr
1,imhotep
6,imiskoumbria (ημισκούμπρια)
1,imjin
1,imlogicirap
3,immature
1,immigrate us
2,immortal 95 & mesafee
2,immortal beats
1,immortal lowlife & mr. sche
21,immortal technique
1,immortal technique & lowkey
1,impact
1,imperfekt
1,imperial & k.i.n.e.t.i.k.
1,imperial brothers
2,imperial leisure
2,imposs
1,impossible nothing
1,improv
1,impuls
1,imran khan
1,in essence
1,in house ent
1,in the panchine
1,in-capp family
1,in-tense
2,in3
1,in_house ent
1,in_site
1,inadaptats
2,inchange
1,incidents
4,incise
1,inclined
1,incoqnekro
1,incubus
3,indecence
1,indelible
1,indelible mc's
1,indepth
1,indescribableindy
1,index
1,india.arie
1,indian summer
1,indiana pacers
1,indias indios
2,indie
1,indie rhyme collective
1,indigenous
1,indigenous ak
1,indigo
1,indigo jam unit
1,indigo kids
3,indigo q
1,indigo/one
2,indjnous
2,indo g
1,indo g & the ghetto troopers
1,induce
1,indy & wich
3,inf
1,inf & spycc
2,infa-red
1,infallible
3,infamous mobb
1,infamous mr. savage
1,infamous syndicate
2,infectious organisms
1,infered
1,inferno79
1,infinit'
2,infinite
2,infinite (인피니트)
1,infinite description
1,infinite flow (인피니트 플로우)
2,infinite h (인피니트h)
2,infinite knowledge
2,infinite livez
1,infinite livez & stade
9,infinite mass
1,infinite penz
1,infinite quazar
1,infinite scale
1,infinite shades of gray
1,infinitefreefall
2,infiniteways
1,infinitewrhl!
2,infinitirock
2,infinito 2017
1,infinito 2017 & unagi
1,infinity gauntlet
1,infinity shred
1,influence
2,infntlp
1,infragreen
1,infrakt
1,infrared
1,inga
1,inglebirds
1,ingrid
3,inherit
1,inhumanz
2,ini
1,ini 
1,ini kamoze
1,inja
2,injury reserve
1,ink
1,ink.
1,inka
1,inkagn!to
2,inkke
1,inkliing
1,inkwell the biologic
1,inkyz
2,innanet james
1,innate & ep
1,inner
2,inner circle
2,inner city posse
2,inner city thugs
1,inner sound
3,innereyefull
2,innersoul
1,innerstance.beatbox
1,innerzone orchestra
2,innhale
1,innobushu
1,innovator (이노베이터)
1,inntimatesound
1,innuendo
4,inogeful
2,inoj
1,inori
2,input
1,input & square two
4,insacure
1,insane
1,insane analog
1,insane bangers
1,insane cirkle
60,insane clown posse
3,insane clown posse & twiztid
2,insane poetry
1,insideamind
12,insight
1,insight & spilled acid productions
11,insightful
7,insolence
8,inspectah deck
1,inspectah deck & j-love
1,inspector ital
1,inspirade
1,inspire music
2,inspired flight
1,instant romantic floor
1,instituto
1,intaesdrugs
1,intellekt and dirty digits
6,intelligent hoodlum
1,intelligent pushing
8,intention
1,interactivo
1,international affairs
1,international jones
1,international pony
1,internet police
1,inthevisualz
1,intik
2,intouchable
1,intrepid stylez
3,intricate dialect
1,intricate minds
1,introcut
2,intrusive thoughts
1,intrynix
5,intuition
1,intuition & verbs
1,intuitive
2,inugami
7,invention
2,inverse
1,inverse phase
1,inverse universe
2,invincible
2,invincible ninja a.k.a god beatninja
2,invokeone
1,invy
1,inzoe
1,ioan delice
2,iomos marad
1,iosys (イオシス)
1,iq
1,ir1
1,ira lee
1,irah cane
1,irahnik
1,irapalot
1,iraq
2,ircasim
2,irealz
1,irenic
4,irie maffia
1,irie sol
1,irie sounds int'l & joshua
3,iris
1,iron braydz
1,iron lyon
1,iron ora & pfm
1,iron sheiks
1,iron solomon
1,ironblademusicgroup
1,ironfizt
1,ironic
1,ironik
1,irreverencias
1,irs
1,irv da phenom
1,is he real?
1,isa (infinity soawesome)
1,isaac aesili
1,isaac leo
1,isaac phase
1,isaak pancake
1,isaiah
1,isaiah 2.0
1,isaiah 808
1,isaiah dreads
1,isaiah merriweather
6,isaiah rashad
1,isaiah small
6,isaiah toothtaker
1,isaiah toothtaker & jacob safari
1,isaiah toothtaker & max b
1,isaiah toothtaker & mestizo
1,isaiah toothtaker & rapewolf
3,isaiahthe3rd
2,isar
1,ise
1,ise lyfe
1,ish beats
1,ishdarr
1,isher roth
2,ishi
1,ishkan
1,ishkan & moka only
1,isic strans
1,isir
1,iskender paydaş
1,island trybe
1,ismen
3,isness
1,iso h
1,isolated beingz
8,ison & fille
1,isreal
1,issa gold
1,issac squab (아이삭 스쿼브)
3,issue
1,issugi
1,istanbul trip
2,iswhat?!
1,it is rain in my face.
1,ital tha ruffian
1,italics
1,italo
1,itch
1,ito
1,itsnate
1,itsyaboih2
1,itto
5,iv my people
3,iv the polymath
1,iva bittová & javas
4,ivan ave
3,ivan ives
1,ivan ooze
1,"ivansito ""moc"""
1,ivens
1,ives & metapød
1,ivory leone
1,ivory shakedown
3,ivy lab
3,ivy queen
1,ivy sly
1,ivy sole
2,iván nieto
1,iwant
1,iwi
1,ixzo
2,iyeoka
1,iyeoka performed by quadraphonix
1,iz-real
1,izah yung god
1,iziahgod
2,izo
1,izreal
1,izumi macra
5,izumi macra (泉まくら)
1,izvra
2,izy
1,izz
1,izza kizza
1,izzi dunn
1,izzie gibbs
1,izzy
1,izzy & switchmix
1,izzy bones
1,izzy dunfore
1,izzy jone$
1,izzy scal
12,izzéo
8,iḷ l ṯuṇe
1,j
1,j $tash
1,j .lately
4,j alvarez
1,j banks
1,j beats
2,j beatz
2,j bigga
4,j boogie's dubtronic science
1,j brown & mr.xquisit
2,j cook
51,j dilla
1,j dilla & joey bada$$
1,j dilla & nas
1,j dilla & phat kat
1,j e d h
3,j hus
1,j inthename
1,j latham & missy elliott
1,j mistro & stefisdope
1,j mrcl
1,j o r d a n
1,j paul getto
1,j prophet
1,j reno
2,j riskit
1,j rob
29,j rocc
1,j rocc & jaylib
1,j rocc & steinski
1,j rock
2,j shiltz
1,j sky walker
1,j soul brothers
1,j spades
1,j todd
1,j weez
1,j wells & kurupt
1,j wheels
1,j!mmy ston3r
1,j'sam
2,j*davey
2,j-88
2,j-ax
1,j-bo
1,j-boogie's dubtronic science
1,j-coop
1,j-dawg
1,j-dawg & underboss
4,j-diggs
1,j-diggs & poodeezy
2,j-doe
1,j-enigma
1,j-essential
1,j-felix
1,j-five
1,j-flexx
3,j-force
1,j-haze
1,j-hood
1,j-j
1,j-kid
1,j-killa
6,j-kwon
25,j-live
1,j-live & richy pitch
3,j-louis
13,j-love
1,j-love & meyhem lauren
1,j-love & roc marciano
1,j-love & sean price
1,j-love & the game
1,j-mac
1,j-man
1,j-merk
1,j-one
2,j-pegs the legend
3,j-ro
1,j-script
1,j-slim
1,j-son
9,j-stalin
1,j-stalin & l jay
1,j-stalin & lil kev
1,j-stalin & the world's freshest
1,j-stalin & young doe
1,j-walk
1,j-wess
1,j-wiz
1,j-yak
3,j-zen
22,j-zone
9,j. armz
32,j. cole
2,j. dash
2,j. davis trio
1,j. gillie
1,j. goods
1,j. harden
3,j. holiday
1,j. ivy
1,j. king & maximán
1,j. kingz
1,j. kwik
1,j. leon & rasta b
1,j. malik
2,j. manifesto
1,j. martins
2,j. mundaca
3,j. period
2,j. period & k'naan
1,j. period & kanye west
1,j. period & zion i
2,j. pinder
8,j. rawls
1,j. redd
1,j. reid
1,j. sana
1,j. sands
1,j. schweitzer
1,j. see
2,j. spencer
2,j. vibes
1,j. wells
1,j. williams
1,j.aya
1,j.b. beat & j.j. fad
1,j.bizness
1,j.bizness & trek life
1,j.blackz
1,j.bless & seasunz
1,j.bre
1,j.f. kennedy
1,j.fam
1,j.fear
1,j.good
1,j.householder
1,j.hurt
1,j.i.
2,j.j. brown & louis logic
3,j.j. fad
1,j.k. the reaper
1,j.keuz
2,j.keuz & scoop
1,j.kill (제이킬)
1,j.l. kane
2,j.lately
1,j.m.
1,j.melik
1,j.o. the last man
1,j.p. buckle
1,j.period & b.i.g.
1,j.period & game rebellion
1,j.period & the roots
2,j.r.
10,j.r. writer
1,j.robb
1,j.s. aurelius
1,j.t. taylor
1,j.u.s.t.i.c.e. league
1,j.walker
1,j.wood
1,j/\y
1,j/a/shawn
1,j1k
2,j1three
14,j57
1,j57 & koncept
1,j57 & rasheed chappell
1,j57 & sene
1,j7
1,j90
15,j^p^n
1,j_oddity
19,ja rule
1,ja trigga
7,jaa9 & onklp
1,jaacoobi
1,jaali cypher
4,jaapur
1,jaasper
3,jabba da hutt football club
1,jabbathakut
1,jabberloop & soft lipa (蛋堡)
2,jabberwacky
1,jabee
1,jabu
2,jabuligan.
1,jac brainchild
1,jacc ruben
1,jace
1,jace abstract & robin da landlord
1,jace xl & s i l e n t j a y
2,jack
5,jack & jack
1,jack bennett
1,jack cates
3,jack cc
1,jack dat & jammz
1,jack dice
3,jack flash
3,jack flash & wizard
1,jack flawless
2,jack hartmann
1,jack jetson
1,jack lion
4,jack parow
1,jack prest
2,jack rae
1,jack savage
3,jack sin
1,jack spairo
1,jack splash
1,jack the ripper
1,jack the smoker
1,jack vance
1,jack venom
1,jack vie
1,jack ü
1,jack ❂
1,jack&max
1,jackal
1,jackcity
1,jackers
1,jackhigh & teebs
1,jacki-o
1,jackie
1,"jackie ""small"" cochran"
1,jackie chain
1,jackie hill perry
5,jackie onassis
1,jackie-o motherfucker
1,jacks of all trades
1,jackson breit
1,jackson conti
1,jackson fear & vahco before horses
1,jackson jackson
5,jackson jones & qwel
3,jacktown villain hq
1,jacob 2-2
1,jacob fred jazz odyssey
2,jacobi wichita
1,jacque polynice
4,jacquees
3,jacques jupiter
1,jacuzzi
1,jad rec
19,jadakiss
1,jadakiss & lil wayne
3,jadakiss & styles p
1,jade lathan
1,jade ox
1,jaden kim
1,jae b.
1,jae genius
1,jae harmony
1,jae ill & kid klash
6,jae millz
1,jae smiles
1,jae synth
1,jae willz
1,jae x cohen
1,jaegenius & metro zu
1,jaeson ma
1,jaffa gate & noah23
1,jag
1,jag1
1,jage
7,jagged edge
1,jagged edge & jermaine dupri
2,jagoff
1,jagstrumentals & milidee
1,jaguar pyramids
1,jaguar skills
2,jah freedom
1,jah vinci
1,jah-leel
1,jah-xi
1,jah-xi beats
1,jahbitat
1,jahdan blakkamoore & robzilla
2,jaheim
2,jahi
5,jahkoy
3,jahlil beats
3,jahred
1,jahsh
1,jahshoota
1,jahshua smith
1,jahzboo
1,jai nitai lotus
1,jaildog
1,jailo & kappa kavi
1,jairemie alexander
2,jairtheshadow
1,jaisaun
1,jaison burn
3,jaisu
1,jaja breaks
1,jakarta records
1,jake allison & strong suit
1,jake biz
1,jake cheriff
1,jake franco & odissea
1,jake goldwaters
1,jake jenkins
1,jake kirk
1,jake knew
1,jake kost
1,jake la furia
2,jake lefco
3,jake miller
4,jake one
1,jake robertz
1,jake tit
1,jakk frost
4,jakk wonders
2,jakki da motamouth
1,jakob hengst
1,jakob22
1,jakon
2,jakprogresso
1,jakubi
1,jala & buba corelli
1,jalal
1,jalal salaam
1,jalen & jalen tuna
1,jalen the beat boss
1,jalen tuna
1,jales und knopf
1,jalil
2,jaloo
1,jam & p dox
1,jam & p.dox
3,jam baxter
1,jam baxter & jon phonics
2,jam city
2,jam d.o.t.
1,jam d.o.t. & trybal-men
1,jama & w
1,jamaaladeen tacuma
1,jamaika
4,jamal
1,jamaljabiby
2,jamall bufford
1,jamall bufford & kensaye
3,jamalski
1,jamal©
2,jamar equality
1,jamar sims
1,jamaree the gentleman
1,jamaris
1,jamboy
5,jamelia
1,james
1,james blake
1,james brandon lewis
3,james brown
1,james brown & tall black guy
2,james cole
1,james deano
3,james delleck
1,james doe
1,james ferraro
1,james gardin
1,james hutch
1,james john
4,james lavelle
1,james lavelle & nigo
1,james lewis
1,james martian
1,james matthew
5,james mcclain
2,james medley
8,james pants
29,jamesmocro007
1,jamesreindeer
1,jamie blake
1,jamie coleman
1,jamie cullum
1,jamie cullum & mos def
7,jamie foxx
1,jamie grace
1,jamie jermaine
1,jamie kennedy & stu stone
1,jamie lynn sigler
1,jamie madrox
1,jamie n commons & x ambassadors
5,jamie t
1,jamil suleman
4,jammer
1,jammin gerald
1,jammineye & plots
2,jams
1,jams dean
2,jan böhmermann
2,jan delay
1,jan hammer project
1,jane tyrrell
1,jane zhang (张靓颖)
1,janek gwizdala & malakai
5,janelle monáe
12,janet jackson
1,jang mp
1,jang you seok (장유석)
1,jangan
1,jango jack & ol kainry
7,jansport j
2,jantar
1,jap x bdsm
2,japanther
1,japanther & juiceboxxx
2,japhy ryder
1,japrazz
2,jaqe
1,jare & villegalle
1,jared
2,jared evan & statik selektah
2,jared paul
1,jarek kasar
1,jargun
1,jarmzzz
1,jarod
1,jarreau vandal
4,jarren benton
1,jarren benton & smka
1,jarris
1,jarspis
1,jarv dee
1,jasari x
4,jasiri x
1,jasko
1,jasmine guy
11,jason derulo
1,jason downs
2,jason f
1,jason feathers
1,jason haft
1,jason heart
1,jason lescalleet
2,jason nevins & run-d.m.c.
1,jason pfaff
2,jason the argonaut
1,jason voriz
1,jasper & the prodigal suns
1,jasper muse
1,jasper the vinyl junkie
10,jasperino
1,jasperino & sugar cane davis
3,java
1,javeem
4,javelin
1,javeon mccarthy
1,javier
1,javier colon
1,javis faux
1,javon
3,jaw
1,jaw gems
2,jawat!
1,jawga boyz
1,jaws that bite
3,jax
4,jay
1,jay 5ive & kromestar
2,jay alpha
1,jay are
1,jay bee
1,jay bezel
1,jay bharadia
1,jay capone
1,jay ceasar
2,jay cue
2,jay curry
1,jay d'andre
1,jay dot
1,jay e & murphy lee
12,jay electronica
1,jay entendre
1,jay eye
1,jay glaze & pro celebrity golf
1,jay hardway & martin garrix
2,jay idk
1,jay illestrate
1,jay jay juet
2,jay kay
1,jay kay x mace beats
1,jay kubes
1,jay love
1,jay love baby
1,jay michael
2,jay moses
1,jay nyce
1,jay odyssey
11,jay park (박재범)
1,jay park (박재범) & ugly duck (어글리덕)
2,jay pluss
3,jay prince
4,jay remi
3,jay roacher
13,jay rock
1,jay rock & kendrick lamar
1,jay scarlett & onur engin
9,jay sean
1,jay sentine
1,jay sisko
2,jay stone & monster rally
1,jay taj
2,jay tee
1,jay tee & mac dre
1,jay the kidd
1,jay wizard
66,jay z
1,jay z & jimi hendrix
5,jay z & kanye west
1,jay z & kno
1,jay z & lil wayne
3,jay z & linkin park
1,jay z & mf doom
1,jay z & nas
1,jay z & nirvana
1,jay z & r. kelly
2,jay z & radiohead
1,jay z & rick ross
1,jay z & tapemasters inc.
1,jay z & the notorious b.i.g.
1,jay z & the roots
3,jay-free
1,jay-sin
1,jay-vega
26,jay-z
1,jay-z & jimi hendrix
2,jay-z & kanye west
1,jay-z & profound
2,jay-z & r. kelly
1,jaybeatz
1,jayboogie
1,jayceeoh & riot ten
1,jayceeoh & sammy adams
1,jaycop
1,jayda
1,jayder & piezas
1,jaydizy at urban romantic city
1,jayfifteen
1,jaygaddy
1,jayjayborn2sing & tony as
1,jayli
8,jaylib
1,jaylib & madlib
1,jaylib vs. j-rocc
3,jaylotus
1,jaymax vi & salomé je t'aime
2,jaymibang
4,jayo felony
1,jaysin stone
1,jayspaten
1,jaysus
1,jayt (제이티)
1,jayton tha mac
1,jaytram
1,jaywalkerblack
1,jayy tha knight
1,jayyeah
1,jaz b. lat'n
1,jaz-o & the immobilarie
4,jaze baqti
1,jazmine sullivan
3,jazz addixx
4,jazz cartier
2,jazz chronicles
1,jazz con bazz
1,jazz dialogue
8,jazz liberatorz
1,jazz mafia
1,jazz not jazz massive
8,jazz one
1,jazz poets society
8,jazz spastiks
1,jazz spastiks & junclassic
1,jazz spastiks & rebels to the grain
1,jazz spastiks & sleep sinatra
3,jazz two
3,jazzanova
1,jazzanova & mr. scruff
2,jazzberry ram
1,jazzie b
1,jazziel & melaz
2,jazziel funkard
6,jazzkantine
2,jazzo & melodiesinfonie
1,jazztronik
2,jazzy bazz
1,jazzy dee
1,jazzy jay
1,jazzy jeww
1,jazzy jim
1,jazzy joyce & sweet tee
1,jazzyfact
1,jb aka dirty moses
1,jb m'piana
1,jb nimble
1,jbarb
1,jbb
1,jbeat one
1,jbenlad
2,jbrown & the mic smith
1,jc-001
1,jca
1,jcal
1,jcd and the dawg lb.
1,jcreep
1,jd era
3,jd walker
2,jd. reid
1,jdante & jusoul
1,jdiggz
2,jdigital
1,jdog & mc2
1,jdot
1,je suis le petit chevalier
3,je$u$
1,je'kob & je'kob washington
1,jealous gold
1,jean deaux
18,jean grae
1,jean p & lakim
2,jean-cyrille
1,jean-louis costes
1,jeancørdon
1,jeanjass
1,jeanx (진엑스)
1,jeaz music
4,jebroer
1,jed dust & souljerz of fortune
1,jedi knights circle
15,jedi mind tricks
2,jeedo
1,jeejaa
1,jeen bassa
3,jeep beat collective
13,jeepz
1,jeepz & the archivist
15,jeezy
5,jefe de la m
1,jeff beats
2,jeff bernat
1,jeff chery
2,jeff le nerf
1,jeff onedo
2,jeff spec
1,jeff-is-he!
2,jeffdamc
1,jefferson price
2,jeffree star
1,jeffro
1,jeffy obvious
1,jego
12,jehst
1,jehst & lee scott
1,jehst & sebastian rochford
1,jehst & strange u
2,jeijjo & nupi
1,jeis
14,jel
4,jel & odd nosdam
1,jelacee
1,jelani
1,jelleestone
2,jelly roll
1,jelly roll & lil' wyte
1,jellybass
4,jellyfish brigade
1,jellyfish phrank
1,jellyroll
1,jem
2,jemapur
1,jemini the gifted one
1,jen and the juice
1,jendor
1,jendor & m.i.k
1,jeni calhoun
1,jenn johnson
2,jennifer hudson
13,jennifer lopez
4,jenova 7
1,jenova 7 & eddie shinn
1,jenova 7 & mr. moods
1,jensen kimmit
1,jentina
1,jeremiah
12,jeremiah jae
1,jeremiah jae & l'orange
1,jeremiah jae & oliver the 2nd
1,jeremiah jae & teebs
17,jeremih
1,jeremih & shlohmo
1,jeremmihh
1,jeremy bejines
1,jeremy jones
2,jeremy jordan
1,jeremy rodney-hall
5,jermaine dupri
1,jermaine dupri & mariah carey
2,jermaine quiz
2,jermiside
2,jern eye
1,jernade miah
1,jerome lol
1,jerreau
1,jerri
1,jerrod niemann
1,jerry dub & lofty305
1,jerry gari
1,jerry k (제리케이)
1,jerry the prodigy
1,jersey ave.
12,jeru the damaja
1,jerzee monet
1,jes$
1,jes1rhyme
1,jess kent
1,jess lipworth
1,jesse andre
1,jesse baez
2,jesse boykins iii
2,jesse boykins iii & melo-x
1,jesse calico
4,jesse dangerously
3,jesse futerman
1,jesse heikkinen & olli-pa
2,jesse james solomon
1,jesse jaymes
1,jesse jones
1,jesse judd & tom pepe
1,jesse marco
1,jesse martin
1,jesse scott
1,jesse scott & justjay
1,jesse slayter & rattraps
1,jesse west
1,jessesinceremusic
1,jessica
1,jessica mauboy
1,jessica zenzen
1,jessie andrews
1,jessie chambers
1,jessy james
1,jessy lanza
1,jestofunk
1,jesty beatz
2,jesuly
1,jesus & batman
1,jesus divine
1,jesus fipsuz & manumaticx
1,jesus the carpenter
1,jet gladstone
1,jet life
1,jetpack jones
2,jets
1,jetsam & wizard
1,jett i. masstyr
1,jeury san
1,jewel
2,jewelz infinite
1,jeyz
2,jez dior
1,jezreel
5,jeżozwierz
2,jeżozwierz & o.s.t.r.
1,jf million air
1,jfk
1,jfk & statik selektah
1,jgivens
11,jgrxxn
3,jhas
4,jhené aiko
2,jhfly
1,jhfly & squid ethics
1,jhi-ali
1,jhonny presley
1,jhono
2,jib kidder
1,jibbarish & oozhe
2,jibbs
1,jibri wise one
1,jiddy
5,jidenna
1,jidvi
2,jigg
2,jiggy djé
1,jiggy drama & slow mike
3,jiggy fellaz (지기 펠라즈)
1,jiggyjoe
6,jigmastas
1,jihad jaice
1,jiiyu
1,jikay & mnkn
1,jilk
1,jill real
2,jill scott
5,jim
1,jim dunloop
1,jim guthrie
1,jim hill
1,jim james
1,jim johnston
16,jim jones
1,jimblah
1,jimetta rose
1,jimi da cpu
1,jimi hendrix & lightnin' rod
1,jimi hendrix & wu-tang clan
1,jimi nxir
1,jimi presha
1,jimi tents
2,jimin (지민)
3,jimmer millions
1,jimmy edgar
1,jimmy flamante
1,jimmy ho & torpeedoh
3,jimmy jay
2,jimmy johnson
2,jimmy jr
1,jimmy kelso
1,jimmy luxury & the tommy rome orchestra
1,jimmy penguin & symatic
4,jimmy pé
1,jimmy the alpha
1,jimmy whoo
1,jimmy z
1,jin n juice
3,jin-xs
2,jinbo (진보)
1,jincallo
1,jinesis
4,jinmenusagi
5,jinsang
1,jinsil (진실) & tablo (타블로)
2,jinusean (지누션)
1,jinx
1,jinx in dub
1,jiony
1,jiro dash
1,jisah
1,jitwam
1,jive cuttah
3,jivin scientists
2,jizue
1,jizzla & taximon
2,jizzm
3,jj
1,jj demon
3,jj doom
1,jj project (제이제이 프로젝트)
1,jjcc (제이제이씨씨)
8,jk soul
1,jkl funk days
1,jkr70
1,jkron4prez
1,jl & manifest
1,jl b.hood & smartalec
1,jls
2,jltismé
2,jman
1,jmc
10,jme
1,jme & skepta
1,jmega the god
4,jmsn
1,jnatural
4,jneiro jarel
4,jnthn stein
1,jnyce
1,jo hyeon young (조현영) & sool-j (술제이)
1,jo twist
1,jo wayne
1,jo3
1,joadd
1,joan as police woman
1,jodarok
1,jodarok & jontti
4,jodeci
2,jody breeze
1,jody highroller
1,jody watley
1,jodövade
8,joe
1,joe amato iii
1,joe bataan
4,joe beats
1,joe beats & blak
1,joe beats & maker
1,joe beats & non-prophets
1,joe black
1,joe blakk
5,joe blow
1,joe blow & philthy rich
31,joe budden
1,joe buhdha & klashnekoff
1,joe commisso
1,joe cool & nezbeat
1,joe cutter
3,joe driscoll
1,joe enormous
1,joe hawley
3,joe kickass
3,joe la mouk
1,joe lucazz
1,joe mansfield
1,joe melendrez
1,joe muggs & will ashon
1,joe pesci
2,joe public
1,joe ransom
2,joe rilla
1,joe scudda
1,joe smokes wisdom
1,joe snow
1,joe.d (조디)
4,joe.e
1,joel fletcher
1,joel kellem
1,joel siméus
1,joel turner
2,joel turner and the modern day poets
1,joel.
2,joelistics
11,joell ortiz
1,joell ortiz & novel
1,joell ortiz & suge white
1,joelle
2,joeltze
1,joey & s.b.
1,joey and norman jay
1,joey b. ellis & tynetta hare
1,joey b. ellis and tynetta hare
25,joey bada$$
1,joey beats
2,joey chavez
3,joey fatts
1,joey knowva ... x9 ... spanix graza
1,joey le soldat
2,joey moe
1,joey molina
1,joey negro
2,joey purp
1,joey ripps
1,joeybagadoughnuts
1,joeybro$
1,joeydgaf
3,joeystarr
1,joga joga
1,jogging house
1,johan alander
1,johann sebastian bach performed by andrew huang
1,johann sebastian bach performed by various artists
2,johaz
1,john b. rambo & tacteel
1,john boom & the jellyfish
1,john brown the rebel
2,john cena & tha trademarc
1,john cena & wiz khalifa
1,john doe
1,john dope
1,john dope & top$
1,john e cab
3,john forté
1,john frost
1,john frusciante
2,john givez
1,john graham
1,john healy
1,john jr.
1,john koffy
1,john kong
4,john legend
3,john legend & the roots
1,john looke
1,john morrison
1,john orpheus
1,john regan
7,john reuben
2,john robinson
1,john robinson & kyo itachi
1,john robinson & lewis parker
1,john robinson & pvd
1,john robinson & robot koch
1,john s.
5,john smith
1,john smith & mcenroe & birdapres
1,john stapleton
1,john talabot & marc piñol
4,john the baptist
1,john wayne
1,john webber & juri
1,john wolfhooker
1,"johnny ""j"""
1,johnny 20/20
1,johnny b. goode
1,johnny bishop
1,johnny blanco
1,johnny blaze
1,johnny bongzila
2,johnny boy
1,johnny ciggs
1,johnny ciggs & profound79
2,johnny cinco
1,johnny cinco & og maco
1,johnny gill
1,johnny kemp
1,johnny kilroy
1,johnny massacre
1,johnny mauser
4,johnny may cash
1,johnny moto
5,johnny north
1,johnny p
1,johnny pastorius & robert trujillo
1,johnny pepp
1,johnny phantem
4,johnny polygon
1,johnny polygon & karamloop
1,johnny purpseed
2,johnny rain
2,johnny richter
2,johnny rock
1,johnny smathers
1,johnny tra$h
1,johnny u.
1,johnny vicious
1,johnny voss
2,johnson
2,johnson&jonson
1,johny drop
1,johny flohs
1,johron jet$on
1,joi
1,joint chiefs
1,joint ventures
5,joji
1,jojo
1,jok sad
5,joka
11,joke
2,joker
1,joker & rustie
1,joker (bandcamp)
1,joker (crazy rappers)
1,joker starr
3,joker the bailbondsman
3,jokeren
1,joleon davenue
1,jolly b
1,jolly v (졸리브이)
1,jom & said
4,jomac
2,jon b
3,jon bap
1,jon barnea
5,jon bellion
1,jon belz
1,jon benjamin jazz daredevil
10,jon connor
1,jon content
1,jon doe
1,jon doe & rumble town
1,jon hope
1,jon kennedy
7,jon lajoie
1,jon legacy jay
1,jon macek
3,jon murdock
5,jon phonics
1,jon the barber & young mcfly
1,jon__
3,jonas
2,jonas the plugexpert
1,jonas tilden
1,jonasforfanden
2,jonathan davis
1,jonathan denvers
1,jonathan emile
1,jonathan lowell
1,jonathan mathis
1,jonathan moroze
1,jonathan tobin
1,jonathan toth from hoth
1,jonathan toth from hoth & mf doom
1,jonathon wall
1,jonay
2,jondis
1,jondis & keor meteor
1,jonell
2,jones jnr.
3,jonesmann
1,jonesmann & olli banjo
1,joniveli
1,jonn hart
1,jonna fraser
1,jonny 5
1,jonny briers
1,jonny craig & kyle lucas
1,jonny drop
2,jonny faith
1,jonny knives
1,jonny l
1,jonny october
1,jonny shipes
1,jonny virgo
1,jonny williams
2,jonti
2,jontti
4,jontti & shaka
19,jonwayne
1,jonzun crew
1,joob
2,jooks
3,joomanji
1,joon bug
1,joose
1,joosuc (주석)
1,jordan
1,jordan boney
1,jordan bratton
1,jordan lee
1,jordan miche
1,jordan rakei
2,jordan river banks
1,jordan williams
1,jordanbaroncrow
2,jordin sparks
1,jordxn
1,jorge lanata
1,jorge quintero
1,jorgesus christ
1,jorrdee
1,jorun bombay
1,jory welch
1,josbi
1,jose
1,jose rios
1,jose-rap
1,josef ayala
1,josef leimberg
1,josemi carmona
1,joseph collins
5,joseph jacobs
1,joseph nanner
1,joseph trapanese & mike shinoda
1,josephine johnny
1,josh alexander
2,josh augustin
1,josh baze
1,josh boots
2,josh furey
1,josh garrels
2,josh hey
1,josh idehen & lv
11,josh martinez
1,josh mccoy
1,josh michalec
2,josh one
1,josh osho
2,josh pan
1,josh stevens
1,josh thomas
1,josh tru$t
4,josh vietti
3,joshi mizu
1,joshrefe
1,joshua
1,joshua fields
1,joshua linsky
1,joshua soria
2,joshua watkins
1,josiah
1,josip klobučar
2,josip on deck
1,josué josué
2,josé james
14,jota ese
1,jota ese & mgkrp
3,jotamayúscula
3,joule$
1,joule$ & trashcat
1,journalist 103
1,jov0jova
12,jovanotti
1,jovanotti & soleluna ny lab
2,jovi
1,jovi rockwell
1,jovial
1,jovine
1,jovishes
2,joy denalane
1,joy gatsby
1,joy guerrilla
1,joya mooi
1,joya mooi & kubus
1,joyride
1,joyryde
1,jozeemo
1,jozi
1,jp & laqueus
1,jp & lord infamous
2,jp (김진표)
2,jp beats
1,jp manova
1,jp moregun
1,jparis
1,jpdreamthug
2,jpegmafia
1,jpod
1,jpod & the root sellers
1,jprizm
2,jq (제이큐)
5,jr & ph7
1,jr ewing
2,jr swiftz
1,jr&ph7
1,jr. kong
1,jrd
1,js
3,jsand
1,jsand & melody q
1,jsb
2,json
1,jsoul
1,jsph
1,jsquared & the stoops
5,jstar
3,jt money
1,jt money & the poison clan
9,jt the bigga figga
1,jt the iriginal
2,jthunder
1,jtong (제이통)
1,jtrux
1,ju$tice
2,ju-ar
1,juan cristobal
1,juan deuce
2,juan michael og
7,juaninacka
3,jublet
1,judah
1,judah priest
2,judge d
5,juels
1,juelz
12,juelz santana
7,juelz santana & lil wayne
1,juez
5,juggaknots
1,juggaknotz
1,jugglerz & kaas
1,juggy d
1,jugs
4,juhani
7,juice
3,juice aleem
1,juice crew all stars
1,juice with soul
6,juiceboxxx
33,juicy j
2,juicy j & wiz khalifa
1,juicy p
4,juj
4,juju
1,juju rogers
1,juke baxx
2,jukebox champions
6,jul
1,jules chaz
1,julian
2,julian code
1,julian malone
2,julian rhine
2,julian wass
1,juliana huxtable
1,julien
3,julien dyne
1,julien-k
1,juliensblog
1,juliet starling
1,julio serrano
1,julious marvesol
1,julius reefer
2,julkinen sana & ricky-tick big band
1,jully black
1,julma h
1,julma henri & rpk
1,julma-henri
1,julma-henri & laineen kasperi
1,julma-henri & rpk
2,julma-henri & syrjäytyneet
1,july
1,jumodaddy
1,jump & run
1,jump smokers
2,jumpsteady
1,jun nagaosa
2,jun tzu
1,jun.k (준수)
1,junclassic
1,junclassic & mr.troy
1,junclassic & wunderkind
2,june
1,june & mozzy
1,june blaze
1,june marieezy
5,june marx
1,junes
1,jung buffalo
1,jung yong hwa (정용화)
2,junggigo (정기고)
22,jungle brothers
1,jungle brown
1,jungle by night & the gaslamp killer
1,jungle monx
2,junglepussy
1,jungsund
1,junia-t
1,junior fatzz
6,junior m.a.f.i.a.
2,junior makhno
1,junior miguez
1,junior mungus & ritchrd
1,junior pande
1,junior tucker
1,junjo m
1,junk culture
3,junk science
1,junk science & scott thorough
2,junk yard band
2,junkadelic brass band
1,junktion
2,junkyard empire
5,juno
1,junouwhat
1,junsun
1,junyii
2,jupiter rising
19,jurassic 5
2,jus allah
1,jus beats & mordecai
1,jus def / x-town posse & the original x
1,jus frais & moka only
1,jus glo
1,jus time
1,juse
1,juse ju
5,jusoul
2,jussi kuoma
4,just a gent
1,just a love thing
1,just ben
1,just blaze & sinjin hawke
9,just d
1,just enjoy
1,just isaac
4,just jack
1,just jae
1,just james
1,just jay
1,just jay & moral one
1,just listen
6,just plain ant
1,just will
1,just-1
10,just-ice
1,just-n
1,justenvision
1,justice
1,justice & kaos
3,justice system
1,justimus
5,justin bieber
1,justin brave
1,justin depth
1,justin padron & smka
1,justin robinson & the mary annettes
6,justin timberlake
2,justin warfield
1,justine simmons & run-d.m.c.
1,justintong89
1,justintremaine
1,justis
1,justjay
1,justme
8,justus
1,justus & taktloss
4,justus league
18,juvenile
1,juzhin
4,jvc force
1,jvf clique
4,jvg
1,jvnitor
3,jw hype
1,jwillmusic
1,jwilmusic
1,jwles
1,jx2bigape
1,jxlbeats
1,jxo
1,jy
1,jyager & polar bear
3,jynx
3,jätkäjätkät
1,jéan p
1,jünyer
2,k a h a w ⋀ i l o ⋀ f
1,k bow
10,k camp
3,k koke
1,k l i ne
6,k theory
1,k zorro & ray vendetta
13,k'naan
1,k'nuckles
1,k+*
1,k+lab
3,"k, le maestro"
1,k-9 posse
1,k-boo
1,k-boogs & rocswell
1,k-ci
3,k-ci & jojo
2,k-dee
14,k-def
1,k-def & raw poetic
2,k-def & the 45 king
1,k-def & world renown
2,k-delight
1,k-embry
1,k-ey
2,k-fik
1,k-flex
2,k-gee
1,k-liber
3,k-maro
4,k-murdock
2,k-murdock & mega ran
1,k-no supreme & porn theatre ushers
1,k-nock
1,k-nova
17,k-os
5,k-otix
1,k-oz
1,k-reen
24,k-rino
1,k-riz
1,k-rob & rammellzee
1,k-rock
3,k-solo
1,k-swift
1,k-tel disco and the jeff effect
8,k-the-i???
1,k-the-i??? & shortrock
1,k-the-i??? & walter gross
3,k-wash
1,k-ya
1,k-young
1,k-yze
2,k. krooz
2,k. michelle
1,k. ronaldo
2,k. roosevelt
3,k. sparks
1,k.a.a.n.
1,k.a.s.h
1,k.a.s.t.a. & kut-o
1,k.b posse
2,k.b. & lil' flea
1,k.c. redd
1,k.e.v.o.r.k.i.a.n. & sortahuman
21,k.flay
1,k.flay & mc lars
1,k.free
1,k.h.brothers
1,k.i.n.e.t.i.k.
12,k.i.z.
1,k.l.o
1,k.m.c. kru
1,k.m.d.
1,k.raydio
1,k.raydio & psymun
1,k.s. flow
1,k15
2,k2
1,k2 family
1,k21
1,k23 orchestra
3,k7
2,k9
1,k:d
7,ka
1,kaa.ddu
1,kaali talkbox
1,kaan wafi
6,kaaris
1,kaaris & kalash criminel
2,kaas
1,kabaal
4,kabal
1,kabal & lofofora
1,kabanjak
1,kabanjak & protassov
1,kabee
1,kabee & ma johnson
2,kabir
1,kabocha
1,kaboose
4,kabuto the python
1,kacem wapalek
2,kaczor
1,kadence
3,kadiata
1,kae
2,kae sun
2,kaen
1,kaer
1,kaereps
1,kafani
1,kaffe crème
2,kagwe
9,kahawai loaf
2,kahli abdu
1,kahlil
2,kahlil brandon
1,kahlil cade
1,kahmi wan
1,kai (카이)
1,kai peaks
1,kai roberts
2,kai straw
1,kaidaи
1,kaigen21meiso
1,kail
1,kailo
4,kaimbr
2,kaimbr & kev brown
1,kaine
1,kaino
1,kaion
1,kairo kingdom
4,kaisa
1,kaisaschnitt
1,kaizer sose
1,kako synapantima (κακό συναπάντημα)
1,kal fresh
1,kal sereousz
1,kal-l & keor meteor
1,kalae nouveau
1,kalafro sound power
3,kalash
2,kalash l'afro
1,kalaш
1,kale & steen1
1,kaleef
1,kaleidoscope jukebox
2,kaleo
1,kalhex
1,kali
5,kali uchis
1,kali's finest
4,kaliber 44
1,kalibrados
1,kalifornia-keke & tommishock
3,kaligraph e
1,kaligraph e & khryo
1,kalim
1,kalin & myles
1,kaliphz
4,kaliyuga pro
1,kaliz & l'indécis
1,kalki
2,kallio underground
1,kallsen
1,kalm daan
1,kalm dann sound
1,kalmiston jormas
1,kaluara
1,kalva won
1,kalyanji anandji
4,kam
1,kam moye
1,kam royal
1,kam0
1,kamaal (카말)
1,kamaiyah
1,kamakaze
1,kamakazee
1,kamakazee & royal flush
2,kaman leung
3,kamandi
1,kamar
2,kamar yakach
2,kamau
2,kambino
1,kamel box
1,kamelanc
1,kamelancien
1,kameleon beats
1,kameleon beats & tiff the gift
1,kami-o
2,kamikazes
1,kamikazes & prezident
1,kamilah sumner
1,kamille carondelet
2,kamini
1,kamion
1,kamixlo
2,kamnouze
1,kamp & whizz vienna
1,kamufle
3,kamutao
1,kan
1,kan sano
1,kananga
3,kanał audytywny
2,kandžija
6,kane & abel
1,kane grocerys
1,kanibeat
1,kanin & peezy
1,kanis lu & the goat
13,kankick
1,kannable krazie
1,kannon
1,kannon and monk
13,kano
1,kansado
8,kanser
1,kant & tapesh
2,kanye east
113,kanye west
1,kanye west & lil wayne
2,kanye west & malik yusef
1,kanye west & nas
1,kanye west & pharrell williams
1,kanye west & pusha t
1,kanzulu
4,kaos
1,kaos one
2,kaotic style
1,kaotix
1,kap
1,kap & kinetic 9
1,kap g
2,kap kallous
7,kap slap
1,kapa
3,kapasiteettiyksikkö
1,kapeesh
1,kapital punishment
1,kapitán demo
1,kappah
1,kaptial & neogen
1,kapusta ja ?
2,karakusa beats
5,karamel kel
2,karaoke tundra
2,karate andi
1,karate king & friends
1,karavelo
1,karavelo & ken-i-produce
1,karaçalı
3,kardiac
1,kardiac & zehl
9,kardinal offishall
1,kardinal offishall & nottz
1,kareem
1,kareem & shadow huntaz
1,karelia posse
1,karen gibson roc
1,karen o
2,karess tha emcee
1,karess tha emcee & sam cyph
2,kari faux
1,karim aisiy
1,karim rashid
1,karimouche
1,karina nistal
9,karizma
3,karl hector & the malcouns
1,karl hinds
1,karl rabenhorste
1,karl sage
8,karl wolf
2,karlit & kabok
1,karlito
1,karlsson
1,karma atchykah
1,karma fields
1,karmacoda
1,karmah
1,karmah & kirblagoop
1,karman verdi
3,karmessiah
3,karmin
1,karmin & watsky
1,karol conka
7,karpe diem
1,karramba
2,karri koira
4,karriem riggins
5,kartellen
2,kartky
1,karyzmatik
1,kasbo
5,kase.o
1,kasha
1,kashaka & zebra katz
1,kashal-tee & looptroop
1,kashan
1,kashif
1,kashiwa (かしわ)
1,kashmere
1,kashmere & verb t
1,kasim allah & raekwon
1,kaspa
1,kasper
2,kasper spez
1,kass
3,kassa overall & kool a.d.
1,kassett & margo
1,kastet
1,kastle
2,kat dahlia
2,kat deluna
1,katacomb
7,katalyst
1,katana
1,katano beat
1,katano beats
4,katastro
2,katch 22
6,kate tempest
1,katie burgess & phatt al
3,katie got bandz
2,katie kate
1,katja šulc
5,kato
1,katrah kaioh
14,katrah-quey
2,katy perry
1,katy perry & kesha
2,kaucas
1,kausion
1,"kavabanga, depo, kolibri"
1,kavsrave
1,kaw
1,kawashima naoto
1,kawfee
2,kay
1,kay & nicolay
1,kay flow
4,kay one
6,kay the aquanaut
1,kay the aquanaut & maki
2,kayaman
1,kaye
1,kaye styles
1,kayeah
1,kayeff
3,kaykayonthebeatz
1,kayna samet
1,kayo
1,kayo & quake
1,kayo & takezo
1,kayo ken
1,kayr
1,kaysinners
6,kaytradamus
12,kaytranada
6,kaz bałagane
1,kaz one & verbal kent
1,kazaky
2,kazey & bulldog
2,kazi
1,kazi & madlib
3,kazi ploae
1,kazi ploae & silent strike
1,kazik
1,kazik na żywo
1,kaznyk & rilla force
2,kazolace
2,kazufro
1,kazzer
4,kb
3,kb jones & the kontraband
1,kbc kids
1,kblazerss
2,kbop
1,kc & shiek
4,kc da rookee
1,kc flightt
1,kc l.m.n.o.p.
4,kc rebell
1,kc rebella
1,kc the funkaholic
1,kc/md mafia
1,kcazingy
1,kcda
1,kcee
1,kcls
1,kcpk
2,kd
1,kd-supier
1,kd-supier & megaloh
1,kdb & st. peter
4,kdd
1,kdr & lupo prospero
1,kdsml & sam
1,ke'noe
13,keak da sneak
1,keak da sneak & san quinn
1,keanu blunt
1,keanu trees
1,keaton
1,keats
2,keaver & brause
2,kebee (키비)
1,keblack
1,kedy
1,keefy keef
1,keek dogg & lil' coner
1,keely b
1,keem the cipher
1,keemoh & lavis
1,"keenan ""ivory"" cunnin"
1,keenanza
1,keenya
1,keep cool
1,keep in time
1,keepa
1,keeponrockin404
1,keezy
1,kehlani
4,keita juma
6,keith ape
1,keith crystals
1,keith leblanc performed by malcolm x
12,keith murray
3,keith sweat
1,keith! party
6,keithcharles spacebar
1,keizer
1,keizo nakanishi (中西圭三)
1,keke palmer
1,keke wyatt
1,kekra
1,kel valhaal
13,kelis
4,kellee maize
2,kellen nguyen
1,kellerkommando
2,kelly betz
1,kelly kells
3,kelly price
4,kelly rowland
1,kelow
3,kelpe
1,kem dj
1,kemba & yc the cynic
3,kembe x
5,kemet dank
1,kemistry
1,kemizt
3,kemmuru
1,kemo
1,kemo & lynx
1,kemo treats
5,kempi
1,kemt
1,ken ashcorp
1,ken kaniff
2,ken rebel
11,ken ring
1,ken ring & tommy tee
1,ken sport
1,kenan bell
4,kendre
1,kendrick & rvmirxz
43,kendrick lamar
1,kendrick lamar & tycho
6,kenichiro nishihara (西原健一郎)
1,kenja
1,kenja & rxn
3,kenji
1,kenji murata
1,kenji451
1,kenkodie & tegrenade
1,kenlo & monk.e
6,kenlo craqnuques
2,kenlo croqnote
1,kenmochi hidefumi
4,kenn starr
1,kenna
3,kennedy
1,kenneth “gizmo” rodgers
1,kennethhathaway
12,"kenny ""dope"" gonzalez"
1,"kenny ""dope"" gonzalez & terry hunter"
1,kenny dixon jr.
1,kenny geezus
2,kenny keys
1,kenny muhammad
1,kenny quasar
5,kenny segal
1,kenny segal & mr. carmack
1,kenny segal & self jupiter
1,kenny segal & the red gold and green machine
1,keno
1,kensho kuma
2,kent jones
1,kent_williams & walterwarm
6,keny arkana
1,kenya wrist
1,kenyon
1,kenza farah
12,keor meteor
1,keor meteor & kvmi
1,keor meteor & nmrd
1,kepes mode
1,kerberos & zessho
1,kerendun & yudko
3,keri hilson
2,kero kero bonito
6,kero one
1,kero uno
1,keros-n
1,kerou
4,kerser
2,kerwin young
9,kery james
1,kes
1,kesakoo
3,kesha
1,keshia chanté
1,kespar
1,ketho
4,ketsumeishi (ケツメイシ)
10,kev brown
3,kev brown & lmno
1,kev brown & mindsone
1,kev brown & raw poetic
1,kev brown & ullnevano
2,kev choice
2,kev turner
1,kev turner & lex luthorz
1,kev//bot
4,kevin abstract
1,kevin beacham & shazam bangles
1,kevin federline
19,kevin gates
1,kevin gates & lil cali
1,kevin getzen
1,kevin lester
1,kevin lyttle
4,kevin mccall
1,kevin michael
1,kevin neumann
1,kevin provoke
1,kevin royk
4,kevin rudolf
2,kevin venom
9,kevinthecreep
3,kevlaar 7
1,kewbrik
1,key
1,key kong 64
3,key nyata
1,key nyata & savagedre
1,key og
1,key rhyme
1,key skills & shystie
1,key!
1,key! & og maco
1,key-kool & rhettmatic
9,keyboard kid 206
1,keykool & lmno
1,keymono
1,keynote speakerz
1,keyo
1,keys
4,keys n krates
3,keyshia cole
1,keyza soze
1,keyzer
1,kfc murder chicks
4,kgb
1,kgd project
1,khaderbai
2,khadisma
3,khaki blazer
1,khaki mustafa & rapper e
1,khal allan
1,khalid
1,khalid eternal
2,khalil nova
2,khalil who
1,kharisma
1,khary durgans
1,khavel x
1,khaydaking
2,khayree
3,kheops
1,kheops & oxmo puccino
5,khepra
8,khia
1,khia & montell jordan
1,khid
1,khid & paperi t
1,khid & rpk
1,khidja & norzeatic
1,khing kang king
1,khingz
1,khiza
1,khm
1,khondo
1,khris p
2,khromozomes
1,khryo
3,khrysis
1,khrysis & king mez
1,khüdósoul
2,ki
1,ki & sunny ture
1,ki en ra
1,ki/nu
1,kia kinfolk shine
1,kia shine
1,kiana llanos
1,kianush
1,kianush & pa sports
1,kibagami
1,kibasabi
1,kick & snare
1,kick back & propo '88
8,kick the can crew
1,kick the kan
3,kid
2,kid & kuiters
5,kid 'n' play
4,kid acne
1,kid antoine
2,kid atlaas
1,kid autism
1,kid autisumn
4,kid autumn
1,kid called computer & sadistik
3,kid capri
1,kid confucius
40,kid cudi
1,kid cut up & why b
1,kid edikit
5,kid frost
1,kid genius
1,kid gristle
1,kid infinity
21,kid ink
1,kid ink & batgang
14,kid koala
1,kid koala & terence bernardo
1,kid kobra & prinz porno
1,kid loco
1,kid mellow
1,kid millions & the sounds of time
1,kid nasty
1,kid navajas
1,kid pharaoh
1,kid rationale
1,kid rađa
6,kid rock
4,kid sensation
12,kid sister
1,kid static
1,kid static & the hood internet
2,kid static & yea big
2,kid sublime
1,kid the rapper
3,kid tsunami
1,kid yumi
1,kid.
4,kid606
1,kid606 & tigerboy
5,kidcrusher
3,kidd
1,kidd called quest
5,kidd chi
1,kidd hustle
1,kidd jet
5,kidd kidd
1,kidd m
1,kidd modest
1,kidd swagg
3,kidd the captain
2,kidd upstairs
1,kidd-x
1,kidda
3,kiddam
1,kiddam and the people
1,kidi
6,kidkanevil
1,kids & explosions
2,kids in tracksuits
1,kids like us
1,kids on bridges
4,kids these days
2,kidz in space
7,kidz in the hall
1,kiely rich
1,kieran hebden & steve reid
3,kieron boothe
1,kierre touchdown gilmore
1,kiesza
4,kiezin.
1,kiezkunst
1,kiezspezial & kontra k
1,kiggen (키겐)
1,kiings
1,kiivi
1,kiki rowe
1,kiki.d
1,kiko navarro
1,kiku
33,kil
1,kil ripkin
1,kilani
2,kill bill
8,kill emil
1,kill emil & mononome
1,kill kill performed by kill kill
1,kill the noise
5,kill the vultures
1,killa c
1,killa gabe
6,killa hakan
2,killa instinct
2,killa kela
2,killa kidz
1,killa klan kaze
3,killa kyleon
1,killa kyleon & mouse on tha track
2,killa p
1,killa sha
1,killa smoove
1,killa tay
1,killa tay & mac reese
1,killa thugs
1,killacrates
1,killafornia
17,killah priest
1,killah priest & vendetta kingz
2,killakikitt
7,killarmy
1,killason
1,killaz group
2,killer bee
1,killer ben & twiz the beatpro
2,killer bong
11,killer mike
1,killer whale party
1,killers of society
1,killgannon
1,killing skills
4,killstation
2,killyrself
4,kilo
1,kilo ali
3,kilo kish
2,kilo-g
1,kilowatts & super galactic expansive
1,kilter
1,kilter & matt miller
1,kim basinger & prince
1,kim d
1,kim de falc
1,kim hyun joong (김현중)
1,kim jong ill
1,kimarr & tommishock
1,kimberley locke
1,kimberly deal
1,kimberly scott
1,kimbo slice
1,kimto vasquez
2,kimya dawson
1,kincee & lostpoet
1,kinda great
6,kinderzimmer productions
1,kinderzimmer productions & radio symphonie orchester wien
1,kindred
1,kinetic flow (키네틱 플로우)
1,kinetics
5,kinetics & one love
1,kinetik groove
1,kinfusion
1,king
1,king amx
1,king art
2,king asa
1,king babar
1,king banshee
5,king bee
2,king britt
1,king britt & sylk 130
2,king cannibal
3,king cesar
2,king chip
4,king coffee
1,king cole
1,king dylan
5,king fantastic
1,king felix
1,king g and the j krew
2,king geedorah
3,king george
1,king george & the soldiers
1,king giddra
5,king gordy
2,king henry
2,king i divine & scienze
1,king in a.p.
1,king j.r josephs
2,king just
1,king just & pop da brown hornet
5,king kapisi
1,king keil
1,king kenoah
2,king koletis™
1,king koopa & rapid ric
2,king krule
1,king kurlee
2,king lee
1,king lil g
2,king los
8,king louie
1,king louis xiv
1,king madi
3,king magnetic
1,king marco
1,king merge
2,king mez
8,king orgasmus one
3,king porter stomp
1,king quartz
1,king ra
1,king ramsey
1,king ratliff
1,king reign
1,king sandman
1,king shi
1,king steven
5,king sun
1,king syre
5,king syze
1,king syze & reef the lost cauze
1,king syze & skammadix
1,king tech & sway
10,king tee
1,king tubby & wu-tang clan
1,king virus one & nightmare 34
1,king&cross
1,king-der
1,king100james & young chop
2,kingdom
1,kingdom crumbs
1,kingj4m35
1,kingpin
7,kingpin skinny pimp
12,kings
2,kings konekted
1,kings of america
1,kings of pressure
2,kings of swing
7,kings of the city
3,kingspade
1,kingzilla
1,kingzman
1,kingzquest
1,kinion
1,kinnecom
4,kinnie starr
1,kinny
1,kinny & horne
1,kino watson
1,kinski
1,kinsui
1,kinto sol
2,kip
1,kip killagain & qwel
1,kira
1,kirb and chris
16,kirblagoop
1,kirblagoop & rubenslikk
1,kirblagoop & zchronik
4,kirby dominant
1,kirin (기린)
1,kirk
2,kirk franklin
1,kirk franklin's nu nation
1,kirk knight
1,kirkis
11,kirko bangz
2,kirpichi (кирпичи)
1,kish
3,kiss amc
1,kiss it goodbye
1,kisses for kings
1,kissey asplund
3,kisum (키썸)
1,kisum (키썸) & se-a (세아)
1,kit
1,kitok
1,kitsunebi (狐火)
1,kitta
1,kittib (키디비)
2,kitty
3,kitty kat
1,kitty kat & sido
8,kitty pryde
1,kivalli
1,kiwase
3,kixnare
1,kixner & l'indécis
4,kixxie siete
1,kiyoshi
2,kiz
1,kiša metaka
9,kj-52
1,kj-52 & todd collins
1,kjartan gaulfossen & ol' burger beats
1,kjell anderson
1,kkaytoh
1,kkc orchestra
1,klas' one
3,klashnekoff
1,klatsche & maçiek
6,klaus layer
1,kleenex girl wonder
1,kleerup
3,klemen klemen
1,klemens & tomaj
1,kleo supreme
1,klevah
1,klever & shotgun
1,klif
1,klim beats
3,klimeks
1,klimeks & spoze
1,klinke auf cinch
1,kliptikz
1,klive kraven
1,kll smth
2,klockwerk
2,klondike kat
1,klonn
1,klonopin
1,klooney
1,klopfenpop & mega ran
1,kloq
3,klovner i kamp
11,klub des loosers
1,klub sandwich
1,klumzy tung & mr.dero
1,klutz
1,klvni
1,klymaxx
2,klyntar
1,kmatedor
1,kmc
7,kmd
1,kmd & subroc
1,kmfh
1,kmotiv
1,kms & open eyes
1,kmsm featuring kidd money
5,kmt
1,kn1ght
3,knablinz
1,knall scharf
1,knarsetand
1,kngdm
2,knghts
1,kngtt
1,knhbtz
1,knife star
1,knifefight
2,knifehandchop
5,knightowl
1,knives and gasoline
1,knlb
1,knlo
8,kno
1,kno & marq spekt
1,kno & sadistik
2,knoall_things
1,knobody & unjust
5,knoc-turn'al
1,knostalgik
1,know good
3,knowa knowone
1,knowability
2,knowdaverbs
1,knowledge is power promotions
1,knowledge s.v.
3,knowmadic
14,knowmads
2,known associates
2,knowshun
7,knowsum
1,knowtoryus
1,knox brown
1,knucklehedz
77,knxwledge
2,knxwledge & mndsgn
1,knxwledge & sir froderick
1,knytro
2,knzo
1,ko
2,ko-wreck technique
1,koan sound
1,koast
1,koast & vee kay
2,kobe bryant
1,kobe o'brien
1,kobi onyame
3,kobito
1,kobito & neonschwarz
1,kobito & sookee
1,kocky
5,koda kumi (倖田來未)
1,kodac aka m80 & phileas flow
6,kodak black
1,kode9
1,kodes & massaka
1,kodiak
1,koducer × daoko
8,kodyak
2,kodàtsuké
6,koen
2,koenigleopold
1,koga soul & neu
2,kognitif
1,kohei japan
1,kohfie konnect
11,kohh
3,kohndo
1,koi
1,koi aesthetic
3,koi child
1,koi.
1,koins
2,koivuniemen herrat
1,kojey radical
1,kojoe
8,kokane
2,kokayi
3,kokayna
1,kokohana (心花)
1,kokonoku
3,kolab
1,kold krew
1,kold-blooded
1,kolera
1,kolera & sagopa kajmer
12,kollegah
1,kollegah & majoe
1,kollision
1,kolona
1,kolonel 94
1,kolor
1,kolorful
2,koma
1,komadose
2,komatose
1,komekate
1,komer/k.unic
1,komfo anorkye & chase livingston
2,kompani 69
2,komplex kai
1,kompressor
1,komuro tetsuya (小室哲哉)
3,kon and amir
1,kon kan
2,kon sci
1,kon sweetie
1,kona triangle
1,konastar
11,koncept
1,koncept & numonics
1,koncept jack$on
1,koncept jack$on & tropes
1,koncepts
2,konchis
1,konchis & physiks
1,koncise
5,kondor
1,konducta
2,kone & tuomio
1,konexión
1,konfidential
1,konkaten
1,konkret finn
1,konkwest & rufio
1,konnker
1,konse
2,konshens
2,konsoul (컨소울)
1,konstamc
1,konstant movement
1,konstantah & slim (centr)
4,kontact
8,kontra k
1,kontra k & skinny al
3,kontrafakt
1,konu
1,koo koo kanga roo
1,koobilaï
1,kooked ent.
18,kool a.d.
1,kool dj red alert
1,kool dj x
10,kool g rap
8,kool g rap & dj polo
1,kool g rap & dj polo & ray bryant
1,kool g rap & nas
1,kool hertz
1,kool john
2,kool kay dee
33,kool keith
1,kool keith & kurious
1,kool keith & l'orange
1,kool keith & mr. sche
1,kool keith & nancy des rose
1,kool keith & ray west
1,kool keith & tomc3
1,kool kollie
1,kool krys
1,kool ld
11,kool moe dee
1,kool moe dee & the treacherous three
19,kool savas
3,kool shen
2,kool skull
1,kool sphere
5,koolade
4,kooley high
4,koolism
1,koolquise
3,koolta
1,koop de ville & spyduh-mayne
9,koopsta knicca
1,kordlhan
3,kore
1,korea in the space
2,koree
1,korenyo (קורניו)
1,koresma
5,koriass
1,kornerstonz
1,koroshi-ya
1,korporal k
1,korporal k & o̶xela.
1,korstoraatio
1,koru licks
1,korvalappurekords
1,kory-o
3,kosha dillz
1,kosha dillz & yacht
1,kosher
1,kosherbeets
1,kosola & solonen
2,kosta
1,kostaja
1,kostia
1,kosyne & sonnyjim
2,kotchy
1,koti6
1,kottonmouth
31,kottonmouth kings
1,kottonmouth kings & twiztid
1,kou chou ching (拷秋勤)
2,kouben
1,kouhei matsunaga
1,kouhei matsunaga & sensational
1,kount fif & rml
10,koushik
1,koushik & percee p
1,kovacs
1,kovas
1,koverii
2,koxie
1,koyto & sabotawj
1,koyxen & sensational
1,koyö & sunareht
1,kozi
1,kozilek
1,kozmo flex
1,kozzie
2,kościey
1,koširrapteam
2,koяn
1,kp kev the poet
1,kpist
1,kquatica
2,kraak & smaak
8,kraantje pappie
1,kracked r.i.b.z.
5,kraddy
1,kraftklub
5,krafty kuts
1,krafty kuts & q45
1,krafty skillz
1,kraliban
1,krampfhaft
1,krang
1,krankšvester
1,krash man
1,krash slaughta
4,kratos himself
1,krause duo
1,krave
1,kray twinz & low deep
16,krayzie bone
1,kraz
1,kraze kingston
1,krazee alley
1,krazie kraze
2,krazy
1,krazy baldhead
1,krazy drayz
1,krazy race
1,krazé
2,krazé negrozé
1,krbl rebel radio
2,kreate perfulchri
3,kreators
10,kreayshawn
1,kreaze
3,krec
1,kreepy x
1,krem & noah23
1,krem & smokey
4,krept & konan
1,krewcial
1,krewcial & lefto
1,krewella & nicky romero
1,krimi&massakka
1,kris
1,kris & musty
1,kris fame
2,kris kasanova
11,kris kross
1,kris mars & ta-ku
1,kris-jin
1,krishon smith
1,kriso
1,krispy
2,krispy 3
8,krispy kreme
1,kristin amparo
4,kristina si
1,kristine blonde
1,kristinia debarge
10,kristoff krane
1,kristoff krane & sadistik
1,kristuit salu
1,kristuit salu & morris nightingale
2,kritical kontact
1,kritische disstanz
8,krizz kaliko
1,krndn
1,krne
1,krne & sevnthwonder
2,kroc blanc
1,krok spet
1,krom au mic
1,kronic
1,kronic & krunk!
1,kronik j
3,krooked drivers
1,krown rulers & tuff crew
36,krs-one
1,krs-one & marley marl
1,krs-one & mc shan
1,krs-one & scott la rock
1,krs-one & showbiz
1,krs-one & substance abuse
1,krs-one & true master
1,krstos
1,krsur
1,krts
3,krucifix kricc (크루시픽스 크릭)
1,kruel
2,kruisemode
2,krukid
1,krum & rob viktum
6,krumbsnatcha
1,krunk movement
1,krupplyn
1,kruscifix
2,kruse
1,krush
1,kruton & sensational
1,kruxx
1,kruza kid
1,kryone
2,kryptic
5,kryptik
1,krypto
2,krystian shek
1,krysto likid & phylo mic
2,ksi
1,ksir makoza
1,ksquad
2,kstylis
1,kt cool
1,kt gorique
1,ktema eïs aeï
1,ktina of vlp & nuno
1,kuartz
2,kuba knap
4,kube
1,kublakai
1,kubrick's cube
1,kubrixxx & stux
3,kubus
1,kubus & rico
2,kubus & sticks
1,kuchenmann & vertiqua
5,kuchiroro (□□□)
1,kuddie fresh
1,kudo
1,kuedo
4,kuh-lida
1,kuhn
4,kuiters
1,kuiters & medasin
1,kukangendai (空間現代) & moe and ghosts
1,kukoo da baga bonez
2,kuku$ klan
1,kulki bulchek
2,kultama
3,kultura upadła
1,kuma
1,kuma 7
4,kung foo grip
4,kung fu vampire
1,kunga 219
1,kuningasidea
1,kuniva
1,kunstfehler & onkel size
7,kunstfehler & scheusal
1,kuntakt & mc einar
1,kunteynir
1,kuo
1,kupla
1,kurbat & идефикс (idefiks)
4,kurdo
3,kurious
1,kuro silence
1,kuroioto
1,kuroioto & p.h.i.l.t.h.y
4,kuroisoul
2,kuromoji
1,kursa
1,kurse
1,kurtis b.
15,kurtis blow
1,kurtis mantronik
1,kurtis sp
2,kurtis stanley
1,kurtis stanley & wally clark
14,kurupt
2,kurupt & roscoe
1,kush arora
1,kush mody
1,kush the great
1,kush twins
1,kushh
1,kusuo (九州男)
2,kutfather
1,kutiman
14,kutmah
1,kutmah & zacky force funk
2,kutmasta kurt
1,kutmasta kurt & masters of illusion
2,kutmasta kurt & retrogott
8,kutt calhoun
2,kutti mc
2,kuttsurikai
1,kuzma & shaka zulu
8,kvmi
1,kvng zuzi
5,kvze
1,kw griff
1,kwa-zé
1,kwaai
1,kwal
5,kwala
5,kwamé
1,kwamé & kwamé & a new beginning
5,kwan
1,kwasi bongo
2,kweku collins
1,kwervo & poetic death
3,kwes
2,kwest tha madd lad
1,kwite def
2,kwote1
2,kxrn
1,ky-mani marley
2,kydd
1,kyla
3,kyle
1,kyle bent
1,kyle hall
1,kyle james
1,kyle lewsader
1,kyle perkins
1,kyle rapps
2,kyle sakers presents!
2,kyle.tb
1,kym mazelle
1,kym sims
5,kyma
1,kynan
1,kynes
1,kyo
5,kyo itachi
1,kyo itachi & lmno
1,kyo itachi & lucio bukowski
2,kyo itachi & ruste juxx
1,kyper
5,kyprios
1,kyross
1,kytami
2,kyteman
2,kyza
1,kyza smirnoff
1,kzo
1,käptn peng & die tentakel von delphi
1,käptn peng & shaban
1,käsipuoli
1,kääpiö
1,kèmi adé
1,köyhä jonne
3,kękę
3,kξn april
2,kคђรยℕ
1,k∆fe
5,kⓘяvy
1,l a b g u e s t
1,l d r u
2,l da headtoucha
1,l o k a
1,l o u d
1,l one
1,l one & nino el dino
1,l pro
1,l sula
1,l universe & nujabes
1,l v j
1,l$d
1,l$d x abhi//dijon
3,l'1consolable
3,l'a capone
1,l'ab2c & l'ab7
1,l'abattoir
1,l'adld
1,l'algorythme & remission
4,l'algérino
1,l'amalgame
1,l'ami tarik
2,l'argent de la drogue
4,l'arme à part
1,l'armée des 12
1,l'asile
1,l'atelier
1,l'attribut
1,l'eau dans l'jazz
1,l'entourage
2,l'entourloop
1,l'erreür
4,l'exécuteur de hong kong
1,l'homme parle
1,l'il brian and the zydeco travelers
1,l'impératrice
2,l'indis
12,l'indécis
1,l'indécis & the notorious b.i.g.
1,l'institut
1,l'oeuf raide
1,l'one
7,l'orange
1,l'orange & mr. lif
1,l'orange & stik figa
1,l'orso
3,l'roneous da'versifier
1,l'skadrille
4,l'trimm
1,l'uzine
4,l*roneous
1,l*roneous & makeshift
1,l-bow
1,l-burna
1,l-deez
1,l-dópa
2,l-fresh the lion
1,l-tec
1,l-vokal
2,l.
1,l. ceasar & mr. sche
1,l. pierre & notes
3,l. venom
1,l.a. dream team
5,l.a. leakers
1,l.a. luv & michie mee
1,l.a. mix & streets ahead
2,l.a. nash
1,l.a. posse
6,l.a. symphony
1,l.a.d.
1,l.a.p.d.
1,l.a.t.i.v.o
2,l.e. flaco
1,l.e.c.k
1,l.e.e.
3,l.e.g.a.c.y.
2,l.e.o (리오)
2,l.e.p. bogus boys
1,l.g.
1,l.i.
1,l.i.f.e. long
1,l.i.f.e.t.i.m.e & s.i
1,l.k. productions
1,l.o.a.s
1,l.o.b. & poet on drugs
13,l.o.c.
1,l.o.g.
1,l.o.l.
1,l.o.v.e the genius
1,l.s.d. (lovingly spreading divinity)
4,l.u.c
1,l.u.c & motion trio
1,l.u.c & rahim
1,l.u.c.a.
1,l.u.s.t. productions
1,l.u.z.a.
3,l.v.
1,l.v. & sebastian rochford
1,l2 bljr
1,l33ni
1,l9
1,la & marcus d
1,la alta escuela
3,la baraka
1,la bestia
2,la bongo
2,la boom
1,la boussole
6,la brigade
1,la cafetera roja
4,la canaille
1,la caravane passe
1,la casa del phonky
6,la caution
1,la cedille
8,la chat
1,la chose
2,la cinquième kolonne
1,la clinique
2,la cliqua
5,la coka nostra
2,la confrérie des misanthropes
1,la constellation
1,la dernière tribu
1,la dixion
1,la esencia
3,la excepción
1,la familia muzik
1,la fanfare en pétard
1,la fanfare én petard
3,la fibre
3,la fine équipe
2,la fine équipe & mattic
1,la flor del lingo
13,la fouine
2,la funk mob
3,la gale
1,la gamic
1,la gota que colma
1,la harissa
1,la junta
1,la lupa
1,la mannschaft
1,la materialista
1,la mc malcriado
1,la melodia
1,la mente
1,la mouche
1,la phaze
4,la puta opepé
1,la roux
1,la royce
1,la rue kétanou
10,la rumeur
1,la résistance
2,la secte phonétik
3,la smala
1,la spirale
1,la supremacia lirycal
1,la teja pride
4,la the darkman
1,la trama
1,la tria
1,la tribu & ménélik
1,la troupe
1,la vermine
1,la vie d'artiste
1,la villa ginette
4,laas unltd.
1,lab ratz
1,lab wars
2,lab waste
1,labakers
1,labal-s
1,labjacd
1,laboca
2,labrinth
1,labtekwon
5,labyrint
1,lace
1,lace da booms
1,laced up society
1,lacer music
1,lacheque
1,lack of afro
1,lackadaisical
1,lacks
1,lacraps
1,lacraps & mani deiz
7,lacrim
1,lacro
1,lacuna manti
1,ladae!
1,ladea
3,ladi6
3,lady
1,lady 14
1,lady bee
2,lady daisey
5,lady gaga
2,lady laistee
4,lady leshurr
2,lady levi
1,lady luck & young zee
1,lady lykez
2,lady paradox & pat d
1,lady red
1,lady royale
1,lady sanity
8,lady sovereign
1,lady sovereign & the ordinary boys
1,lady sovereign & tony senghore
1,ladybug mecca
2,lafa taylor
1,lagent
1,laglavas
2,laikike1
3,laineen kasperi
1,laineen kasperi & palava kaupunki
2,lais
1,lajuce
1,lakademia
1,lakay
1,lake
1,lake r▲dio
1,lakes
1,lakeshore
1,lakiesha berri
9,lakim
3,lakim shabazz
1,lakman
3,lakritze
2,lakutis
1,lalah hathaway
1,lamar
1,lamar kelley
1,lame herc
1,lamifa
1,lamp eye
1,lamplighter
1,lana del rey
4,lance butters
1,lance herbstrong
3,lance retuya
1,lance romance
1,lance skiiiwalker
1,lando chill
2,landon wordswell
1,langage computer
1,lange frans
1,langoth
1,langston bukowski
1,langston hughes
1,language arts
4,language arts crew
1,languid
2,lanza manza
1,lanzo
1,lanzo & radius
9,lapalux
1,lapsed & nonnon
1,lapsihymy
2,lapso laps
1,lapti
1,lapti & squeaky lobster
1,laquan
1,laqueus
1,lareece
3,large pro
8,large professor
2,large professor & neek the exotic
1,lark
1,laroo t.h.h. & the jacka
1,laroo t.h.h. & turf talk
1,larry de kat
1,larry fisherman
1,larry gold
1,larry gus
1,larry larr
1,larry league
1,larry llleggs
2,lars horris
8,lars vaular
4,lartiste
1,lartizan & sept
1,larva ink & lizzo
4,las palmas
10,lasean camry
1,laser genius
3,lasik
1,laskah
1,lasoa
3,lasso
1,last benevolence
1,last laugh
1,last of the record buyers
1,last planet
2,last resort & logic
1,last triumph & st. paul slim
1,last.r
1,lastnamedavid
3,lastrawze
2,latanya
1,latch key kidz
1,late
1,late night
7,late night radio
1,lateb
1,latee
3,lateef the truthspeaker
3,later babes
1,latin alliance
2,latin bitman
1,latin bomb squad
1,latin fresh
1,latitude nord
1,latragam
1,latragram
7,latyrx
1,latécnika
1,laugh
1,laura
1,laura izibor
1,lauri loco & seyed ali
2,laurnea
9,lauryn hill
1,lautrec
1,lautrec & monkey6monkey2
1,lava lava
1,lavdustyfingers
6,lavel
1,lavias
1,lavis
3,law
1,lawk
2,lawless element
1,lawnchair
1,lawnmowher
1,lawz spoken
1,lawz spoken performed by illmaculate
3,laxx
2,laxx p
1,layerz
1,layla
1,laynoprod
5,layzie bone
1,layzie bone & mo thugs
1,layzie bone & young noble
1,laze biose
5,lazee
6,lazer sword
1,lazerbeak
1,lazerbeak & mike mictlan
1,lazerus jackson
1,lazlo supreme
1,lazy dre
1,lazy grey
2,lazy habits
1,lazy j
1,lazy jones
1,lazy lover
1,lazyknight
2,lb & otowa
2,lb aka labat
1,lb marxwell
1,lbc crew
1,lbj
4,lbn667
1,lbnhrx
1,lc johnson
1,lc mission & prnce_kxmali
1,lc9
1,lcd soundsystem
1,ld pistolero
1,ldz
4,le 3ème œil
1,le 6-9
1,le 8ieme
1,le clan bmc
1,le comité de brailleurs
1,le fou du roi
1,le foulala
1,le gang des ours
1,le gaucher
2,le gouffre
1,le grand uff zaque
1,le greck
3,le jad
1,le jad & or d'oeuvre
2,le jouage
1,le k.fear et fredo
3,le klub des 7
4,le le
1,le magnetophone
1,le makizar
1,le melodist
1,le moti
1,le pakkt
1,le parasite
8,le peuple de l'herbe
1,le rat luciano
1,le remède
1,le reum
1,le seps
3,le sept
1,le serveur
1,le sexoflex
1,le soldat pony
1,le vrai ben
3,le youth
4,le$
7,le1f
2,lea lea
5,lea-won
2,lead
2,leaders of the lost
5,leaders of the new school
1,leae
2,leaf
1,leaf beach & mndbd
5,leaf dog
1,leaf dog & rag'n'bone man
1,leaf dog & rld
1,league of starz
1,league of xo gentlemen
1,leather corduroys
1,leb laze
11,lecrae
1,led zeppelin
1,ledaw
1,lederhosen lucil
9,lee (asano+ryuhei)
15,lee bannon
1,lee bannon & willie the kid
1,lee majors & matt blaque
1,lee majors & omni
1,lee majors & the jacka
1,lee ramsay
2,lee reed
7,lee scott
1,lee scott & tony broke
1,leegit & stino
2,leeroy
9,leessang (리쌍)
1,leeze the kid
1,lefa
4,left boy
1,left handed scientists
1,left leberra
1,leftenant & n-ron
1,leftfield
1,lefto
1,leftooo
1,leftside
1,leg donor & manic d
1,lege kale
1,legend
1,legend aka kama kazi
1,legend haz it
1,legend man
1,legendario
1,legendarny afrojax
1,legijata
1,legion of d.u.m.e.
2,legit
1,legoman
1,leh
1,leigh
1,leijona
3,leikeli47
1,leila & zebra katz
1,leila akinyi
2,leila k
1,leisure allstars
1,lejo
1,lektor
1,leland jensen
1,lemar
1,lemdi and moax
1,lemon demon
1,lemonada
1,lemonade
1,lemonface
1,lemoti
1,lempi joe
2,lems
1,lemur
1,len
1,len lama
1,lena stoehrfaktor
1,length in hue
1,lengualerta
1,lenin was a zombie
1,lenkemz
1,lennon
1,lenny cooper
1,lenny kravitz
1,lenox
1,leo
1,leo abrahams & sebastian rochford
1,leo flynn ii
1,leo kalyan
2,leo le bug
1,leo le bug & leyan
1,leogical
1,leon bridges
1,leon lamont
1,leon mood
1,leon osborn
2,leon schmid
1,leon the professional
1,leon the professional x ayan
1,leonard charles
5,leonard dstroy
1,leonard dstroy & kutty slitz
1,leonard sumner
1,leopard moth
2,lerabot
1,lerix
1,les ambianceurs
5,les anticipateurs
1,les architekts
1,les cautionneurs
1,les cavaliers équilibrés
1,les ducs du hasard
1,les genero
3,les gourmets
1,les inconnus
1,les joualliers
1,les nouveaux prophètes
1,les oidgts
2,les professionnels
1,les r'tardataires
1,les rimailleurs
1,les rtardataires
4,les sages poètes de la rue
1,les sales blancs
1,les sans nom
1,les spécialistes
1,les swashbuckling napoleons
1,les voisines du dessous
2,les x
1,leshaun
1,leshawn
2,leslie
4,leslie hall
1,leslie hall & ly's
2,leslie tay
1,lespecial
3,less du neuf
1,less motiv
1,less-on
2,lessondary
1,lester
1,lester bangs
1,lethal
12,lethal bizzle
1,lethal bizzle & stormzy
1,lethal dialect
1,lethal injektion
3,letherette
1,letoya
1,lets run track
1,letters to the sun
1,lettuce
1,leut magnetik
1,level headed
2,levelz
1,levert
2,levi
1,levi watson
1,leviathan
3,levitical
1,levitikuz
1,levit∆te.
1,lewdite
1,lewis b.
1,lewis d
1,lewis dene
4,lewis james
1,lewis m.
1,lewis mccallum
12,lewis parker
2,lewsor
2,lex (de kalhex)
1,lex a.d.
2,lex luger
1,lex luger & rich hil
1,lex one
1,lex one & verbal kush
1,lex rush
2,lex the hex master
3,lexicon
1,lexii alijai
1,leximan
1,lexis & onra
1,lexus
1,lexxi
2,lexy (렉시)
1,leyan & tomapam
1,lfa
1,lfo (lyte funkie ones)
1,lg & dox
1,lgeez (alex jones & son of sam)
2,lgoony
1,lha (leehahn & adikkal)
1,liam
1,liam & st
1,liane v
1,liberty x
1,libretto
1,libro
1,lidly
3,lido
1,lido & santell
3,lidolido
4,life
1,life cycle
1,liferexall
1,lifers group
2,lifesavas
1,lifeseeker
1,lifted crew
1,lifted visi0ns
1,light brigade
2,light club
6,lighter shade of brown
3,lightheaded
2,liisanpuisto
2,lijpe
1,lika-aki & perhosveitsi-heikki
1,likanen etelä
1,like
1,likwit junkies
2,lil 'merica
1,lil aaron & y2k
47,lil b
1,lil beat
10,lil bibby
1,lil blood & shady nate
1,lil bro
1,lil c
1,lil champ fway
1,lil chill
1,lil corb
4,lil cuete
9,lil debbie
1,lil debbie & riff raff
1,lil debbie & v-nasty
7,lil dicky
1,lil donyel
26,lil durk
1,lil e
1,lil eazy-e
1,lil evil
1,lil fame & termanology
1,lil flash
1,lil fly
1,lil freckles
1,lil gangsta p
1,lil george
3,lil gin
1,lil glitch
1,lil hoot
1,lil hyfe
2,lil italy
4,lil jack
1,lil jay
1,lil jj productions
7,lil jon
1,lil kano & t.h.u.g.
1,lil kids
1,lil lucky
3,lil maniyak
2,lil menace
1,lil mike
1,lil milez aka young milli
3,lil mouse
2,lil noid
1,lil one the champ
3,lil peep
1,lil pineapple
1,lil prophet
1,lil raider
7,lil reese
1,lil rhys & mr. woodnote
1,lil ric
1,lil rick
11,lil rob
1,lil rowdy
6,lil rue
1,lil samba
1,lil shark
1,lil six & richkidd tatted
4,lil snupe
2,lil snupe & young salo
1,lil soldiers
1,lil spook
1,lil sremm
1,lil st.louis
3,lil tracy
1,lil tracy & pollari
1,lil ty
20,lil ugly mane
5,lil uzi vert
120,lil wayne
1,lil wayne & my sick uncle
1,lil wayne & oscillist
1,lil wayne & sq4
2,lil wayne & t-pain
1,lil wayne & the game
1,lil wayne & the sqad
1,lil wil
1,lil woofy woof
8,lil yachty
1,lil yase
1,lil yo
3,lil ½ dead
2,lil' black
19,lil' boosie
2,lil' boosie & webbie
1,lil' cease
2,lil' dap
1,lil' e
1,lil' e & three 6 mafia
14,lil' flip
1,lil' flip & young noble
1,lil' flip & z-ro
1,lil' fly
1,lil' gene aka mr. sandman
1,lil' j
1,lil' jazzy jay & cool supreme
11,lil' jon & the east side boyz
1,lil' joon
19,lil' keke
16,lil' kim
2,lil' kim & nicki minaj
1,lil' kleine
1,lil' louis
1,lil' louis & the world
1,lil' mac
5,lil' mama
2,lil' marv
2,lil' mo
3,lil' o
5,lil' romeo
1,lil' ru
8,lil' scrappy
1,lil' scrappy & trillville
2,lil' silk
1,lil' sin
1,lil' sko performed by dj squeeky
3,lil' slim
2,lil' troy
1,lil' twist
8,lil' wyte
3,lil' zane
1,lila
1,lilknuxent
2,lilla namo
1,lilleman
1,liltrap850
2,lily allen
2,liléa narrative
5,lim
1,lim & zeler
1,limbomaniacs
15,limp bizkit
1,lin que
1,lin ton taun
1,lin-manuel miranda performed by lin-manuel miranda & original broadway cast
3,linda pira
4,lindsey stirling
1,linest
2,lingouf
1,linguistics
1,lingvisto
1,link6
1,linkan
1,linkan & cap
19,linkin park
1,linkin park & the visionaries
1,linkrust
1,linn & luviia
3,linn mori
5,lino
1,linoskiii
1,lint and marrow
1,linus
2,linus complex
1,lion
3,lion babe
1,lion man
1,"lion, the uncommon samurai"
1,lionel d
2,lip service (립서비스)
1,lipp der funkverteiler
1,liqid & tcheep
3,liquid
1,liquid & maniac
1,liquid assassin
1,liquid break
1,liquid crystal
1,liquid form
1,liquid gang
1,liquid lines
1,liquid mythology
2,liquit walker
3,liricas analas
4,"lisa ""left eye"" lopes"
2,lisa lisa & cult jam
1,lisa preston
2,lisa roxanne
1,lisanova & nice peter
1,lism
1,listaa
1,listen up
1,listen.
7,listener
1,lite (coolroy)
1,lite skinded
1,little adot
1,little blue crunchy things
9,little brother
3,little bruce
1,little dragon
1,little egypt
1,little eskimo jesus
1,little giants
1,little indian
1,little jackie
1,little jinder
13,little king
1,little mix
1,little pain & slug christ
1,little people
1,little pepe
1,little shalimar
1,little shawn
10,little simz
6,little smallie
1,little star dweller
3,little vic
1,little weather
1,little west
1,little-t and one track mike
1,little.house
1,littles
1,litwinenko & phon.o
1,live animals
1,live beat tapes
1,live footage
1,live from the north
3,live human
1,live n direct / sneaky squad
1,live n' direct
2,live percenters
1,live poets
1,live poets & sole
1,live wirez
1,livefreesounds
1,livestock & noah23
2,livii
1,living colour
14,living legends
1,living witness
1,livre ouvert
1,liwenlwc & shlick smit
1,lix
1,liz
1,liz phair
1,lizea harper
5,lizzo
1,"lj ""hustlnality"" holman"
1,lj beats
1,ljasos
1,ljka
1,ljones
1,ljx
41,ll cool j
1,llamabeats & think tank
1,lletic
1,llexus
9,lloyd
22,lloyd banks
1,lloyd6077
1,llusion the reviver
2,llwybr llaethog
2,lmc
6,lmf (大懶堂)
1,lmfao
14,lmno
2,lmno & mr. brady
1,lmno & mums the word
1,lmno & theory hazit
1,lmno & yann kesz
1,lmntl819 & reindeer
1,lmntlyst
1,lms
1,ln3wlf
1,lndn drgs
1,lnkz & ouska
4,lo & leduc
2,lo key
1,lo life
1,lo phi
1,lo tide
1,lo-fidelity allstars
2,lo-fye
1,lo-go
1,lo-ky 'n colour
1,lo.
1,load b
3,loaded lux
1,loaf muzik
1,lobo
1,lobotomy
1,lobster music
1,loc saint
1,loc-dog
2,local &/or general
1,local business comedy
1,local nobodies
1,loch ne$$
1,lochke & t h r uhh
2,lockah
1,lockbox
1,locks
4,locksmith
1,locksmyth & tony d
1,loco (로꼬)
5,loco locass
1,loco rodriguez & madzikila saw
1,loco rodriguez & piloophaz
1,locus amenus
1,locus amenus & nerviozzo
1,locust toybox
1,locution revolution
1,lodd manafess
3,lodeck
1,lodeck & omega one
4,loden
1,loe pesci
1,loeve
1,lofidel
1,lofidreams
1,lofofora
34,lofty305
1,lofty305 & lord pusswhip
1,lofty305 & nag champa
1,logan lake
1,logan michaels
2,logan miller
1,logan richardson
1,logan1373
1,loggy
16,logic
1,logic da beatman & randozu
1,logic marselis
1,logic mc
1,logicoma
1,logikally speaking..
3,lojic
1,lokae
3,lokee
1,lokeye
3,loki
1,loki & x-raided
1,lokid
1,lokist
1,loko
1,loko & karna
1,lol
1,lol coxhill & pat thomas
1,lolcat
4,lomepal
1,lommo
1,lomovolokno
1,london afrobeat collective
1,london funk allstars
3,london posse
8,lone
5,lone catalysts
1,lone drum
4,lone ninja
1,lonegevity
1,lonegevity & tony styxx
1,lonely soldiers
4,long arm
1,long axe
1,long lost relative
1,long shen dao (龙神道)
1,longevity
1,longneck
3,longusto
1,lonnie gordon
1,lony kleen
2,look daggers
3,look twice
1,look.
2,lookey
1,loon
1,loop faction
1,loop junktion
1,loop schrauber
1,loop skywalker
1,loopmass
1,looprat
3,loops haunt
3,looptroop
13,looptroop rockers
2,loopwhole beats
2,loose change
1,loose logic
2,loose willis
1,loosescrewz
1,loosetemper
1,loost koos
1,loot
1,loota
1,lootchasers
9,lootpack
4,loptimist (랍티미스트)
1,loqiemean
1,loquence (로퀜스)
1,lord 8erz
3,lord a.x
1,lord aaqil
1,lord akton
4,lord apex
1,lord av
2,lord beatjitzu
1,lord byron
1,lord cry cry
1,lord digga
6,lord est
1,lord eternal
1,lord fifty
25,lord finesse
1,lord finesse & o.c.
2,lord glock
1,lord glock & shmuck the loyal
1,lord have mercy
10,lord infamous
1,lord infamous & manson family
1,lord jamar
1,lord jessiah allah & phillie
1,lord kash
4,lord kossity
1,lord kyoshiro
1,lord leonator
4,lord lhus
4,lord linco
3,lord narf
1,lord nelson
1,lord netty
1,lord of the fly
1,lord of the flyez
1,lord raja
1,lord scan
1,lord sear & stak chedda
1,lord silverback
1,lord silverback of vinyl primates
3,lord siva
1,lord sizzle
1,lord souja
2,lord superb
3,lord t & eloise
2,lord tariq
3,lord tariq & peter gunz
1,lord v.i.
1,lords at war
10,lords of the underground
3,lordz of brooklyn
1,lore'l
1,lorem ipsum
2,lorentz
2,lorentz & m. sakarias
1,lorentz & sakarias
1,lorenz rhode
1,lorenz system
1,lorenza keith
1,lorenzo
1,lorenzo jovanotti cherubini
1,lorenzo merluzzo & tito wun
1,lorenzo smith
1,loretta heywood & sacrosanct
2,lorine chia
7,lorn
1,lorna
1,loréa
5,los
1,los angeles leakers & the cool kids
1,los chicos de la lluvia
4,los chikos del maíz
1,los cuñaos del fonk
5,los nativos
4,los rakas
1,los stellarians
4,los tetas
2,los trovadores de la lírica perdida
1,los umbrellos
5,los verdaderos kreyentes de la religión del hip-hop
1,los80s
1,losco.
1,lospetitfellas
2,lossi t
1,lossy
1,lost & found generation
4,lost boyz
1,lost boyz & pete rock
1,lost g's
2,lost perception & random
1,lost perception & span phly
2,lost soul
1,lost souls
1,lost time
1,lostboyrufio
1,lostkeyz
2,lostribe
2,lotek
3,lotek hi-fi
1,lotunit
1,lotus
1,lotus juice
1,lou bega
1,lou bouvier
1,lou calhoun
1,lou keshi
1,lou nac
2,louchiano
4,loud lary ajust
5,loud lord
2,loud mouth
1,loud x lary x ajust
1,louden & reverie
1,loudhaler
1,loudmouf choir
2,loudpvck
1,loudspeaker
1,louie
1,louie (루이)
4,louie knuxx
1,louie rankin
1,louie rubio & ras kass
2,louis futon
1,louis james
3,louis la roche
7,louis logic
1,louis m^ttrs
1,louis mackey
2,louis mackey & thirtyseven
1,louis vivet
1,louisiana jones
1,lounge cat
1,louque
1,loutchi loutch'
1,louwop
1,lova lova
1,lovage
1,love dinero
1,love dough & sway
1,love grips
1,love inc. & m.c. noise
1,love spa
2,"love, jacob"
1,lovecraft
1,lovedied
1,lovely daze ahead
2,loverance
1,lovesyou
2,lovewithme
2,lovibe.
3,low budget
1,low deep
1,low down da sinista
1,low profile
2,low pros
1,low res
1,low tee
1,low-key
1,lowbred crew
1,lowbrow the hypnotic
2,lowbudget
3,lowdown
1,lowdown of darkroom familia
1,lower level
1,lower level & the burn u.n.i.
1,lower level organization
1,lower life form
1,lower life forms
1,lowfinger
10,lowkey
2,lowkey riez
1,lowkeydan
1,lowpass
3,lowranger
3,lowrider
4,lowschool
1,lox chatterbox
1,lox tha rippa
3,loyle carner
1,lo†ph
1,lpbeat'z
3,lpg
1,lpj & ventovieras
1,lpsd
1,lr-60 & mr. woods
1,lrkr
1,lsd
2,lsdxoxo
3,lsk
1,lsl
1,lstreetz
1,ltgl
1,ltheblackprince
2,ltj bukem
1,lu100
1,luc
1,luc and the lovingtons
1,luc lachance
1,luca bloodizzi - sun-script
1,luca brazi
1,luca brazi & joe represci
1,luca grossi
3,lucas
2,lucas & ryan hemsworth
2,lucas arruda
1,lucas e orelha
1,lucas skunkwalker
1,luchè
1,lucid
2,lucid empire
2,lucid optics
1,lucidream
2,lucifear
1,lucigraw
8,luciiid
1,lucille
2,lucille crew
6,lucille ghatti
6,lucio bukowski
1,lucio bukowski & mani deïz
2,lucio bukowski & milka
1,lucio bukowski & nestor kéa
3,lucio bukowski & oster lapwass
1,lucio bukowski & tcheep
1,lucius
1,luck & lana
1,luck johnson
4,luck-one
1,lucki
4,lucki eck$
1,lucky boys confusion
2,lucky j (럭키제이)
2,lucky lex
1,lucky lotto
2,lucky luciano
1,lucky swami
7,luckyiam.psc
1,lucuzzle & squirt reynolds
2,lucy camp
1,lucy christo
1,lucy love
2,ludachrist
38,ludacris
1,ludacris & sum 41
1,ludacris & trap-a-holics
2,ludditák
2,ludo
3,ludovic
1,ludowski
1,ludwig göransson
1,luggage
1,luh.o & phantom of dc
3,luidiamonds
1,luis medina
5,luk&fil
1,luka productions
1,lukach
1,lukas
1,lukasyno
11,luke
1,luke chase
3,luke christopher
1,luke geraty
2,luke marsden
2,luke ob
1,luke rain
1,luke sick & white mic
4,luke vibert
1,luke white
1,lukey d
1,lukey the bird
1,lukia & sepia
4,lukid
1,lukis
1,luku
1,lumanes
1,lumaraa
1,lumbajac
2,lumbajak
2,lumidee
1,luminaries
1,lumini fearsome
4,lumm
3,lunamatic
1,lunar
6,lunar c
1,lunar fire
3,lunar*vision
1,lunare
1,lunarvibes
2,lunasicc
2,lunatic
1,lunatic librarian
1,lunchmoney lewis
2,lungfulls
3,luni coleone
8,lunice
12,luniz
1,luny tunes & tainy
56,lupe fiasco
1,luperkal & oxxxymiron
1,lupid ocampo
1,luqus
2,luscious jackson
1,lush one
3,lush selects
1,lushh
10,lushlife
1,lushy
4,lusrica
1,lute
1,lutricia mcneal
2,luups
4,luv jonez
2,luv ny
1,luvian
1,luviia
1,lux
1,lux lother
1,luxe taylor
1,lux|beats
1,luzcid
1,lv
1,lvcky one beats
1,lvrka
2,lvstlivingsoul
1,lwk
1,lx
1,lx & maxwell
1,lxo
1,lyall moloney
1,lyfe jennings
3,lykke li
1,lyle horowitz
1,lynda
2,lynden david hall
1,lyndsie alguire
1,lynx
1,lyre le temps
1,lyric jackson
1,lyric walls
2,lyrical commission
1,lyrical connection
1,lyrical poetry
1,lyrical prophets
1,lyrical say
1,lyrical school
1,lyrical waterside & malus
1,lyrically illz
2,lyriciss
12,lyrics born
1,lyricson
1,lyrik born clique
3,lyriq nawqiy
1,lyriqs & solo
1,lyrisize
2,lytesho!
1,lyve & tona
2,lzu.
1,látkór
1,lââm
1,légitime processus
1,léonard de léonard
5,l’assemblée
1,l’hexaler
1,l’indécis
1,l’ombre blanche
1,l’one & marselle presents
1,l’uzine
1,l▲fum!o
1,m & m
11,m a n n y .
1,m dot 80 & the jacka
1,m i k e
1,m i m e t i z m
2,m o h n o
1,m o n g o
1,m o u s a m ☯
1,m u m p
1,m$g
1,m&n (엠앤엔)
2,m-1
1,m-26
1,m-boogie
1,m-cue
1,m-doc
1,m-dot & dj jean maron
40,m-flo
1,m-hot
5,m-phazes
1,m-phazes & sean price
2,m-slash
1,m-swift presents 24 carat
1,m-taku
1,m. brain
2,m. constant
1,m. eazy
1,m. leon
2,m. pokora
1,m. reverdy rhodes
1,m. rux
1,m. sayyid
1,m. stacks
1,m.a
3,m.a.b
2,m.a.d.
1,m.a.d. kutz
1,m.a.e.
1,m.a.m
1,m.a.s
1,m.a.s.
1,m.anifest
1,m.b. network
1,m.b.e.
1,m.c. brains
1,m.c. cheif
1,m.c. kimmy p
3,m.c. mack
1,m.c. mack & t-rock
1,m.c. outloud
1,m.c. romeo the macho man
1,m.c. spade
1,m.c. spud
1,m.c. wildski
1,m.c.a·t
2,m.fasol
2,m.i
1,m.i.
19,m.i.a.
2,m.i.b
1,m.i.b (엠아이비)
1,m.i.c
1,m.j
1,m.k. black
1,m.o.
1,m.o. littles & ultra magnus
1,m.o.b
2,m.o.g
1,m.o.i.
22,m.o.p.
1,m.o.p. & missill
1,m.o.p. & the marxmen
1,m.w.p.
2,m.z.
1,m0k0hh
1,m2u
1,m3
1,m90
1,m998
1,m@t
1,ma belle
8,ma$e
1,ma2x
1,maamoul al hijaz
1,mabanua
1,mabreuch
1,mabson enterprises
3,mac
1,mac & a.k.
1,mac & storm
1,mac & wildelux
1,mac ceazer
36,mac dre
1,mac dre & da unda dogg
1,mac dre & mac mall
1,mac dusty
1,mac kregor
25,mac lethal
1,mac lucci
8,mac mall
33,mac miller
1,mac miller & the internet
2,mac miller & wiz khalifa
1,mac reese
2,mac shawn
4,mac tyer
1,mac vo
1,macabre sob x king's county lighthouse
1,macabre sob x kotton
1,macadonia
2,macc grace
1,macca
1,maceo
1,maceo parker
2,macgregor
1,mach
1,mach & jesse
7,mach five
2,mach one
1,mach-hommy
1,machette
18,machine gun kelly
10,machinedrum
10,mack 10
3,mack 187
1,mack 187 & punky jones
1,mack beats
1,mack da maniak
1,mack fyah
1,mack lew
1,mack maine
3,mack wilds
1,mack-a-damien-thorne
1,macka
1,mackenzie nicole
1,mackey marshel
5,macklemore
22,macklemore & ryan lewis
2,mackned
1,macksta
1,macon hamilton
1,macrobiotics
2,macromantics
1,macturnup
6,macy gray
1,macying
1,mad animals & task the samsara
1,mad aya
1,mad cj mac
1,mad clique
3,mad clown (매드 클라운)
1,mad clown (매드 클라운) & soyu (소유)
1,mad cobra
2,mad doctor x
1,mad dukez
4,mad ep
1,mad flava
1,mad in paris
1,mad kap
5,mad lion
1,mad money
2,mad one
1,mad pack
2,mad rad
1,mad sindividuals
4,mad skillz
1,mad son
1,mad town (매드타운)
1,mad zach
1,mad-limp
1,madbliss
11,madchild
1,madchild & prevail
1,madchild & slaine
2,madcolour
12,madcon
1,madd caesar & satellite high
1,madd hatta
1,madd mary
1,madd maxx
1,madd mischief
1,madd people
1,madder red
1,maddwest
1,made
1,made in heights
1,made men
1,made wade
1,madegg
1,madegroceries
4,madeintyo
1,mademoiselle karen
1,mademoiselle yulia
1,madera limpia
1,madflowas
1,madgesdiq
1,madhandmade
1,madi banja
1,madi beats
1,madic
1,madin zupreme
2,madison castle
45,madlib
1,madlib & talib kweli
1,madlocks
1,madman shawn
1,madmatic & qvkata dlg
1,madnap
1,madonna
1,madprops stays awake
1,madrid de los austrias
2,madrob_beats
1,madrok
2,mads veslelia
1,madstyle
3,madteo
1,madtown (매드타운)
1,maduro
10,madvillain
2,madwreck
7,maeckes
2,maeckes & plan b
1,maed meva
1,maedon & olly murs
3,maejor ali
1,maes bird
1,maestro
8,maestro fresh-wes
1,maestro mikel
1,maestro pianoman
1,mafalda arnauth
3,maffew ragazino
1,mafia
4,mafia k'1 fry
2,mafia trece
1,mafia underground
1,mafioso
1,mafioso click
1,mafioso crime family
1,mag.lo
5,maga bo
1,magellano
4,magestik legend
1,maggot mouf
2,maggotron
1,maggz
4,magic
1,magic bronson
1,magic fades
3,magic heart genies
1,magic mouth
3,magicxbeats
1,magierski & tymon
1,magix king
1,magna carda
2,magnatiz
1,magnetic north
1,magnetic north & taiyo na
1,magnificent kingdom
2,magnificent ruffians
1,magno
1,magno garcia
1,magnolia shorty
1,magnolia slim
1,magnum
1,magnum coltrane price
1,magnus august
7,magoo & timbaland
1,maguila
4,maharajah
1,mahc
1,mahd
1,mahd sahd
1,mahdi mobb
1,mahogani brown
1,mahogany blue
15,main attrakionz
1,main attrakionz & tynethys
9,main concept
4,main flow
1,main one
1,main sequence
9,main source
1,mainframe
8,maino
1,maino & wale
1,maino gates
1,maintenance crew
4,mairekade music
1,maitreya
1,maitro
1,maja league
2,majesty
1,majesty mell
1,majid jordan
1,majik man
1,majik most
4,majk spirit
3,majoe
1,major
1,major figgas
1,major g
7,major lazer
1,major stress
1,maka
3,makaveli
1,makaya mccraven
1,make a meal
1,make bubbles
1,makei
5,maker
1,maker & meaty ogre
5,maker & qwel
2,makeshift
1,makestapes
2,makiza
2,maklopus
1,makola
1,makongo
1,maks m
1,maksim
4,makss damage
1,maku go & sardo triba
2,maky lavender
1,mal brock
1,mala
1,mala juntera
7,mala rodríguez
1,malachai
6,malakai
1,malandrómeda
1,malci
1,malcolm & martin
2,malcolm catto
1,malcolm london
1,malcolm marsh
5,malcolm mclaren
1,malcolm mclaren & world's famous supreme team
1,malcolm x
1,malcom and martin
3,malcom kipe
3,malefic form
1,malefique
5,malente
1,malgrin
1,mali
1,malibu shark attack
1,malick & r.a.w.b.
1,malick iv
1,maliek bennett
1,maliibu n helene
1,malik
1,malik b & mr. green
1,malik montana
1,malik yusef
1,maliks & shelshock
1,malin courti nostra
1,malitia malimob
5,malk de koijn
1,malky
1,mallive
1,mallow
5,mally
2,mally & the sundance kid
3,mally mall
2,maloon theboom
1,malou mørkeberg
1,malputo dest
1,malva
1,malwo
1,malymarco
1,mama boom!
1,mama mystique
1,mama's cookin'
1,mamamoo (마마무)
1,mamanatua
1,mamba negra & sneadr
1,mambo sauce
1,mamelo sound system
2,man bites dog
1,man in charge
1,man like me
1,man man savage
6,man mantis
1,man of boom
1,man of booom
1,man of the downtrodden
5,man parrish
1,manabu nagayama
9,manafest
1,manafest & ss79
1,manage
1,manast
1,manast ll'
7,manau
1,mancallas
1,manchild
1,mandeep sethi
1,mandoza
2,mane mane
1,maneech
1,manet
1,manew
1,manga
1,manga saint hilare
1,mangchi
2,mange hellberg
4,mange schmidt
1,mango foo
1,mangouste
1,manhunter
1,mani & cooper
1,mani deïz
1,mani deïz & paco
2,maniac
1,maniac & tinchy stryder
2,maniacx
2,manic focus
1,manic x
1,manifest
1,manifesto
2,manik
2,manikan
1,manillio
6,mankind
1,manku & oset
2,manmade
1,manman savage
3,mann
2,manni dee
4,mannie fresh
1,mannie fresh & the 2 live crew
2,mannish
3,manny
1,manny amalgam
1,manny marc & reckless
1,manobass
2,manofue wurdz
2,mans & romstick
2,mansbestfriend
4,manson family
1,mantis
4,mantra
1,mantrakid
1,mantras & safari al
12,mantronix
1,manu beats & sceno
1,manu chao
1,manu dibango
1,manu le malin
5,manu militari
8,manuellsen
2,manuvers
1,many fazes
2,many more
1,mao
3,map
2,mapei
1,maple syrup
1,mara project
1,marabu
1,marble mummy & matt g
2,marc 7
1,marc dorsey
1,marc e. bassy
1,marc goone
1,marc kelly
1,marc live
5,marc mac
1,marc mac & visioneers
1,marc reis
1,marc spence & ying 'n' yang
1,marcel
1,marcel p. black
1,marcel polaire & willy sunshine
1,marcell
1,marcella puppini & r.a. the rugged man
6,marcelo d2
1,march four
1,marchitect
1,marchitect & soulchef
1,marcinek 3z solo
1,marco (마르코)
1,marco arnaldi
1,marco ca$h
1,marco fly
11,marco polo
1,marco polo & o.s.t.r.
1,marco polo & ruste juxx
1,marco polo & torae
1,marco ruiz-camacho
1,marcoveli
1,marcus
11,marcus d
1,marcus gang
1,marcus manchild
1,marcus tenney
1,marcus visionary
1,marcus weezy
5,mardy blue
1,mareko
1,marger
1,marginal prophets
1,mari
4,maria isa
18,mariah carey
1,marian hill
1,marianjuana
1,marigi
1,marijuana deathsquads
1,marin monster
1,marina & the diamonds
7,mario
1,mario casalini
2,mario kartel
1,mario v
2,mario winans
3,marjen
1,marjen & parlay droner
1,marjen & vintage cucumber
4,mark aubert
1,mark aubert & ridgewell
2,mark b
5,mark b & blade
1,mark battles
1,mark cooper
1,mark dago
4,mark de clive-lowe
1,mark deez
4,mark farina
1,mark kloud
5,mark morrison
1,mark my way
1,mark my words & sinar-matic
1,mark n
1,mark one
1,mark pritchard
3,mark rae
7,mark ronson
1,mark ronson & rhymefest
2,mark ronson & the business intl
1,mark sama
1,mark sparks
1,mark wahlberg
1,market price
1,marki
2,markie
1,markone1
5,markoolio
1,marksman lloyd
1,marky d
1,marky mark
2,marky mark & prince ital joe
3,marky mark and the funky bunch
6,marley marl
1,marley marl & pete rock
1,marlin
1,marlin brandoe
1,marlon roudette
2,marlon vincent
1,marnie
2,maroon 5
1,maroons
1,marph
1,marpo
1,marq spekt
1,marq spekt & mobonix
3,marquinch mogule
1,marquise porter
2,marracash
2,mars
3,mars black
8,mars ill
1,mars jupiter
1,mars murkin
2,mars today
1,marshall payne
1,marshall'ombre
3,marshmello
1,marshsound
6,marsimoto
1,marsman
6,marteria
5,marti nikko & dj drez
1,martial
1,martian luther & stic.man
1,martiangang
3,martin $ky
1,martin brew
1,martin garrix
1,martin luger
1,martin todsharow
1,martina topley-bird
1,martinuum
6,martyparty
1,martyr man
1,maruego
3,marv ellis
2,marv won
4,marvaless
1,marvel & saukrates
1,marvel alexander
2,marvel years
1,marvelous & peaches
3,marvelous mag
1,marvillous beats
1,marvin chika
1,marvin cruz
1,marvin d
1,marvin divine
2,marvin game
3,marvin gaye & mos def
1,marvin priest
1,marvin sapp
1,marvin sease
1,marvins garden
1,marvo fivestarsz
6,marxman
1,mary anne hobbs
1,mary gold
20,mary j. blige
1,mary magdalan
1,mary magic
2,mary mary
2,marysia starosta & sokół
5,marz
1,marz lovejoy
1,marz the superior
2,marčelo
2,mas
1,masa2
1,masala
3,masala soundsystem
1,mascarade
1,mascaria and nite n dae
1,mascon echoes
1,masego
1,masetti
1,masetti & the jokerr
1,mash & munkee
1,mash louis
1,mashayabhuqe kamamba
11,mashed up funk
1,mashimon
1,mashio
1,mashonda
2,masia one
1,masika kalysha
1,maska
1,masked avengers & maylay sparks
3,maskinen
1,masmöd
1,mason callaway
2,maspyke
1,masque d'humanité
2,mass 187
2,mass influence
1,mass kunfusion
1,mass mc
1,mass media & steinski
1,mass of man
2,massari
2,masse
8,massilia sound system
8,massiv
1,massiv & mc basstard
5,massive attack
1,massive staff
6,massive töne
1,masspike miles
1,masstapeace
1,masstone
14,masta ace
1,masta ace & paul nice
1,masta ace & the black pack
3,masta ace incorporated
2,masta buildas
6,masta killa
2,masta lee
1,masta wu (마스타 우)
1,masta-peace
1,mastah syphe
5,mastamind
1,master ace
1,master ace & militia
1,master cew
1,master chef toast
1,master jay & michael dee
1,master k.a.
1,master mind
29,master p
1,master p & roméo
3,master plan
1,master tolis
1,master wolf
17,masterclass
1,masterclass & yein (예인)
2,mastermind
2,masterminds
2,masters at work
1,masters of ceremony
1,masters of illusion
2,masters of rap
3,masters of the universe
1,mastgrr
1,mastiksoul
3,mat kearney
1,mata
1,mata & must
2,mataro
13,matatabi
1,matatabi & pod
1,matatabi & primaparte.
1,materia
1,material
1,materialfuture
1,mateus alves
1,math head
1,math jazz
3,mathas
8,mathbonus
7,mathematics
4,mathematik
1,matheo & popek
1,mathi (마티)
1,mathias stubø
7,maticulous
1,matiere premiere
1,matilda
1,matinpoika
13,matisyahu
2,matlock
1,matlock & mr. green
4,mato
1,matre
1,matre & paleface
1,matt and kim
12,matt ashman
1,matt bar
1,matt bell
1,matt black
1,matt blaze
1,matt brevner
1,matt cab
2,matt cali
1,matt finnegan
1,matt g & marble mummy
1,matt greene
1,matt harrison
1,matt helders
1,matt maddox
1,matt maddox & tmb
1,matt mnemonic
1,matt nelkin
1,matt rowell
1,matt schwartz
1,matt shadetek
3,mattafix
2,matte caliste
1,matter
1,matthew kerr
1,matthew silberman
4,matthewdavid
1,matthewdavid & take
1,matthias arfmann
1,matthias reiling
1,matthogan
1,matti
1,matti baybee
1,mattic
1,mattic & the mouse outfit
1,mattiya
1,mattr.
2,mattron
1,mattwizard
1,matty b
1,matty slims
2,mattyb
1,matt€ j & onda
2,mauli
4,maundz
2,mauresca
3,mauresca fracas dub
1,"maurice ""mobetta"" brown"
1,maurice da moose
1,maurice daniel
1,maurice starr
1,mausberg
1,mausberg & suga free
1,mausoleums
1,mauvais acte
1,mavado
5,maverick sabre
1,mawet
1,mawley
1,mawthra
8,max b
1,max b & young riot
1,max baer
1,max baer & tyler brimley
1,max chorny
1,max d
1,max damage
1,max deathmind x damon horton
1,max graef & wayne snow
1,max greening
4,max herre
1,max herre & philipp poisel
1,max juelz
1,max loderbauer & ricardo villalobos
1,max marx and friedrich calloway
2,max minelli
1,max normal
2,max peezay
1,max ray
1,max reader
1,max sedgley
3,max tannone
1,max tannone & richard rich
1,max turner
1,max wakoluk
1,max wonders
2,max-a-million
1,maxilla blue
5,maxim
2,maximalism
1,maxime robin
1,maximus mmc
1,maximus three
2,maxnormal.tv
1,maxo
3,maxo kream
3,maxsta
1,maxtoki
1,maxwell
1,maxx julian
1,may lilyq
1,maya angelou
1,maya jupiter
1,mayalino
4,maybe watson
4,mayer hawthorne
1,mayhem
1,mayhem nodb
1,mayhemystics & variable unit
3,maylay sparks
1,maylee todd
3,mayomi
1,mayrina chebel
1,maze
1,mazer rackham
1,mazza
1,mazzi & s.o.u.l. purpose
1,mazzo
7,maître gims
3,małach & rufuz
5,małe miasta
1,małolat
2,małpa
1,målib
1,mb
1,mb sak
1,mb1000
1,mbs
1,mc 01
7,mc 900 ft. jesus
2,mc a.d.e.
1,mc ace
1,mc arabic
1,mc b
7,mc basstard
1,mc bin laden
1,mc blabber
4,mc bogy
2,mc bolo
1,mc bomber
1,mc bomber & shacke one
2,mc brains
12,mc breed
1,mc bushpig
1,mc buzz b
27,mc chris
1,mc chris & the lee majors
1,mc circulaire
1,mc concept
6,mc cullah
1,mc d-one
1,mc daniel
2,mc dark horse
1,mc davo
1,mc det & skibadee
2,mc devvo & shady piez
1,mc deyes
1,mc dice
3,mc dj
1,mc dollar & ruthless rod
1,mc dray
1,mc duke
18,mc eiht
3,mc eiht & spice 1
3,mc einar
1,mc erik
8,mc esoteric
2,mc esoteric & stu bangas
1,mc face
4,mc fitti
2,mc friendly
1,mc friendly & ty beat
8,mc frontalot
1,mc fübb
1,mc ge gee
2,mc gels
18,mc hammer
1,mc hammer & vanilla ice
1,mc hansai (mc 한새)
1,mc hansai (mc 한새) & park so yeon (박소연)
1,mc hawking
3,mc holocaust
1,mc honky
2,mc hotdog
3,mc jean gab’1
9,mc jin
1,mc keef & the bassturd
2,mc kiyoshi
1,mc kwasi & mr. scruff
16,mc lars
1,mc lars & ytcracker
1,mc lars horris
1,mc lee
1,mc luscious
17,mc lyte
1,mc maasai warrior & suburban truth
1,mc mabon
1,mc magic
1,mc manmeet kaur
1,mc messiah
2,mc miker g & dj sven
5,mc mong (mc 몽)
2,mc mr. napkins & nice peter
1,mc n
1,mc ne$$ & weekend money
1,mc ohm-i
1,mc oneline & verbfromarizona
7,mc paul barman
1,mc pinty
2,mc plus+
1,mc rell & the houserockers
8,mc ren
3,mc rene
1,mc rod
1,mc sadri
2,mc serch
7,mc shan
1,mc shard
1,mc shinobi
6,mc shy d
2,mc skat kat and the stray mob
1,mc slavyan
1,mc smook
8,mc sniper (mc 스나이퍼)
2,mc soda
23,mc solaar
1,mc spud
1,mc steve spiffler
1,mc sway & dj king tech
1,mc sykosis
1,mc t
1,mc taakibörsta
1,mc thick
1,mc time
1,mc trachiotomy
1,mc trouble
2,mc tunes
2,mc twist & the def squad
2,mc vapour
1,mc wack
1,mc wreckshin
1,mc wreckshin & rappy mcrapperson
2,mc xander
1,mc yinka
5,mc yogi
2,mc/vl
1,mc117
1,mca & burzootie
1,mcabre brothers
1,mcbastion
1,mcd
8,mcenroe
1,mcenroe & pip skid
1,mcfly
1,mcgirk
1,mck
3,mckenzie eddy
1,mckinley dixon
1,mcm
1,mcm and the monster
3,mcpero
1,mcwordchurch
3,md
1,mdc
1,mde click
1,mdm band
1,me
1,me & my cousin
1,me gusta
1,me one
2,me phi me
1,me'shell ndegéocello
1,me-2-u
1,me2
1,me3
2,mean
4,mean lady
1,meanest man contest
1,meat force
1,meat the cleavers
2,meaty ogre
2,meaty ogre & qwel
1,mec vrabec
1,mecca diggers
5,mecca:83
1,mecca:83 aka rise
1,mechanical ashar
3,mecna
1,meco
10,med
1,med.monk
7,medasin
1,"medeski, martin & wood"
3,median
1,medicine for the people & nahko
1,medida
3,medina
1,medina green
1,medina green & self scientific
1,medison
2,medium
3,medium troy
1,medizin mann
2,medl4
1,medline
1,medusa
38,meek mill
1,meek mill & rick ross
1,meek oh why
1,meen green
1,meenz
1,meeso
1,meez martin
1,mega kulis
7,mega ran
1,mega ran & mr. wilson
1,mega ran & storyville
1,mega trife
1,mega trife & nonsense
1,megadon
1,megalodonis
2,megaloh
2,megalon
1,megaran
1,megasoid
2,megatroid
1,megavier
2,meiso
1,meiso & muzono
1,meissi
1,meital
1,mekano (sweden)
1,mekel james
1,meko
1,meko krazé
1,meko mcafee
5,mekon
1,mekong xanga
1,mel
2,mel brooks
3,mel gibson & the pants
1,mel irl
1,mel segundo
1,mel-low
2,mela machinko
1,mela9
1,melaaz
1,melakii
4,melanie b
1,melanie thornton
4,melanin 9
5,melaz
1,melba moore
1,melbeatz
1,melcrun
1,melfiano
1,melissa czarnik
1,melissa m
1,melissa t
2,meliyas (メリヤス♀)
1,mello soul black & jah-dee
1,mello soul black & slipmat brothers
5,mello メロ
1,mello-d
1,mellow
2,mellow bloke
1,mellow drum addict
3,mellow man ace
1,mellowbag
2,mellowhigh
6,mellowhype
3,mellowman
1,melo yelo
1,melo-d
6,melo-x
1,melodica deathship
1,melodicengross
6,melodiesinfonie
1,melodious monk
1,melodiq
2,melody pad control unit
1,melon
1,melph & mr. morbid
1,mels & veedel kaztro
2,meltybrains?
1,meltycanon
1,memetic
5,memmy posse
1,memo jackson
1,memorecks
1,memory cards
2,memory leaks onto the rug
2,memory man
1,memory tapes
3,memotone
4,memphis bleek
1,memphis reigns & son of ran
1,memphis untouchables
1,menace clan
1,menace mitchell
3,menacide
1,menacin johnson
1,menage a trois
1,menajahtwa
1,mendez
1,mendo dope
1,mensahwnr
1,mental abstrato
1,mental bath
1,mental case
1,mental castaways
1,mental dimension
1,mental illness
1,mental physix
3,menteroja
4,mentol nomad
1,mentor
2,menve exus
1,menya
1,mer2crew
2,mercedes
1,mercury & the architects
3,mercy
3,merkules
1,merky ace
1,merlin
1,merlot inc
1,mes enfants
1,mesanjarz of funk
1,mesijus & münpauzn
1,mesijus x münpauzn
1,mess kid
1,messa.g
1,messangers & son of ran
1,messe
1,messiah & rubbabandz
1,messiah fam
1,messiah kaeto
6,messy marv
1,messy marv & mitchy slick
1,messy marv & san quinn
1,messy marv & young doe
1,messy marv & yukmouth
1,messybeatz
4,mestizo
1,mestizo & mike gao
1,meszahline
1,metabass n breath
2,metabeats
1,metabolics
1,metabolics & mr. dead
1,metafonics
1,metaforce
2,metaform
1,metal chocolates
8,metal fingers
1,metal sound
1,metallic ghosts
1,metamorph
4,metasota
2,metastaz
4,metermaids
1,methix
23,method man
1,method man & raekwon
9,method man & redman
1,methods of mayhem
1,metis angdem
1,metrickz
1,metrix belle
2,metro
1,metro boomin
21,metro zu
2,metsakutsu
1,metty the dert merchant
4,metvlmouth
1,meuss-lee
1,mewlips
2,mexican institute of sound
1,mexican stepgrandfather
2,mexicans with guns
1,mexicution
1,meyabe
10,meyhem lauren
1,meyna co.
1,mez
1,mezzosangue
1,mf 911
1,mf borat
1,mf darko
45,mf doom
3,mf doom & mf grimm
1,mf doom & mos def
1,mf doom & sf perkele
2,mf doom & the prof.
2,mf doom & ugly mac beer
1,mf doom & wu-tang clan
1,mf doom & zhieru
13,mf grimm
1,mf love
1,mf911
2,mfbty
1,mfk marcymane
1,mfthm
1,mg
1,mg! the visionary
1,mge.
1,mgtv
1,mh & ab
1,mhd
1,mhe
3,mhz
1,mhz clique
1,mi.amargo
1,mia martina
4,mia x
1,miamigraffiti presents
1,mibbs
1,mic banditz
1,mic boyd
1,mic company
1,mic crenshaw
8,mic geronimo
1,mic life
1,mic lowry
1,mic murphy
1,mic phyzics
2,mic pompei
2,mic righteous
1,mic rippa
1,mic skillz
1,mic'n gz crew
2,mic-c
1,mica paris
1,micachu
1,micah write
3,micall parknsun
31,"michael ""5000"" watts"
1,"michael ""5000"" watts & swishahouse"
1,"michael ""bakktron"" bakke"
1,michael ameer & olga pozdnyakovskaya
2,michael christmas
1,michael da vinci
1,michael drugs
1,michael flyyer
2,michael franti
11,michael franti & spearhead
18,michael jackson
1,michael jackson & the jackson 5
1,michael jackson & tony k
1,michael james (bcdmg)
1,michael jarvis
1,michael kamen performed by hollywood studio symphony under michael kamen
1,michael matchen
1,michael myerz
1,michael nhat
1,michael o'neill
1,michael peace
2,michael rose
2,michael seyer
1,michael slovin
1,michael uzowuru
1,michael uzowuru & vince staples
1,michael valentine west
1,michael vickers
1,michaelcommonenough
4,michal menert
1,michal menert & pretty lights
1,michel'le
2,michelle gayle
1,michelle obama
1,michi on the mic
16,michita
3,michna
1,michna & secret frequency crew
1,michu mc
8,mick boogie
1,mick boogie & mighty mi
1,mick boogie & peter bjorn and john
2,mick boogie & slum village
1,mick boogie & talib kweli
1,mick boogie & terry urban
10,mick jenkins
8,mickey avalon
1,mickey brown
2,mickey cho
3,mickey factz
1,mickey floyd
4,mickey taelor
1,micki miller
1,micky muck
1,micky ritter
4,micranots
1,micro & flipman productions
1,micro panda shall burst
1,microbe
1,microburst
1,microdot (마이크로닷)
2,micronologie
1,microphone junkie
1,microphone pager & rino
1,microphone terrorists
1,microwave rollie
1,mics of fury
2,micwise
1,midastouch
2,midaz the beast
1,middle class rut
1,midflite
1,midi and code
4,midi maxi & efti
3,midicronica
1,midicronica 716
1,midnight runners
1,midnight smack
1,midnight star
1,midori
1,midori & tajima hal
1,midway felix
2,midwest express
1,midwest konnect
1,midwest mathmatics
1,mieksneak
1,mielzky
1,mig
1,miggs de bruijn
1,miggy manacles & morriarchi
4,mighty 44
1,mighty casey
1,mighty joseph
1,mighty mi & vast aire
2,mighty mouth (마이티 마우스)
1,mighty prophet
23,migos
4,migos & rich the kid
1,migos & young thug
6,miguel
1,miguel atwood-ferguson
1,miguel atwood-ferguson ensemble
1,miguel street
9,mihimaru gt
1,mihkal
1,miike snow
3,miilkbone
1,mikael gabriel
1,mikael seifu
1,mikaila
1,mikal c doherty
4,mikal khill
1,mike
1,"mike ""t"""
1,"mike ""the situation"" sorrentino"
2,mike b.
1,mike boo & ricci rucker
2,mike boyd
1,mike clouds
1,mike control
2,mike crigs
1,mike david
3,mike dece
1,mike doughty
1,mike dreams
2,mike e. clark
1,mike el nite
1,mike epps
1,mike f. the hitman
1,mike faceless
1,mike floss
8,mike g
4,mike gao
1,mike gao & qwel
1,mike heron
1,mike horn
9,mike jones
1,mike kay & wooshie
7,mike ladd
1,mike ladd & vijay iyer
1,mike lawal
1,mike masch
1,mike mass x tuelv
4,mike mictlan
1,mike mictlan & mnemonic
1,mike million
2,mike mo beats
1,mike moses
2,mike of doom
2,mike parker's unified theory
1,mike patton & the x-ecutioners
7,mike posner
1,mike prat
3,mike relm
1,mike shank
3,mike slott
2,mike stud
1,mike swoop
2,mike the martyr
1,mike thomas
1,mike towers
1,mike wagz
1,mike weed
1,mike widow
8,mike will made-it
1,mike will made-it & rihanna
1,mike wing
3,mike zoot
1,mike-e
1,mike-l
1,mike.ill
1,mikechek
5,mikedbeatsbyd
1,mikedecline
1,mikedecline & ryan stinson
1,mikee mykanic and ketioz
1,mikeflo
2,mikel knight
6,mikexanax
1,mikey beats
1,mikey dollaz
1,mikey g
2,mikey rockwell
1,miki howard
6,mikill pane
1,mikkey halsted
1,mikooshka
4,mikos da gawd
1,mikos da gawd & tele fresco
1,mikrofonistit
2,mikser & słoń
3,miky mora
1,mil
1,mil & suhov
2,mila j
1,mild beats (마일드 비츠) & primary (프라이머리)
4,miles bonny
1,miles bonny & reggie b
1,miles davis
1,miles merrill & morganics
1,miles singleton
2,miley cyrus
1,milieu
1,milira
1,militant mind state
2,militia
2,milk
1,milk coffee & sugar
2,milk kan
1,milk n cookies
1,milklilpimppin
1,milklord
2,milkman
2,milkzilla
1,millelemmi
1,millenium
1,millennium jazz music
2,miller aka gritt romney
2,miller6ix
1,milli millz
1,milli the mac
1,milli vanilli
1,millie jackson
1,million buxx
1,million dan
1,million dollar idea
1,million neons
1,millionaires
1,millonario
1,milly mango
1,millz
11,milo
1,milo & otis
1,milo fluorescent
2,milo k
2,milo mills
2,milonair
1,mils
6,mim0sa
1,mimiks
1,mimosa pudika
4,mims
1,mina knock
4,minamina goodsong
1,mind bomb
2,mind da gap
1,mind mechanics & piloophaz &
1,mind molestahz
1,mind motion
1,mind muzik sound corporation
3,mind over matter
1,mind space
1,mind's i
1,mindelixir
1,mindflux
1,mindkilla beats
1,mindless behavior
2,mindless self indulgence
1,minds bleed havoc
3,mindsone
1,mine
4,ming & fs
1,ming ming dance company
1,mini me
1,mini thin
5,ministère a.m.e.r.
1,ministère amer
1,minje
5,minmi
2,minnesota
1,minnesota & zion i
2,mino
1,minoo
1,mint condition
1,minus 8
2,minwager
1,miori
1,mira craig
2,miraa.
1,miraa. & smuv
2,miracle
2,mirage
1,mirak
1,mirei toyama (當山みれい)
1,miri ben-ari
2,mirk
1,miro
2,miryo (미료)
1,miró belle
1,mis-teeq
2,misanthrop
1,miscellaneous
1,mischief
3,misel quitno
1,misfits in the attic
1,misfits of science
1,misfitz ov stylz
1,misie sadik
2,misk
1,miska
1,misled children
6,misogi
1,miss bolivia
1,miss eaves
2,miss jones
1,miss ohio's nameless
2,miss platnum
1,miss weirdy
1,miss.she.ill.
1,missak
2,missile girl scoot
4,missill
2,missin' linx
1,missing link & osiris-1
2,mission
1,mississippi down south playaz
1,misstreat beats
1,missy d
1,missy dee & the melody crew
33,missy elliott
1,mista 93
1,mista grimm
1,mista hope
1,mista maeham
2,mista savona
1,mista sinista
1,mista skrilla
1,mista slim
1,mista write
1,mistachuck
11,mistah f.a.b.
1,mistah f.a.b. & turf talk
1,mistahsmooth
1,mistahsmth
1,mistakemistake
1,mister barnabus
1,mister bibal
2,mister d
1,mister jason
2,mister litty
1,mister mixi & skinny scotty
8,mister modo & ugly mac beer
1,mister nick & skipp coon
1,mister softy
1,mister t.
1,mister tweeks
1,mister wallace
1,mister xile
1,mister yo & noguano
4,mister you
4,misteur valaire
1,mistress
2,mistro
2,misuccc
1,miszu
1,miszu & shifty
1,mitch beats
1,mitchbal & friends
1,mitchell bailey
1,mitchell wegela
3,mitchmatic
4,mitchy slick
1,mitchy slick & the world's freshest
1,mitsuru ogawa
5,miuosh
10,mix master mike
1,mix и я
1,mix-o-rap
1,mix-toor
2,mixamyte 1
2,mixed blood majority
2,mixed elements
1,mixed practice
1,mixmaster morris
1,mixmaster tee
1,mixmstrstel
1,miz matthews
1,mizu
11,mizz frankie j beatz
3,międzymiastowa
1,mj (엠제이)
1,mj the mvp
7,mjg
1,mjmj records
1,mk larada
1,mk-ultra
4,mkls
3,mksb
2,mkto
1,mlata
1,mlc
1,mm3rd
1,mmad
1,mmlz
1,mmuone
1,mn8
1,mn88
18,mndsgn
1,mnemonic
1,mnsr frites
1,mnstrmkk
1,mo & grazz
1,mo b. dick
1,mo junkie
7,mo kolours
1,mo niklz
1,mo rayon
1,mo serious
1,mo the lawn
6,mo thugs
1,mo thugs family
1,mo vibez
1,mo'vez lang
1,mo-b & onlyone
1,moa pillar
1,moabeat
3,moar
1,mob.inc.
1,mob44
45,mobb deep
1,mobb deep & organized konfusion
1,mobb figgaz
2,mobbade barn med automatvapen
1,mobo click
1,mobonix
4,moby
1,moby & public enemy
1,moccasin creek
1,mocean worker
2,moch tha kid
1,mocha
1,mocha simone
1,mochi beats
5,mochipet
3,mocky
1,mocromaniac
1,mocy
10,mod sun
5,mode xl
6,moderator
2,modern
3,modeselektor
1,modestep
2,modill
1,modlee & vlooper
2,modré hory
1,modulok
1,modurn languaj asosiashun
1,mody & watsky
1,moe
2,moe and ghosts
1,moe masri
1,moe mitchell
2,moe pope
1,moe pope & rain
2,moe shop
1,moe-man
1,moebius
1,moedavey + melodious mike
4,mofeta & jerre
2,mog
2,mogillah
1,moglebaum
3,moh
1,mohamed dali
2,mohammed ali
1,mohawk park
1,moi-même flow
1,moisés no duerme
2,moja reč
1,mojarra
1,mojave dweller
2,mojib
1,mojo tank
2,mojoe
2,mok
1,moka
55,moka only
1,moka only & mr. brady
1,moka only & sixtoo
1,mokenstef
1,mokhov
1,mokless
1,mokobé
1,moksa
1,molasses
1,mole moonwalktet
1,mole star & weezer
7,molemen
5,molest the pope
1,molesta
1,molesta ewenement
1,molo
6,molotov
1,molécule
1,mombu & oddateee
1,moment
1,moment 44
1,momentan
5,momo
1,momo safi
1,moms
5,mona lisa
1,monday/friday
1,mondo the moonrock
1,mondogift
6,mondrem.a.n
1,mondrem.a.n & nem270
2,mondrian loop
1,monexus
1,money b
1,money boss players
1,money boy
1,money face $$$ & swagkillaz
2,money making jam boys
1,money mendoza
1,mongoose
1,mongrel
11,monica
1,monica geuze
10,monie love
1,moniere nance
3,monifah
1,moniker
1,monk fly
2,monk one
1,monk'
2,monk.e
1,monkey bone
6,monkey farm frankenstein
1,monkey mafia
1,monkey majik
1,monkey sequence 19
1,monkey sons
1,monkey theorem
1,monkeymarc
1,monkeytribe
1,monkier
1,mono creation
1,mono poly
1,mono x monkey
5,mono/poly
1,mono:massive & vertual vertigo
1,monokle
1,monolith
1,monolithium
3,monomau
1,monomite
4,mononome
2,monopol
1,monoraum
1,monoxide
1,monroe
2,monsieur grandin
1,monsieur leroc
1,monsieur nov
1,monsignor separ
1,monsoonsiren & troy samuela
1,monsta beatz
1,monsta island czars
2,monsta kid
2,monsta x (몬스타엑스)
1,monster elephante
1,monster maker
4,monster rally
2,monster rally & rumtum
1,monster rally & tv girl
1,monsters of folk & the roots
1,mont sombre
1,montage district
1,montage one
6,montana of 300
1,montana of 300 & talley of 300
1,montana trax
1,montanamax
1,montanamax & shiml
4,monte booker
4,montell jordan
1,montell2099
1,montessq
1,montez
1,montgomery clunk
2,monty
1,monty cold
1,moochy c
11,mood
6,mood ruff
1,mood schula & simo
5,moodie black
2,moodphase5ive
1,moodprint
4,moods
1,moods & unannounced guest
1,moodswing9
1,moodswingaz
1,moody good
1,moodymann
2,moomin
1,moon blazers
1,moon crickets
1,moon reflecting
1,moon trash
5,moon-tone
1,moonbase commander
1,moonbootica
2,moonchild
1,moonie the micher
1,mooninite & rs2090
2,moonlight
1,moonshine
5,moonshine bandits
1,moonshyne
1,moonslice
1,moonstarr
3,moop mama
1,moor mother
1,moor mother goddess
1,moorish delta 7
1,moors
1,moors blackmon
2,moose funk squad
1,moosh & twist
1,mooskio
4,mophono
1,mophono's halftone society
3,morabeats
1,morad
1,morado
1,moraless
1,morbidly-o-beats
1,morbski & skully blizzard
5,morcheeba
3,mordecai
1,more // night
1,more fire crew
5,more or les
1,more struggling people
2,more than lights
1,moreno
2,moresounds
2,morfiy
1,morgan donor
1,morgan macmanus & omegachild
2,morgan zarate
1,morimoto
2,morlack
5,morlockk dilemma
1,morlockk dilemma & sylabil spill
1,mormo
1,morning star
1,morodo
1,morovach
2,morpheground
1,morri$
1,morriarchi
1,morsay
1,mortal and chemist
1,mortar
2,morti viventear
1,moruf
23,mos def
1,mos def & ski beatz
1,mos def & talib kweli
1,moscillate
2,moscow death brigade
1,moscow death brigade & what we feel
1,mosel
3,moses boyd
1,moses mayes
2,moses pelham
1,moses rockwell
1,moses uvere
5,mosh36
2,moshe
1,moskito
1,moss
1,most wanted boys
1,most wanted posse
1,mosta man
1,mostafa
1,mothas la mascarade
1,mothboy
1,mother earth
1,mother superia
1,moti
4,motion man
2,motion.
1,motion.picture.actress
2,motive
1,motman
1,motoko
1,motorisk afasi & spakur
1,motown rage
2,motrip
7,motëm
1,mouche
1,moudjad
1,mounika.
4,mountain brothers
1,mountain peeps
2,mountycrizto
3,mouse on tha track
1,mouth's cradle
1,move d
4,move.meant
5,moveknowledgement
1,movement ex
1,movements
7,movits!
1,movèzerbe
1,mowgle & roo gatsby
2,mowgli
1,moxie raia & steve aoki
2,moz
1,mozaic
1,mozaic (ago)
1,mozesli
1,mozgi
8,mozzy
1,mozzy & philthy rich
1,mozzy & worlds freshest
1,moïsethedude
1,mp & vokab
3,mpa wicced
2,mphimous
1,mpho manye
1,mpulse
1,mr benn
2,mr brown
1,mr bugg
1,mr dibbs
1,mr familiar
1,mr flex (chosen spokesmen)
1,mr galactus
1,mr grevis
1,mr hill & rahjconkas
1,mr hudson
1,mr james bright
1,mr loop & mark from the zoo
1,mr mic rippa
1,mr moon
1,mr morbid & melph
1,mr no body
1,mr phormula
1,mr pickles
1,mr ruckman
1,mr simmonds
4,mr thing
1,mr thing & yungun
1,mr tibbs
1,mr traumatik
1,mr viktor
2,mr. 3
1,mr. 305
1,mr. abstract butta fingas
1,mr. b
3,mr. b the gentleman rhymer
3,mr. backside
1,mr. bambu
1,mr. beatnick
1,mr. benn
1,mr. bigg & the last mr. bigg
1,mr. bird
1,mr. bix
2,mr. bones
3,mr. boss
3,mr. brady
1,mr. brady & piff pch
1,"mr. brown feat. jehst, cappo, kashmere & life mc"
5,mr. capone-e
1,mr. capone-e & mr. criminal
14,mr. carmack
1,mr. cellophone
1,mr. chandler
5,mr. cheeks
1,mr. chill g
1,mr. chop
3,mr. complex
1,mr. complex & old world disorder
1,mr. coop
3,mr. cooper
9,mr. criminal
1,mr. de'
1,mr. dead
2,mr. dgaf
18,mr. dibbs
15,mr. dibiase
1,mr. dibiase & nasrockswell
1,mr. dibiase & p.u.d.g.e.
1,mr. doctor
1,mr. double racks
5,mr. e
1,mr. endo g
1,mr. fp
1,mr. fresh
2,mr. gloomy
7,mr. green
2,mr. green & pacewon
1,mr. green & young zee
1,mr. grevis
3,mr. hell
1,mr. hey mister
2,mr. hill
1,mr. hong
3,mr. hyde
2,mr. invisible
1,mr. iroc
2,mr. ivan
7,mr. j. medeiros
1,mr. kee
1,mr. kinetik & rusty redenbacher
4,mr. lee
2,mr. len
1,mr. levy
13,mr. lif
1,mr. low kash 'n da shady bunch
1,mr. lucci
1,mr. mack
1,mr. mann
1,mr. mar
1,mr. marcelo
1,mr. mauricio
2,mr. mike
1,mr. mitch
12,mr. moods
1,mr. moods & tack-fu
12,mr. muthafuckin' exquire
1,mr. nitro
1,mr. nogatco
2,mr. oizo
1,mr. on vs jungle brothers
1,mr. peebodie
1,mr. pickles
2,mr. polska
1,mr. polska & ronnie flex
1,mr. polska & teske
1,mr. pookie
2,mr. porter
2,mr. probz
1,mr. q
1,mr. quikk
1,mr. r
1,mr. raf
1,mr. rango
1,mr. ruckuz
3,mr. sandman
14,mr. sche
1,mr. sche & nasty nardo
3,mr. sche & t-rock
1,mr. sche & tha boss bitch
1,mr. sche & tom skeemask
1,mr. sche & trouble mob
1,mr. schnabel
27,mr. scruff
6,mr. serv-on
2,mr. shadow
1,mr. shadow & the raskal
1,mr. short khop
1,mr. sims
1,mr. skurge khingass
1,mr. soap
6,mr. sos
1,mr. sta puff & reckanize
1,mr. supreme
2,mr. t
2,mr. tinimaine
1,mr. v
1,mr. vampire and his magic sound on fire
1,mr. vandal
3,mr. voodoo
3,mr. wax
1,mr. woodnote
1,mr. wrong
1,mr. x
2,mr. yote
1,mr.kid & белый будда
1,mr.mr (미스터미스터)
1,mr.scruff
2,mr.sisco
1,mr.t & yanbi
2,mr.troy
1,mr.wax
1,mr.wolf
2,mr.xquisit
1,mr.yukk & seanprince
1,mrhyde
1,mrki
1,mrmarruk
2,mrr-adm
1,mrrlen
5,ms. dynamite
1,ms. jade
1,ms. melodie
3,ms. tee
1,ms. toi
2,msc
1,msk
1,mssgfrmntr
1,mssingno
3,mstrkrft
3,mstrrio
1,mt&dc
1,mt. fujitive
3,mt. marcy
1,mt.analogue & wonka
3,mtbrd
1,mtk & ra scion
1,mtume
4,mtv riff raff
2,mu vonz
1,muamin collective
1,muc j
1,mucho muchacho
3,muck sticky
1,mucky goonz
1,mud sun
1,mudbones
1,mudd
1,muddling thru
1,muddy thumb
1,mudi
5,mudkids
1,mudra
1,mugatu fughazi
1,mugen
1,mugen-sennin
3,muhsinah
4,muja messiah
2,mujo情
1,mujo情 & youtaro
4,muki (מוקי)
1,muki' marosi
1,mukupa
1,mulatto patriot & simeon viltz
1,mulató aztékok
4,multicyde
1,multiple organisms
1,muma.
2,mumbles
1,mumbojumbo
1,mummy fortuna's theatre company
1,mummz
4,mums the word
1,munchi
1,munchiez
1,mund de carlo
5,muneshine
1,muneshine & vinyl frontiers
1,munnrai
1,muno
1,munro
1,muny p
3,muph & plutonic
1,muphin
3,mura masa
1,mura masa & yung bae
1,murat & jose
1,murat & jose band
2,murda one
2,murder inc.
1,murder is not a crime
1,murder one
1,murder one gangstas (m.o.g)
1,murder squad
1,murdermaid
1,murderous
1,murdoc
1,murdoc faceless
3,murk daddy flex
1,murk108
2,murkage
1,murli
1,murmur breeze
2,murmurecordings
1,muro
3,murohashi takuya
2,murovei
2,murphy lee
1,murphy ranks & virgo
21,murs
3,murs & slug
2,murs & terrace martin
1,murs & whole wheat bread
1,murs & z-trip
3,murubutu
2,musa
3,musab
1,musashi xero
1,muscle & f.l.o.
1,museum
1,mushiflo
1,mushroom deer
1,mushtaq & terry hall
1,music for painters bt.1
4,musicians making a difference
1,musiq
1,musiq soulchild
1,muske
1,muso
3,mussy
1,must volkoff
1,mustafa m. eisa
2,mustapha mond
1,mustard tiger
1,mustbeat crew
2,mutamassik
4,mutant joe
2,mute
1,mute aaron davis
7,mute speaker
1,mute-tiny
1,muthoni the drummer queen
1,mutrix
1,mutt
1,mutual friend
1,muuan mies
8,mux mool
1,muz
2,muzion
1,muzze & vantorre
1,muzzy
1,muzzy bearr
1,mv bill
1,mvng
1,mvp
1,mvten & srawburn
4,mwuana
2,mwëslee
1,mxf
1,my automata
1,my cat drinks tap water
1,my compiled thoughts
1,my dear gunnar kaufman
1,my head radio
1,my inner eyeland
1,my name & tag team
1,my name & tha alkaholiks
7,my neighbour is
1,my own island
1,my panda shall fly
2,my parents favorite music
1,my pet monster
1,my phat girlfriend
2,my space
1,my tulpa
1,my-q (마이큐)
2,myc ripley
1,mydus
2,myg
1,mygrane mcnastee
1,myk
1,myk & shirosky
1,myk.
7,myka 9
1,myke bogan
8,myke forte
1,myke murder
1,mykel rayne
1,mykele deville
1,mykestro
1,mykey may
2,mykill miers
10,mykki blanco
1,myles bullen
1,mymk
2,myname (마이네임)
1,mynameisjohn
1,mynse
1,myrne
1,myron
1,myron & e
1,mysc
2,myso
1,mysonne
1,mysta.d
2,mysterious jay
1,mysterme & dj 20/20
2,mystic
1,mystic man and eshamanjaro
1,mystic pimps
1,mystic roots band
1,mystidious misfitss
2,mystik
13,mystik journeymen
12,mystikal
7,mystro
1,mytee g. poetic
1,myth cell
1,myth maker
1,myth syzer
1,myverse
2,myzery
2,mz
1,mz. kliyo
1,m|a|r|r|s
2,mädness
1,mäk gälis
1,mäkki
9,médine
2,mélanie renaud
1,mélanine
3,ménage quad
1,ménage à trois
3,ménélik
1,míos tíos
1,møme
7,mýa
1,młody grzech & tede
1,mδrri$ & sweater beats
1,m∞n
1,n demand
1,n'dangr species
2,n'dea davenport
1,n'fa
1,n'fa jones
1,n'sayne
6,n'toko
18,n*e*r*d
1,n-bomb (黄硕)
3,n-dubz
1,n-light-n
4,n-tyce
3,n.a.p.
10,n.a.s.a.
1,n.b.g
4,n.b.s.
1,n.b.s. & snowgoons
1,n.e.p.h.e.w
1,n.e.r.d
1,n.f.b.
2,n.n.p.
1,n.o.4
1,n.o.h. mafia
3,n.o.m
1,n.o.m.a.d
1,n.o.n.-e.quation
13,n.o.r.e.
1,n.o.t.s.
2,n.o.t.s. click
1,n.o.x.
1,n.u.n.e. & shade sheist
14,n.w.a
1,n.w.a performed by amateur anthropologist
1,n.w.h.
1,n.y. city beats
2,n.y. confidential
1,n.y.c.c.
3,n0va
1,n1nt3ndo
3,n1nthcloud
3,n2deep
11,n2deepbeatz
2,n2k
1,n8
1,n8499q
1,n8:08
1,n8noface
1,na
1,na palm
1,na$ty
1,naalaru
1,naatives.
1,nabil and karim
1,nabo rawk
1,nacey
8,nach
1,nach scratch
6,nacho picasso
1,nachti
1,nachtwandler
1,nacomi
1,nadastrom
1,nadia rose
1,nadja & uochi toki
1,nadsroic
2,nadus
1,naear
1,nafets
2,nagasaki night club
6,nagchampa
1,nagual sound experiment
17,nah
1,nahhg
2,nahhmyg
1,nahsolo
1,naik
1,nairobi
1,nais williams & dfs
1,naisu
1,naive
2,naive machine
1,naj one
1,naja gemini
1,najee the 1
1,najimu
1,nak
1,naked ape
1,naked artz
1,naked geometry
1,nakinyko
1,nakk
3,nakk mendosa
1,naledge & willie the kid
3,nam:live!
1,namasté
2,name ul
2,namebrand
1,namek
1,nameless
1,nameless & nametag
3,nametag
2,namie amuro (安室奈美恵)
1,namika
8,nana
1,nanase
1,nancy wilson & the jazz jousters
1,nando
1,nang
2,naoto taguchi
1,napalm clique
1,napoleon
2,napoleon da legend
2,napolian
2,nappy dj needles
1,nappy nation
14,nappy roots
3,naps
1,napszyklat
1,naptron
1,narayan from zion
2,narco
1,narcoskeptic
1,narcosub
1,narcotik
1,nard & b & skooly
1,nark and robocock
1,narkatta
2,narkotiki
1,narodni travari & voodoo popeye
1,narrateur
2,narubi selah
1,narujuan
5,narvu.
79,nas
1,nas & jay-z
1,nas & rick ross
1,nas & rza
1,nas & the roots
1,nasa
1,nashawn
1,nashow (나쑈)
1,nassah
2,nassun (낯선)
1,nasta
1,nasty
1,nasty graphics
2,nasty ill brother s.u.g.i
1,nasty j
2,nasty kutt
1,nasty lime
1,nasty mane & project pat
1,nasty millionaire
1,nasty nas & statik selektah
1,nasty qwik
1,nasty rox inc.
1,nat king cole
2,natalie la rose
9,natas
1,natasha bedingfield
3,natasha kmeto
1,natasha mosley
1,natasja
1,natasja & ras money
1,natay
15,nate dogg
1,nate everest
1,nate fox
1,nate smith
1,nate vera
4,nate57
1,nathan
1,nathan blueberry
1,nathananthony
1,nathaniel
1,nati nation
1,natio
1,native deen
3,native guns
1,native nuttz
1,native strangers
1,natives in black
1,natives of nocturne
1,nativity
2,nato
1,nato & touch
1,natriums
1,natrixdream
7,natry
9,natsu fuji
1,natsu_fuji
1,natti
2,natty
1,natty gray
4,nattymari
1,nattymari presents kreayshawn & sortahuman
3,natural alchemy
1,natural chemistry
4,natural elements
2,natural mystics
1,natural resource
2,natural selection
3,natural self
1,natural sequence
1,naturally 7
1,naturally born strangers
7,nature
1,nature shed
1,naturetone
2,natzure
1,naudy
2,naufragio
1,naughty boy
24,naughty by nature
1,naughty pepper (너티페퍼)
1,nautic
1,nautilis
1,nautilus & zeus
1,nauxuh
2,navea
1,navi (나비)
1,navid b
1,navigators
1,navillus
3,nawlij
1,naygunz
1,nayobe
1,naza
6,nazar
2,nazcarnation
1,nazeem & spencer joles
1,nazeer art'aud
1,nazley young
1,nazz
2,nazzy
1,naâman
3,nb ridaz
1,nbg
1,nct 127 (소방차)
1,nct u
1,ndma
5,ne-yo
1,ne100 x ftmz
2,neako
3,neat beats
4,nebrahska
1,nebu kiniza
3,necedah
1,necessary
1,necessary intergalactic cooperation
1,nechi nech (נצ׳י נצ׳)
1,neckbreakerz
1,necktalk
1,necorobo
23,necro
1,necro & reverie
14,nedarb nagrom
1,nedarb nagrom & the local man
1,need not & need not worry
3,neek the exotic
1,neel
2,neeq
4,nef the pharaoh
1,nefarious
5,nefarious!
1,nefertiti
1,nefertiti and the neftunes
1,nefew
1,neffa
1,nefre
2,nefret
1,nefsi
2,neg lyrical
1,neg marrons
2,neg' marrons
1,negakuss
1,negativ
1,negligence.
1,negrita
1,negro smiling
9,negu gorriak
1,neguimbeats
2,nehruviandoom
1,nehtaro
1,neighborhood
1,neighbors ate my zombies
1,neighbourhood threat
4,neila
1,neka
2,nekfeu
1,nekrock
1,nell
1,nella ekim
1,nellex
30,nelly
3,nelly & st. lunatics
4,nelly furtado
1,nelsonious
1,nembrionic & osdorp posse
1,nemesiidae
4,nemesis
1,nemesis beatmaker
2,nemir
1,nemisis
1,nemo58
1,nemrot
2,nems
1,nena performed by jan delay
1,nene fresco
12,neneh cherry
2,neneh cherry & the thing
1,neo unleashed
1,neodisco
1,neon steve
1,neon tiger
5,neonschwarz
2,nephlim modulation systems
1,nepomuk
2,nepumuk
1,nerdcore halloween
1,nerdcore now
1,nerdhead
1,nered
1,nered & stoka
1,nero
1,nero & oglb
1,nero angelo
6,neroche
1,nerviozzo
1,nes
4,nesian mystik
1,neso
2,nessbeal
1,nessly
4,nessolax
2,nesti
1,nestor kéa
4,netherfriends
1,netra & we'rewolves
1,netsky
1,network boys
3,neuk!
1,neurotic
1,neustadter harz
1,neustädter harz
1,neutral milk hotel
1,neutrino
1,neva legal
1,never been
1,never settle
1,never truly yours
1,neveready
1,nevermen
1,nevi moon
1,nevma (νέβμα)
2,new birth brass band
9,new boyz
2,new breed
1,new champ (뉴챔프)
1,new classic
1,new cool collective & typhoon
1,new dub city
3,new edition
1,new fast automatic daffodils
2,new flesh
2,new flesh for old
1,new game
1,new jack hustle
2,new kingdom
1,new order
1,new politics
2,new reb
1,new retro
1,new slang
1,new testament
1,new version of soul
1,new'era
1,newark anonymous clik
11,newcleus
1,newcleus & the egyptian lover
3,newham generals
1,newkid
1,newsensei
1,newsensei & van ill
1,newsreel armies
1,neww eraa
1,nexo morgan
2,next
1,next item
1,next.time.gadget
1,nexus kenosis
1,ne‐yo
3,nf
1,ng3 & snapi
4,ngafsh
1,ngajuana
1,ngc
1,ngs
1,ngudu & the chocolate jam
3,nguzunguzu
1,nhkyx
1,nht boyz
1,nhu-rha
1,ni taylor
1,nia peeples
3,niazura
1,nic
1,nic d
1,nica
1,niccademus
5,nice & smooth
1,nice-icles
1,nicholas
1,nicholas cheung
1,nicholas wonder
1,nick brewer
2,nick cannon
8,nick catchdubs
1,nick chatham
1,nick coury
2,nick groff
1,nick hoodrich
2,nick hook
1,nick jin
2,nick jonas
1,nick kamarera & véo
1,nick peace
1,nick plante
1,nick pride & the pimptones
1,nick tha 1da
1,nick thayer
3,nick trees
6,nick wisdom
6,nick wiz
1,nick wiz & u.g.
1,nickbag
1,nickelman
1,nickels hawkeye
4,nickelus f
2,nickelus f & ohbliv
1,nickelus f & portishead
1,nickelus f & shawn kemp
44,nicki minaj
2,nicknack
3,nickodemus
1,nicky columbus
1,nicky d's
1,nicky slim ting
1,nickzil
2,nico & vinz
1,nico ghost
1,nico lindsay & trim
1,nico segal
4,nico suave
1,nico the beast
2,nicobox
2,nicodxmvs
1,nicodxmvs & western tink
1,nicolas seguy
5,nicolay
2,nicole scherzinger
3,nicole wray
1,nicoluminous
1,nicolò
1,niconé
1,nicotine
1,niello
2,nieve
1,nieve & cook
1,nigel frank
1,nigella
1,nigga creep
2,nigga liu kang
1,nigga liu kang & sealab 2012
1,night crawlers
1,night creatures
3,night gaunts
3,night lovell
1,night movements
1,night of the living funk
1,night wolf
1,nightbreed
2,nightclub fight club
1,nighthawks
4,nightly beat
1,nightmare 34
12,nightmares on wax
8,nigo
4,niha
1,niihwa (니화)
3,nik & jay
1,nikke ankara
1,nikkfurie of la caution
2,nikki d
1,nikki jean
1,nikki kixx
1,niklas
1,niko
1,niko en kluis
2,niko is
1,nikolaj steen
1,nikolovski
2,niles philips
1,nimalan yoganathan
1,nimbus_nine
1,nimo productions
1,nina
2,nina las vegas
1,nina maria
1,nina sky
1,nina tech
6,nine
1,nine inch nails
2,nine leaves
1,nine lives the cat
2,nines
1,ninesem & visp
1,nineties boy
1,ninho
2,ninja high school
9,ninja tofu
1,ninjaman & flourgon
1,ninjamaster & sensational
4,ninjasonik
1,ninjoi
1,nino brown
2,nino brown & samrai
1,nino brown & sangue bom
1,nino el dino
1,nino ice
1,nino korta
1,ninotarintino
1,nipps
12,nipsey hu$$le
1,nipsey hu$$le & yg
1,nipskcab fam
1,nique
1,nire
5,niro
1,nirobi
1,nishikala
1,nisho
2,niska
1,nitai hershkovits
2,nitro
2,nitro microphone underground
4,nitsua
2,nitty
3,"nitty scott, mc"
1,nivea
1,nived-n-hydro
2,nivek
1,nivekllerrad
1,niwea
1,niykee heaton
1,nizz sentine
1,niño
1,nj
3,nk profeta
2,nks
1,nli & aes master
1,nlk
1,nlp
1,nmb brass band
1,nmd abstract
1,nme
1,nmesh
1,nmzs
1,nmzs und danger dan
2,nnamdi ogbonnaya
1,nneka
1,nnfof
1,no
3,no bird sing
1,no description given
2,no face
1,no forcefield
1,no ghost
1,no glow
1,no good
3,no i.d.
1,no love given lp
2,no luck club
1,no malice
1,no means yes
1,no merci
1,no mercy ent
1,no more heroes
1,no name
1,no name & insomniac
1,no remorze
3,no sir e
1,no smoking team
7,no studio
1,no sunlite for the media
2,no surrender
1,no sé
3,no-fvce
1,no-maddz
1,no.one das-zet
3,no.pulp
1,noa james
1,noaccordion
1,noah caine
2,noah kin
1,noah rime$
1,noah swords king of the deathmatch
1,noah yount
1,noah-o
27,noah23
1,noah23 & playpad circus
1,noah23 & prefuse 73
1,noaipre
1,nob da rootsneg
1,nobi_4
1,nobiiru
1,noble artright
1,noble oak
1,noble scity
6,nobody
3,nobody beats the beats
1,nobody beats the drum
2,nobodyknows+
3,nobs
1,nobukazu takemura (竹村延和)
2,nobuo uematsu (植松伸夫)
1,nobuo uematsu (植松伸夫) & yasunori mitsuda (光田康典)
7,nocando
1,nochang (천재노창)
1,nochexxx
1,nochi -x- the half blunt prince
1,nocow
1,noctuo
1,nocturnal
1,nod.
2,nodey
1,nodja
1,nodōz
12,noemotion goldmask
3,noer the boy
1,nohabeats
2,nohidea
3,noir.
1,noiroh
1,noise beats & that sky
1,noise box
1,noise lock
1,noise witch
1,noise808
1,noisses
2,noistruct
1,noisy & cluttered
1,noisy stylus
6,noize mc
1,nok from the future
5,nolan the ninja
2,nolay
2,nollores
7,noltern
1,nolto
1,nomaads
1,nomad scientist
3,nomadic massive
1,nomadic poet
1,nomadikh
12,nomak
3,nomaster icon
2,nomelabajes
1,nomi
1,nomis & döll
1,nomok & roa
1,non + herrmutt lobby
1,non drifter
1,non flaco
6,non phixion
3,non-prophets
2,nona
1,nona gaye
1,noname
1,noname kolektyf
3,nonchalant
1,none like joshua
1,noneedz
1,nonfic
1,nongenetic & riow arai (リョウアライ)
2,nonstop
1,noodle fingers & you exchange
2,noon
2,noon & pezet
1,nooon.
1,noppal
3,nopsajalka
1,nor
1,nora naughty
1,norba
2,norcal nick
1,norcal nick & rav.p
1,nordic soul
4,noreaga
3,norikiyo
1,norkie
2,norlie & kkv
1,norman
2,norman cook
1,norselaw
1,norsola & sixtoo
1,north american connection
2,north bronx alliance
1,north east swat team
1,north star wisdom
1,north west metropolis
1,northeast groovers
1,northern lights
3,northern state
1,northsiderz
2,northstar
1,northwest division
1,nortroniks
1,noruff
2,norvisjr
3,norwegian recycling
1,norzeatic
2,nos man jr.
3,nosaj thing
3,nosmo king
1,nostal
1,nostalgic progression
1,nostinato
1,nosunnofood
1,notalent
1,notch
1,note worthy
1,note worthy(subcon & sadida)
1,notes
3,notes to self
2,"nothing,nowhere."
2,nothingisreal
1,notiz yong
7,notkea rotta
1,notkea rotta & smc lähiörotat
3,notorious msg
1,nottis
2,nottz
2,nouvel r
1,nova deviator
5,nova rockafeller
1,nova saves & oc from nc
1,novasonic (노바소닉)
1,novej
2,novel
3,noveliss
1,novocaine melodies
1,novox
1,now born click
4,nowadays records
1,noy riches
2,noyce
1,noyland
1,noyz
3,noyz narcos
1,np union (엔피유니온)
1,npc3
1,nsd
2,nthn
1,nthng pablo
1,ntnø
1,ntotheon
1,ntò & stirpe nova
1,nu brand flexxx
1,nu colours
1,nu magik
3,nu vintage
2,nu vintage & onelove beats
1,nu.bourbon
1,nubbz
1,nubian crackers
1,nubian m.o.b.
1,nubiyan twist
1,nubla
1,nublues
2,nuck fames
1,nuclear
1,nucleus
1,nude
1,nueva era
1,nufeel
1,nuff ruffness
1,nujab3x
18,nujabes
5,nujabes & shing02
1,nujabes & uyama hiroto (宇山寛人)
1,nukon
1,nulabee
3,nullset
1,nullse†
1,nullspace & peaking
1,numa crew
1,numarx
1,numatik
1,numb
1,number muncher
1,numbers not names
1,numbs
1,numonics
1,numskull
4,numskullz
1,nunca duerma
1,nuno lavey
1,nuol (뉴올)
1,nuoret herrat
1,nuovi briganti
1,nupela masalai
1,nut
1,nuts
1,nuts one & somepling
2,nutso
4,nuttea
2,nuttin' but stringz
5,nuttkase
1,nuvonesia
1,nuyorican soul
1,nvt
8,nvthlss
1,nwanda
1,nwjack beats
2,nx
1,nx zero
3,nxworries
4,nxxxxxs
1,nya
2,nyck caution
1,nye.
3,nyetscape
1,nyg'z
3,nyle
2,nym
1,nymano
1,nyoil
1,nyru
2,nysay
1,nytevision
1,nyxotik
1,nyze
3,nyzzy nyce
1,nâdiya
3,näääk
3,nèg' marrons
1,núñez
1,nühn
2,o k h o
1,o k h o & 不明 fumei
1,o lyfe
1,o rappa
1,o$p$
1,o'dion
2,o'funk'illo
1,o'hene savànt
2,o'legg
1,o-face
1,o-flow
1,o-shen
2,o-town
1,o-z
1,o. smith
12,o.c.
2,o.c. & ray west
1,o.c.a.d.
1,o.c.t.
1,o.c.u.
3,o.f.t.b.
1,o.g.
1,o.g. funk
1,o.g. style
3,o.g.c. (originoo gunn clappaz)
1,o.h.g jay
1,o.n.e
1,o.r.b
1,o.s.
3,o.s.l
17,o.s.t.r.
1,o.s.t.r. & sofa
6,o.t. genasis
1,o.u.o
1,o.z.
1,o.zee grassman
1,o2 & paper son
1,o2zen
1,oak lonetree
1,oak mc
1,oakland faders
1,oakley grenell
2,oaktown’s 3.5.7
1,oasis gold
1,oax electropimp
3,ob obrien
4,obba supa
3,obese
1,obese ghost children
1,obesøn
1,obey city
13,obie trice
1,object
1,object beings
1,obongjayar
1,obscure city & plazzy
1,obscure disorder
1,obsidian blue & precisehero
2,oburu
1,occupy mars
1,occvlt
3,ocd: moosh & twist
1,ocdj
3,ocean jams
1,ocean spray
2,ocean wisdom
1,oceania ltd
1,ocee
1,och
1,ochenta
1,ocho
1,ockeroid
2,ocnotes
1,octane & illite
1,octave minds
2,octave one
1,octavian og
2,octavius
1,octiv
2,octobre rouge
2,od kokemus
3,odd future
1,odd job
33,odd nosdam
1,odd nosdam & why?
1,odd squad
1,odd thomas
1,odd thomas & propaganda
1,odd2c
3,oddateee
1,oddcouple
2,odderotter
3,oddigtl
28,oddisee
2,oddisee & trek life
1,oddities
5,oddjobs
2,oddlogic
1,oddo
1,oddpauly
2,oddy nuff da snow leopard
7,odeeno
1,odense assholes
1,odessa kane & orko eloheim
8,odezenne
5,odjbox
1,odoub
1,ody
1,of mexican descent
1,off da hook
1,off the gridd
1,off the record
2,offbeat
3,offbeatkid
1,offcutts
1,offerprästers orkester
1,office ekiti
1,official
1,official business
1,official gr8nis
1,official spill
1,offshore
1,offside
1,offsite
2,offsite & wontu
1,ofwgkta
1,ofx
1,og
3,og daddy v
1,og hanzo
1,og hindu kush
3,og ikonen
1,og karo
1,og kush
8,og maco
1,og maco & twrk
1,og pukierz
1,og samwichez
2,og swaggerdick
1,ogar burl & sammy warm hands
5,ogi feel the beat
2,ogiyy
1,ogli g
1,ogloki
1,ogmios
1,ogtrigga
13,oh no
1,oh no & oneness of juju
1,oh no & percee p
1,oh no & prince po
1,oh no & the alchemist
1,oh! dark arrow
1,oh!dee
1,oh-man!
22,ohbliv
1,ohbliv & rice master yen
1,ohbliv & sir froderick
1,ohene
3,ohmega watts
5,ohrbooten
3,oilcolour
2,oisima
8,oj da juiceman
3,ojos de brujo
1,ok cobra
3,ok kid
1,okadada
1,okayplayer allstars
1,okmalumkoolkat
1,okokon
3,okoliczny element
2,oktober
1,ol
1,ol & vtgnike
5,ol kainry
1,ol' burger
3,ol' burger beats
1,ol' city rocker & prevail
16,ol' dirty bastard
1,olamide
1,old 7 crew
1,old boy
1,old future fox gang
1,old grape god
2,old money
1,old world disorder
1,old-e & redrum
1,olde soul
5,oldominion
2,oldsol
1,oldtape
1,oldy clap recordz
1,oldy clap recordz & sky fumanchu
6,olexesh
1,olho
1,oli 2oo
1,oli.p
1,olimar
2,olinsha
1,olisha
2,olive oil
1,oliveoil
2,oliver
2,oliver bagshaw
1,oliver coates & sebastian rochford
1,oliver hart
2,oliver palfreyman
1,oliver sudden
1,oliver sudden & steady rock
1,oliver the 2nd
1,oliverpalfreyman
2,olivia
1,olivier cheuwa
1,olivier daysoul
2,olivier st. louis
1,olivver the kid
1,oll-zen & osmoose
4,olli banjo
2,olli-pa
1,ollie turbitt
5,olmecha supreme
1,olof melander
1,olson
2,olu
1,olu & pd productions
1,olu dara
1,oluse
1,olympian
1,olympic lifts
1,olympus mons
1,om unit
2,om'mas keith
1,omac x deezy x kabs
1,omanpihanporukka
1,omar
2,omar linx
1,omar linx & zeds dead
1,omar offendum
1,omar ruiz
1,omar wilson
1,omar-s
1,omari jazz
3,omarion
1,omartheshityinternetrapper
2,omas
1,omaure
2,ombladon
1,ombra
1,omc
1,omega
1,omega clash
2,omega one
1,omega sparx
2,omegah red
2,omen
1,omen ra
1,omer saar
1,omi
3,omid walizadeh
1,omik k
1,omillio sparks
1,omina laboratories
1,omito
2,omni
3,omnikrom
7,omniscence
1,omniscient jim
1,omniverses
2,omoidé
1,omokage
1,omu gnom
1,omus one
1,on
1,on fire
1,on inc.
1,on tilt
1,on yun
1,on-the-go
1,onam
4,onar
1,once a tree
5,oncue
1,onde
1,one and one
10,one be lo
2,one block radius
1,one click bang
1,one day
1,one day as a lion
2,one deep
2,one drop
2,one gud cide
1,one ii 3
1,one inch punch
1,one lard bizkit brass band & youngblood brass band
1,one man army
4,one minute silence
3,one self
1,one shot
3,one sock weddell
1,one step beyond
1,one stream mental
1,one$elf salaam
1,one-2
3,one-t
1,one4all
1,onedeep
6,onehalfhuman
1,onehunnidt
1,onelung
1,oneman
1,onenessa
1,onenightonly
1,oneofus
1,oner
1,onetzu
3,onewerd
1,oneyed jack
1,ongoma
2,oni
1,onis
1,onitram
1,onitsuka
1,onklp
2,onklp & de fjerne slektningene
1,only child
2,only real
3,onlyone
5,onlyu
1,ono minor
3,onoe caponoe
1,onomono
10,onra
1,onra & quetzal
1,onra & reggie b
6,onry ozzborn
1,onse tsw
1,ontologics
1,onur engin
21,onyx
1,onyx & лигалайз
1,onze
1,ooah
1,oogie boogie boyz and friends
1,ookay
2,ooooo
1,oosh nugs
1,ootb
2,op du fgs
2,opaque
1,opek
1,open grave culture
1,open mike
12,open mike eagle
1,open mike eagle & paul white
3,open minded
1,opensouls
1,opgeduveld
4,opgezwolle
5,opio
1,opio & equipto & undefined
1,opio & unjust
1,opium garden
3,opiuo
5,opm
1,oppazet
1,oppo
1,oppositionc
1,optamus
1,optext
1,optic
1,optik
1,optimisgfn
1,optimus brain
4,optimus rhyme
1,optimus rhymes
1,optinen harha
1,options
1,optms prme
1,opto & sinitus tempo
1,optomist grind
1,opus 30 & vaudino
1,opꟼo
1,oquadro
1,or
1,oracle
4,oral bee
2,"oran ""juice"" jones"
1,oranitza
1,oratnitza
1,orbitron
1,orcelo
1,orchard lounge
1,orchidbeats
1,ordeal & vibe
3,ordinary peoples
3,orelha negra
2,orelsan
1,oreo jones
1,orfaz
1,orfeus
1,orga
1,organic
1,organiseret riminalitet
6,organismen
10,organized konfusion
1,organized noize & strafe
1,organized rhyme
1,organized threat
1,orgasmic
1,orgasmic & tekitek
1,orgi-e
1,orgizmo?
1,orient expressions
1,origami (降神)
1,origamik.
1,original concept
1,original daltons
2,original flavor
3,original god
1,original m.c. war flattop & m.c. trouble dee
1,origix & d.c.
3,orijanus
1,orijin & q
4,orikal uno
1,orion
5,orishas
1,orko eloheim
4,orko the sycotik alien
1,orland beltran
1,ormo
1,orosko
1,orphans of cush
3,orphik
3,ortega
1,ortega cartel
1,orthodox
2,orties
1,orus
1,orxata
1,os looper
1,oscar + martin
1,oscar corrigan
2,oscar mcclure
1,oscar urbina
1,oscilla
11,osdorp posse
1,osete
3,oshi
1,osiedlowe linie lotnicze
1,oskar ohlson
1,oskar ohlson & otem rellik
1,oskj
1,oster lapwass
1,oster lapwass performed by anton serra & lucio bukowski
1,osti one
1,ostinato
2,ostrich head
1,osymyso
2,osø
4,otem rellik
3,otf nunu
2,othasoul
2,othello
1,othello & robert de boron
1,othello & the hipknotics
1,othello & the pocket change band
1,othergubby
1,otherwize
4,othorized f.a.m.
1,otis clapp
1,otis mensah
1,otis roycroft
4,otokaze
1,otomitsu from oddbose
2,otso
2,otsochodzi
1,otto
1,otto von schirach
2,oudies
2,oui 3
1,ouici
1,our ghosts
1,our house
1,out of order
8,outasight
1,outerlimitz
5,outerspace
45,outkast
1,outland camp
5,outlandish
1,outlands
1,outlaw posse
7,outlawz
2,outlawz & thug life
2,outlines
1,outlit
7,outmind
1,outpost
1,outputmessage
2,outsidaz
7,outsider (아웃사이더)
1,ovall
1,overcast
8,overdoz.
1,overfiends
1,overseer
2,ovrjoyd
1,ovrkast.
1,ow7law tha masque mane
1,owen
1,owen mcgarry
1,owl
1,owl city
1,owns your brain
1,ox
1,ox65k
1,oxcyde
10,oxela
1,oxela & spencer
1,oxela.
1,oxide & neutrino
8,oxmo puccino
1,oxmo puccino & the jazzbastards
6,oxxxymiron
1,oxxxymiron & schokk
1,oxóssi
1,oy
1,oz
2,ozark
1,ozas
1,ozay moore & sareem poems
1,ozi batla
2,ozmosis
11,ozomatli
1,ozy reigns
3,ozzbeats
7,ozzie
1,ozzy the painter
1,o§o el rot0
1,o†ion
3,p brothers
1,p e n c h m o g l i
1,p egoist
1,p h i l o
1,p tha architect
5,p villa
2,p! hemlock
2,p!nk
1,p$c
1,p$c & the p$c
1,p-27
1,p-bass expressway
1,p-folks
3,p-lo
1,p-love
2,p-love & sixtoo
9,p-money
1,p-n-c
1,p-nuckle
1,p-reek
1,p-ski mac
2,p-square
1,p-tek
1,p-type (피-타입)
4,p. diddy
4,p. morris
3,p. reign
1,p.a.f.f. & tede
1,p.a.w.n. gang
2,p.e.a.c.e.
1,p.genz
1,p.h. alchemilla
1,p.h. fat
1,p.i.g.
1,p.i.r.
1,p.k.o.
1,p.k.s.
12,p.m. dawn
1,p.m.b.
6,p.o.d.
15,p.o.s
1,p.o.s & turbo nemesis
1,p.o.s & william elliott whitmore
1,p.o.w.e.r.
2,p.pull
2,p.r
1,p.rico
3,p.so the earth tone king
1,p.so the earth tone king & the soundmen
2,p.stmdrn
6,p.sus
1,p.t. burnem
1,"p.tah, mirac & testa"
2,p.u.d.g.e.
3,p.wrecks
1,p00k
1,p2thegoldma​$​k
1,p3
1,p64
4,pa sports
1,pa's lam system
1,paavoharju
2,pablo
1,pablo hasél
4,pablo picasso.
1,pablo queu
1,pac da great
7,pac div
1,pace cadets
1,paces
2,pacewon
1,pachamama crew
2,pachecos
1,pacific heights
2,pacific shore
1,pacific yew
1,packers music
6,packfm
4,paco
1,pact prolific
2,pacto entre castellanos
1,pacwolv
3,pad brapad
1,pad trio
2,padillion
2,pagan gang
1,page
1,paha-nuutti
1,pahlib&pore42
1,paigey cakey
2,pail
1,paille
2,paisano
2,paisley
1,paisty nice guy
1,pajac
1,pak
1,pakbel
2,pakelika
2,paktofonika
1,pale soul
11,paleface
1,paleontologist
1,palm
1,palm skin productions
2,palmer eldritch
5,paloalto (팔로알토)
1,palov & mishkin
3,paluch
1,pamela spence
1,pan de sal
2,pan pan
7,panacea
1,pand3mic
2,pandamonium
3,pandeiro
4,panik
5,panjabi mc
1,pannonia allstars ska orchestra
1,pants
1,pantyraid
2,panzers
1,papa a.p.
1,papa bear johnson
1,papa chuk
1,papa dee
1,papa duck
1,papa j
1,papaz
1,paper cranes
2,paper plane project
3,paper route gangstaz
9,paper tiger
1,paper tongues
2,paper void
3,paperboy
5,paperboys
1,papercranes
1,paperfilm
1,paperi t
1,paperless
1,paperm8
1,papillon bandana
13,papoose
1,papp szabi & punnany massif
3,pappa bear
2,para
1,parade
2,paradeigma
1,paradelic
1,paradigm
1,paradime
1,paradise
1,paradiso girls
2,parallax
1,parallel
3,parallel thought
1,paranel
1,parano-refré
1,paranoid
2,paranoid castle
1,paranom
1,paranom & purpose
2,paranoyan
1,parazit
10,paraziţii
1,parcels
1,parco
1,parental & pete flux
4,parental advisory
1,parham
1,pariah
1,parias
10,paris
1,paris bennett
3,paris djs soundsystem
1,paris hilton
1,paris suit yourself
1,paris zax
1,park-like setting
3,parker
1,parker caexar
1,parker jordan
1,parker vs p zilla
1,parking lots
1,parris mitchell
2,part 2
1,partisan
1,partisan & the observer
3,partners-n-crime
1,party arty
2,party favor
1,party fun action committee
1,party hill district
2,party supplies
2,party trash
9,partynextdoor
1,partyzant
1,pas de deux
1,pascal doguet
2,pase rock
2,pasji kartel
1,pasobionic
1,pass pass
4,passage
1,passage & the bomarr monk
2,passalacqua
1,passepied (パスピエ)
10,passi
1,past due
1,pastor & mrs. jim colerick
24,pastor troy
1,pastor troy & playa fly
1,pastor troy & the congregation
1,pastorit
1,pat - ez muzik
1,pat d
1,pat k7
1,pat maine
1,patch the programmer
1,patchworks
1,paten locke
1,patetfisk
1,pathos
1,patience price
1,patko
1,pato
2,pato machete
3,pato pooh
1,pato siebenhaar
1,patos breegz
4,patra
1,patric catani
1,patrice
1,patrice & silly walks movement
1,patrick bang
1,patrick brian
1,patrick mit absicht and phrequincy
1,patrick sexx
1,patrickreza
1,patriot zero
1,patrull
1,patrón
1,patsaou
2,patti labelle
1,pattie blingh and the akebulan 5
1,paul banks
3,paul basic
1,paul blackford
1,paul chin
1,paul dateh
2,paul fisher
1,paul gee
2,paul hares
1,paul jones
13,paul nice
1,paul nice & phill most chill
1,paul oakenfold
1,paul ray
1,paul semin
1,paul thompson
15,paul wall
1,paul weller
16,paul white
1,paul williams
1,paul zigfrist
1,paula deanda
3,paulie garand
2,pause
1,pause tape revival
1,pauvre code
2,pavel dovgal
1,pavel dovgal & ta-ku
1,pavell & venci venc'
1,pavement
1,pavy
1,paw dukes
1,pawa up first
3,pawbeats
5,pawcut
1,paws
2,pawz one
3,pax
1,pax & pry
2,pax217
1,payday monsanto
2,payo malo
1,paypa
2,payroll giovanni
1,payz play
2,pazes
1,paziest & rankiu
1,pazz the jazz
1,pb (papa burr)
1,pbeatz
1,pbs
1,pd blue
1,pd3
2,pdp
1,pe2.0
1,pe2ny
1,peace
1,peace bureau
1,peace of mind
1,peaceful solutions
2,peacefull james
1,peach tha 5ft trooper
2,peaches
1,peaking lights
1,peaky
29,peanut butter wolf
1,peanut butter wolf & rasco
1,peanutty slim
1,pear shaped
1,pearl gates
1,pearls negras
1,peasantboys
4,pebbles
1,pebbles & salt-n-pepa
1,pedaz
3,pede b
3,pedestrian
1,pedro mo (zekatari)
1,pee froiss
1,peebs the prophet
1,peejay (피제이)
1,peerzet
9,peewee longway
1,peezo
1,peg-leg
1,pega5u5
4,pegz
1,pegz vs jester
1,pehoz
1,peia & the polish ambassador
2,peja & slums attack
1,pejmaxx
2,pelding
1,pelicaine!
1,pelican city
3,pell
2,pelson
3,pen jakke
2,pen pals
1,penis pro
4,penny
1,penpals & slipmat brothers
3,penpushers
1,pensativa
7,penthouse penthouse
1,penthouse players clique
8,people in the audience
30,people under the stairs
5,people without shoes
5,pep love
7,pepperboy
1,pepperboy & squadda b
1,pepperboy & squadda bambino
1,peppers starsky
1,per c wells
3,per vers
8,percee p
2,percent c & toshiki hayashi
1,perception the author
1,percussion bullet
2,perdiphonk
1,perez.
1,perfec
1,perfeck strangers
1,perfect driver
1,perfect picture
2,perfect practice
1,perfecto
1,perfume
1,peril prophet
1,peripherique
1,perishing
1,perk banks
2,perquisite
5,perquisite & pete philly
1,perrion
2,perro lobo
2,perros callejeros
1,perry porter
1,perservere
1,persevere
2,perso
1,perth ct
1,perusjätkät
1,perverse
1,perverted monks
1,perverz
1,peshi
1,pest one
1,pest.yeti
1,pete marriott
2,pete miser
2,pete philly
25,pete rock
1,pete rock & smif-n-wessun
1,pete un1que
1,peter
1,peter adarkwah
3,peter andre
1,peter anthony red & tonedeff
1,peter bič project
1,peter bjorn and john
1,peter clinton
2,peter clinton .
3,peter fox
1,peter gabriel
1,peter milos mccarthy & red richards
1,peter project & swamp thing
3,peter pvrker
2,peter rosenberg
1,peter write.
5,petey pablo
5,petos
10,petri nygård
1,petrus
11,petter
2,pettidee
1,petty
1,peven everett
1,peyton pearson
3,pez
7,pezet
2,pf cuttin
1,pflegeleicht
1,phacematik
1,phade 2 black
1,phalo pantoja
2,phanatik
1,phantogram
1,phantom (팬텀)
1,phantom pop
2,phantom thrett
2,phantoms
5,pharaoh
1,pharaoh of darrow
8,pharmies
1,pharoah
12,pharoahe monch
1,pharoahe monch & sir menelik
1,pharoahe monch & styles p
12,pharrell williams
1,phase n' rhythm
4,phases cachées
1,phashara
1,phasm
1,phat
1,phat doug
4,phat kat
1,phat meegz
1,phat pockets
1,phatchance
1,phatj
1,phatmark collective
1,phatt al
1,phattcut
1,phaze one
3,phazz
3,phd
1,phedee
1,phelix
1,pheno s.
1,phenomageddon
2,phenomden
1,phenomenal
3,pheo
1,phero hill
2,phesto dee
2,phi-life cypher
1,phi-life cypher & skit slam
1,phi-life cypher & task force
8,phife dawg
1,phil a.
2,phil ade
1,phil darko
1,phil davies
3,phil davies and the ninjasmokebombs
3,phil fox
1,phil g.
1,phil good
1,phil horneman & urvinson
1,phil maggio
1,phil smith
2,phil the agony
1,phil weeks
1,phil-marilyn & marilyn
1,philadelphia bluntz
1,philadelphia slick
1,philasifer
1,phili'n'dotz
1,philip t.b.c.
1,philippe beaucher
1,philippe chany performed by various artists
1,philippe edison
1,philippe petit
1,phili’n'dotz
1,phill most chill
2,phillie
1,phillie grape
1,phillie p
2,phillip morris
5,phillmeeh
1,philly moves
1,philly's most wanted
1,phillys most wanted
1,philos cult
1,philosophy
1,philter
1,philthy phil
8,philthy rich
1,philthy rich & stevie joe
1,philthy rich & yowda
1,philémon
1,phixx cravin
1,phizzals
1,phl
1,phleck
1,phlow
1,pho
1,phocus
1,phoenicz
1,phoenix
1,phoenix da icefire
5,phoenix orion
1,phogen
1,phoneheads
5,phoniks
1,phoniks & the notorious b.i.g.
1,phonk beta
1,phonologic
1,phonopsychographdisk
3,phonosys
3,phonte
5,phony ppl
4,phora
1,phorsus
3,phrase
1,phraze lingatong
1,phreaky flave
1,phreaky tha maestro
1,phreewil
2,phresher
1,phreshy
1,phromsopha
5,phunk junkeez
2,phuture shock
3,phylo mic
1,phylo mic & plum'
1,phys edison
1,physical graffiti
1,phz-sicks
1,phüey
4,pia mia
1,piana
2,piano master
1,piano overlord
1,pianomies
2,pickone
1,picnic kibun
3,picolo
4,pictochat
1,pictureplane
1,pidgeon royal
1,pie eyed piper
1,pie2k
1,piece of mind
1,pierce love
1,pierce reed & trone
1,pierre the motionless & swordplay
1,pierro
1,pietari
1,pietari & pietarin spektaakkeli
2,piff gang
1,pig pen
2,pigeon hole
9,pigeon john
1,pigeondust
1,pigeonheads
1,pigpen & pat maine
3,pih
1,pijani powietrzem
1,pike
1,pikku g
3,pill
1,pillath
1,pillowfight
4,piloophaz
1,pilooski
1,pilot balloon
1,pilot rase
1,pilot the rhymer
1,pilote
1,pils daddy
1,pilskills
2,pilz
1,pilz beats
1,pimf
10,pimp c
1,pimp daddy
1,pimp playa hustlas
1,pimp-p mack
1,pimpadelic
1,pimpin young & suga free
1,pimpsoul
1,pimpsta
1,pimpulsiv
1,pinata
1,pinay
2,pink guy
2,pink punk
1,pink siiifu & swarvy
1,pinnacle thehustler
1,"pintor z & pintor z, mario z"
1,pio squad
1,pioneer
1,piosxd
6,pip skid
1,pipe attack
1,pipeline regime hijackers
1,pipes
1,pipi skid
1,pirahnahead
1,pirates of the high frequencies
1,pisces
3,pistol
1,pistol & bart
1,pistol mcfly
1,pistol valve
1,pistolgrip
1,pit baccardi
38,pitbull
5,pitch black
1,pitchblak brass band
4,pitcho
2,pitchshifter
1,pitkäsen matti
2,pitman
2,pittsburgh slim
3,pixelord
2,pixsid
1,pizza boy.
2,pizzo
1,pięć dwa
2,pięć dwa dębiec
1,pižama & tolovaj mataj
1,pj
1,pj katz
1,pj morton
5,pk diego
4,pk mao
1,pkwy
1,plado
1,plague doctor
1,plague plenty
1,plain ole bill & soul position
1,plainspoke
1,plaitwrights
1,plan 9
18,plan b
2,plan c
1,planes
1,planet 4
1,planet anm
18,planet asia
1,planet asia & tzarizm
1,planet cognac
1,planet giza
6,planet hemp
1,planet jane
2,planet patrol
1,planet poetry
1,planet q productions
1,planetmälcolm
1,planningtorock
1,plant life
2,plantlife
2,plas
4,plastic little
1,plastician
2,plastilina mosh
1,plat maravich
2,platinum pied pipers
1,plattenpapzt
4,play-n-skillz
5,playa fly
1,playab
2,playaz circle
1,playaz tryna strive
6,playboi carti
1,playboy 7
1,playboy manbaby
1,playboy nolan
1,playboy tre
3,playdoe
2,playdough
1,playgroup
1,playgroup & trevor jackson
1,playtime posse
1,plc
1,plcmnt
1,pleasure
1,pleasure & stylust beats
1,pleasure p
1,plebman
1,pleq
3,pleymo
13,plies
1,plies & rick ross
1,plukk.inn
1,plum
1,plum'
1,plush bros.
1,plusmacher
1,pluto
1,pluto chamberlain
6,plutonic lab
3,pmd
1,pmpdj
1,pmw
3,pnb rock
5,pnc
1,pnkblnkt
3,pnl
1,pns & zavala
1,po' white trash and the trailer park symphony
1,pocari ステューシー
4,pocket dwellers
1,podzemgang
2,poetic ammo
10,poetic death
1,poetic death & vida killz
1,poetic hustla'z
1,poetic intelligence
1,poetic souls
1,poetic teacher
1,poeticcc tha prophet
1,poetik force
1,poetry 'n' motion
1,pogdini
4,pogo
3,pogs
1,pogz & te-tris
1,point blanc
5,point blank
2,poirier
1,poison & poison (hip-hop)
4,poison clan
3,poison iv
4,poison pen
1,poisonous poets
1,poizonous logik
1,pok
5,pokahontaz
1,pokket
1,polar bear
9,poldoore
1,pole
1,polecat
1,policeman
3,pollari
1,polo & polo blacktagga
1,polo club
2,poly
3,polyester the saint
3,polyklinik
1,polymaffs
3,polyphonic & serengeti
1,polyphonic the verbose
2,polyrhythm addicts
4,pomeroy
1,pompa
1,pompis
3,pomrad
1,poneh
1,pono
2,pony bwoy
1,ponyblod
8,pooh-man
1,pools
1,pools & thee mike b
1,poops
5,poor righteous teachers
1,poorboyrichkid
1,poorly drawn people
1,pop chop
3,pop da brown hornet
1,pop evil
1,pop levi
1,pop megga
2,pop will eat itself
1,popa wu
1,popay
1,popcaan
1,popchop
1,pope lick
2,popek
2,poppa doo
1,poppa lq
1,poppa smurf
5,poptartpete
1,popular computer
1,pore & robust
2,porn theatre ushers
3,porta
2,portable payback
1,portals
2,porter ray
1,porter ray & tele fresco
2,portformat
1,portion boys
1,portland cello project
1,pos-neg & sistar act
1,poshdog
1,positive force
4,positive k
1,positively black
1,posse mente zulu
1,post boyz
6,post malone
1,post-apocalyptic
3,postman
7,postmen
2,postmoderndisco
2,postolar tripper
5,potatohead people
12,potelin
1,potheads
2,pothole city
10,potluck
1,potna deuce
1,pottbelly
1,potwierdzone info
1,poupa claudio & ragga melody
11,pouya
1,poverty
2,powell
1,power jam
1,power machine #4
1,power moves
1,power struggle
1,power supply
1,powercore
1,powers pleasant
1,powersolo & tue track
3,powerule
1,ppros
1,ppt
1,practical headz
2,prada mane
1,prada west
1,prado
1,praezisa rapid 3000
1,pragmatic theory
3,prago union
1,prai davinci
1,prajnuh
1,praktik
2,praktikos
1,prano the don
5,pras
2,praverb the wyse
1,prawphit on point
2,praxis
1,praya
2,prayers for atheists
1,pre-fight hype & southpaw swagger
1,preachas in tha hood
1,precise
1,precisehero
1,precision oiler
13,prefuse 73
1,prefuse 73 & telefon tel aviv
1,prefuse 73 & the books
1,pregador luo
1,premier class
1,presage
1,preservation
1,press x summit
1,presst
3,pressure
1,pressure drop
1,prestige
2,presto
1,pretty bird
1,pretty boy blow hard
1,pretty boy crossover
1,pretty goslings
22,pretty lights
2,pretty ricky
1,pretty sophie
3,pretty taking all fades
2,pretty tone capone
1,prettyboy aloe
1,prevail
5,prezident
2,prezident lourajder
1,prezsport
1,prhym8
4,prhyme
1,priceless
2,priceless da roc
1,pries
2,priest
1,priki
1,primal
3,primary (프라이머리)
1,primary 1
1,primary 1 & riton
2,primary objective innovate
1,primary score (프라이머리 스코어)
2,primary skool (프라이머리 스쿨)
2,primat
1,primate king
4,primavera vills
1,prime bay (프라임 베이)
1,prime minister mundafar
1,prime suspects
1,prime.cut
1,primer 55
1,primer dan
3,primeridian
1,primeridian & tall black guy
1,primetime
1,primo
1,prince
4,prince & the new power generation
1,prince & the revolution
1,prince 85
1,prince akeem
3,prince ali
1,prince ashitaka
2,prince charming
1,prince crowe
1,prince ea
1,prince harvey
1,prince kay one
1,prince metropolis known
6,prince paul
1,prince paul & will.i.am
2,prince po
1,prince po & tomc3
1,prince poetry
1,prince poetry & qb
1,prince quick mix & the undercover brother
2,prince rahiem
1,prince rakeem
1,prince rapid
1,prince royce
1,prince samo
1,prince tre
1,princess
2,princess nokia
10,princess superstar
1,principal dean
16,prinz pi
3,prinz porno
1,prinz porno & separate
2,prisma
1,prismo
1,prison_religion
1,priteo
1,private collective
1,private eye
3,private investigators
1,private p
1,private paul
1,private paul & rotten monkey
1,private school
1,pro
4,pro era
1,pro p
1,pro p & suus
7,pro8l3m
1,prob cause
1,probable cause
1,probable cauze
3,probcause
1,probcause & the palmer squares
5,problem
1,problem child
1,problem kids
1,problemkind
2,proceente
1,proche.
2,prodbycirus
1,prodbycirus & master røshi
2,prodigal sunn
1,prodige
13,prodigy
1,prodigy & the alchemist
1,prodigy rap group
1,prodigypelley
1,produced by dannyp
1,producer dane
1,producerbenford
1,production unit
1,products of the golden age
1,proe
8,prof
1,prof & st. paul slim
2,prof logik
1,profane
1,professa
2,professor a.l.i.
2,professor brian oblivion
5,professor elemental
1,professor elemental & tom caruana
15,professor green
4,professor griff
1,professor griff & the last asiatic disciples
1,professor klarrity
1,professor kliq
5,professor p & dj akilles
3,professor x
1,profound
1,profound & speciez
19,profound79
14,profresher blacklight
1,profyle
1,progress
1,projay
2,project born
1,project dark
1,project fatalist
3,project lionheart
1,project mayhem
17,project pat
1,project playaz
1,project s2dio
1,project theory
2,project wyze
1,project zer0
1,project: deadman & prozak
3,projekt gummizelle
2,projekt ostry emade
2,projota
5,proleter
2,prolific
1,prolific musik
2,prolyphic
1,prolyphic & reanimator
1,promili
1,prominent
1,promise
1,promo
12,promoe
1,promoe & timbuktu
2,pronobozo
7,proof
4,prop dylan
2,propaganda
2,propain
2,proper dos
1,proper grounds
1,proper villains & reid speed
1,prophessah
2,prophet
3,prophet posse
1,prophetix
1,prophets of da city
3,prophets of rage
1,prophets of the ghetto
1,prose
2,prose and concepts
3,prosodi j.
1,prosperous
1,prossess
2,prosthetik intelligentz
1,protoje
1,proton
1,protége
1,proud.palms
1,provokal
2,proximity toss
1,proyecto eskhata
1,proyecto uno
2,prozack turner
6,prozak
8,prozak morris
1,prozpect
1,proï-b
1,prslm
1,prsrpnts
4,prti bee gee
1,pryme cut entertainment
1,psaiko.dino
5,psalm one
3,psd
1,pseudo slang
1,pseudonimo
1,psh
2,psk-13
1,pso thug
3,pst/q
1,pstl_murphy
6,psy (싸이)
4,psy 4 de la rime
1,psy/opsogist
2,psycadelick
10,psych squared
5,psych ward
4,psyche origami
1,psycho current
1,psycho jester
2,psycho les
1,psycho tropics
1,psychodrama
1,psychopathic psyphers
7,psychopathic rydas
1,psychotropic soul
1,psyclone
4,psycosis
1,psyfye
1,psykic animals restless earth
4,psykick lyrikah
1,psykopas gregwar
1,psykopat
1,psymbionic
6,psymun
2,psyph morrison
1,pterradacto & riddlore?
3,ptk
1,public announcement & r. kelly
1,public defendaz
59,public enemy
1,public musume
1,public service broadcasting
1,pudgee
2,pudgee tha phat bastard
2,pueblo cafe
8,puff daddy
5,puff daddy & the family
1,puff daddy & the lox
1,puff johnson
1,pugs atomz
1,pugs atomz & rashid hadee
1,puhuva kone
2,puissance nord
1,pukala
1,pull out kings
1,pulpfusion
1,pulse
2,pummiharmonia
6,pumpkin
1,pumpkin & the profile all-stars
3,pumpkin & vin's da cuero
9,pumpkinhead
4,punch arogunz
1,punition kolektive
2,punk barbarians
1,punkts uz i
1,punky jones
5,punnany massif
1,puppet
1,puppeteer
10,puppetmastaz
1,puppets of chaos
1,pure product
2,purity ring
1,purpan.
3,purple city
1,purple death
1,purple dialect
2,purple ribbon all-stars
1,purple soul
3,purpleposse
5,purpose
1,purrple
1,push beats
6,push button objects
28,pusha t
1,pusha t & villz
1,pushboxx
1,pusher
1,puskas & ochoa
1,pussy mothers
1,pussy starved squadron
1,putolargo y legendario
2,puukko-allu
2,puya
2,puzzle
1,pvd
1,pvrvdox
1,pwrful
8,px$h6xd
3,pxmxwx
5,pxxr gvng
10,pyhimys
1,pyinfamous
1,pyinfamous & sam.i.am the son
1,pyramid
1,pyramid murdock
3,pyramid quince
1,pyramid scheme
1,pyramid scheme & ying yang twins
7,pyramid vritra
1,pyrelli
1,pyrenees
1,pyrin
5,pyrmdplaza
1,pyro
1,pyrvmxdz
2,pyskaty
1,pyx48
1,pza
4,pzk
1,pääkköset
1,põhja-tallinn
1,põhjamaade hirm
1,płomień 81
1,p▷i◁d
1,q da kidd
1,q dot
1,q ham
3,q strange
3,q-ball & curt cazal
1,q-burns abstract message
1,q-connection
1,q-tee
15,q-tip
1,q-tip & raphael saadiq
5,q-unique
1,q-unit
1,q.b. masburge
1,q.b.c
1,q.d. iii
2,qase
2,qb finest
2,qbla
2,qdq
1,qhatam-shud
1,qhuaa
1,qhuit
1,qilla-b
3,qiwu
1,qknox
1,qlasbeats
1,qn
1,qna
1,qnc
1,qool beatz
1,qpe
3,qred
1,qtm
3,quad city dj's
1,quad flavours
1,quad force
2,quade
1,quadir buddy
1,quadir lateef
2,quake
1,quake matthews
1,quakers
1,quali
1,quality control marketing
1,quality control music
2,qualmes
2,quami (קוואמי)
2,quan
3,quannum mcs
3,quantic
1,quantic y su conjunto los míticos del ritmo
1,quantum mechanik
5,quarashi
1,quarry
1,quartered
1,quartermaine
1,quasamodo & the q orchestra
13,quasimoto
1,quavius
1,que d
6,que.
1,que. & sonny digital
2,quebonafide
13,queen latifah
2,queen pen
8,quelle chris
1,ques bois
1,quest
4,question
1,questionmark asylum
1,quetzal
1,quexxxt
1,quiet ceremony
1,quiet dawn
1,quiet entertainer
1,quiet on the set
1,quiet riot & sir mix-a-lot
1,quietdrive
1,quilate
1,quills
1,quilly millz
2,quincy bright
3,quincy jones
2,quincy vidal
2,quinn xcii
1,quinny c
1,quinoline yellow
1,quinton
1,quio
1,quixotism
1,quiz
2,quo
1,quorum consensus
1,qurius george
2,qusai
2,qvkata dlg
3,qwack-x
1,qwazaar
6,qwel
1,qwel & silence
1,qwest
1,qwilz
2,r de rumba
1,r de rumba y xhelazz
1,r iv r
1,r o s e˙t i n t
1,r version of hip hop
2,r'n'g
1,r-swift
1,r-syke
1,r-wan
2,r. city
26,r. kelly
1,r. kelly & snoop dogg
1,r. kelly & usher
1,r. lyric
3,r.a. the addwolf
9,r.a. the rugged man
1,r.a. the rugged man & sadat x
1,r.a. the rugged man & the notorious b.i.g.
1,r.a.c.l.a.
1,r.a.e.d
1,r.a.w.
1,r.e.d.
1,r.e.d. feat. birgit and strezz
1,r.e.d.k
1,r.e.d.k. & soprano
1,r.e.m. performed by various artists
1,r.f.c. & smoke dza
1,r.i.o.
1,r.i.p.
1,r.i.p. cadence
4,r.i.p. the r.a.t.
1,r.o.b
7,r.o.b.
3,r.wan
1,r33soundmakin'
1,r3llo
1,ra
1,ra ra raj
6,ra scion
3,ra.d (라디)
1,raab
1,raaka saaga
6,raashan ahmad
1,raashan ahmad & ta-ku
1,raashan ahmad & thes one
1,rabakar
1,rabbit junk
1,rabiah zaruq
1,rabid & the rabbits
2,rabit
1,racaso worldwide
1,racebannon
1,racecarbed & thunderbird juicebox
1,raceless
1,rachel kann
1,racim carré
1,racine
6,racionais mc's
1,racionais mc’s
1,racism's gay
3,rad omen
2,raddox
1,rade
4,radical something
1,radical son
4,radicule
3,radio 200000
6,radio radio
1,radioclit
5,radiohead
4,radioinactive
2,radiq
2,radix
1,radiänce
1,radič
3,radj
1,radoo
7,rae & christian
14,rae sremmurd
30,raekwon
1,rael
1,raf
8,raf 3.0
1,raf almighty
7,raf camora
1,raf riley
1,rafi mercenario
1,rafik
1,rafiq bhatia
2,rage
17,rage against the machine
1,rager
1,raggadeath
2,raggaflá
7,raggasonic
1,raging moses
1,ragnarok
5,rah digga
1,rah fontaine
1,rah smooth
2,raheem
2,raheem devaughn
1,raheem jamal
1,raheem the dream
3,raheem x
1,rahim
1,rahlou
1,rahsheed
2,rahsun
3,rahzel
4,raimo
2,rain
2,rain (비)
1,rain dog & sekuoia
1,rain'n tears
1,raina (레이나) & san e (산이)
1,rainboom
1,rainbow & rooted
1,raine maida
6,rainer von vielen
2,rainman
2,rainmen
1,rainstormer
2,rainy milo
2,raisi k.
4,raiza biza
1,raj
2,raj mahal
4,raja
1,rajahl jarih
2,rajbot
3,rak.楽
2,rakaa
1,rakby
1,rakede
1,rakeem
10,rakim
1,rakim & ken-y
2,rako
1,raku
1,raleigh moncrief
1,ralf köster
1,ralfd
1,rally stiles
1,ralo
1,ralph g.a.m.b.l.e
1,ralph myerz & the jack herren band
3,ralph tresvant
4,ram squad
3,rama the rad
2,rambo amadeus
1,rambutan jam band
1,rami & ryan
1,rami fortis (רמי פורטיס)
2,rammellzee
7,rampage
4,ramriddlz
4,ramson badbonez
1,ramson badbonez & twizzy
1,ramz
2,ran reed
1,randal bravery
1,randall naadir
2,randam luck
1,randolf mctools
1,randolph
14,random
1,random & richie branson
1,random & span phly
1,random & the regiment
1,random anagram
3,random axe
1,random impulse
1,random p
2,random recipe
1,randomwhiteguy
1,randy cannabi$
1,randy savage
2,ransom
1,ransom & statik selektah
9,raoul sinier
1,rap addix
1,rap band
1,rap class
1,rap monster (랩몬스터)
1,rap monster (랩몬스터) & warren g
2,rap/rap/rap
1,rapadura
1,rapbit (らっぷびと)
1,raph paradis
2,raphael saadiq
1,rapid ric
1,rapider than horsepower
1,rapido
3,rapohnelizenz
1,rapor 2
1,rappagariya (ラッパ我リヤ)
1,rapper hostile
1,rapper shane & rbts win
3,rappers against racism
1,rappin hood
10,rappin' 4-tay
1,rappin' 4-tay & squirrel
1,rappin' duke
1,rappin' hood
1,rappin' is fundamental
2,rappy mcrapperson
1,rapscallions
1,rapsodie
8,rapsody
1,rapsta
2,rapsusklei
1,rapsusklei & the flow fanatics
1,raptag
6,raptile
1,raptor
5,raptori
1,rapture ruckus
1,raptureraps
2,raq
1,rare treat
2,ras beats
1,ras dude
22,ras g
1,ras g & samiyam
5,ras g & the afrikan space program
1,ras g & the alkebulan space program
2,ras g & the koreatown oddity
1,ras g & vhvl
1,ras k'dee
35,ras kass
1,ras kass & snoop dogg
1,ras nebyu
1,ras simeon judah
2,ras-t
1,rasaq
7,rascalz
10,rasco
1,raserblade
2,rasha
2,rashad
1,rashadthapoet
2,rasheed
1,rasheed chappell
1,rasheed jamal
3,rasheeda
3,rashid hadee
2,raskar
1,raskolnikov
11,rasmentalism
1,rasool
1,rasputeen
1,raspy
1,rass kass
2,rastamouse & da easy crew
1,rastegar
1,rasul allah 7
1,rat boy
2,ratatat
1,rated x
1,rateone.
2,ratface
7,ratking
1,ratlin
1,ratt pac
1,rattraps
2,rattstacks
2,rau
1,rauhatäti
2,raujika
1,raul supreme
1,raumskaya
7,raury
2,rav
1,raven & geko
2,raven-symoné
2,raw beats
2,raw breed
1,raw collective
1,raw elements
1,raw footage
2,raw fusion
1,raw ii survive
1,raw instinct
1,raw poet
2,raw poetic
3,raw produce
1,raw product
1,raw rough heavy rap beats
1,raw soul
1,raw stiles
1,raw sugar
1,raw xtract
1,rawcotiks
1,rawcus
1,rawle james & rob rettberg
1,rawlow b
1,rawrizzy
1,rax
1,raxstar performed by tazzz
2,ray
1,ray bady
2,ray black
1,ray cash
7,ray j
1,ray le monde & marco disumano
4,ray luv
1,ray lyrics
1,ray robinson
1,ray singleton
4,ray vegas
1,ray vicks
1,ray volpe
1,ray west
2,rayce
1,rayclev
1,raycord
2,rayden
1,rayess bek
1,raymond x roosevelt
2,raymzter
1,rayne
1,rayto
2,rayvon
1,rayzed hoodz
2,raz fresco
6,raz simone
1,raz simone & sam lachow
1,razah
1,razi bear! & sey
1,razihel
1,razor tongue radio
1,razz
1,rbchmbrs
1,rbe
1,rbj
5,rbl posse
1,rblin
2,rbrt
1,rbts win
1,rbv
3,rbx
1,rc kola & sonso
1,rca flacos
1,rchetype
1,rdbn
3,rdgldgrn
1,rdk
1,re-surch
1,re-up gang
1,re:freshed orchestra
3,re:plus
1,reaching quiet
1,ready ta roll
1,reain
1,real 7
1,real don music
1,real fam
1,real fish
4,real live
1,real live & rza
1,real mccoy
4,real secrets
2,realistic crew
2,realistic203
1,realisticduane
1,realistix
1,realite
1,realitee
1,reality brothers
3,realizm
1,reallifezay
1,realms
1,realms & rituvls
1,realvenom
1,reanimator
6,reason
1,rebecca brandt
2,rebel
1,rebel clique
2,rebel diaz
1,rebel legato
9,rebel mc
1,rebels of art
1,rebels to the grain
2,rebirth brass band
1,rebus
1,rec center
2,reciprok
1,reckless
1,reckless intelligence
1,reckyz rose & smiley on the beats
1,recluse crew & synoptic pressure
1,recognize ali & sultan mir
1,reconnect
2,reconsiderate
1,recordkingz
1,recycle culture
2,recyclone
4,red
2,red and the eyerights
2,red astaire
1,red bantoo
1,red baron
12,red café
3,red comet 3
1,red cross
1,red dawn
1,red dragon gang
1,red eye
1,red eye society
1,red fox
2,red hot lover tone
3,red lotus klan
2,red martina
6,red pill
1,red rack'em
1,red raven blue
1,red rhino music
1,red sky lullaby
1,red velvet beats
1,red-i
1,redback
4,redbong
3,redcloud
2,redd rebel
1,redders
1,redefinition
1,redeye
1,redhead
1,redhead kingpin & the fbi
5,redhead kingpin and the f.b.i.
1,redibrown & uncut diamond
1,redlife
26,redman
1,rednext level
2,rednose distrikt
4,redrama
1,redrapper
1,redrum
1,redshield
1,reductive synthesis
1,ree
1,reece loc
1,reece low
1,reece surreal
1,reef loretto
13,reef the lost cauze
1,reef the lost cauze & snowgoons
1,reejai
1,reel drama & ripshop
1,reel tight
2,reel wolf
1,reema major
1,reeno aka r2
3,reeqahmad
1,reese
1,reezin the revolutionary
6,reflection eternal
1,reflection eternal & shabaam sahdeeq
1,reflection eternal & the high & mighty
1,reflex.ion
1,reflexx
2,refpolk
1,refractory
1,refugee camp all stars
1,reg
1,regal
3,reggie b
1,reggie capers
1,reggie couz
1,reggie reg
2,reggie watts
1,reggy lines
1,regina spektor
4,reginald omas mamode iv
1,regula
1,regular fries
3,regurgitator
1,reh dogg
7,rehab
2,rehash
1,rehm
1,rei
1,reif ruble
2,reilukerho
1,reindeer kalashnikov
1,reino nordin
1,rej3ctz
1,reji's son
1,rejjie hype
2,rejjie snow
1,rek none
1,rek sh*t rebulz
2,rek the heavyweight
2,rek-lore
3,rekami
1,rekcahdam
1,rekchampa
2,reket
3,reki
1,reklews
1,reklews & sleaze
1,reknew
13,reks
1,reksona
1,rekta
1,rekubeats
1,rel
1,rel mccoy
4,relax
2,relentless
4,relic
1,rell riley
6,rellim
1,rem 27
1,remedeeh
3,remedy
5,remi
1,remi sorbet
1,remi.
1,remilli
1,remind pygmalion
1,reminder
1,reminisce
1,remix beats
1,remix the emcee
4,remo
1,remo conscious
1,remo virogha
1,remote control frequencies
1,remulak
1,remy banks
1,remy cosmo
1,remy kay
1,remy lbo
2,remy ma
1,remy v
1,remz
1,renaissance union
1,renato p
1,rendezska.sk
1,rene
3,renegade
5,renegade brass band
1,renegade funktrain
1,renegades of bump
2,renegades of jazz
2,renman
1,reno
1,rent mel
2,rené schier
1,rep
3,repeat pattern
1,repo & korzeń
1,reppatwa
1,representativz
1,reptilian
3,req
1,requiem
1,res
1,res kp
1,res nullius
1,res one
1,rese'vor dogs
1,resident alien
5,resin dogs
1,reso
1,ressurrector
4,restiform bodies
1,restless leg syndrome
4,restoring poetry in music
1,retainer
1,retale
1,retalho
1,retarded muppit farm
2,retarderat eleverade
3,retch
1,retral
1,retro
1,retro $enpai
1,retro act
1,retro senpai
1,retrogott
1,retrogott & twit one
1,rev. william burk & rza
2,reva devito
1,reva devito & roane namuh
2,revamp
1,revazz
1,revazz & theunder
5,reveille
1,revelation
2,reverend jkn
1,reverie
2,reverse engineering
1,revo
1,revolting allschwil posse
1,revolutionary alien
3,revolutionary rhythm
1,revolver & the great
1,revshark
2,rewd adams
1,rex
1,rex gibson
1,rex nimbus
1,rey morado
1,rey resurreccion
3,rey ruccio
1,rez proph
1,rezidue
1,rezinsky
1,rezo the beatmaker
1,rezonate
1,rezondadawn
1,rg the geordie rapper
1,rgry
1,rh-
1,rhajha
2,rhakim ali
1,rhapsydi
1,rhath
1,rhichie
3,rhombus
1,rhombus in dub
1,rhume
1,rhyi
1,rhyme artist
2,rhyme asylum
1,rhyme bus
1,rhyme progression
1,rhyme-a- (라임 어택)
7,rhymefest
1,rhymer (라이머)
4,rhymester
1,rhymester & zeebra
2,rhymin simon
1,rhys langston
1,rhythm natives
1,rhythm syndicate
1,rhythm trip
1,rhythm wrekkaz
3,rhythmafia
1,rhythmx
2,rhythum
12,ri ra
1,ria hall
1,ribbonmouthrabbit
1,ribon
1,ribongia
1,ribz
1,ric & thadeus
1,ric jilla
1,ric richards
1,ric wilson
1,ric-a-che'
2,ricci rucker
1,rice master yen
1,rich bizness
6,rich boy
1,rich boy streetz
1,rich boyz
1,rich cason and the galactic orchestra
3,rich chigga
7,rich gang
1,rich garvey
1,rich hardy
8,rich hil
17,rich homie quan
2,rich homie quan & young thug
1,rich james
1,rich kidd
1,rich kidd & sonreal
2,rich kidz
1,rich medina
1,rich nice
6,rich the factor
7,rich the kid
1,richard
1,richard blackwood
1,richard bona
1,richard colvaen
2,richard daniel
1,richard donald
1,richard earnshaw
1,richard evans
2,richard gein
1,richard l. ash
1,richard raw
1,richard the third
1,richard wagner performed by various artists
1,richelle
3,richie branson
1,richie branson & solar slim
6,richie cunning
11,richie rich
1,richie sosa
1,richie stackin
1,richodd
2,richposlim
2,richter
1,richterismz
4,richy nix
1,richy pitch
65,rick ross
1,rick ross & sean combs
1,rick ross & skrillex
2,rick whispers
1,ricky
1,ricky atoms
1,ricky b
2,ricky blaze
1,ricky d. featuring janina
1,ricky pharoe
3,ricky remedy
2,ricky shabazz
1,rickyxsan
3,rico
3,rico love
1,rico nasty
1,rico richie
1,rico won
2,rics rumble
4,riddlore?
1,rideout & terry cole
1,riders against the storm
1,ridgewell
2,ridsa
6,rielly
1,riff
30,riff raff
1,rigby productions
1,right star
1,right that
1,right track mind
28,rihanna
3,"rikard ""skizz"" bizzi"
1,rikashay the soulcaliber
1,rikki blu
1,riko dan
1,riku ryysylinen
1,riley writtens
1,rill0o
3,rim'k
1,rimario bros
1,rimcash
1,rime messiah
1,rimi
1,rin
1,ringleader shon
1,ringtone
1,rino mandingo
1,rinse and flux
1,rio the bear
1,riopel
1,riot
1,riot propaganda
1,riot rhythm
2,riot ten
4,riow arai (リョウアライ)
19,rip slyme
1,ripa
1,rippedinpieces
1,ripshop
1,ripynt
1,ripynt & sinic
1,riq
9,rise
1,rise & the avid record collector
2,rise robots rise
1,rishi rich
1,risin' sons
1,rising express & the four quarters
1,riskay
1,rit
1,rita j
2,rita ora
5,ritarikunta
1,ritchcraft
2,ritchrd
3,rite hook
1,ritmo machine
1,ritto
6,rittz
1,ritualistic infantile necrofuck
2,ritualz
1,riva starr
4,rival
1,rival killa gangstaz
2,river bones
1,river yokai
2,rivermouth
1,rivet
1,riveyoncé cuoknowles
1,rivka
1,rivo
1,rivot rakit
3,riz mc
1,rizky rough
1,rizz
1,rizziboy stylez
8,rizzle kicks
1,rjb (ржб)
35,rjd2
1,rjm
1,rkappa
3,rkwhy
14,rl grime
1,rle
1,rma2n
1,rmell
1,rmurbeats
1,rmx crw
1,rndysvge
1,ro ransom
2,ro spit
3,ro-cee
5,roach gigz
1,road dawgs
1,road to cairo
1,road warriors
1,roadside g's
1,roane namuh
1,roast beatz
2,rob $tone
1,rob a fella
2,rob base
7,rob base & dj e-z rock
1,rob easy
1,rob hall
1,rob regis
3,rob roy
1,rob shaker
3,rob sonic
15,rob swift
1,rob the viking
4,rob viktum
1,rob viktum & shyste
1,rob write
2,rob'n'raz
1,rob-n-steal
1,rob-o
1,robag wruhme
1,robak
1,robanzee
9,robb bank$
1,robby hunter band
1,robda
1,robel synthesia
1,robert brooks
1,robert burgan
1,robert cashman
6,robert de boron
1,robert de boron & the antidotes
1,robert del naja
1,robert firth
5,robert glasper
4,robert glasper experiment
1,robert graham
10,robert luis
4,robert raimon roy
1,robert strauss
1,robin eubanks
5,robin thicke
1,robin wick
1,robo
1,robo-lantern
4,robocobra quartet
1,robohop
1,robolu
1,robosonic
4,robot koch
6,robot orchestra
1,robotdeck
2,robotic pirate monkey
1,robots with hearts
1,robscire
5,robust
1,robyn
1,robyn rose
1,robyx performed by ice mc
1,roc 'c'
3,roc c
12,roc marciano
1,roc marciano & the purist
1,roc monee
10,roc raida
3,rocca
1,roche
1,roche limit
1,rochester
1,rock
1,rock bottom entertainment
1,rock hemlock
1,rock hole
2,rock la flow
1,rock la flow & tory tee
2,rock master scott & the dynamic three
1,rock-men
2,rocka j
1,rockford kabine
6,rockie fresh
2,rockin da north
1,rockin' squat
5,rockin’ squat
1,rockit-men
10,rocko
2,rocks foe
3,rockstah
1,rockstar jones
1,rockvader k.b.
1,rockwell knuckles
2,rockwell powers & ill pill
1,rocky graziano & tony acardi
1,rocky marsiano
2,rocky rivera
4,rocé
9,rod lee
1,rodan
2,roddy rod
1,rodion raskolnikoff
1,rodiyon motahouse
1,rodney kendrick
7,rodney o & joe cooley
2,rodney p
2,rodrigo ogi
1,roe & u-n-i-verse-all
3,roel funcken
1,roey marquis ii
5,roffe ruff
2,rogal ddl
2,roger
1,roger & schu
1,roger & zapp
1,roger bruhn & knivsta
1,roger heathers
4,roger molls
2,roger plexico
1,roger robinson
1,roger sanchez
1,roger troutman ii
1,rogerroger
1,rogue
1,rogue.wav
1,roguish armament
1,roheezy
14,rohff
5,roi heenok
5,roi u. al co cδt
1,roitown ink
1,rok one
1,rokkez
1,rokmore
1,roksico & wego fts
1,roku
1,roku & tut-piece
2,roleo
8,roll deep
2,roll.k
1,rolling squares
2,rollomatik
1,romano
1,romano daking
1,romanowski
3,romantic production
1,romanticut
2,rome
1,rome b
1,rome cee
8,rome fortune
3,romo
1,romy dee
2,roméo
1,roméo elvis
2,ron artest
1,ron browz
1,ron browz & the notorious b.i.g.
5,ron c
4,ron contour
1,ron contour & the vancouver islands
1,ron donson
1,ron gray
1,ron hunt & ronnie g & the sm crew
1,ron rico
1,ronald jenkees
2,rondonumbanine
1,rone holmes
1,rong music
1,ronin 77
1,ronin beats
1,ronin janvier
3,ronnie flex
1,ronnie henson
1,ronnie hudson & the street people
2,ronny jordan
1,ronron
1,ronskibiitti
1,ronz
1,roo gatsby
1,rook milo
2,room mate
1,roope salminen & koirat
2,roosevelt franklin
1,rootbeer
1,rootdown
30,roots manuva
1,roots manuva & wrongtom
1,roots of mine
1,roqwest
1,rorschack
1,rory noble
2,roscoe
5,roscoe dash
1,roscoe umali
1,rose for bohdan
1,rosewood
1,rose˙tint
1,rosh
1,rosko john
1,ross & iba
1,ross sinclair
1,rotes
1,rotimi
3,rotten musicians
1,rottin razkals
1,roubs
1,rouda
2,rouge à lèvres
2,rough house survivers
1,roughneck soldiers
1,roughsoul & ta-ku
1,roulet
1,round away
2,rout's x larim'
2,roux spana
1,rover
2,rowan box
2,rowdy rebel
1,rowlan
5,roxanne shanté
1,roxanne shanté & sparky d
1,roy dee
1,roy g
3,roy g and the bivinators
1,roy jones jr.
1,roy porter sound machine '94
3,roy woods
1,royal
2,royal fam
5,royal flush
1,royal highness
1,royal illness
1,royal-t & the midas touch
1,royal.v
1,royalcash
1,royalty life beats
1,royalty noise
1,royalz
1,royce
20,"royce da 5'9"""
1,royer
1,roymedoe
1,roysha arielle
6,rozewood
1,rozz dyliams
1,rozz3r
4,rozzi crane
1,rp
2,rpbgv
2,rr dnag
1,rsnz ☥
1,rtm
1,rtnc
1,rtrspcth
1,ru c.l.
1,rubber soul (러버소울)
3,rubberbandits
2,rubberoom
1,rube xvyv
1,ruben studdard
15,rubenslikk
2,rubenslikk & zchronik
1,rubi
1,rubix
1,rubix shoes
1,ruck
1,ruck p
3,rucka rucka ali
9,ruckazoid
1,ruckus fo'tet
2,ruckus roboticus
1,rud by
1,ruddi nizz
1,ruddyp & taquwami
1,rudeboynoize
1,rudimental
1,ruff draft
4,ruff ryders
3,ruff sqwad
1,ruffa
1,ruffian
2,ruffiction
1,ruffkids
3,ruffneck
1,rufino hollywood
2,rufio
1,rufus blaq
1,rufus jones
4,ruger hauer
1,rugged i
3,ruggedness madddrama
2,ruhrpott ag
7,ruido
1,ruido & wakuri
1,rukas
1,rukka the magnificent
3,rukus
1,rulex
1,rumi
1,rummage
1,rumpletilskinz
2,rumtum
1,run of run-d.m.c.
1,run that buddha run
14,run the jewels
1,run-d.d.z.
35,run-d.m.c.
1,runaways uk
1,runc.t.
1,runme raw & runrun raw
1,running laps
1,runosielut
2,rup
1,ruph headz
1,rusangano family
1,rushya
2,rusko
1,ruspô
4,russ
1,russ tessier
1,russel hobbes
1,russell simins
1,russo
1,rustage
4,ruste juxx
1,ruste juxx & the arcitype
1,ruste juxx & vs the beast
8,rustie
2,rusty joints
1,"rusty p ""the toe jammer"" & sure shot 3"
2,ruth joy
3,ruthless juveniles
1,ruthless ones
3,ruthless rap assassins
1,ruthless rob
7,ruudolf
1,ruyonga
1,rvdical the kid
14,rvmirxz
1,rvnhd
2,ry
1,ryan alexander
1,ryan birnberg
1,ryan charles
1,ryan helsing
23,ryan hemsworth
1,ryan hemsworth & shady blaze
1,ryan keyes
5,ryan leslie
1,ryan lewis & symmetry
1,ryan lucht
1,ryan star
1,ryan wilmott performed by circolombia
1,ryan's sugar shack
1,ryanbane
4,rye rye
1,ryland rose
1,rylee rabbit
1,rylez
2,rymz
1,rymz & souldia
1,ryse center
1,ryshon jones
1,rythm syndicate
2,rythmatical
5,rytmus
3,ryu
1,ryu mc
2,ryuei kotoge
1,ryuken vs.
2,ryv
16,rza
1,rza & the black keys
1,rza as bobby digital
1,rzr productions
2,rät n frikk
1,réservoir dogues
1,róisín murphy
3,rödelheim hartreim projekt
1,r∆§h∆ð
1,r∞mates
2,rリiチcャhーaドr_d
1,s / s / s
1,s club 7
2,s dope
1,s h a m a n a
1,s h a m a n a & swum
1,s i l e n t j a y
2,s scars
1,s'a
1,s'real
2,s-crew
1,s-pi
1,s-rok
5,s-type
7,s-x
1,s. castro
1,s. fidelity
4,s. mos
1,s. mos sextet
1,s.a the abolitionist
1,s.a the abolitionist & tenacity
1,s.a. smash
1,s.a.m
2,s.a.r.s.
1,s.al
2,s.b.e.
1,s.b.s.
1,s.black
2,s.c.u.
1,s.e.j.
1,s.e.v.a.
1,s.f.t.
1,s.i.e.f. collective
1,s.k.o.
1,s.l. jones
2,s.l.a.b.
1,s.l.i.m. rockwell
3,s.m.o.o.v.e. gang
4,s.maharba
1,s.o.a.p.
1,s.o.c
1,s.o.s.
1,s.o.u.f
1,s.o.v. productions
2,s.p.a.d.e.
2,s.pri noir
2,s.s.p.
2,s.t.f.
1,s.t.n.
4,s.u.n.
1,s.u.r.
1,s.u.s.p.e.c.t.s
1,s.white
1,s0ul unreal
1,s1
1,s2e & dj masta
1,s3
1,s4dk
1,s7ven
1,s7vn
1,sa-fire
7,sa-ra creative partners
1,sa-roc
3,saadyah tzvi
1,saadyeh tzvi
3,saafir
1,saafron
4,sab the artist
2,saba
4,sabac red
1,sabeats
1,sable
1,sabo
1,sabo mc
1,sabo tellem
1,sabotage
2,sabre et nombre
5,sabrina setlur
16,sabzi
5,sach
2,sackcloth fashion
1,sacre scuole
2,sacred
1,sacred crates
3,sacred hoop
1,sacrof
2,sad pathfinder
1,sada
13,sadat x
1,sade
2,sadek
1,sadevillain
1,sadi gent
2,sadida
1,sadie (サディ)
1,sadik
8,sadistik
1,saditty streets
1,sadmink
4,sadsic
1,sadžama
1,saf
1,safe house staff
1,safe neighbor
2,safi & spreej
1,safiye
1,saga asad
1,sagacité
3,sagat
3,sage
27,sage francis
5,sage the gemini
1,sagesse
9,sagopa kajmer
1,sah boogs
1,sahara
1,saheed
2,sahy uhns
1,sahy uhns & wake
4,saib.
4,said
1,said deep mixtapes
1,saiga
14,saigon
1,saigon & statik selektah
1,saigon & the game
1,saik
1,saikei collective
1,saikei collective & subatomic collective
2,saine
1,saint / denis
1,saint denson
2,saint dog
1,saint mack
1,saint surly
1,saint warhead
1,saint wave
1,saintknic
2,sairas t
1,saito
1,sakage kronik
1,sakarias
1,sakasal!
2,sake
1,sako
1,sal
1,sal poe
2,salah edin
1,salam wreck
1,salamaryhmä
2,salem
4,salif
1,salim
1,sallam said
4,salmo
1,salmonella dub
3,salt
25,salt-n-pepa
1,saltee
2,salty
4,salu
1,salute
4,salva
1,salvador santana
1,"sam ""the beast"""
2,sam & tre
1,sam a la bamalot
1,sam brakebill-hacke
7,sam gellaitry
1,sam hatzaras
1,sam kininger
4,sam lachow
5,sam ock
1,sam palmer
3,sam redmore
1,sam sever and the raiders of the lost art
1,sam smith
2,sam sneed
3,sam the kid
1,sam the sleezbag & dj mekalek
3,sam's
1,samadee
2,samantha fox
1,samantha reeves
1,samantikus
1,samaria & winner's circle
1,samat
1,samdeen
1,samedi army
1,sameer ahmad
1,samia farah
4,samian
8,samiyam
2,sammas
2,sammie
2,sammus
8,sammy adams
1,sammy cook
1,sammy gallows & vampts
1,sammy h
1,sammy senior
2,sammy warm hands
1,samo boris
1,samo dj
3,samon kawamura
1,samorost
1,samouraï d-rim
2,sampa the great
1,sampha
1,sample syndicate
1,sample the martian
2,samples
1,sampleur & sombres poches
3,samsaya
3,samson
1,samuel otis
4,samuel truth
2,samurai guru
1,samuraze
1,samwichez
11,samy deluxe
5,san e (산이)
1,san holo & twrk
8,san quinn
1,san quinn / black-n-brown enetertaiment presents
1,sanadajin
1,sanctums
3,sander koster
2,sandinistas
13,sandpeople
1,sandro g
1,sandro kait
1,sandy beaches and the brain
1,sandy solo
1,sanebeats
1,sanebeatz
1,saneyes
13,sango
1,sango & spzrkt
1,sango & waldo
2,sangsure
1,sangue misto
1,sankofa
5,sans pression
1,sans transition
4,sansar salvo
7,santigold
1,santoast & svntos
1,santonio
1,santoxic
1,santullo
1,santy
1,sanura
1,sanzio
1,sapiens sapiens
14,sapient
1,sara
2,sarah connor
1,sarah white
1,sarai
1,sarboza
1,sarcastik
1,sareem poems
1,sarkodie
1,"sasha ""monkeywrench"" mann"
1,sasha ate
2,sasha go hard
1,sasha olynyk
1,saska
1,saskwatch iron
1,sasquatch
1,sassafraz
1,sassja
2,sat l'artificier
1,sat-n-smooth
1,sat-r-day
5,satanicpornocultshop
1,satchmo
7,satellite high
1,sathim
1,satorii
1,satsang
1,satsum
1,saturday morning soundtrack
1,satyrn coney
3,sauce
1,sauce money
1,sauce twinz
1,sauce twinz & sosamann
1,sauce walka
3,"sauce, aka matisse"
1,saucy yoda
1,saue to nakae (サ上と中江)
9,saukrates
12,saul williams
1,saux
2,sav
1,sav-dawsyn
3,savage
1,savage brothers
1,savagemugen
1,savages
2,savages y suefo
1,save77
1,savin ill
1,saviorself
1,savon
2,sax g
2,sax machine
1,say c
1,say what
2,say-wut
1,sayab
2,saye
1,saye & souldia
1,sayedar
1,sayer
4,sayhi beats
1,sayj.
1,saynt
1,sayonara
1,sayth & north house
5,saïan supa crew
2,sb
1,sb iv short
3,sbk (スケボーキング)
1,sbmg
1,sbtrkt
4,scabbeatz
1,scade
1,scale
3,scaled
3,scallops hotel
1,scalper
2,scan man
1,scape one & severe carnage
1,scapegoat wax
2,scaramanga
2,scarcesoul.
1,scarcity budapest
1,scare the normals
3,scarecrow
1,scares & tocopa
1,scarf face
28,scarface
7,scarub
1,scarub & very
2,scary//boy//gang
2,scaryéire
1,scatterbrain
1,scattle
1,scene kidz
2,sch
9,scha dara parr (スチャダラパー)
1,schabernack
5,schadillac
1,schama noel
1,schaufel und spaten
1,schizmbeats
2,schlaasss
1,schlagzeiln
3,schmoace
2,schokk
1,scholar
3,scholarman
1,school of fish
19,schoolboy q
13,schoolly d
1,schoolsystm
1,schoolz of thought
1,schwab
5,schwartz
3,schwarz
1,schwarzweiss
1,schwesta ewa
1,schwester s
6,schäffer the darklord
1,science fiction
1,science of sound
4,science project
1,scientific.
3,scientifik
1,scientists of sound
8,scienz of life
11,scienze
1,scifi stu
7,scintillation!
1,scizzahz & wizard
1,scoob rock
1,scoop deville
1,scoot dogg
1,scootamann
1,scooyunda
1,scor-zay-zee
2,scorcher
19,scott & brendo
1,scott allen
1,scott da ros
1,scott hendy
1,scott lark
3,scott matelic
1,scott nice
1,scott stain
1,scott thorough & tone tank
1,scottdw
1,scottie b
1,scottie royal
2,scotty atl
1,scotty don't
1,scotty kusher
1,scotty lows
1,scotty pimpin
1,scraaatch
1,scrabble
2,scram jones
2,scratch
1,scratch and sniff
5,scratch bandits crew
6,scratch perverts
1,scrateboard
2,scream club
4,screaming headless torsos
5,screaming soul hill
6,scred connexion
1,screenatorium
3,screw
5,screwball
1,screwtape
2,scribbling idiots
2,scribe
1,scribe the verbalist
1,scribes
1,scribz
1,scridge
1,scrilla
1,scrillbillies
1,scriptonite (скриптонит)
2,scritti politti
1,scriz
5,scroobius pip
2,scrooge
1,scrt snds
1,scru face jean
1,scrub mc
4,scruffnuk dust
1,scrufizzer
1,scruloose
1,scrvp
2,scuare
3,scudi
2,scum
1,scumbag jay
1,scvr
1,scyesblu
2,scylla
7,sd
1,sd junksta
1,sdby
7,sdlwdr
1,sdotbraddy
5,sdp
1,"se62, vins"
4,se7en (세븐)
1,se7th
1,sea things
3,seagram
12,sealab 2012
1,seamo
1,sean anonymous
1,sean backus
1,sean blak
1,sean born
1,sean c & lv
1,sean c. johnson
1,sean clarey
3,sean cleo
4,sean combs
1,"sean esquire ""esq."""
1,sean ewart
2,sean forbes
2,sean garrett
1,sean haefeli
1,sean hiatus
14,sean kingston
1,sean nephew
6,sean o.
8,sean paul
12,sean price
1,sean strange
1,sean vonzie
1,sean ziral
2,seany juevos
1,seany juevos & tommy t. tom
2,seas of grease
1,seasons' end
1,seasta chani
1,seasunz
1,seazon all
1,sebastian mikael
1,sebbyngeteya
1,sebutones
1,secession
1,seclusionist
1,second coming
1,second hand audio
6,secondsun
5,secret agent 23 skidoo
2,secret frequency crew
1,secret secret dino club
1,secret space
1,secret tapes
1,secretsocietynt
1,secrostar
1,secta chameleon
2,secteur ä
1,section 8 mob
2,section boyz
2,sector 7g
1,seda
1,seda tripkolic
1,sedge warbler
1,sedlighetsroteln
2,seduction
1,see more perspective
1,seed artha
1,seed mc
1,seeda
1,seedge
1,seedlove
2,seek the northerner
1,seekae
1,seenmr
1,seez mics
2,sef
1,seffelinie
5,sefyu
1,segaveli
1,segev
1,segjel
2,seiho
1,seiji
1,seiko ito (いとうせいこう)
1,sektion kuchikäschtli
2,sel
9,sela.
1,selected of god
2,selektah kolektiboa
1,selena gomez
1,self driven
1,self jupiter
1,self jupiter & the kleenrz
3,self scientific
3,self taught
1,self thuggah
1,selfhelp
1,selfish
1,selfish.
1,selfish. & sxmgdy
1,selvmord
1,selzy
1,semen priest
1,semi hendrix
1,semi 半金
2,semi.official
1,seminole county
1,semybeats
1,sen dog
1,senamo
6,senbeï
1,sendemast
4,sene
2,seneca b
1,senga
1,senim silla
13,senpai
1,senpu
1,senru
6,sens unik
10,sensational
1,sensational & spectre
1,sensei
1,sensei chris
1,senseloop
8,senser
1,sensi boy
1,sensitive thugs
1,senso.jii
1,senswif
3,sentino
1,senyor oca
1,senza nome
1,senzo
1,seo tai ji and boys (서태지와 아이들)
1,seom
1,seoul.avenger & the seoul avenger
9,sepalot
1,separ
5,separate
1,sepassando rec
1,seperated at birth
1,seph
1,seph jones
1,sept
1,ser humano
1,serafinale
2,serani
1,seravince
2,sere
2,serebe.
8,seremoniamestari
16,serengeti
1,sergei barracuda
1,sergent papou
1,sergio santos & tanner ross
1,sergioisdead
1,serial chiller
3,serial killers
1,serious
1,serkent framwell
2,serkkupojat
1,serph
2,serphonic
2,sertone
2,serum
1,sesame
1,sese
1,sesh
1,sesshins
1,session
2,sessions @ the p.m.
2,set&match
1,seterah
14,seth gueko
4,seth sentry
1,seungbeats
1,sev
1,sevdee
2,seven
1,seven da pantha
1,"seven davis, jr."
2,seven day
1,seven diosma
1,seven lions
6,seven star
1,sevenfooteight
1,seventhswami
1,sevish
1,sevn alias
1,sevn thomas
1,sevnthwonder
1,sevyn streeter
1,sexfemman
6,sexion d'assaut
1,sexruleseverything
1,sexy females
1,seyed
1,seyed ali
1,seymon
1,seymour exklusiv
1,seyo
1,sf spanish fly
1,sf34
1,sfb
1,sfc
10,sfdk
1,sfond sqnksa
1,sfttm
1,sg
1,sg lewis
1,sgblk & tkdwn.
1,sgt. penarlaster
1,sgx
1,sgx & supergreenx
10,sha stimuli
1,sha'dasious
1,sha-key
1,shaan
1,shaanan street
9,shabaam sahdeeq
3,"shabak samech (שב""ק ס)"
1,shaban
11,shabazz palaces
1,shabazz palaces & stellar om source
9,shabazz the disciple
4,shabba ranks
1,shabushabu
1,shacee
2,shacke one
13,shad
3,shad & skratch bastid
1,shad da god
1,shade cobain
2,shade sheist
1,shades
3,shades of culture
4,shadez of brooklyn
2,shadow
7,shadow huntaz
1,shadow of the beats
1,shadowcast
1,shadowless
1,shadowpact
2,shadowrunners
1,shadowstar boxer
1,shadowz in da dark
4,shady blaze
1,shady characters
4,shady nate
1,shadyville allstars
1,shadyvox
2,shadz of lingo
1,shae
4,shafiq husayn
22,shag
1,shag & wild bill
12,shaggy
2,shaggy 2 dope
1,shaggy melo
2,shahmen
3,shai
3,shai hulud
1,shaka
3,shaka loveless
2,shaka ponk
1,shake-o-blaize
1,shakeyface
1,shakim & spectac
2,shakkazombie
1,shakur
1,shaky-b
2,sham & the professor
4,shaman b
1,shaman e. twain
1,shamane
1,shamanic technology
1,shameless
1,shamn
3,shamus
1,shanalog
3,shane
2,shane skillz
2,shanell
1,shanetane
1,shanetron
1,shango
2,shanice wilson
1,shannon
1,shannon (샤넌) & yuk ji dam (육지담)
1,shanti powa
4,shape of broad minds
7,shaquille o'neal
1,sharam
1,sharam jey
3,sharaya j
2,share stress
1,shareefa
1,sharief
3,sharif
1,shark brothers
2,shark tank
1,sharksty beatz
2,sharkula
1,sharky the great
1,sharlene hector & the new inspirational choir
1,sharper
3,sharpshooters
1,sharpsound & wrekonize
2,shash'u
2,shatter hands
1,shaun boothe
2,shawan rising
1,shawheen keyani
1,shawn
1,shawn anthony
4,shawn chrystopher
1,shawn davis & simon viklund
2,shawn jackson
3,shawn kemp
3,shawn lee
1,shawn lee & shawn lee's incredible tabla band
1,shawn lee's ping pong orchestra
2,shawn lov
1,shawn sky
1,shawn the savage kid
1,shawnie ranx
2,shawnna
1,shawnstermonster
1,shawny borden
5,shawty lo
1,shawty pimp
1,shaymlusly elliterate
3,shaz illyork
1,shazaam
1,shazam
1,sha¥ khushrenada
1,she rockers
1,she-raw
1,shea bilé
2,shed dwellaz
1,shedmen
1,sheefy mcfly
8,sheek louch
1,sheena easton
1,sheep before
1,sheff's kitchen
3,sheila e.
1,sheisty khrist
1,shelovesus
5,shelton harris
1,shelton harris & tyler dopps
1,shemspeed select
4,sherlock
3,sheryfa luna
1,shhp
1,shi 360 music
3,shigeto
1,shiho fujii (藤井志帆) & toru minegishi (峰岸透)
1,shihoko hirata (平田志穂子)
1,shiki (tmns)
2,shiml
3,shin-ski
6,shindy
5,shinehead
1,shiney boyz
5,shing02
1,shing02 & spin master a-1
1,shingo suzuki
3,shinigami tenshi
2,shining soul
1,shinjuku zulu
1,shinobi oaktree
1,shinoflow
4,shinsight trio
2,shinto神道
1,ship of fools
2,shipovnik
1,shipwreck
1,shiranu & wakka
1,shiro
1,shiro sagisu (鷺巣 詩郎)
1,shirosky
7,shirt
2,shisa
1,shit and shine
3,shitao
1,shitrich
3,shivastep
1,shizzyseanmack aka mean scafee
1,shkyd
1,shlock rock
12,shlohmo
1,shlum
3,shlump
1,shmnrgrs & δktr
2,shmuck the loyal
1,sho baraka
1,sho-hai
1,sho-nuf
1,shock g
1,shock trostic
2,shockproof
1,shod (real judah)
1,shoddy
1,shoelace
1,shoeless revolution
2,shoestring
1,shogun xl
1,shok-muzik
2,shone
2,shonlock
1,shontelle
1,shoom
3,shoos off
7,shootyz groove
2,shop boyz
2,shortcircles
1,shortcut
1,shortfuse
1,shortfyuz & termanology
1,shortie no mass
1,shortkut
1,shortkut & vinroc
1,shortrock & v8
2,shorty
2,shorty long
1,shortyuninc
5,shotta
3,shotta & tote king
1,shottaz
1,shottie & tev95
4,shotty horroh
1,show your teeth
1,showbiz
11,showbiz & a.g.
1,showbiz & a.g. & you know now
2,showyousuck
1,shrimpnose
1,shroomhead & slug christ
2,shrub
1,shtar academy
1,shu melody
1,shuanise
1,shuga wuga
7,shugmonkey
4,shuko
1,shumba
1,shun
1,shun'ei
14,shungu
1,shungu & snk∆
1,shungu & solo700
1,shura
2,shuren the fire
2,shurik'n
6,shut up and dance
1,shut up sidney
1,shut-ins
1,shut-ins and the colony
1,shuteyes
1,shvke
11,shwayze
10,shy glizzy
1,shy one
1,shyguy
9,shyheim
4,shyne
3,shystie
1,shötgun piñata
3,si begg
3,si-klon
2,sia
1,siah
2,siah & yeshua dapoed
1,siamese panda
1,sian anderson & spyro
2,sianna
1,sibannäc
1,sibitt (志人)
2,sibot
1,sic & southern made playaz
1,sic sense
1,sicario
1,sicfux entertainment
1,sich mang & the-drum
1,sichtbeton
1,sick animation
1,sick digger
2,sick jacken
1,sick lyrical damager
1,sick morrison
2,sick symphonies
1,sick team
3,sicknature
1,sicknature & snowgoons
2,sicko
5,sicko mobb
1,sickratman
1,sicktanick
2,sicx
1,sid madrid
1,sid roams
1,sidd
3,siddiq
1,siddiq & vektroid
1,side brain
12,side brok
1,side effect
1,side effekt
1,side industry
3,side pony
2,sidewalk chalk
2,sidi omar
1,sidi wacho
1,sidney samson
20,sido
1,sientific american
2,sierra kidd
2,sietta
2,sifoor
3,sig
2,sigh.
1,sigmataf
2,sign o' soul
1,signal flow
2,signal path
1,signif
1,signmark
5,signor benedick the moor
1,signs
1,siiro
1,sik-k (식케이)
1,sikadelik
1,sikai
1,siky beeats
1,silas zephania
1,silenceone
1,silencer
1,silent bodies
1,silent hornetz
5,silent knight
1,silent lambs project
1,silent ones
1,silent onez
11,silent poets
1,silent station
5,silent strike
1,silentsomeone
1,silentó
2,silicon dream
3,silk
1,silk fur
2,silk tymes leather
7,silkk the shocker
2,silkky johnson
1,silkky johnson & western tink
1,silky
6,silla
1,sillybeast
3,silmarils
1,silo sh3llz
1,siloque
1,silumi
1,silva hound
1,silva mc
5,silvana imam
1,silver boy
4,silver bullet
1,silver krueger
1,silver medallion
1,silverlink
1,silversystrar
1,silverwhk
1,silx
1,simahlak
1,simahlak & sixtoo
2,simara
1,simba & milton gulli
1,simbad
1,simeon smith
1,simewave
1,simha
1,simiah
1,similarobjects
1,simken heights
1,simo soo
1,simon
1,simon d (싸이먼 디)
1,simon emanuel
1,simon g
1,simon grohé
3,simon harris
1,simon s
2,simon sed
1,simon smthng
1,simon viklund
1,simpatica
1,simple
2,simple citizens
1,simple smithy
1,simplex
2,simply ii positive mc's
2,simplē e
1,simpson ahuevo
10,sims
1,sin & v.i.p.
1,sin marlee
1,sin sol
1,sina.
1,sinan g
2,sinan-g
1,sinatra royale
3,sincere
2,sincere me
2,sincerely collins
1,sinclair & wilde
1,sinden
3,sindicato del crimen
1,sinek
1,sinerise
1,sinestet
1,sinestro enigma
1,singe des rues
1,singuila
1,singular we
3,singularis
1,sini sabotage
1,sinic
10,sinik
1,sinister
1,sinister j
1,sinister stricken
1,sinister twin
18,sinitus tempo
1,sinitus tempo & the regiment
1,sinjin hawke
1,sinking swimmer
1,sinning rello
9,sinoptic international
1,sinsen
1,sinserious
2,sint andries mc's
1,sinuous
1,sinuous productions
1,sinéad o'connor
1,sip sip
1,siphona
2,sipp & steamgoat
1,sipulijaska
1,sir
1,sir charles
1,sir core
2,sir dyno
5,sir froderick
2,sir jarlsberg & chums
1,sir jinx
1,sir lanceloot
1,sir manley
3,sir menelik
6,sir michael rocks
1,sir milo
10,sir mix-a-lot
1,sir path
2,sir pathétik
1,sir psych
2,sir realism
2,sir samuel
1,sir seom
1,sir withers
1,sirah
1,sircle of sin
1,sirens echo
5,sirisaacnewton
1,sirius
1,sirius blvck
1,siriusmo
4,sirklz
1,siroj
1,sirpixalot productions
1,sisepuede
1,siska finuccsi
6,sisqó
2,sissy nobby
2,sista
1,sistars
1,sistema nervoso
1,sister fa
1,sister souljah
2,sisters
1,sisyphus
1,sito
3,sittasines
1,sittindown prodcutions
1,sittindown production
1,sivas
1,sivey
1,sivick
1,sivion
1,six coups mc
1,six-senses/六感
1,six2
3,sixfingerz
2,sixo
2,sixpress
3,sixset
1,sixth
19,sixtoo
1,sixtus preiss
1,sixtyfours
2,six†een
1,siyoung
1,sizemen
1,sizemix
4,sizzla
1,sizzle
1,siła dźwięq
1,sjaak
1,sjgrave kru
2,sjukstugan
1,sk la'flare
1,sk'p
1,ska raws
2,ska-face al kapone
1,skadanks
3,skai nine
1,skalp performed by tlf
1,skalpel
1,skampoe
1,skandaali
1,skane
2,skanless
1,skar
1,skaribas
1,skarra mucci
2,skate
3,skaten bacon
1,skatterman & snug brim
3,skebo king (スケボーキング)
7,skee-lo
1,skeezo
1,skeletoni
1,skeletonkids
1,skeletron & starfucker
2,skell
7,skeme
1,skeme team
2,skepp & hawk
16,skepta
1,skeptik
1,skero
1,sketch krime
1,sketch lightly & friends
3,skewby
1,skhoolyard
3,ski beatz
1,ski mask the slump god
2,ski mask troopaz
1,ski skład
1,skibadee
3,skiggy rapz
1,skillful attitude
12,skillz
1,skillz beats
4,skindred
2,skinny al
2,skinny boys
1,skinny dee
1,skinny ill
1,skinny-c
1,skinny.b
2,skinnyman
1,skins and needles
1,skip
1,skip & die
3,skipless
2,skippa da flippa
1,skipper
4,skittles
4,skitz
1,skitz & roots manuva
9,skizzy mars
2,sko
2,skoota
2,skor
1,skotch davis
5,skratch bastid
1,skratch comando
1,skratchy seal
1,skread
1,skrein
1,skreintax
1,skrewtape
1,skrillex & yogi
1,skrip
1,skruncha-roo
1,skruncha-roo.
3,skryptcha
1,skrypture
1,sktty mc
1,skubi
3,skuff
1,skulastic
1,skull avalanche
2,skull duggery
1,skull island
1,skullcaster & the bassturd
1,skunkee brewster
2,skunkhour
1,skunksteper
1,skweeky watahfawls
1,sky
2,sky 7th
1,sky balla
1,sky harbor
1,sky high
2,skyblew
6,skyrider
1,skyroz noise
1,skywalka
6,skywlkr
1,skyzo deniro
9,skyzoo
1,skyzoo & torae
1,slade savage
1,slag från hjärtat
1,slagged
8,slaine
1,slaine & statik selektah
3,slakah the beatchild
1,slakker
2,slam coke
1,slander
1,slanguage
1,slanid
1,slash polaroids
1,slator blacc
13,slaughterhouse
1,slave
2,slbmg
1,slc
1,sleaford mods
2,sleaze
2,sleazy f baby
1,sleek the elite
1,sleep
1,sleep in
4,sleep of oldominion
1,sleep of oldominion & zelly rock
1,sleep of reason
1,sleep radio
3,sleep sinatra
1,"sleep, talk"
6,sleepdealer
1,sleeper
2,sleepin' giantz
1,sleeping awake
2,sleepover
1,sleepy (슬리피) & song ji eun (송지은)
1,sleepy brain
4,sleepy eyes
1,sleepyeyes
1,sleepyxtra
1,sleestack'z
1,sleeve↓
2,slicc
1,slick g
1,slick pulla & strap da fool
12,slick rick
1,slick-c
1,slicker
1,slightly stoopid
5,slik d
3,slim
1,slim dunkin & waka flocka flame
2,slim jesus
5,slim k
1,slim rogers .
2,slim samurai
3,slim the chemist
1,slim the mobster
22,slim thug
3,slim thug & z-ro
1,slim thugz
1,slim twig
1,slimdog productions
1,slime
1,slimes
2,slimkat78
1,slimm calhoun
1,slimydime & young tokes
1,slipmat brothers & penpals
1,slippery
2,slips & slurs
3,slivko
3,slix
1,slo-v and retro
1,slomo
1,slomo kanofsky
1,slon
1,slon & mikser
1,slon in sadež
1,slone
1,slongs dievanongs
1,slop musket
1,slop shop
1,sloslylove
1,slot one
4,slot-a
1,slotek
2,sloth
2,slothface
1,slothking
1,slovetskii
1,slow driver
1,slow hand motëm
1,slow nerve action
1,slow suicide stimulus
2,slow to speak
1,slow village
1,slowed down soundz
1,slower motion
1,slowly (2)
1,slowolf
1,slowpoke.phil
1,slowtwo
1,slowy
1,sludge factorie
1,slug
13,slug christ
5,slugabed
1,slugga black
1,slugga tee
1,sluggz & starbuks
3,slum brothers
1,slum grummy
26,slum village
1,slumber marty
3,slums attack
1,slur collateral
1,slush da villain
1,slvtdeath
6,slw.kng
3,sly & robbie
4,sly boogy
2,sly c
2,sly davis
3,sly why
1,slymeboyzcult
1,slynk
1,sléo
1,smaal tokk
2,smagalaz
1,small arms fiya
1,small change
1,small circle of friends
9,small literature
7,small professor
1,smallworld da chemist
1,smallz
1,smart mc
1,smart shorties
1,smash hit combo
1,smashproof
3,smc lähiörotat
1,smear
1,smeets
2,smellington piff
1,smerins anti-social club
1,smey
9,smif-n-wessun
1,smigg dirtee
1,smija
1,smiler
2,smiley
1,smiley gatmouth
1,smiley the ghetto child
1,smilez & southstar
2,smino
4,smith & mighty
2,smitty
2,smitty the bg
4,smka
1,smka & young scolla
3,smog
1,smojphace
1,smok
2,smoke
1,smoke 1 click
1,smoke 2 seven
12,smoke dza
1,smoke noises
1,smoke screen & urbindex
1,smoke trees.
1,smoke'n fly
1,smokedbeat
7,smokey joe & the kid
2,smokey robotic
1,smokin suckaz wit logic
1,smokin with superman
1,smokin' suckaz wit' logic
1,smolasty
2,smookie illson
2,smooth
1,smooth criminal
2,smooth current
4,smooth j
1,smooth jazz all stars
2,smoothe da hustler
13,smoov-e
1,smoove
1,smoove & turrell
1,smoove lyrics
1,smoovie baby
4,smoovth
5,smorgas
5,smp
1,smuff tha quiz
16,smug mang
3,smut peddlers
1,smuv
1,smvbdly
1,smz
2,snaer.
1,snafu
1,snaga
3,snaga & pillath
1,snail ramp
1,snails
1,snak
6,snak the ripper
1,snake a.k.a. bo-constricta
1,snake eyez
1,snakebit
2,snakefoot
10,snakehips
1,snakehips & tory lanez
1,snakes crew
1,snap babei
3,snap!
1,snapghost
1,snardok
1,snares
1,snasen
1,snavs
1,snbrn
1,sndclash||sndprvdr
1,sneak
2,sneakbo
2,sneaky
1,sneaky bo$$
1,sneazzy
1,sneeeze
1,snidely whiplash
1,sniff
1,sniff & trellion
5,sniper
1,sniper unit
3,sniteville
1,snkbutno
8,snk∆
1,sno
2,snob scrilla
1,snoman
4,snook
92,snoop dogg
4,snoop dogg & wiz khalifa
7,snoop doggy dogg
2,snoop lion
4,snootie wild
7,snow
2,snow fox apprentice
5,snow tha product
1,snowboy
11,snowgoons
1,snowy beatz
4,snubluck
1,snubnose frankenstein
1,snypaz
1,snza
1,so flawless
1,so fresh squad
1,so large
1,so sick social club
1,so skyrocketing
10,so solid crew
1,so what
1,so-called artists
1,soade
2,soakubeats
1,soane
1,soap kills
1,soapbox
7,soarse spoken
1,sobaroque
2,sobota
5,socalled
1,soccer96
3,social club
1,social deviantz
1,social studies
2,socialeyes
1,society
1,society of shadows
1,society of soul
1,soda
1,sofa brown
2,sofa surfers
3,soffet
1,sofi
1,sofiane
1,soft jumba
3,soft lipa (蛋堡)
2,soft lit
1,softporecorn
1,softwehr
1,soia
1,"soil & ""pimp"" sessions"
1,sokkk
4,soklak
4,sokro
1,soké
11,sol
1,sol galeano
1,sol messiah
2,sol monk
1,sol pereyra
1,sol rising
1,sol uprising
1,sol' m∆nic
8,sol.illaquists of sound
2,sola rosa
2,solaa
2,solange
1,solar
2,soldier hard
1,soldier one
1,soldjasoulz
25,sole
9,sole and the skyrider band
2,sole grunt
1,solephonic
1,solex
2,solo
2,solo for dolo
1,solo for dolo & don producci
1,solo luke
1,solo700
11,solomon childs
1,solonen
1,soloplexus
1,solotempo
2,soluh!
1,soluna ((suunae))
1,solypsis
1,solé
1,som fan
4,soma
1,soma rasa
1,somatic
1,somdef (썸데프)
1,somehowart
8,somepling
1,somethin' for the people
1,somnolence
1,somnous & the cinema
1,somos nós a justiça
2,son doobie
2,son lux
1,son of a pitch & yoshi di original
2,son of bazerk
1,son of eve
2,son of kick
1,son of light
1,son of noise
1,son of ran
1,son of robot
5,son of saturn
1,sona family
1,sonamoo (소나무)
1,sonar calibrado
2,sonat
1,sonders
1,song ji eun (송지은)
1,songodsuns
1,songs of higher learning
1,songs to wear pants to
1,soni
11,sonic boom six
1,sonic cover
1,sonic dragolgo
3,sonic sum
1,sonny cheeba
1,sonny daze
2,sonny digital
9,sonnyjim
1,sonotws
10,sonreal
1,sons
2,sons of funk
1,sons of intellect
1,sons of sam
1,sonya c
1,soohan
2,sookee
1,soolchill
1,soom t
1,soom t & t.raumschmiere
2,soon e mc
1,soopa villainz
3,soopafly
2,soopah eype
1,soophie nun squad
3,soosh
1,sop
1,sophia grace
1,sophisticated horiz
1,soppa
9,soprano
2,sorgenkind
1,soriheda
1,sorrow
1,sorry drummer
1,sorry kate
4,sortahuman
1,sorus frond
1,soshe
3,soso
1,soso and dj kutdown
3,sotu the traveller
2,souchi
2,souf
1,soukin
2,soul
2,soul assassins
1,soul atrophy
1,soul bread
1,soul choc
1,soul clap
1,soul clap & wolf + lamb
2,soul company (소울 컴퍼니)
1,soul coughing
1,soul el pato
3,soul ii soul
1,soul juice
20,soul khan
1,soul litchfield
3,soul position
1,soul purpose
1,soul rebels
3,soul scream
5,soul square
2,soul supreme
1,soul swing
1,soul valpio
1,soul valpio band
1,soul'd out
3,soul-junk
1,soularis
3,soulbrotha
8,soulchef
1,soulchef & trace blam
1,soulchief.
1,soulclap budapest
9,soulcrate music
4,souldia
1,souldub
7,souleance
1,soulentity
1,souler
1,souleye
3,soulful chemistry
1,soulful!
1,"soulfully, me"
1,soulhead
1,soulism
5,soulive
31,soulja boy tell 'em
5,soulja slim
3,soulkast
3,soulostar
2,soulpete
1,soulpusha
10,souls of mischief
1,soulslicers
1,soulstarr
3,soulstice
1,soultronik
1,soulular
1,soulution
1,soulutionn
1,soul’d out
1,sound advice
1,sound collagers
2,sound improvement
1,sound mob
1,sound of r.e.l.s.
2,sound of rum
1,sound on sound productions
6,sound providers
1,sound providers & surreal
2,sound scientists
1,sound soul spirit
1,sound survivors
2,sound tribe sector 9
1,sound-scaper
1,soundkaïl
1,soundmaster t
1,sounds of blackness
1,sounds of rage
8,sounds of umbra
4,soundsci
1,soundzimage
1,soundzweird
2,soup or villainz
1,soupbox
1,source of labor
1,sourface
1,soursoul
8,south central cartel
1,south circle
1,south coast
17,south park mexican
1,south side pride
1,southern hospitality
1,southern saucy
1,southpaw
1,southpaw chop
1,southside
1,southside hustlaz
1,southside mafia
1,southside playaz
4,southside rockers
1,southtowne lanes & whack sabbath
1,soversetile
1,soviet konducta
3,soviet suprem
4,soweto kinch
1,sox
1,sp
1,sp-mold
2,sp//w
2,spac3man
1,space age
1,space captain
2,space dimension controller
2,space dolphin
3,space gang
2,space ghost
2,space heathens
1,space invadas
1,space invaders
3,space jesus
7,spacedtime
1,spaceghost
26,spaceghostpurrp
1,spaceheater
2,spacek
1,spacekees
1,spacekees & terilekst
1,spaceman d
1,spacesuits
1,spacey
1,spacific
1,spacifix
1,spade
1,spade ghetto destruction
3,spaghetti blacc
1,spakur
1,spam all stars
2,spam allstars
1,spamtec
1,spanish fly
11,spank rock
2,spankalicious
1,sparco
3,sparda mc
1,spark 950 & timbo king
4,spark master tape
1,sparkle
1,sparky d
1,sparky d & the playgirls
1,sparkz
3,sparrow
2,sparrow the movement
1,spartack
1,spartacus
3,spax
4,speak
1,speak easy
1,speak the hungarian rapper
3,speak!
1,speakeasy
1,speaker for the dead
6,speaker knockerz
3,speaky
3,spearhead
4,special ed
1,special teamz
1,special-e
2,specifics
1,specii
2,specta
2,spectateur
1,spectrasoul
12,spectre
5,speech
5,speech debelle
4,speech defect
1,speeches beyond
1,speechless
1,speeka
1,spek
1,spek won
3,spektacoolär
2,spekti
1,spektor
2,spellwrks
1,spence mills
3,spencer
1,spencer bonds &g-major
1,spencer doran
1,spencer doran & white sunglasses
2,spencer joles
1,spenda c
2,spends quality
2,spenzo
1,spesh k
1,spezializtz
1,spheriot
14,spice 1
1,spider jeruze
2,spike
1,spike the dragon
1,spin master a-1
1,spinach prince
1,spinache
2,spinal & steen
1,spinxy
1,spinz
1,spiral-shaped mind
1,spirit agent
1,spirit animal brigade
1,spirit of truth
1,spiritual rez
3,spit gemz
4,spit syndicate
1,spitaali posse
3,spittzwell
1,spiz the wiz
3,splack pack
2,splash
1,splatter
2,spleen
1,splendid
2,spliff jacksun
1,splintz
5,split prophets
1,splitbreed
1,splurgeboys
1,spm
1,spnda
1,spod
3,spoek mathambo
1,spoke
1,spoke orchestra
1,spoken nerd
1,spokes
1,spokken
17,spongebozz
1,spongemagnet
5,spontania
2,spookrijders
3,spooks
4,spooky black
1,spooky cheddar
1,spookyli
3,spoonie gee
1,spoonin gee
3,sporting life
2,sporto kantes
2,sporty thievz
1,sporty-o
5,sporty-t
9,spose
1,spotrunnaz
1,spragga benz
1,sprawlic stream
1,spree-da-link
1,sprno
1,sprocket
2,sprucetown
1,spurv
1,spy f & the zakulas
1,spycc
1,spyder baybie raw dog and 2% muck
1,spyder da chieff
1,spyder-d
1,spyn reset
1,spz chaote
1,spzrkt
1,squ!l
8,squadda b
1,squadda bambino
1,squalid
1,square one
2,squeaky lobster
2,squeegee
1,squincy jones
1,squire zama
2,sremmlife crew
1,srikalogy
4,ssio
1,sst & superdefekt
2,st
4,st 2 lettaz
3,st!llness
1,st. germain
1,st. lunatics
1,st. paul slim
1,st. south
3,st. trapthony
1,st. vincent
1,st. vitus cardinals
2,st/mic
3,st1m
1,stabber
2,stacie orrico
1,stack bundles
1,stack or starve east & mixtape mobb
1,stacs of stamina
2,stacy epps
1,staff muzik
1,staffonly
1,stafford brothers
1,staft
2,stagga
1,stagga lee
1,stain
3,stainless steele
2,stak
4,stakka bo
1,stakzilla
2,stalin majesty
8,stalley
1,stamper
2,stan forebee
1,stan ipcus
5,stan manson
1,stan smith
5,stan the beatsmith
1,stan walker
1,stanky brown
4,stanley odd
1,stanley pedigree
1,stann smith
1,stanton warriors & tony quattro
1,stany
1,star
1,star safari
5,star slinger
1,star slinger & teams
2,starbomb
2,starchild
1,starchild & the new romantic
9,starflam
2,stark reality
4,starkey
1,starks & heights
1,starleana
16,starlito
1,starpower
1,starrchizzy
1,starship amazing
1,starting six
1,startyourownrebellion
4,starvin b
1,starvin' art clique
1,starving artists crew
1,stará kazka
1,stas thee boss
7,stat quo
4,state of the artist
1,state ov mind
2,state property
1,stateless
2,statik
1,statik aka adam feinsilver
1,statik kxng
1,statik link
14,statik selektah
2,statik selektah & strong arm steady
3,statik selektah & termanology
1,statue stance
3,statz
1,staunch nation
2,stavento
1,staxx
1,stayhi
1,ste van b & swell session
1,steady
2,steady & co.
7,steady b
1,steady burnt
1,steady c
3,steady mobb'n
1,stealf
1,steel standing
1,steel tipped dove
1,steelo
1,steely chan
5,steen
8,steen1
1,steen1 orkestra
1,steez
1,steezilla
2,steezo
1,steezyasfuck
1,stef der crashtest
2,stefan raab
2,steff la cheffe
5,steinski
1,stekli psi
4,stemvandestraat beats
3,step brothers
1,step x step
2,stepa
1,stepchild
1,stephan jacobs & sugarpill
1,stephan laubner
1,stephanie cooke
1,stephanie mckay
1,stephanie mills
1,stephen
1,stephen andrews
2,stephen farris
3,stephen greater
1,stephen hero
1,stephen marley
1,stephen scott day
1,stephmills
12,stereo mc's
1,stereokid
1,stereoliza
1,stereoloud
2,stereos
1,stereothieves
1,sterio
1,sterling
1,sterling flow
1,sternklang
1,sternway
7,stess the emcee
7,stetsasonic
1,steve
1,steve angello
6,steve aoki
1,steve arrington
1,steve bilodeau aka billa
1,steve blair
1,steve cobby
1,steve coleman and five elements
1,steve coleman and metrics
1,steve frawst
1,steve g. lover iii
1,steve ivander
1,steve lehman
1,steve masters
9,steve robs
1,steve siphonic
1,steve stylez
1,steve young
1,"steve, l and kenji"
1,steve-o
2,steve.
1,steven a. clark
1,steven egal
1,steven prince
2,stevie b
6,stevie crooks
1,stevie d
1,stevie fanta
1,stevie mcfly
5,stevie stone
2,stevie wonder
1,stevin ryan
3,stevo
1,stew slim
9,stewrat
6,stezo
1,stg
2,sthlm inkasso
1,sti (스티)
1,stic
1,stic.man
1,stic.man & young noble
1,stick figures
1,sticks
2,sticky fingaz
3,stieber twins
3,stig
2,stig dogg
7,stig of the dump
6,stik figa
1,stikstof
1,still
2,still fresh
1,still pee & ru
1,stilla-mode
2,stillichimiya
2,stillmuzik
1,stilo magolide
1,stimey
1,stimulator jones
2,sting
1,stinkin slumrok
2,stinkin' rich
9,stitches
1,stitches & str8 kash
3,stny_lnsm
1,sto the last.
3,stockholmssyndromet
1,stogie la russa
1,stoicsage?
1,stoka
1,stomper
9,stomy bugsy
1,stone ave
1,stoned ape theory
1,stonedogg
1,stonefunkers
1,stonelungs
1,stonephace
1,stoner creek
1,stonesounds
1,stooki sound
3,stoop kids
1,stooshe
2,stor
1,stor & aki
1,store p
3,storm davis
2,storm the unpredictable
1,storm watkins
1,stormhat
1,stormshadow
1,stormtroepers
1,stormy knight
3,stormzy
1,storyville
3,stoupe the enemy of mankind
1,stover
2,straange
1,straight game
1,straight p
1,strajk
1,strand
2,strange 2ruth
1,strange behavior
5,strange fruit project
3,strange u
2,strange vice
1,strange vip
1,strangely out of place
1,stranger
2,strangers of necessity
1,stranje dayz
1,strapatsen
1,strappa j
1,stratasoul
4,stray
1,stray|excel
1,street jazz unit
1,street lo-fighter
1,street lord'z
6,street military
1,street minister whitehead
1,street platoon
4,street poets
10,street samurai
1,street smartz
3,street sweeper social club
1,streethugs
1,streetlife
1,strehlow
1,stres
4,stress
1,stress orphan
1,stresswon
1,stretch & dj etro
1,stretch 9
1,strfkr & treez
2,strickly roots
1,stricknice
3,strict flow
1,strictly rik
1,string theory
1,stripes
1,striver
1,stro
2,stro elliot
1,stroker deluca
3,stromae
9,strong arm steady
1,strong arm steady & talib kweli
1,strugglin' souls
3,struka
1,strwn
2,stu
1,stu bangas
1,stu bangas & vanderslice
1,stu cat
1,stu cat & teddy roxpin
1,stubeeee
1,studio 75
2,studio cee
1,stueve
2,stuff.
1,stuffed animals
1,stunnah
1,stunt taylor
1,stuntdouble & tenshun
1,stuntman 5
2,stunts djs
7,stupeflip
1,stuts
5,stwo
1,stxxch
1,style high club
2,style misia
1,styles & complete
7,styles of beyond
18,styles p
1,stylie ray
1,stylo g
1,stylophonic
4,stylss
1,stylust beats
1,stylz
1,styn & bertholet
1,styptic
3,sté strausz
4,stélouse
1,st‐saoul
1,st╱╲r━g╱╲te
2,su na
1,sua
1,suave dolo
1,suave smooth
1,suavé
2,sub contents
4,sub liquid
1,sub luna city
1,subaqueous
1,subatomic sound system
5,subcarpați
1,subcon savant
1,subconscious moreno
1,subculture sage
2,subdaio.
1,subdwellers
1,subkulture patriots
1,sublevel communications
4,sublime
1,sublime wizardry
1,subliminal & dienamix
1,subliminal & timati
2,subliminal (סאבלימינל)
1,subliminal (סאבלימינל) & the shadow (הצל)
1,subliminal taktiks
2,submerse
1,submission impossible
1,submunition
4,subnoize souljaz
1,suboi
2,subp yao
1,substance
2,substance abuse
7,substantial
1,substantial & the other guys
1,subterrain
1,subterranean
1,subterraneous records
10,subtitle
15,subtle
3,subtomik
1,suburban
1,suburban dark
2,suburban truth
1,suburban white boys
1,subway
1,subzilla
1,subzonic
6,such a surge
1,sucht
1,sucht & tarot
1,suck susan
1,sucka plush
1,suckapunch
1,suda
2,sudden
1,sudden rush
1,sudhu
1,sudogwon
1,suede merit
1,suedey
13,suff daddy
1,suff daddy & ta-ku
1,suffers beats
3,sufjan stevens
1,sufvyn
1,sufyan
4,sufyvn
1,suga bear
8,suga free
2,suga t
1,sugababes
1,sugahspank!
1,sugar
1,sugar bear
2,sugar c
14,sugar cane davis
1,sugar cane davis & tvpes
1,sugar daddy
1,sugar frosted pacific
3,sugar tongue slim
9,sugarhill gang
1,sugarpill
1,sugizo
1,sugoisounds
1,sugur shane
1,suhinators
7,suhnraw
1,suicida died
1,suicidal rap orgy
1,suicide lab productions
5,suicideyear
1,suiken
4,suiyoubi no campanella (水曜日のカンパネラ)
1,sujiwara
1,sulaiman & vic spencer
1,suleiman
2,suli breaks
1,sully sefil
3,sultan
1,sultan mir
2,sultana
1,sum tapes
1,sum-in-1
1,sumeo
2,sumguy
4,summer cem
1,summer thieves
1,summers sons
2,sumochief
6,sumthin gunny
1,sumthin serious
1,sun & la
1,sun araw
1,sun bailante dj's
1,sun god
1,sun goes nova
1,sun of man
2,sun ok papi k.o.
4,sun rise above
1,sun risers
1,sun tzu
1,sun-script carragoor
1,sunclef
2,sund fornuft
1,sundance
1,sunday2pm (선데이투피엠)
4,sundrenched
1,sunfeathr
1,sung si kyung (성시경)
1,sunlife
1,sunman24
1,sunni colón
1,sunniiiblack
2,sunnova
1,sunny ledfurd
1,sunny red
2,sunofthesol.
1,sunset black
1,sunset leagues
5,sunshine
1,sunshine mechanoid
19,sunspot jonz
1,sunyata
11,sunz of man
1,sup nasa
1,sup the chemist
1,supa
1,supa dave west
5,supa sortahuman
1,supa sortahuman & trippythakid
2,supafriendz
1,supafuh & trublion
1,supastar rell of no strollers
1,supastars
7,supastition
1,super beats
3,super cat
3,super chron flight brothers
1,super chron flight brothers & willie green
1,super crew
1,super doeths
1,super duper
1,super e.s.p.
1,super ego
1,super flu
1,super galactic expansive
1,super inuit
2,super janne
2,super lover cee & casanova rud
2,super mash bros
1,super spanish combo
1,super spill bros.
2,superchic[k]
1,superchick
2,supercommuter
1,supercrooo
1,superfluid
1,superfresh!
1,supergenius
1,superheroes
1,superior cling
1,supermash
2,supermoney
4,supernatural
2,supernova (초신성) & t-ara (티아라)
2,superpoze
6,supersci
1,superscientifiku
1,supershirt
1,supersister
3,supersoul
1,superstar jet jaguar
1,superstar quamallah
1,supervillains rmc
4,supervision
2,supherb
4,suplington
1,suprah
3,suprchnk
1,supreeme
2,suprefly illy
1,supreme
3,supreme cuts
1,supreme elite
1,supreme ninja
1,supreme sol
2,supreme team (슈프림 팀)
1,supremeex & tajai
20,suprême ntm
1,sur carabela
1,suran (수란)
1,surce & todiefor
1,surecut kids
1,sureshot symphony solution
1,surface emp
1,surface to air missile
1,surfing
1,surge
1,suriel jimenez
1,surreal
4,surrenderdorothy
1,sushi punk
5,suspekt
2,sutton dewey
3,suzi analogue
5,suzuki kaioh
1,svelt
1,svend spyt
1,svetnik
8,svinkels
1,svmo
1,svnset wλves
1,svntos
8,svnty6
1,svrlmlnrnydyz
2,svt ytne
4,swag toof
2,swagberg
1,swagg jones
2,swagg man
1,swaggysi
1,swagkillaz
1,swaglords
1,swain
2,swallows fly low
2,swamburger
1,swamimillion
1,swamp dons
3,swamp thing
1,swan fyahbwoy
1,swank
8,swarvy
1,swave sevah
5,sway
13,sway & king tech
1,swayzak
1,swbg
1,sweat box
1,sweat shop lsd
1,sweat.x
2,sweater beats
2,sweatshop
7,sweatshop union
5,sweatson klank
1,sweattz
2,swede:art
1,swedish house mafia
1,sweet da kid
1,sweet irene
1,sweet sable
1,sweet so weed
1,sweet t da profyt
1,sweet tea studios
1,sweet tee
4,sweet valley
1,sweetback
4,sweetbox
1,swefn
1,swell
2,swelo
1,swelto
1,swerve
1,swerve & syg
1,swet shop boys
1,swif nebaza
1,swift
5,swift guad
1,swift kirabo
1,swifta beater
1,swifty mcvay
1,swignig
2,swimful buterfly
1,swindail
1,swing scholars
4,swingfly
8,swings (스윙스)
1,swirls
9,swishahouse
1,swiss & die andern
3,switchmix
9,swizz beatz
13,swollen members
2,swoop g
2,swoope
3,swum
1,swum.
9,swv
1,sx-10
1,sxtn
1,sy smith
1,sycho gast
2,sycksyde
1,syde fx
1,sydney in theory & unkleluc
1,syer
2,syg
1,sykeward
3,syklik beatz
1,syla
2,sylabil spill
1,sylas & dj dirty ed _ k73
1,syleena johnson
1,sylk smoov
2,sylk-e. fyne
4,sylvan lacue
2,sylvia
1,symbols xi
1,symmetric
3,symmetry
1,sympathy
1,symposium infra
2,syncopebane
1,syndel
3,syndrom snopp
1,syndrome a.k.a. devious monk
1,synergy
1,synopse
2,syntax
1,syntax matisse
1,synthetic epiphany
1,syntheticx
1,syntifik
4,syqnys
1,syrano
1,syringe
1,syrup
1,system of control
1,systema solar
1,syz
1,sza
1,szad
1,szenario
1,szops
1,sztigar bonko
1,szur
1,szyna
1,särre
1,sçiefaucheur abaddon
1,sé fire
3,sérgio mendes
1,sérigne m'baye
2,sëar lui-même
4,sólo los solo
2,södrasidan
1,söhne mannheims & xavier naidoo
1,sørsia gerilja
1,sıla gençoğlu
1,słoń
5,t (윤미래)
3,t bird and the breaks
5,t h r uhh
2,t la rock
1,t rose
2,t the human
1,t'chimu
1,t'spoon
1,t*u*a
1,t-$moke
1,t-ara (티아라)
1,t-ara marie
1,t-baby
1,t-bar
4,t-bone
1,t-co
1,t-diddy
1,t-dub
1,t-funk
1,t-kash
1,t-lexx
1,t-lo
2,t-love
1,t-love & this kid named miles
1,t-lowe
3,t-max
1,t-mo
1,t-murha
28,t-pain
1,t-ran
1,t-rapper
1,t-ray performed by lord finesse
1,t-real
16,t-rock
1,t-rock presents mossberg
2,t-ski valley
1,t-time
2,t-wayne
1,t-white
1,t-woc
1,t.
1,t. kid
4,t. mills
1,t. threats
1,t.c.f crew
1,t.c.m.
1,t.d.k.
1,t.d.s. mob
1,t.h.e.m (the houston elite mc's)
1,t.h.u.g.g.s.
62,t.i.
1,t.i. & young jeezy
1,t.j. miller
1,t.jay
1,t.m.s. crew
2,t.o.f.
1,t.o.k.
2,t.o.p
1,t.p. allstars
1,t.r.e.k
1,t.r.u.c.e
2,t.r.u.t.h
2,t.raumschmiere
1,t.s.p.
6,t.shirt
2,t.w.d.y.
1,t.w.i
1,t.y.
1,t/k/s
1,t3
1,t33 fresh
1,t3p3i3
1,ta smallz
2,ta'east
2,ta'raach
1,ta'raach & the lovelution
1,ta-ha
29,ta-ku
1,ta-ku & theron noble
1,taalam
2,tab & anitek
1,tabanacle
1,tabb-doe and the money mobb
1,tabby patterns
7,tabi bonney
1,tableek
3,tablo (타블로)
1,tabootapes & κριτής
1,taco cat
4,taco hemingway
1,tact family (משפחת תאקט)
1,tacteel
1,taddl & marley
1,tae beast
1,taeyang (태양)
1,tag shai
4,tag team
1,taggy matcher
1,tahnaiya russell
1,taichi
1,taiji
1,tailormade brothers
3,tails.
1,tainted mindz
5,taio cruz
1,taipan
2,tairrie b
4,taiwan mc
1,taizo hori
5,tajai
1,tajai & sleeprockers
5,tajima hal
1,tajima hal & δktr
1,taju7
1,tak
5,take
1,takero ogata
10,takt32
4,taktika
1,taktikz
5,taktloss
1,taku iwasaki (岩崎琢)
1,taleil brown
29,talib kweli
1,talib kweli & the notorious b.i.g.
1,talib kweli & z-trip
1,talibam!
1,"talk less, say more"
9,tall black guy
2,tall can
1,tall can & generik
1,tall dark & handsome
2,"tall,drk"
1,talpas
2,talrite
1,talwst
2,tamaki roy (環roy)
3,tamaonsen (魂音泉)
1,tamara renée
2,tambour battant
1,tamc jones
8,tame one
1,tami
2,tamia
1,tammio
2,tandem
1,tang sauce
2,tangence
1,tango hustler
1,tank
1,tankwon
1,tansmoke
5,tanya morgan
1,tanya stephens
1,tanya tagaq
1,tao13
1,tap
3,tapani kansalainen
1,tape sounds
1,tapecut
1,tapehead greeder
1,tapemasters inc.
1,tapemasters inc. & the lox
2,tapes
1,tapetrades
1,tapper
1,taprikk sweezee
1,tapwater
1,taquwami
1,tarek fastlife
2,target
1,tarica june
2,tarik sabar
1,tarmac jones
1,taryn southern
5,tash
2,tashan
1,tashannie (타샤니)
1,task & linus
10,task force
1,task the samsara
1,tassel & naturel
1,tassho pearce
1,tassnata
1,taste nate
1,taste tester
4,tate kobang
1,tate tucker
1,tati (тати)
1,tato atk
1,tatverdacht
1,tatyana ali
1,tau
6,taunton manor
1,taurus scott
1,tavern slander
1,tavor
1,tay dayne
1,tay dizm
2,tay miles
1,tay sean
1,tay600
1,taydatay
1,tayfun 79
1,tayler
1,taylor
1,taylor bennett
2,taylor gang
1,taylor j
1,taylor karras
1,taylor kyle johnston & yung squak
2,taylor mcferrin
1,taylor musik
1,taylor redding
1,taylor swift
5,taymillerchill
4,tayyib ali
1,taz
1,taz arnold
4,taïro
1,tbny (티비엔와이)
1,tc
1,tc crew
1,tchad unpoe
2,tcheep
1,td camp
1,td cruze
1,tdf
1,tdx
1,tdxmusic
1,te
1,te'amir
1,te-ze
2,teairra marí
1,teal mandala
2,team avantgarde
1,team aviator
1,team bs
3,team canada
1,team dreebs
3,team dynamite
1,team eimsbusch
1,team gina
1,"team madison( hiromenbipp, 30plus & hollyhood bonds)"
1,team nowhere
1,team racoon
1,team rezofficial
4,team rockit
2,team shadetek
1,team starkid
4,team teamwork
1,teams
1,teamsesh
2,tear da club up thugs
1,teardrop
2,teargas & plateglass
1,tec-9
1,tec.
44,tech n9ne
1,tech99
2,techmaster p.e.b.
1,technical
2,technicolor lenses
3,techno animal
1,techno anthem
1,technomagiclovechild
5,technotronic
2,teck-zilla
1,tecla
1,ted addic
1,ted darko
3,tedashii
1,teddy becks
1,teddy faley
1,teddy music
2,teddy riley
10,teddybears
22,tede
1,tedjep soulful house
1,tedji
3,tedley
1,tedy
1,tee why
1,teebone
7,teebs
4,teeflii
2,teej & tom caruana
1,teej.o
2,teekay
1,teekaydabully
2,teeko
1,teen flirt
3,teena marie
1,teenage cavemen from outerspace
1,teenage mutant ninja turtles
1,teenburger
1,teenwolf & static
1,teesy
1,teewok
1,teez
1,teezy p
2,tef poe
1,tef wesley
1,tefla & jaleel
2,teflon
5,teflon brothers
4,tego calderón
1,tehbis
1,tehbis & touchy subject
1,tehron porter
5,teielte
3,tek 9
4,tek nalo g
8,tek.lun
2,teki latex
1,tekitek
1,tekk allstarz
1,tekneek & wisdom
1,teknical development
1,teknical development.is
2,tekochee kru
1,tektheist
4,tela
1,tele$hopping
2,telemachus
1,telepathy
2,telephone jim jesus
2,telephunken
1,telergy
2,television club
1,telmary
2,tempa
1,tempa t
5,temple of speed
1,templo
1,tempo
1,tempomental
1,temu
2,ten thieves
5,ten typ mes
2,ten wanted men
1,tenda mcfly
1,tendjiz
1,tengal6
4,tenlittlerabbits
1,tennison
1,tensei
8,tenshun
1,tenshun & psychopop
2,tensor
1,tentacle
1,tenth avenue north
1,teorem
1,tephlon
1,tepki
1,terao
1,terell safadi & young kidd
1,terem
3,terence reel
1,teresa reynolds
1,terio & fly
1,terius nash
6,teriyaki boyz
10,termanology
1,terminator
4,terminator x
1,terp 2 it
1,terra
3,terra firma
1,terra firma crew
1,terra slim
4,terrace martin
3,terracotta blue
1,terrance tee
1,terranova
1,terravita
1,terrence howard
1,terrence molly
1,terri skillz
1,terri walker
1,terrible folly
1,terror danjah
1,terror fabulous
1,terror green
3,terror squad
3,terror x crew
2,terrorball
4,terry urban
1,tes
1,teslatea
3,tespid
3,test their logik
2,tetris fingers
1,tetsuya komuro (小室哲哉)
1,tewey
1,tex the great
1,texas
1,texas boys
2,texas jerome
1,text offenders
7,texta
1,textor
1,texture
1,tey chaplin
1,teyana taylor
4,teythegreat
1,tez
1,tfhouse
1,th0t
1,th3rdz
1,th7 immortxlz
1,th7 immortxlz & the immortalz
9,th@ kid
1,tha 9-x cru
12,tha alkaholiks
2,tha audio unit
1,tha beggas
6,tha blue herb
2,tha boss
1,tha boss bitch
2,tha chamba
2,tha chill
5,tha connection
1,tha consortium
1,tha d.r.e.
14,tha dogg pound
1,tha dots lab
4,tha eastsidaz
1,tha glass city playas
1,tha god fahim
1,tha grimm teachaz
1,tha hip hop doc
1,tha hiz
5,tha joker
1,tha lowa
3,tha mammoth
2,tha mexakinz
1,tha president
1,tha realest
1,tha recordz
4,tha silent partner
1,tha slumplordz
1,tha soloist
1,tha soloist & b.b.z darney
1,tha square
1,tha tribezmen
4,tha trickaz
1,tha truth
1,tha wulf
1,tha' rayne
1,thad reid
2,thad wenatchee
1,thadayus
1,thaddeus brown
3,thaddeus david
1,thadwick tristen trevor iii & swan coltrane
2,thaiboy digital
1,thaide & dj hum
4,thaione davis
6,thallus
1,thane
2,"thanks,again"
1,thast
5,that handsome devil
2,that was then this is now
1,that's adultery
3,that's them
1,thatblitezaqaz
8,thavius beck
1,thaylor
1,thc la familija
2,"the ""l"""
1,the 12 block
1,the 12 to 6 movement
1,the 17th floor
2,the 1978ers
1,the 2 bears
23,the 2 live crew
1,the 2nd language
2,the 3 amigos
2,the 411
8,the 45 king
2,the 45 king & tuff city crew
1,the 45 king & tuff city squad
5,the 49ers
1,the 57th dynasty
1,the 7a3
1,the a-town players
2,the absouljah
1,the absouljah & ugly tony
1,the abstract pack
1,the academy
1,the accomplices
1,the activation
4,the adding machine
2,the adventures of duane and brando
1,the aerial
2,the afeeliated
1,the afr0dite
2,the afros
1,the ah club
8,the airplane boys
2,the airport district
22,the alchemist
1,the alchemist & willie the kid
2,the allergies
1,the allganiks
2,the allies
2,the almighty rso
1,the alntedd experience
1,the alumni
1,the ambassador
1,the analyst
1,the angel
2,the annexx click
1,the anomalies
1,the anonymous
1,the ansah brothers
1,the anti-heroes
1,the antidote
2,the antiheroes
1,the apartment
1,the arch cupcake
2,the are
1,the are & zumbi
1,the argyle pimps
2,the arka teks
1,the art of fact
1,the art of noise
1,the asha experiment
1,the associates
15,the audible doctor
1,the audioters
19,the avalanches
1,the avila brothers
3,the away team
1,the awethentics
3,the aztext
1,the b.l.u.n.t.e.d. crew
3,the b.u.m.s.
2,the baby namboos
1,the bad news
2,the bad seed
3,the bad tenants
1,the baldwin brothers
1,the ballers
3,the bamboos
1,the bancheez
2,the bangerz
2,the bar
1,the baroness
1,the bas lexter ensample
1,the basement khemist
18,the bassturd
1,the bastardz
1,the battery
1,the bayliens
1,the bean team
2,the bear and the sea
4,the beast
1,the beat box boys
8,the beat fleet
5,the beat junkies
1,the beat monkeys
1,the beat traveler
1,the beat watchers
1,the beatards
2,the beatfonics crew
1,the beatles & wu-tang clan
2,the beatmasters
1,the beatnigs
18,the beatnuts
2,the beekeepers
1,the bga
1,the big nervous chill
1,the big pink
5,the bird
1,the biz
2,the bizzie boyz
8,the black eyed peas
1,the black knights
1,the black marvel
9,the black opera
1,the blacklove radiators
2,the blakship
1,the blase' cafe
1,the blessings
1,the bloodhound gang
2,the bloody beetroots
2,the blumoon orchestra
1,the blumpking
2,the board of education
1,the bobolarues
1,the bodybeard brothers
1,the bodysnatchaz
1,the bombay royale
1,the bonds
2,the boogie boys
1,the book thieves
1,the boombachs
1,the boombox eulogy
3,the boomjacks
2,the boss hog barbarians
1,the boulevard connection
1,the boy blesst
3,the boy illinois
1,the boys
2,the boys from the bottom
1,the boys have penis
1,the braids
1,the braindead gang
1,the brainstormers
4,the brand new heavies
1,the breaknecks
1,the breators
1,the brewer
1,the bridge committee
1,the brolic baracus brothers
1,the brother/hood nation
4,the brotherhood
1,the brothers
1,the brothers amor
1,the brothers goon
1,the brothers supreme
1,the brüknahm project
4,the bug
2,the bullitts
2,the bumblebeez
1,the burnin giraph
1,the butcher sisters
2,the buttress
1,the c.o.r.e.
1,the camp
6,the cancel
1,the candy store
1,the caravan
1,the cartel
1,the cartridge family
1,the casio brothers
1,the cat empire
1,the catalyst
12,the cataracs
1,the celestics
3,the cenobites
1,the chain gang of 1974
1,the chalice
1,the champs
2,the chemical brothers
4,the chemodan
1,the chicago bears shufflin' crew
8,the chicharones
1,the child of lov
1,the chill complex
1,the chirps
1,the chopp m.c.
1,the chosen few
1,the chuckle brothers & tinchy stryder
1,the cincy brass
1,the circle of tyrants
1,the circle six
1,the city star embassy
5,the click
1,the clifford gilberto rhythm combination
2,the clonious
1,the close encounters
1,the coalition
1,the coalition crew
1,the cobalt party revolution
3,the columbine shoots
1,the committee
2,the commodity
1,the community project
1,the comrads
1,the connect
4,the conscious daughters
2,the constellations
1,the constructus corporation
1,the controls
1,the cookie crew
13,the cool kids
1,the cool quest
5,the correspondents
1,the countdown singers
13,the coup
1,the course
1,the couz
1,the craftsmen
1,the crash crew
1,the crateful head
1,the crayonettes
4,the creators
1,the creeper
4,the crest
2,the criminal minds
1,the croatian liberation front
2,the crooklyn clan
2,the cross movement
1,the crystal pharoah
1,the cuf
1,the culprit
1,the cultured pearl quartet
1,the d.e.e.p.
8,the d.o.c.
4,the d.o.t.
1,the d.x.
1,the dangerous crew
1,the darkmonk
1,the darkside
8,the dayton family
3,the dead lemonz
1,the deadzone collective
1,the deal
3,the dean's list
1,the deceptz
2,the dedicated beatheads
1,the deep thinkers
1,the deli
4,the delinquents
1,the delta riggs
2,the dereliks
1,the detention kids
1,the devil
1,the devil crew
1,the devilz rejects
1,the dey
1,the diabolical doctor strange
1,the difference machine
1,the digital connection
1,the digital wild
1,the dingo.
1,the dining rooms
1,the dino 5
7,the diplomats
6,the dirtball
1,the dirty birds
1,the dirty sample
6,the disposable heroes of hiphoprisy
1,the dix
1,the dnc
2,the dogs
1,the doldrums
1,the dominant mammals
1,the dominion
2,the don't touch my croque_monsieurs
14,the doppelgangaz
1,the doqument
1,the dorian three
2,the dove shack
1,the doxxmen
1,the dragons & yukmouth
1,the dream team
1,the drop theory
1,the du-rites
1,the dubious brothers
1,the dwellas
1,the dynamite mixers
1,the dynospectrum
1,the e.r.a
1,the earl
1,the earthlings
1,the editor
10,the egyptian lover
1,the eight letter
1,the elysian quartet
1,the emperrial flowers
1,the empire
1,the empyre
1,the enterprise of the west empire
1,the era
1,the erratic retaliator strategy
1,the essence
1,the eternal bum out
1,the eternals
1,the exmen
1,the extremities
1,the fab 5
1,the fabrications
1,the fact pack
1,the fall and fall
1,the family stand
2,the family tree
1,the fast one
1,the fatback band
1,the fear ratio
3,the fearless four
2,the federation
3,the feelings hijackers
1,the fertilizers
3,the firm
1,the five fingers of funk
1,the fixxers
1,the flamingo's
1,the flavor project
2,the flesh experience
1,the flight boiis
3,the floozies
1,the flowbots
1,the flowdown
1,the fly girls
2,the foodchain
1,the fools of prophecy (שוטי הנבואה)
7,the foreign exchange
1,the former fat boys
1,the foundation
2,the four horsemen
3,the four horsemen (the hrsmn)
4,the four owls
1,the freaking plus entity
2,the free design
4,the french touch connection
3,the funk hunters
1,the funk junkie
2,the funk league
1,the furious five
1,the future sound
2,the fuzzy undertones
2,the gambit
80,the game
15,the gaslamp killer
1,the gaslamp killer & the heliocentrics
1,the gatlin
1,the geek
6,the geek & vrv
1,the genie
1,the genres
1,the get by
1,the ghost town djs
4,the gift of gab
1,the gigantics
2,the girls can hear us
2,the glimmers
2,the glitch mob
1,the global optimistic
1,the globetroddas
2,the go! team
2,the goats
1,the godfathers
1,the gold room
1,the goldenhorn & the nothing
2,the good husbands
1,the good lawdz
4,the good people
1,the good sin
2,the goods
1,the gotee brothers
1,the grammar club
1,the grand rapmasters
1,the gravedancer
1,the great luke ski
1,the great outdoors
1,the green leefs
1,the green seed
1,the groove asylum
1,the groove corporation
10,the grouch
3,the grouch & zion i
1,the group called hr
1,the gtw and bengfang
1,the gunslinguz
1,the hang lows
2,the happy unfortunate
1,the hard boyz
1,the hauser project
2,the headhunters
1,the heard
1,the heart attack
1,the heatwave
5,the heliocentrics
1,the hellionz
1,the hellp
1,the hemisphere
27,the herbaliser
2,the herbaliser band
7,the herd
6,the high & mighty
2,the high decibels
2,the higher concept
1,the highest low
1,the hinderance
1,the historian himself
1,the hobies
1,the holy roman army
1,the holy sinner
1,the homeboy project
1,the homestretch
4,the honorable sleaze
42,the hood internet
1,the hooded locust
1,the hoodstarz
1,the hoodz
1,the hotheads
1,the howse
2,the hue
1,the human experience
1,the humanoids
1,the hundred in the hands
1,the hustled
1,the hypnotist
1,the idle hands
1,the illphonics
4,the illusionists
1,the illz
2,the immortalz
1,the incredible braking wheel & trillion
1,the incredible ease
2,the individuals
1,the infamous clicc
1,the infamous mc
3,the infesticons
1,the injuns
1,the inner sanctum
1,the insane warrior
2,the insects
6,the internet
1,the inviseez
8,the invisibl skratch piklz
1,the invisibl skratch piklz performed by psychedelic skratch bastards
1,the irrationals
1,the ish productions
1,the island of dr. lee
1,the isolationist
1,the iv league
11,the jacka
1,the jamaica boys
3,the jaz
6,the jazz jousters
1,the jazz knuckles
2,the jazzment
3,the jet age of tomorrow
1,the joe
1,the joe beats experiment
1,the joint chiefs
5,the jokerr
1,the jon spencer blues explosion
1,the jonesz
1,the junkyard band
1,the justified ancients of mu mu
1,the k-otic family
1,the kartel
4,the keffat liv
5,the kickdrums
1,the kid
1,the kid & wu-tang killa beez
1,the kid america club & bandy
2,the kid daytona
1,the kid espi
1,the killjoy club
1,the king's son
1,the kingdom
1,the kings of bass
1,the kismet
1,the kleenerz
5,the kleptones
1,the knocks
5,the knux
4,the koreatown oddity
1,the kosmik kommando
1,the kount
1,the krate krusaders & crucifix
1,the krown rulers
1,the kynd
1,the kyteman orchestra
2,the lab rats
4,the lacs
2,the lady of rage
1,the lady tigra
1,the lafontaines
1,the large professor
1,the last boy scout
6,the last emperor
2,the last kinection
1,the last mr. bigg
9,the last poets
2,the last skeptik
1,the last skeptik & verb t
1,the last wish
1,the latah movement
5,the latin kings
1,the league
1,the league of extraordinary g'z
1,the league™
2,the left
3,the legend of xero
1,the legendary villain
4,the legion
1,the legion of doom & triune
3,the let go
4,the links
1,the lioness
5,the lonely biscuits
21,the lonely island
1,the long lost
1,the lordz
8,the lost children of babylon
1,the lost trybe of hip-hop
1,the love we leave behind
10,the lox
3,the loyalists
1,the lunar funk theory
1,the lyricists
3,the lytics
1,the maad circle & wc
1,the mackadelics
1,the mackrosoft
1,the mad bloggers
8,the mad conductor
3,the madness
1,the majesticons
1,the man they call lux
1,the mankind
2,the marine baristas
1,the mason & slumlord
1,the mason & slumlord404
1,the master scratch band
1,the masterminds
1,the meeting tree
2,the megaphone state
2,the mekanix
2,the menagerie
1,the mexicano / b. bra
1,the micronauts
1,the microphone prince
1,the microphonist
1,the midfield general
2,the midnight beast
1,the midnight eez
1,the midnight mindstate
1,the midnight tickle
1,the mighty alliance
1,the mighty apos
1,the mighty boosh
1,the mighty rhino
1,the mighty tribe
2,the mighty underdogs
1,the mike delinquent project
1,the mind clouders
1,the mispronouncer
2,the mitchell brothers
2,the mixtapers
1,the modrn social
1,the monolith
1,the mossie
3,the mothership collective
3,the mouse outfit
1,the mouz
4,the movement
1,the murder-1 squad & yasheen
1,the music machine
1,the musick maker
1,the n result
2,the naive machine
2,the narcicyst
1,the national parcs
1,the natives are restless
1,the natural curriculum
1,the neighbourhood
1,the neptunes
1,the netherworlds
1,the new congress
2,the new law
1,the new omelettes
3,the new power generation
1,the new style
1,the new terrah
17,the nextmen
2,the niceguys
1,the nightcaps
1,the nihilist party
3,the ninetys
3,the no problemos
1,the nobodies
6,the nonce
1,the nope
1,the northern hy breedz
2,the northern lights
1,the nostalgia factory
7,the nothing
50,the notorious b.i.g.
1,the notorious b.i.g. & the xx
1,the nrgy
1,the nsj crew
1,the nu philly groove
1,the nugget king
3,the o
1,the o'jays
1,the o'my's
1,the octavators
1,the odd chaps
1,the odd couple
2,the odd trio
1,the official
1,the og ninja
1,the old school clan
1,the om sound
1,the one
9,the opposites
1,the opposition
2,the optimen
8,the opus
1,the oracle
1,the orb
1,the original evergreen
3,the original man
1,the orphanage
1,the otha guys
7,the other guys
2,the other guys & von pea
1,the others
1,the ottawa bros
1,the out of body experience
1,the outdoorsmen
1,the outfit
3,"the outfit, tx"
2,the outhere brothers
4,the pack
10,the palmer squares
1,the paper chasers
1,the paradyme
3,the parallax view
1,the paramedics
1,the partysquad
1,the partysquad & tommie sunshine
2,the paxtons
1,the peculiar pretzelmen
1,the people next door
4,the perceptionists
1,the ph@ntom
1,the phantom
19,the pharcyde
1,the philharmonik
1,the philosofist
1,the philosophy
2,the phormula
7,the physics
9,the pimps of joytime
1,the pirate signal
1,the pirates
1,the plague
1,the planet
1,the planets
1,the playgirls
1,the pnuma trio
1,the poet of funk
2,the pointer sisters
3,the polish ambassador
1,the politics of scarcity
1,the politik
2,the posterz
1,the prec.i.s.e. m.c.
1,the prime
1,the prince of space
4,the problemaddicts
6,the procussions
2,the prodigy
1,the product
1,the project
1,the projekt
1,the proov
1,the prophecy
1,the prophet
1,the prototypes
5,the prunes
2,the psiclones
5,the psycho realm
1,the public opinion afro orchestra
4,the purist
1,the purist & westside gunn
1,the pussy pirates
1,the pussycat dolls
2,the q4
2,the qiwu selftet
1,the quartertones
9,the quiett (더 콰이엇)
1,the quintessential homegrown
1,the r.a.d.
6,the r.o.c.
1,the ragga twins
1,the raiders of the lost art
2,the ranger
1,the ranger$
1,the rappin' reverend
4,the rapsody
1,the rapture
1,the rarest beings
1,the rascals
1,the raskal
1,the raven
1,the rawkids
1,the ready set
1,the real gramz
1,the real half pint
3,the real roxanne
1,the real untouchables
1,the real-dag duo
1,the reavers
1,the rebirth
1,the rebirth of bossolo
1,the recipe
1,the reelists
2,the regime
6,the regiment
2,the relativez
2,the reminders
1,the remix project
2,the remnant
1,the renwig customer
1,the replacement crew
1,the residents
1,the rethink
1,the returners
1,the returners & twin peaks
3,the rh factor
1,the righteous brothers project
1,the ripper
1,the rising express
1,the rising sun quest
4,the rock steady crew
1,the rondo brothers
2,the rookies
44,the roots
1,the roots of orchis
1,the rootsman
3,the rub
1,the rudimentals
1,the ruff draft
1,the russell brothers
1,the s.o.s. band
1,the s.o.u.l. s.y.s.t.e.m.
1,the sabres of paradise
1,the saint
1,the salads
1,the sanity samurai
2,the sargonites
2,the saturday knights
1,the saurus
2,the savage
1,the savage & wicked chimpanzee
1,the savage nomads
1,the scholars
1,the science of colors
1,the scratches
1,the screwed up click
1,the scrub
1,the second child
1,the secret whistle
1,the seen
2,the sequence
2,the seshen
5,the seventh
1,the shade
1,the shades
1,the shades & kbo
1,the shadow recluse
1,the shady corps
5,the shanghai restoration project
6,the shape shifters
1,the shark
1,the shed
1,the shelltoes
3,the shin sekai
2,the shoes
1,the shogunate
2,the shotgun wedding quintet
1,the show is the rainbow
1,the showboys
1,the side steps quintet
2,the sidetracked fiasco
1,the sidewayz
1,the silent ones
1,the silent titan
3,the simpsons
2,the sindecut
1,the skiza
1,the slew
1,the slits
1,the slob & divine purpose
1,the smile rays
1,the soca boys
1,the society of invisibles
2,the sons of boombap
4,the sooper swag project
1,the soul of john black
2,the soul rebels
2,the sound defects
1,the space between
1,the specktators
1,the spectaculars
2,the speedknot mobstaz & twista
1,the speedknots
1,the speedy eggbertz
1,the squad
1,the square
1,the standard club
1,the stereo boyz
1,the stomper
1,the stonefunkers
1,the stop the violence movement
1,the strangerz
12,the streets
1,the strides
1,the strings
2,the stuyvesants
1,the stylistics
1,the suite for ma dukes orchestra under miguel atwood-ferguson
1,the sunshine
1,the supermen lovers
1,the superstar djs
1,the sureshot symphony
1,the talented mr. lindsey
3,the tape vs. rqm
1,the tay
5,the team
1,the teeter totters
3,the terrorists
4,the theorist
1,the third child
1,the thoughtcriminals
1,the three headed beast
1,the three-fifths
4,the thunderclaps
1,the thundermonks
1,the todd terry project
1,the tomorrow people
1,the tones
4,the tongue
1,the toxic avenger
3,the trauma center
3,the treacherous three
1,the trill gods
1,the trinity
1,the trio
1,the troubleneck brothers
1,the tunnel rats
2,the turntablist
1,the twine
1,the u crew
1,the u.n.
3,the umc's
2,the unabombers
4,the uncluded
1,the undatakaz
8,the underachievers
1,the undercover hippy
1,the undergods
1,the union
1,the unit
3,the unknown dj
1,the unused word
1,the upbeats
1,the upstarts
1,the use
1,the usual asshole
1,the usual suspects
1,the vega bros
1,the veldt
1,the verbal hologram
1,the verbal surgeon
3,the very best
2,the very personal
1,the veteranz
3,the wanted
1,the warp zone
3,the wascals
2,the watermark high
1,the watts prophets
1,the wax fondler
3,the wayo
2,the weathermen
4,the wee papa girl rappers
18,the weeknd
1,the west coast rap all-stars
1,the white boys
1,the white mandingos
14,the white panda
2,the white shadow
10,the white shadow of norway
1,the whitefield brothers
3,the whooliganz
2,the whoridas
1,the wiggar overdose
1,the wild bunch
2,the winnie coopers
2,the wiseguys
1,the wizard of rap
1,the wizards
1,the woodcut crew
1,the world famous tony williams
1,the world warrior
1,the world wide message tribe
1,the world's freshest & trae tha truth
1,the wow
1,the writers block
1,the wrong islanders
1,the wudos band
2,the wyld
8,the x-ecutioners
1,the x-system
3,the xx
1,the ymd
1,the young lovers
1,the young punx
1,the younger generation
1,the yukonn mc
12,the-dream
1,the-drum
1,theblkhands
1,thee phantom
1,thee undatakerz
1,theenginear
1,thees.
9,theesatisfaction
5,thefaded.
1,thefreeones
5,thegntlmn
3,thegreendutch
1,thekeenone
2,thelonious coltrane
4,thelonious martin
1,thelonious monk performed by the jazz jousters
1,them
1,them badd apples
1,them jackboys
2,them stars
1,them that do
10,themselves
1,thenamesmillen
1,thenos
1,thens
1,theo maassen
1,theo3
1,theodore unit
1,theoki
1,theomatic
18,theophilus london
3,theoretics
2,theory
1,theory 77
4,theory hazit
1,theory hazit & toni shift
1,thepetebox
1,thephantom*
1,there was a killer inside me
1,therian doors
1,therott
5,thes one
1,thes one & sir kado
1,thescam
1,these new puritans
1,theset
2,thesis sahib
1,theskybelow
1,thestand4rd
1,thethyrday
1,theunder
2,theunderachievers
1,thewhoevers
1,they call me raptor
2,they.
1,thhomas
1,thi'sl
1,thiago
1,thiazzi
1,thief sicario
3,thievery corporation
3,think twice
1,thinkloud
3,thinline entertainment
2,third mind
1,third root
4,third sight
3,third3ye
1,thirdeye g
8,thirstin howl iii
2,thirsty fish
1,this dance dance revolution will not be televised
6,this is art
1,this is damo
1,this is tomorrow
1,this will ( ͡° ͜ʖ ͡°) you
1,thisis
1,thisisda
1,thm squad
2,thoed myndez
1,thom genius
5,thomas d
1,thomas kessler performed by arditti quartet & saul williams
1,thomas leer
1,thomas mellor
1,thomas mraz
8,thomas prime
4,thomas pyrin
5,thomas rusiak
1,thomas shakur
1,thomas z & true beats
7,thomax
1,thong john silver
1,thono slowknow
1,thony remy
1,thornato
1,thorts
1,those shadow people
1,thought breakers
1,thought junkies
1,thought process
2,thoughts
1,thousand foot krutch
1,thoz meddlin kidz
1,thr33 piece suit
1,thrax montana
2,threat
2,three
34,three 6 mafia
12,three best friends
1,three headed beast
4,three loco
1,three ninjas
1,three sheet
3,three times dope
2,threxxx productions
1,thrice the trice
6,thriftworks
1,throw panda bat
1,throwback
2,thrupence
3,thrust
1,thug lordz
4,thugli
1,thugmasta j
1,thumb
5,thundamentals
1,thundercat
4,thunderheist
4,thunderman
1,thundermentals
2,thundrbird
1,thursdays love
3,thursty moore
2,thurz
1,tiago frugoli
1,tianbeats & zé fuga
1,tibbah
7,tic tac toe
1,tides
1,tides.
4,tidus
1,tie geresni
2,tiers monde
2,tiff the gift
2,tiffany evans
2,tiffany gouché
2,tiga
1,tiger
1,tiger jk (타이거jk)
1,tiger speak
1,tight eyez
1,tightmike
3,tigo b
1,tijuana cartel
1,tiki taane
1,tillie
1,tilt
1,tim cosner
5,tim dog
5,tim fite
1,tim gent
1,tim jones
1,tim mcmorris
1,tim saul
1,tim smooth
1,tim trees
2,tim turner
1,tim vocals
1,tim whitt
1,tim-man
7,timati
2,timaya
19,timbaland
2,timbo king
1,timbrandt
1,timbuk 3
16,timbuktu
1,time
1,time crisis
4,time machine
2,time zone
8,timeflies
1,timeless
1,timeless one
5,timeless truth
1,timelesxul
2,times neue roman
1,timi hendrix
1,timide et sans complexe
1,timo maas
2,timo pieni huijaus
1,timothy wisdom
1,timt
1,tin roots
3,tina
6,tinashe
6,tinchy stryder
1,tincup
1,tine beats
1,ting tryer
17,tinie tempah
5,tink
5,tino el pingüino
1,tino rondz
1,tinturia
1,tiny hearts
5,tiny leg
1,tiny t
1,tiny-g (타이니지)
1,tinyforest
2,tion phipps
1,tippa t
3,tipper
1,tippwerk
1,tiredeyes
1,tirgo
5,tiro de gracia
2,tiron
1,tish hyman
1,titankhamon
1,titchmusic
1,titi & nobru
2,titineboy
1,titiyo
2,"tito ""el bambino"""
1,tito fiasco
3,tito lopez
1,tito montana
1,tito prince
1,titron
1,titts
2,tittsworth
1,tity boi
1,tiye phoenix
1,tiz-on
1,tiz:on recordz
1,tiziano ferro
1,tizzy faraj (tf)
6,tj
1,tj reynolds
1,tjorven
1,tjr
3,tk n cash
3,tkay maidza
7,tkdwn.
1,tkyd
1,tkyd & day
1,tkzee
15,tlc
2,tlf
3,tm juke
2,tm88
2,tmb the beatmaker
1,tmc allstars
3,tmct
1,tmfse
1,tmi boyz
1,tmvsc
2,tng
2,tnght
1,to be continued...
3,toadally krossed out
1,toadstyle
5,tobacco
7,tobal
1,tobias freund
1,toboggan
2,toby
1,toby da priest
1,toby love
10,tobymac
1,toc
1,toca
1,today
1,todd osborn
1,todd sykes
1,todd terry
2,toddla t
2,toddy tee
1,todos los days
2,toe tag
1,toffeetyylit
4,tofubeats
1,token
5,toki wright
21,tokimonsta
3,tokyo death watch
2,tokyo ghost
1,tokyo hands & yung foxy
2,tokyo health club
1,tokyo pinsalocks
1,tokyo vanity
1,tokyolite
1,toluhaukat
1,tom blonde
1,tom bombadeal
1,tom bombadil
1,tom booze
1,tom browne
2,tom caruana
1,tom cruz
1,tom delay beats
1,tom fields
2,tom green
1,tom james
4,tom misch
1,tom moore
1,tom morello: the nightwatchman
1,tom odell
1,tom pepe
1,tom richman
2,tom showtime
2,tom skeemask
1,tom solar
2,tom trago
2,tom waits
1,tomahawk
1,tomahawk (clandestine)
1,tomas vaughmpiro
1,tomasz andersen
1,tomawok
7,tombstone da deadman
1,tomc
2,tomcbumpz
1,tomggg
1,tommie chase
2,tommishock
1,tommy black
1,tommy cash
1,tommy cicero
2,tommy dockerz
1,tommy evans
3,tommy genesis
1,tommy guerrero
1,tommy gunz
6,tommy ill
1,tommy illfigga
1,tommy jacob
5,tommy kruise
1,tommy lindgren metropolis
5,tommy tee
3,tommy v
7,tommy wright iii
1,tommy-p
1,tomomi itano (板野友美)
1,tomorrow kings
2,tomorrows bad seeds
1,tomoyuki tanaka
9,tomppabeats
1,tona
5,tone
1,tone damli
3,tone spliff
1,tone tank
11,tone-lōc
1,tone-lōc & zz-bros.
11,tonedeff
1,tonezee
2,tonga balloon gang
1,tongues in da attic
1,toni
6,toni braxton
1,toni childs & undogmatic
3,toni cottura
3,toni der assi
1,toni l
1,toni pla
1,tonic
1,tonna brix
1,tony broke
6,tony d
1,tony ferrari
1,tony hood
1,tony kipriani
1,tony moon
1,tony moon & van ark
2,tony parker
1,tony phantom
4,tony scott
1,tony tig
11,tony touch
1,tony toxik
5,tony yayo
2,tony! toni! toné!
2,tonymodi
1,tonéx
34,too $hort
1,too $hort & the up all nite crew
2,too much trouble
2,too phat
1,too poetic
2,too strong
1,toolshed
2,toonorth
2,toony
1,toosteady
1,toothpick
1,top $ raz
2,top authority
1,top billin
1,top choice clique
1,top prize
1,top quality
1,top secret
1,top shelf
5,top$
1,top.r
2,topaz jones
5,tope
1,topez kno
2,topgunn
1,topher jones
1,topp
1,topp dogg (탑독)
1,topr
5,tor
9,torae
1,torben
4,torch
1,torey d'shaun
1,tori kelly
2,torin bell
1,torkel t
3,torkelsen
1,torky tork
1,tornts
2,toro y moi
1,torpedo boyz
27,torpeedoh
2,torrentz
1,torro torro
1,tortoiseshell male
3,torus
19,tory lanez
1,toschiy
1,toshiki hayashi
2,tossie_
2,total
4,total chaos
2,total devastation
4,totally insane
1,totalwerk
8,tote king
1,totems high
1,totoin
1,totom
1,touane
1,touch and the dirty sample
1,tough crowd
1,tough times trio
1,tough touch and techtonic plates
1,touliver
5,tour de manège
1,toure' masters
6,tourettes
1,tourist
7,tourist lemc
1,tous salopards
2,toussaint morrison
1,tout simplement noir
2,tow down
4,towkio
2,toxsikk
1,toxz
2,toy box scholars
1,toy taha
2,toyomu
1,toystardust
1,tps fam
6,tq
1,tr3$ $eis
2,tracey lee
1,tracie spencer
3,track diesel
1,track smiff
1,track72
3,trackademicks
1,trackshittaz
5,trackstar the dj
1,tracky birthday
1,tracy t
1,trade voorhees
2,trademarc
1,trademark aaron
5,trademark da skydiver
1,traditional methods
1,trae
18,trae tha truth
1,traffiking
1,trafik
10,tragedy khadafi
1,tragedy khadafi & trez
2,tragic allies
1,tragic moron
1,tragikomix
1,tragédie
2,trailerpark
1,trails
4,trainspotters
1,traject
3,tram 11
1,trama
1,trane
1,tranqill
1,trans-mara express
1,transcendental man
1,transcript carriers
2,transfer
1,transglobal underground
6,transit
6,transplants
1,tranzformer
11,trap-a-holics
1,trapazoyd
3,traphik
2,trapmasters
11,trapmeow
1,trapo
2,trapp
1,traps
1,trapskate clique
1,trapski
1,trapzillas
1,trash gordon
2,trash kids
4,trauma
1,traumaturges
1,trav
1,travelling day
5,"travis ""travie"" mccoy"
5,travis barker
3,travis barker & yelawolf
1,travis callison
2,travis johnson
1,travis neu
10,travis porter
16,travis scott
1,travis scott & young thug
1,travis stranger
1,travis thompson
4,travis xantana
2,traxamillion
6,trc
2,tre capital
2,tre hardson
4,tre mission
1,tre' kelly
1,tre-8
1,tre-l
1,treal
1,treasure mammal
1,treble'n bass
5,trebles and blues
3,tree
1,tree & vic spencer
1,tree fort club
1,tree squad
1,treebeard
1,treestar
1,treize block
6,trek life
1,trellini
3,trellion
1,trelvis justly
1,trem
1,tremayne
1,tremendo
1,tremens
1,trench mind
1,trendpickz
2,trends of culture
2,trendsetter sense
1,trent dean
1,trent noir
1,trenton austin
1,treologic
1,tres coronas
1,tresor hugo
2,trettmann
1,treu
1,treva whateva
1,trevor & lisa
1,trevor moore
1,trevor thomas
1,trew
1,trey billie
1,trey lewd
1,trey lorenz
1,trey smith
17,trey songz
1,treyshawn
1,trf
1,tri-function million
1,tri-star tribe
1,triad god
1,triad$
1,triada
2,trian kayhatu
1,triangles
1,tribe mars
1,tribe of levi
1,tribe one
1,tribeqa
1,tribes of jizu
2,triceracorn
9,trick daddy
4,trick-trick
12,tricky
1,tricky d
1,tricky-t
1,trife da god
1,trife diesel
2,trife wound
2,triflicts
1,trig
1,trigga
2,trigz
1,triip
1,trill
1,trill murray
1,trill youngins
1,trilla
1,trilla b
1,triller gatez
15,trillion
1,trillionaires
1,trillville
1,trilly
1,trilogy
9,trim
1,trimega llc presents spiffy wilds
6,trina
1,trinetra was here
9,trinidad jame$
1,trinikid
2,trinity
2,trinity garden cartel
1,trio subtonic
4,trip lee
1,triple 1
1,triple b
1,triple c's
1,triple crown
3,triple darkness
3,triple double
1,triple m
1,triple threat
1,triple trey
1,triple trey family
1,triple whiskey
2,triple xxx
1,tripletrain
1,tripple solo
1,tripsz
4,triptik
1,trisha covington
1,tristan tyrcha
1,tristate
1,triton bloom
1,triune gods
1,triunvirato
3,trizz
2,trkaj
5,trog'low
1,troja
1,tromchessar
1,trommeltobi
1,trooh hippi
1,troop 41
1,trooper da don
12,tropes
1,tropico
3,tropidelic
2,tropkillaz
1,trotter
4,trouble
2,trouble andrew
6,trouble funk
1,trouble james
1,trouble knows me
3,trouble orchestra
2,troublemakers
2,troubleneck brothers
1,troublesome
1,troublez
1,troy (트로이)
10,troy ave
1,troy puma
3,troyboi
1,trpl blk
7,tru
1,tru north
1,tru speech
2,tru-paz
1,truceboys
1,trucido
1,true 4 u
1,true form
1,true grit
1,true ingredients
1,true key
2,true live
4,true masterz
2,true neutral crew
1,true true true
1,true vibenation
1,true vibes
1,trueblaze
1,truedy (트루디)
1,truedy (트루디) & yubin (유빈)
1,truemasterz & da shogunz
1,trueszczurs
1,truett
1,trunk boiz
1,trunkgod
1,trunks
3,truth
1,truth by design
2,truth crow
5,truth enola
5,truth hurts
1,truth in silence
1,truth maze
1,truth universal
2,truthlive
1,trybal-men
1,tryf bindope
1,tryhardninja
2,trzeci wymiar
1,tsf
1,tshawntrusst
1,tshizimba
2,tsr crew
1,tstreet
1,tsu surf
1,tsukiko x koi
2,tsukinosora
1,tsunami bros & tsunami bros.
3,tsunenori
4,tsuruda
4,tsutchie
1,tt the artist
10,ttc
1,ttm
6,tua
1,tua & vasee
26,tuamie
1,tuca webb
1,tucka da huntaman
2,tuco banana
1,tucole
1,tudsegammelt
1,tuesday thru sunday
4,tuff crew
2,tufu
1,tugreyt
3,tuka
1,tukevat kukot
6,tulenkantajat
1,tulip pez-ley
1,tully stockton
1,tulsi
1,tum tum
3,tumblewoof
2,tumi
2,tumi and the volume
1,tuna (טונה)
1,tunacola
4,tunde olaniran
1,tune$
3,tung twista
3,tungtvann
2,tunisiano
4,tunji ige
1,tuomas
1,tupan
1,turbo (터보)
1,turbo b
1,turbo boost
1,turbo suit
2,turf talk
6,turk
1,turn the gun
1,turned off
1,turnies
1,turnsteak
1,turntable autolycus
1,turntable science
1,turntable terror
1,turntablerocker
1,turntsnaco
1,turquoise crown
1,turt lush
1,tuscan whale
1,tusk.
1,tusken.
1,tusteaks
1,tut
7,tut-piece
1,tutankhamun brothers
1,tuu ra
4,tuuttimörkö
1,tv girl
3,tv nicks
1,tvpes
1,twang and round
2,tweedy bird loc
3,tweet
9,twenty one pilots
1,twenty88
1,twenty​-​one grams
9,twigy
1,twigy al salaam
3,twilight 22
2,twin
1,twin city
3,twin hype
2,twin peaks
2,twin perils
1,twin twin
2,twinsmatic
3,twinz
1,twist it mines
26,twista
3,twisted black
1,twisted imagery
6,twisted insane
1,twisted roots
5,twit one
1,twitter the band
43,twiztid
1,twizzle
2,twizzy
1,"two crooks, jairzinho, sevn alias"
8,two fingers
6,two fresh
1,two hawkes
1,two inch punch
1,two kings in a cipher
1,two left ears
1,two outta millions
1,two people
1,two sisters
2,two ton sloth
1,two tone killer
1,two without hats
1,two-9
1,two-illeven
3,tworzywo sztuczne
3,twrk
4,txe
7,ty
24,ty dolla $ign
2,ty dolla $ign & wiz khalifa
1,ty farris
1,ty gibson
1,ty lee
1,ty steez
1,tycie and woody
35,tyga
2,tykopaatti
1,tyler brimley
2,tyler cassidy
1,tyler crisp
1,tyler glassco
1,tyler green
2,tyler moore
1,tyler nelson
1,tyler oakley
1,tyler owen
1,tyler thomas
18,"tyler, the creator"
2,tyme
1,tymon
1,tyn
1,type
2,type wheel
2,typhoon
1,typhy
4,typical cats
1,tyr33zy
3,tyree
1,tyree harris
3,tyrese
1,tyrezz
1,tyrone beasley
1,tyrone brunson
3,tyson tyler
1,tyson tyler & vampts
1,tystion
1,tytuus
1,tyus
7,tzu
1,tähetargad
1,télémaque
2,télépopmusik
1,t∆ntrå
1,u call that love
1,u know who
1,u of sav
1,u$o
1,u*f*o
1,u-cef
7,u-god
1,u-kiss (유키스)
1,u-mynd
4,u-n-i
1,u-n-i-vers-al
1,u-niq
1,u.d & faze
1,u.d.i.
1,u.g.
1,u.g.o.
9,u.n.l.v.
1,u.s. royalty
2,u.s.d.a.
6,u.t.f.o.
4,u.t.r.b
1,ubastax
2,uberjak'd
1,ubuntu sound antisystem
1,ubåt
3,uffie
3,ufmo
1,ufo yepha
3,ufo361
1,ug
2,ug/od
26,ugk
11,ugly duckling
5,ugly heroes
1,ugly leaders
1,ugly tony
1,uglyfrank
1,ugress
1,uhhnon.
1,uhsleep
4,ukendt kunstner
1,uknowme
2,ullapul
1,ultimate force
1,ultimate kaos
2,ultra
1,ultra mega
1,ultra pulverize
1,ultrafly and the hometown girls & wendy o. williams
14,ultraklystron
1,ultramagnetic foundation
20,ultramagnetic mc's
2,ultrasann
4,umang
1,umar bin hassan
4,umc
1,umr
6,umse
2,unagi
1,unanimous decision
1,unauthordox
1,unbound allstars
2,uncanny alliance
1,uncharted x
1,uncle dee
1,uncle el
2,uncle jamm's army
3,uncle kracker
1,uncle murda
1,uncle sam
1,uncle tairy
1,uncle_el
1,uncledreama
4,uncommon nasa
1,uncon sci
3,unconventional science
1,uncut raw
1,undasett
1,undefined
1,under kontrol
2,under side 821
1,under society
1,under survalance
1,underbalance
4,underdog
1,undergravity
1,underground professionalz
1,underground rebellion
1,underlapper
1,undermind
1,underscore_
1,undertoe magazine
1,underworld dust funk
1,underwraps
1,undrctrl
1,uneek
1,unhappy circuit (언해피서킷)
1,uni-verse-soul
4,uniikki
1,unika nicole
3,union
2,union blak
1,union jack
1,union turnpike
1,unionblak
1,unique
1,unique and dashan
2,unison
1,unit 18
1,unit27
2,united fools
1,united kingdom
1,unitribe
2,unity 2
3,universal magnetic radio
1,universe crew
3,unkle
1,unkle farmer
3,unkle ho
1,unkle skrew x lofty305
2,unknown
2,unknown mizery
1,unknown mortal orchestra
7,unknown prophets
1,unknown tactics
1,unknown2scientz
1,unleash the nugget
1,unlike pluto
2,unlimited gravity
1,unlock_god
1,unlog - epic waveforms
1,unno
1,unrated
3,unseen
1,unspoken vandals
1,unsung heroes
1,untay
1,unter anderen jonas
1,unterwortverdacht
1,untitle (언타이틀)
3,untouchable (언터쳐블)
1,unusual suspects
8,uochi toki
2,up hygh
1,up rock
1,up until now
1,"up, bustle & out"
1,uplift
7,upper class
1,upper hutt posse
1,upper west
1,upperleft social
4,upsurt (ъпсурт)
1,uptake
1,uptown
2,uptown (업타운)
1,uptown xo
2,upwords movement
1,ur boy bangz
1,urbaanilegenda
1,urban academy
9,urban dance squad
1,urban heart
1,urban mindz
1,urban response
2,urban shaman
2,urban species
1,urban thermo dynamics
1,urbanstep
1,urben
1,urbindex
1,urbs & cutex
1,urcaptain
1,urple eeple
2,ursula rucker
7,urthboy
1,us & sparkles
1,us natives
11,us3
1,usda
1,usda & young jeezy
1,used collect
31,usher
1,usman
1,usual
1,usual suspects
1,utah jazz
1,uv (유브이)
3,uv boi (فوق بنفسجي)
6,uyama hiroto (宇山寛人)
1,uzher ki
1,uzi
1,uzi bros
1,uzimon
1,uzoo
1,uzumaki
1,v and legacy
1,v e s a
1,v-cipz
2,v-dizzle
1,v-flo
1,v-ice
2,v-nasty
1,v-zilla
1,v. lambdλ
2,v.i.c.
1,v.i.c.e
1,v3ry
1,v@peboi syndicate
5,va
1,vaardigheid
1,vadell gabriel
8,vado
2,vagabond maurice
1,vaginia ludwigia
1,vahco
3,vahco before horses
1,vaiper despotin
1,vakanz
4,vakill
1,val. (activenavs)
5,vald
2,valentin
1,valentino khan
1,valete
1,valley of walls
1,vallis alps
1,valterap
4,vampire weekend
1,van
1,van ill
1,vanderslice
2,vanessa daou
1,vanessa mdee
1,vanessa williams
7,vanilla
16,vanilla ice
1,vanilla pluto
1,vantum noir
5,vapor eyes
1,vapor maché
1,varano
2,variable unit
6381,various artists
1,various artists under nouveau riche
2,various blends
24,various djs
1,varru
1,varsity squad
1,varth dader
1,varun
2,vasco (바스코)
8,vast aire
3,vasya oblomov (вася обломов)
1,vatlestad/smith
1,vato gonzalez
1,vaudino
1,vaughn smith
2,vax-1
1,vaycay
1,vayns
2,vaï
1,vcs
2,vec
2,vect
1,vedit
1,vee
1,veedel kaztro
3,veell
3,veence hanao
5,vega
1,vega x
1,vegas
2,vegas & kil
1,vegas aces
1,vektordrum
2,vektroid
3,velho magia posse
1,velore
1,velour
1,velvet sand
1,velvet sky
1,velvetian sky
14,vendetta kingz
1,venin
1,venny o
1,venomous2000
2,vents
2,venturex
1,venus malone
1,vera
10,verb t
1,verbal
10,verbal jint (버벌 진트)
5,verbal kent
1,verbal threat
1,verbalicious
1,verbalixir
1,verbfromarizona
1,verbill
1,verbs
1,verdensrommet
1,vermite
1,vernon lenoir
1,verrückte hunde
1,versaci flex
1,versati
1,verse
1,verseitell
3,versis
2,versus
1,versus intl
1,vertical jones
3,vertigo
1,vertiqua
4,vertual vertigo
1,very
1,vestron vulture
1,vets of kin
1,vex ruffin
1,vhs logos
2,vhvl
1,vi3e music
1,vibe league
1,vibe street
1,vibekingz
1,vibetree
1,vibewide (buddha munk)
1,vibrasics
1,vic bell
1,vic d
1,vic grimes
15,vic mensa
2,vic spencer
1,vic vem
1,vice verset
1,vicelow
1,vicious
1,vicious base
4,vico c
2,victor niglio
1,victor rutty
1,victoria beckham
1,vid nelson
1,video 2000
1,viegas
1,viel'a veil
3,vienio
1,vienna feat. rod d.
1,view
1,viewers?
1,vigilantes
5,vii
2,vijai omdaz
8,vik
1,vikk
1,viktor hazard
1,viktor sjöberg
8,viktor stone
5,viktor vaughn
6,viktorstone
1,viktory
1,vild $mith
2,villa rosa
1,villain
1,villain accelerate
1,villain park
1,villains
1,villainz united
1,ville kalliosta
4,villebillies
3,villz
1,vin's da cuero
1,vince anthony
1,vince fontainn
1,vince lömbarrdi
12,vince staples
1,vincent & mr. green
4,vincent pryce
2,vingthorthehurler
1,vinni
1,vinnie dewayne
1,vinnie maze
11,vinnie paz
1,vinolimbo
1,vinroc
1,vintage imperial
1,vintage tux
1,vinyl dogs
1,vinyl obscura (dj argub) & kayra
2,vinyl reanimators
1,vinyl sapiens
1,vinyl therapy
11,violadores del verso
2,violent j
1,vip allstars
9,viper
6,viper the rapper
1,virginia grind family
3,viro the virus
2,virtual flannel
1,virtual forest
1,virtual ghosts
6,virtuoso
1,virus
6,virus syndicate
1,visinin
1,vision the kid
5,visionaries
2,visioneers
1,visit venus
1,visitr
1,vita nova
5,vitaa
1,vitality
2,vitamin d
3,vitamin string quartet
1,vitativ
1,vitium
1,vito beats
2,vitun kova ääni
1,vivian green
1,vivians
1,vivid
1,vixagedon
1,vixx lr (빅스lr)
1,vjuan allure
1,vlad dobrescu
1,vlad the butcher
1,vladimir 518
1,vliu
2,vlooper
1,vlooper . modlee
1,vls
3,vmg
2,vnce
1,vndmg
3,vnm
1,vnzi
1,voice watson
3,void pedal
3,vokab kompany
1,volition
1,volodia
1,volt sshawty
3,volta cab
5,volta masters
3,voltio
2,volts face
3,volume 10
3,vomit fetus
1,vomitous talk
1,von d
1,von love
1,von pea
4,von poe vii
1,von prospa
1,vonation
4,vonnegutt
1,vonnie appleseed
1,vontel
1,vood
1,voodoo
1,voodoo black
1,voodoo docterz
2,voodoo dred
3,vooodu
4,vordul mega
1,vorpal
1,vorrs
1,votel
1,voyager
1,voyce
1,voyce.wcnbs
1,voyceboxing
1,voyou de sang
1,vrctilke
1,vromance
1,vt
1,vtrn
1,vulcan
2,vulkan the krusader
2,vulture street tape gang
1,vulvareen
1,vursafied
1,vursatyl
2,vvds
1,vxlam
4,vybz kartel
3,vyle
1,vähäiset äänet
1,vågsbygd handy
2,vîrus
3,w a f f l e
3,w.
1,w. baer
1,w.b.e.
2,w.e.n.a.
1,wa
3,wa$$up (와썹)
4,waajeed
1,waajeed & the bling47 group
1,wabitem
1,wackies disco rock band
1,wacko
1,wade
1,wade waters
4,wagawaga
4,wagon christ
1,wahre schule
1,wais p
3,wait what
1,waju
26,waka flocka flame
2,wake
1,wake self
1,wake up adina
3,wala
4,waldo
1,waldo from cincinnati
1,waldo's people
36,wale
1,wale & young greatness
3,wale oyejide
1,walkeviltalk
3,walkin' large
1,wallen
3,wallpaper
4,wally clark
1,walsh
1,walt nut the real one
2,walt sicknin
1,waltari
1,walter ego
1,walter gross
5,walterwarm
1,wang lei
2,wantigga
1,wanyama
2,wara from the nbhd
1,warbux
2,warcloud
1,ward 21
1,wardian
1,warehouse
1,warholtheghost
2,warhound
5,warlocks
4,warm brew
2,warm thighs
1,warp 9
1,warr3n peace
1,warrbuckss
1,warren davidson
17,warren g
1,warren smith
1,warren xclnce
2,warsawpack
3,warszafski deszcz
1,wasabi
1,wasaru
2,wash
1,wassabii
1,waste management
1,wastefellow
1,wasun
2,watapachi
2,watch the duck
1,watcha
5,watcha clan
1,water beetle
1,waterlilyslim
1,waterprize
1,waterproof
1,wates
1,watios
2,watkin tudor jones
11,watsky
1,watsky & wax
1,watts gangstas
2,wave chapelle
1,wavelength
2,waving the guns
4,wavy jone$
1,wavyboys
7,wax
1,wax dee & d.l. blando
1,wax future
1,wax organix
1,wax poetic
14,wax tailor
1,wax triptych
1,wax wreckaz
6,waxaklahun ubah kan
6,waxolutionists
2,way kay
1,way of the eagle
1,way-c
1,wayne
2,wayne marshall
1,wayne williams
1,wayne wonder
1,waynebo
5,wayvee
1,wazasunics&yason(矢祖)
1,wbbl
7,wc
3,wc and the maad circle
1,we (위)
1,we ain't friends
1,we are rebels [w.a.r.]
1,we are shining
1,we make it better
1,we roll like madmen
1,we'rewolves
1,weak science
2,wealthy relative
1,weanin
2,weapons of mass creation
1,wearecastor
1,weathertunes
1,web head
1,webbafied
6,webbie
1,webedigi
1,webhead
1,webstar & young b
3,webster
4,websterx
4,wee bee foolish
1,wee d and toni smoke
1,wee papa girl rappers
1,weed konducta
1,weed konductah
2,weed konductor
1,weedraw
1,weedy
1,weedy of 40 winks
3,weekend
1,weekend money
1,weep not child
8,weerd science
1,weevie
1,wegrowwax
1,weight of thought
1,weird dane
4,weirddough
2,well$
1,welsed
1,wench
1,wera bestrd
2,wercharm
1,werd
1,werd (sos)
1,werd of mouph
1,werdsmada
1,werewolf congress
3,wermonster
1,wes blanco
1,wes pendleton
1,wes!
1,wescam
2,weslee
1,wesley opus
1,west egg
1,west metro
1,west oakland middle school
2,west peaks
1,west philthy
3,west rhetoric
1,west street mob
2,westberlin maskulin
1,western tink
6,westside connection
4,westside gunn
9,westwood
3,westworld movement
1,wey
2,we™
5,whack sabbath
1,whalebeats
2,what so not
1,whatchumean
2,whatson
1,wheatus
3,wheelchair sports camp
2,whereisalex
1,while
4,whiskey blanket
1,whispa
1,whisper
1,whistle
1,white & spirit
1,white boiz
1,white boy
1,white boy mike & d.j. the boy
1,white dave
1,white flashes
1,white glock
1,white gold
1,white hot mess
1,white house
1,white katana
1,white lotus
3,white mic
1,white mic & z-man
3,white noise
2,white noise mashups
1,white punk
2,white rhino
1,white ring
1,white$pade
1,whitehouse
1,whitesquare
1,whitey
2,whitney houston
2,whitney peyton
1,whitty.
1,whiz kid with ysl
2,who see
2,whoarei
5,whocares
13,whodini
1,whokairs?
1,whole wheat bread
1,whsky
1,whtcllr
1,why be
26,why?
1,whysowhite
1,whyzdm
4,wicca phase springs eternal
3,wick-it the instigator
1,wicked genius
1,wicked wisconsin
1,widdly 2 diddly
1,widow prizum
1,widows
1,wikens
1,wiki
2,wikluh sky
1,wil madden
1,wilberforce
1,wilbuforce
1,wilczynski
1,wild beasts
1,wild belle
2,wild boar & bull brass band
1,wild kid
1,wild massive
2,wildabeast
2,wildcard
6,wildchild
1,wildcookie
1,wilde
1,wilder zoby
1,wilderness crew
1,wilding
1,wildliffe society
21,wiley
1,wilfrid
1,wilko
8,will brennan
1,will easy
1,will effe
1,will in the sky
3,will is chillin'
1,will meka mvc
6,will sessions
14,will smith
2,will vill
3,will.i.am
3,willbe
1,willesden dodgers
2,william cooper
2,william crooks
2,william s. burroughs
1,william white
2,willie brown
1,willie contraband
4,willie d
2,willie evans jr.
1,willie green
1,willie isz
1,willie maggot
1,willie peyote
1,willie taylor
4,willie the kid
1,willihi
1,willis
1,willmatic
1,willo da'kid
1,willow
1,willy denzey
1,willy northpole
1,willy sunshine
1,wilx
1,winans phase2
4,windchill
2,windmills
4,windwaker
1,wine-o
1,winfree
1,wingnut
1,wini
1,winna
2,winne
1,winner (위너)
1,winning team
2,winnipeg's most
1,winter inter
3,wintertime
1,winzel mcfly
5,wisdom
3,wisdom instrumentals
1,wisdumb
2,wise
2,wise blood
1,wise eyez
9,wise intelligent
3,wisemen
1,wisin
5,wisin & yandel
3,witchdoctor
2,with you.
4,witness
1,witness & witness & the family secret
2,witt lowry
1,witten untouchable
74,wiz khalifa
1,wiz kilo
5,wizard
8,wizard of loneliness
1,wizdom
2,wizdom instrumentals
1,wizdom life
2,wizdome
1,wize
1,wizkid
1,wizrds only
1,wjmc
1,wmd
1,wmx
1,wobbly
1,wodoo wolcan
1,wodoo wolcan & youtaro
1,wojtas
1,wojtek
1,woke
1,wolf
1,wolf house
1,wolfe d.o.m-nation
2,wolfpac
1,wolfshirt
1,wolverine
1,wolves
1,wombaticus rex
1,won t.
1,wonder world
1,wonder years
1,wonderboyz (원더보이즈)
1,wonderlust
1,wone2
1,wong williams
1,wood
1,woodbaby
2,woodblue
1,wooden teeth
1,woodhands
3,woodie
1,woodie smalls
1,woods & tone
1,woodwire
1,woody's produce
4,wooh da kid
2,wookiefoot
3,wool see
1,woolly mammal
1,woolymammoth
1,woop
1,wooshie
1,wootabi.
1,wop
1,word is bond
1,word-problems
6,wordburglar
1,wordplay t.jay
2,words & rhymes
1,wordsmith
1,wordsound
1,wordsound i-powa
4,wordsworth
2,wordysoulspeak
1,worimi
1,workforce
8,world class wreckin' cru
1,world hood
2,world renown
2,world's fair
1,world's famous supreme team
2,worms-t
1,wosh mc
3,woss ness
1,wounderaser
2,wreckless
1,wreckvge
6,wreckx-n-effect
7,wrekonize
12,wretch 32
1,wrinkles
1,writer's block
1,writer's craft
2,wrongtom
1,wrooclyn dodgers
2,wsz & cne
1,wszystko
1,wtchcrft
1,wtchdctr
1,wtf is this thread nogga
3,wtvr mom
1,wu wei
1,wu-syndicate
55,wu-tang clan
1,wu-tang south
1,wuce
3,wugazi
1,wugori
1,wuh oh
11,wun two
1,wuph
5,wurzel 5
1,wutan (우탄)
1,wuzet
1,wuzu
1,wwe dubois
1,wwo
3,www
22,wyclef jean
1,wyld bunch
1,wyldlyfe
1,wynna
2,wzrd
3,włodi
2,wūf
1,wδll flowers
1,wђıℜo
2,w∆
1,x
1,x chromozome
1,x dimas
1,x gangs
2,x makeena
1,x pistols
1,x possee
1,x&hell
1,x*cell
2,x-caliber
5,x-clan
1,x-g3mt
1,x-man
2,x-men
1,x-mob
1,x-press 2
13,x-raided
1,x-ray ted
1,x-tra bass
1,x-tra pleza
1,x-tra s.l.o.o.m
1,x.a.cute
1,x.p. alidocious
1,x3m
1,xanda
2,xander
3,xaphoon jones
2,xatar
2,xau
2,xavas
1,xavier baza
1,xavier marquis
3,xavier naidoo
10,xavier wulf
3,xberg dhirty6 cru
2,xcese
1,xdj aksim
1,xero god
2,xhelazz
1,xia junsu (시아준수)
3,xia-dawn.
1,xinkoa
1,xis
1,xiu xiu
4,xjk.
1,xk scenario
1,xl
1,xl and death before dishonor
1,xl middleton
2,xl singleton
1,xlii
1,xndl
2,xoxainedeezy
1,xp
2,xperience
3,xqz
1,xreign of terrorx
1,xsatirex
1,xscape
1,xsupermodels
3,xtatic line
1,xuno
14,xv
1,xv11
1,xvbarbar
1,xxl
1,xxv кадр
1,xxvi xxiv
1,xxxtentacion
1,xxxy (젝시)
2,xxyyxx
1,xym
23,xzibit
1,y a s h a
1,y a w n i n g b o y
1,y sic
3,y society
1,y-d
1,y.for$ha
1,y.n.richkids
7,ya boy
1,ya boy rich rocka
1,ya kid k
1,ya red
1,yaakov
1,yacht club djs
1,yacht squad
1,yade lauren & yellow claw
1,yae yae jordan
3,yaggfu front
2,yagi
1,yagz
2,yah supreme
1,yahzarah
1,yaina
8,yak ballz
1,yak gotti
1,yakamoto kotzuga
1,yaki kadafi
1,yakthegod
3,yakumo yoshiki
1,yakuza ren
1,yalee
1,yall so stupid
2,yam who?
1,yama
1,yamabushi
1,yameen (supremeex)
1,yammy
3,yams
1,yancey boys
1,yancy deron
3,yandel
1,yangmonty
4,yanix
2,yankie (얀키)
2,yannick
2,yano2d
1,yanoman (矢野マン)
1,yao
1,yapo
2,yarah bravo
1,yarbrough & mr. fluid
1,yas
1,yas & the lightmotiv
1,yasha
2,yasiin bey
1,yasin
1,yasmin
1,yassin
1,yassin bey
1,yassir
1,yaves
1,yawhey
1,yaya
4,yaya instrumentals
1,yayay
1,yazid
1,yazu!
1,yc
5,yc the cynic
1,yc the cynic & yuri beats
1,ycate
1,yclept insan
1,ycv
2,yddreams
1,ye ali
1,yea big
1,yebiisu
2,yegor cergei
2,yeiv
27,yelawolf
1,yella
1,yellow claw
1,yellow hertz
1,yellow note
6,yemi
1,yen tech
2,yener çevik
1,yeo
2,yerba buena
2,yes-r
1,yeshua dapoed
1,yesking
1,yeslow
1,yesterdayoncemore
6,yesterdays new quintet
1,yeti gold
2,yezi (예지)
1,yf
1,yfd
1,yfn lucci
18,yg
2,yg'z
2,ygryega
1,yhdentekevää
2,yheti
1,yila
2,yimino
16,ying yang twins
1,ylem
2,ylvis
2,ylxa
1,ym detweiler
1,ymcmb
1,ymr
1,ynfynyt scroll
1,ynnek
1,ynot
1,yo
31,yo gotti
1,yo gotti & young jeezy
1,yo la tengo
1,yo lynch
2,yo mama's big fat booty band
4,yo! majesty
1,yo!zepp/chrisfader/testa
1,"yo, flaco!"
7,yo-yo
1,yoastrum
1,yobydren
1,yodelling sheep
1,yogafrog
2,yoggyone
1,yogi
1,yogiloops
1,yogisoul
1,yohimbe brothers
4,yokai
1,yoko-zuna
2,yomeiriland (嫁入りランド)
1,yomo
1,yona
5,yonas
1,yong jun hyung (용준형)
1,yoni & geti
1,yoni wolf
1,yonni
2,yoome
1,yosh
1,yoshi di original
1,yoshi x riot
1,yoshida brothers (吉田兄弟)
1,yosiah
1,yotam avni (יותם אבני)
1,yotam perel
3,you and what army
1,you me at six
1,youcanbefalco
1,young & restless
1,young 13izz
1,young a
1,young ace
1,young black preachers
4,young black teenagers
1,young blaze
1,young blazers
7,young bleed
3,young braised
1,young breh
17,young buck
1,young cam
1,young chizz
7,young chop
2,young chris
1,young d
1,young d boyz
1,young d boyz & cougnut
1,young deacon
1,young deenay
1,young dirty bastard
1,young disciples
10,young dolph
1,young dre
2,young dre d
7,young dro
2,young duece
1,young echo
1,young ed
1,young eddy
1,young egypt
1,young ess
10,young fathers
1,young gangstas
1,young god
3,young greatness
1,young grizzy
2,young gully
2,young gunz
1,young heathen
1,young jay (영제이)
40,young jeezy
1,young kind
1,young know
1,young krillin
1,young krime
8,young l
2,young lay
1,young leek
1,young lion (영 라이언)
1,young lionz ii
1,young lo
1,young love
2,young lungs
1,young lyxx
2,young m.a
1,young magic
1,young marqus
1,young maylay
12,young mc
1,young mizu
5,young money
3,young montana?
1,young moose
1,young paris
1,young paul
3,young philip
1,young reaper
1,young rich america
1,young ridah
1,young rj
1,young ro
5,young roddy
1,young scolla
5,young scooter
4,young shanty
1,young sid
1,young sin
1,young skitzo
1,young slapz
1,young spray
1,young steff
1,young sten
1,young tazz da hustla
31,young thug
1,young troubled minds
1,young turks club (영턱스클럽)
1,young wicked
6,young zee
5,youngblood brass band
4,youngbloodz
1,youngcelebthagod
1,youngs teflon
2,youngwater
1,your godbrotha
1,your heart
7,your old droog
1,yourcodenameis:milo
1,yourself in peace
11,youssoupha
8,youtaro
1,youth internationals
1,youth:kill
1,youthoracle
1,yowda
1,yoyingyuya
1,yoyo
1,yp
2,yppah
1,ypsos
1,yrn lingo
2,yrstrly
1,yt triz
12,ytcracker
4,yu
1,yugana
1,yugen blakrok
1,yuin huzami
1,yuk ji dam (육지담)
2,yuk.
1,yuki ame
1,yuki hayashi (林ゆうき)
14,yukmouth
1,yukon dawn
1,yumbojams
1,yumi rose
1,yummy bingham
1,yumo
1,yumz tha mc
1,yuna kim (유나킴)
1,yung
1,yung $hy
1,yung alvara
2,yung bae
3,yung beef
4,yung berg
1,yung blanket
1,yung boyz
4,yung bruh
1,yung droopy
1,yung envy
1,yung felix
1,yung flex
4,yung gleesh
5,yung gud
3,yung gutted
4,yung h33m
1,yung hear$e
1,yung humma
1,yung hung & dj fap
3,yung hurn
4,yung internet
1,yung jake
5,yung joc
2,yung l.a.
13,yung lean
1,yung lil god mane
2,yung miss
1,yung nard
1,yung nnelg
1,yung noize
1,yung pacemaker
1,yung pardi
8,yung polo
1,yung pro
1,yung satan
8,yung simmie
2,yung skrrt
1,yung starz
1,yung tuna
2,yung wun
1,yung xela
1,yung zeal
1,yung100
1,yungfin
1,yungg craze
1,yungmorpheus
1,yungsoup
2,yungstar
1,yungun
2,yuni wa
3,yunis
1,yup
1,yuri
1,yusef rumperfield
1,yuta suzuki
1,yuuki matthews
1,yvan & lendl
1,yves gamble
5,yvette michele
2,yvon krevé
1,ywill
2,yy
2,yz
1,yōkai
1,z
1,z of firingsquad
1,z-3 mc's
4,z-man
1,z-mc
32,z-ro
2,z.e.p.
1,zaboo aka boozilla
2,zaburzenia
1,zac hb
1,zach almighty
1,zach farlow
1,zach fish
2,zach hood
1,zach morris
1,zach sherwin
1,zachariah and the lobos riders
1,zachlund
2,zachy g
1,zack christ
3,zack de la rocha
7,zack de la rouda
5,zack hemsey
2,zack sekoff
2,zackarose
4,zacke
2,zackey force funk
1,zacky force funk
1,zafa
1,zafenatpena
1,zagnif nori
1,zagor
1,zaheed santana
2,zaho
1,zaia
2,zaid tabani
1,zaire
1,zakee
1,zaki ibrahim
1,zakiya harris
2,zale
1,zana
2,zandatsu
1,zane
1,zanski
1,zapp zapp
1,zaq
1,zaramela
1,zarmet
1,zavala
1,zave
1,zay hilfigerrr & zayion mccall
3,zayyaf
1,zaze
2,zbatata
4,zbuku
3,zchronik
1,zdob si zdub
1,zdolne przedmieście
2,ze' brainchild
1,ze-k
1,zeale
3,zealous1
1,zeance
1,zeb roc ski / def cut
7,zebda
4,zebra katz
1,zebrax
2,zebuel
4,zechariah funkhouser
1,zedd
2,zeds dead
9,zeebra
1,zeekaleek
1,zeeq
1,zehef
2,zeke beats
1,zekwé
3,zekwé ramos
3,zelooperz
1,zemo
1,zen gardens
1,zen.
1,zencha
1,zendaya
1,zengarden
3,zenit
2,zenit incompatible
10,zenith
1,zenzile
5,zen¡th
1,zephyr
4,zeps
3,zero cosby
1,zero star
4,zero tep
2,zero/zero
16,zeroh
2,zerolex
2,zesau
2,zeta
1,zeta drastyka
2,zetenwupe
4,zeus
1,zex marqese
1,zex marqeze
1,zeytah
1,zg
1,zhane
4,zhané
2,zhigge
3,zhu
1,zi
1,zia sun 16 bars
1,zicler
3,zico (지코)
1,ziebane
1,ziferes
1,zifhang
1,zifou
1,ziga murko
3,zigg zagg
1,ziggity zach
2,ziggy
1,ziibiwan
1,ziko
1,zilla balboa
2,zilla rocca
1,zilly
2,zimbabwe legit
1,zion & lennox
29,zion i
1,ziontifik
2,zioło
1,zippo
1,zirio
1,zjc
5,zlatko
3,zmoney
2,znp
2,zo moeilijk
4,zo!
1,zodiac mprint
1,zoetic minds
1,zoey dollaz
1,zola
3,zombass
1,zomboy
1,zomerfeestje
3,zona mc
1,zonazero
1,zone libre
1,zone.dre
1,zontanoi nekroi (ζωντανοί νεκροί)
1,zonzo
1,zoo crew
1,zoo ireland
1,zoogma
1,zooka
2,zoolay
1,zooly
2,zoomo
1,zora jones
1,zorak
3,zoxea
2,zoën
3,zpu
1,zroyal
1,zu ninjaz
4,zuance
4,zucchini drive
2,zug izland
3,zugezogen maskulin
2,zuluzuluu
2,zumbi
1,zumbi zoom
1,zunrei
3,zuper
1,zurita
1,zuse
1,zverina
3,zwart licht
1,zwart op wit
1,zz ward
1,zé brown
4,zénit
1,|rephecs|
1,~ ǥ õ § ƪ õ ŵ ~
1,~ ǥ õ § ƪ õ ŵ ~ & glass popcorn
1,~muirs~
1,¡alas!
13,¡mayday!
2,¡mayday! & murs
1,¡mayday! & tech n9ne
1,¥ung ¢hef
16,±±ding±±
1,µ-ziq
1,·.·•noah b•·.·
1,ßukuko
1,álvaro díaz
1,árbol
5,ärsenik
2,ässä
1,ågren & öris
2,çağrı sinci
1,ô-lit
1,önder
1,öster
1,özlem tekin
2,öökülm
4,østkyst hustlers
1,øut
1,čistychov
3,łona
1,łona & the pimps
3,łona & webber
1,ńemy
1,świntuch
1,şehinşah
1,šef sale
3,škabo
1,škabo & thc la familija
1,škrip inc.
2,żabson
1,żyt toster
1,ž. murko
14,žiga murko
1,žuti
1,ƒreddy.ƒisk
1,ƒδðês
1,ɪɲ ʕʰɘɼɾʏ ɟⱥɱɨʟʮ
3,ʝẹḍi
1,άλφα πέντε
2,α·pav
1,βeeaяeδyedee
1,δzer
1,ευθύμης
1,θύτης
1,μαύρο ποινικό
1,ак-47
2,антоха мс
1,артём татищевский
4,ассаи
3,атила
6,баста
1,бледный
1,бонч бру бонч
1,бумбокс
2,валиум
1,варчун
1,вася васин
1,вася дэф
1,весовые
1,влади
1,влади & каста
1,вне толпы
1,ганза & маклай
1,глазакита
2,грибы
1,грот
1,девятый
3,"децлъ (децл, le truk)"
2,дубовый гаайъ
1,дэфолиант
2,есть есть есть
1,желтая ветка
1,журналист из фурфура
1,зануда
2,записки неизвестного
1,захар прилепин & рич
1,злой дух
3,идефикс (idefiks)
2,иезекииль 25:17
1,интонация (in2nation)
1,искусство души безобразной
2,кажэ обойма
1,карандаш
5,каста
1,кравц
5,кровосток
1,ларик сурапов
1,лигалайз & п13
2,лсп (lsp)
1,луч
3,лёд 9
1,макс корж
2,макулатура
2,мальчишник
5,мезза
1,мишка (mishka)
2,музыка невидимых людей
1,мяч
1,настя & потап
2,настя каменских & потап
1,ненависть
1,нигатив
2,ноггано
1,отпетые мошенники
1,оу74
1,пабло прекрати
1,песочные люди
1,пика
1,пицца
1,"потап, дядя вадя, юго (potap, dyadya vadya, ugo)"
1,принцип ахимсы
2,птаха
1,р.а. пресс
4,руставели
1,рыночные отношения
1,самое большое простое число
1,сбпч оркестр
4,серёга
1,сет
1,слава кпсс & хан замай
4,смоки мо
1,стольный град
1,стриж
3,счбоγg σθσ
5,сява
1,тартак (tartak)
1,тени
1,типичный ритм
2,типси тип
1,триагрутрика
2,триада
1,цельразгром
1,чтобы-чтобы
3,ярмак
1,ॐ spirit drug ॐ
1,ฬเןl
1,​dj s​.​a & malwo
2,†een wi†ch
1,†fahilpskaḷ[..]ṣþ[.]ws[..]
1,†gr▲vel†
1,₭ ₡ v $ v ∅ ¥
1,₳ғlo
3,∆bstract-one
1,∆irglo
1,∆qua n˚•∆h
1,∆rk∆
1,▲ı▼ı▲
1,▶▲◀ & playboi
3,▽nknown shδpes
1,◀ ● ▍▲
1,☒hlx
6,☠jayyeah☠
4,☯ kool berrys ☯
1,☯astrologee
2,☿bluecrew☿
9,♡kitty♡
1,✞pyr∆mið jükë✞
1,✞pyr∆mið jükë✞ & ookay
1,✞▇ l♥ѵʒﬦɨϵﬦ ▇✞
1,「l o k a」
2,ジャック
1,"ペリカン,メガネ"
2,ラッパ我リヤ
1,レイト (reito)
1,㊗kah⋀wai lo⋀f㊛
1,中小企業
1,中空タウン420
1,冬k_lo⋀f冬
2,卿mittens
6,星気の (astral)
1,熱帯paradise-97
1,陽神lordsun
1,雅-miyavi-
1,音 light システム
1,최고기(peacock)
1,회사auto
11,︻╦╤─ ʊz ─╤╦︻
1,＼(^o^)／ & tofubeats
2,ｂｅｔａｇａｋｉ
2,ｏｌｄ ｍａｓｋ
