sample_pk,distst
1,"WA
"
2,"WA
"
3,"WA
"
4,"WA
"
5,"CA
"
6,"WA
"
7,"WA
"
8,"WA
"
9,"WA
"
10,"WA
"
11,"
"
12,"WA
"
13,"WA
"
14,"WA
"
15,"WA
"
16,"
"
17,"WA
"
18,"IL
"
19,"WA
"
20,"WA
"
21,"CA
"
22,"WA
"
23,"
"
24,"WA
"
25,"WA
"
26,"WA
"
27,"WA
"
28,"
"
29,"WA
"
30,"WA
"
31,"WA
"
32,"
"
33,"WA
"
34,"WA
"
35,"WA
"
36,"
"
37,"WA
"
38,"WA
"
39,"WA
"
40,"WA
"
41,"WA
"
42,"WA
"
43,"WA
"
44,"WA
"
45,"WA
"
46,"WA
"
47,"
"
48,"WA
"
49,"WA
"
50,"WA
"
51,"WA
"
52,"WA
"
53,"WA
"
54,"WA
"
55,"WA
"
56,"WA
"
57,"WA
"
58,"WA
"
59,"WA
"
60,"
"
61,"WA
"
62,"WA
"
63,"WA
"
64,"WA
"
65,"WA
"
66,"
"
67,"WA
"
68,"WA
"
69,"
"
70,"WA
"
71,"WA
"
72,"WA
"
73,"WA
"
74,"WA
"
75,"WA
"
76,"WA
"
77,"WA
"
78,"WA
"
79,"WA
"
80,"WA
"
81,"WA
"
82,"WA
"
83,"WA
"
84,"WA
"
85,"WA
"
86,"WA
"
87,"WA
"
88,"CA
"
89,"WA
"
90,"WA
"
91,"WA
"
92,"WA
"
93,"WA
"
94,"WA
"
95,"CA
"
96,"WA
"
97,"WA
"
98,"WA
"
99,"CA
"
100,"
"
101,"WA
"
102,"WA
"
103,"WA
"
104,"WA
"
105,"WA
"
106,"WA
"
107,"
"
108,"
"
109,"
"
110,"WA
"
111,"WA
"
112,"CA
"
113,"WA
"
114,"WA
"
115,"WA
"
116,"
"
117,"WA
"
118,"WA
"
119,"WA
"
120,"WA
"
121,"WA
"
122,"WA
"
123,"WA
"
124,"WA
"
125,"WA
"
126,"WA
"
127,"WA
"
128,"WA
"
129,"WA
"
130,"WA
"
131,"WA
"
132,"WA
"
133,"WA
"
134,"WA
"
135,"WA
"
136,"WA
"
137,"WA
"
138,"WA
"
139,"WA
"
140,"WA
"
141,"WA
"
142,"WA
"
143,"WA
"
144,"WA
"
145,"WA
"
146,"WA
"
147,"WA
"
148,"WA
"
149,"WA
"
150,"ID
"
151,"WA
"
152,"
"
153,"WA
"
154,"WA
"
155,"WA
"
156,"WA
"
157,"WA
"
158,"WA
"
159,"WA
"
160,"WA
"
161,"WA
"
162,"WA
"
163,"WA
"
164,"WA
"
165,"WA
"
166,"WA
"
167,"WA
"
168,"WA
"
169,"IL
"
170,"WA
"
171,"
"
172,"CA
"
173,"WA
"
174,"WA
"
175,"IL
"
176,"WA
"
177,"WA
"
178,"WA
"
179,"WA
"
180,"WA
"
181,"WA
"
182,"WA
"
183,"WA
"
184,"MI
"
185,"PA
"
186,"WA
"
187,"WA
"
188,"MI
"
189,"WA
"
190,"
"
191,"WA
"
192,"WA
"
193,"WA
"
194,"WA
"
195,"WA
"
196,"WA
"
197,"WA
"
198,"WA
"
199,"TX
"
200,"WA
"
201,"WA
"
202,"WA
"
203,"IL
"
204,"WA
"
205,"WA
"
206,"WA
"
207,"
"
208,"WA
"
209,"MI
"
210,"WA
"
211,"WA
"
212,"
"
213,"WA
"
214,"WA
"
215,"WA
"
216,"WA
"
217,"WA
"
218,"TX
"
219,"WA
"
220,"WA
"
221,"
"
222,"TX
"
223,"WA
"
224,"
"
225,"TX
"
226,"TX
"
227,"WA
"
228,"
"
229,"
"
230,"WA
"
231,"WA
"
232,"
"
233,"
"
234,"WA
"
235,"WA
"
236,"WA
"
237,"WA
"
238,"TX
"
239,"WA
"
240,"WA
"
241,"WA
"
242,"WA
"
243,"MA
"
244,"WA
"
245,"WA
"
246,"NY
"
247,"
"
248,"WA
"
249,"
"
250,"WA
"
251,"WA
"
252,"MI
"
253,"WA
"
254,"
"
255,"WA
"
256,"
"
257,"WA
"
258,"TX
"
259,"WA
"
260,"WA
"
261,"WA
"
262,"WA
"
263,"WA
"
264,"WA
"
265,"WA
"
266,"WA
"
267,"
"
268,"WA
"
269,"PA
"
270,"WA
"
271,"WA
"
272,"WA
"
273,"
"
274,"WA
"
275,"WA
"
276,"WA
"
277,"
"
278,"WA
"
279,"WA
"
280,"WA
"
281,"WA
"
282,"WA
"
283,"WA
"
284,"WA
"
285,"WA
"
286,"
"
287,"WA
"
288,"WA
"
289,"WA
"
290,"WA
"
291,"WA
"
292,"WA
"
293,"WA
"
294,"
"
295,"WA
"
296,"WA
"
297,"
"
298,"PA
"
299,"CA
"
300,"WA
"
301,"PA
"
302,"WA
"
303,"
"
304,"
"
305,"
"
306,"
"
307,"WA
"
308,"WA
"
309,"WA
"
310,"WA
"
311,"WA
"
312,"WA
"
313,"MI
"
314,"WA
"
315,"WA
"
316,"WA
"
317,"WA
"
318,"WA
"
319,"MI
"
320,"WA
"
321,"CA
"
322,"CA
"
323,"WA
"
324,"IL
"
325,"MI
"
326,"WA
"
327,"WA
"
328,"WA
"
329,"IL
"
330,"WA
"
331,"WA
"
332,"WA
"
333,"WA
"
334,"WA
"
335,"WA
"
336,"WA
"
337,"MI
"
338,"WA
"
339,"WA
"
340,"MI
"
341,"WA
"
342,"IL
"
343,"MI
"
344,"WA
"
345,"CA
"
346,"WA
"
347,"TX
"
348,"
"
349,"WA
"
350,"
"
351,"TX
"
352,"WA
"
353,"IL
"
354,"WA
"
355,"TX
"
356,"WA
"
357,"
"
358,"WA
"
359,"IL
"
360,"WA
"
361,"WA
"
362,"WA
"
363,"WA
"
364,"MI
"
365,"WA
"
366,"
"
367,"WA
"
368,"WA
"
369,"WA
"
370,"MI
"
371,"
"
372,"MI
"
373,"WA
"
374,"WA
"
375,"WA
"
376,"WA
"
377,"IL
"
378,"WA
"
379,"MI
"
380,"WA
"
381,"WA
"
382,"
"
383,"WA
"
384,"WA
"
385,"WA
"
386,"NY
"
387,"WA
"
388,"
"
389,"WA
"
390,"WA
"
391,"WA
"
392,"NY
"
393,"WA
"
394,"WA
"
395,"
"
396,"WA
"
397,"WA
"
398,"NY
"
399,"NY
"
400,"
"
401,"WA
"
402,"NY
"
403,"WA
"
404,"WA
"
405,"WA
"
406,"WA
"
407,"
"
408,"WA
"
409,"
"
410,"WA
"
411,"NY
"
412,"NY
"
413,"WA
"
414,"WA
"
415,"
"
416,"WA
"
417,"WA
"
418,"WA
"
419,"NY
"
420,"WA
"
421,"WA
"
422,"WA
"
423,"
"
424,"
"
425,"WA
"
426,"WA
"
427,"NY
"
428,"
"
429,"NY
"
430,"NY
"
431,"PA
"
432,"
"
433,"WA
"
434,"NY
"
435,"NY
"
436,"WA
"
437,"
"
438,"
"
439,"PA
"
440,"WA
"
441,"WA
"
442,"WA
"
443,"NY
"
444,"WA
"
445,"WA
"
446,"WA
"
447,"WA
"
448,"WA
"
449,"PA
"
450,"WA
"
451,"WA
"
452,"WA
"
453,"PA
"
454,"WA
"
455,"NY
"
456,"
"
457,"
"
458,"NY
"
459,"WA
"
460,"WA
"
461,"
"
462,"NY
"
463,"
"
464,"WA
"
465,"WA
"
466,"NY
"
467,"WA
"
468,"WA
"
469,"WA
"
470,"NY
"
471,"NY
"
472,"WA
"
473,"
"
474,"CA
"
475,"NY
"
476,"
"
477,"WA
"
478,"PA
"
479,"WA
"
480,"NY
"
481,"
"
482,"
"
483,"
"
484,"NY
"
485,"WA
"
486,"WA
"
487,"
"
488,"WA
"
489,"NY
"
490,"WA
"
491,"NY
"
492,"NY
"
493,"WA
"
494,"WA
"
495,"OH
"
496,"MI
"
497,"WA
"
498,"WA
"
499,"WA
"
500,"WA
"
501,"
"
502,"WA
"
503,"PA
"
504,"WA
"
505,"OH
"
506,"WA
"
507,"WA
"
508,"MI
"
509,"WA
"
510,"PA
"
511,"WA
"
512,"WA
"
513,"WA
"
514,"WA
"
515,"WA
"
516,"WA
"
517,"OH
"
518,"OH
"
519,"MI
"
520,"OH
"
521,"MI
"
522,"WA
"
523,"OH
"
524,"KY
"
525,"OH
"
526,"WA
"
527,"PA
"
528,"WA
"
529,"PA
"
530,"WA
"
531,"WA
"
532,"WA
"
533,"WA
"
534,"WA
"
535,"
"
536,"WA
"
537,"
"
538,"
"
539,"
"
540,"
"
541,"WA
"
542,"MI
"
543,"
"
544,"WA
"
545,"WA
"
546,"MI
"
547,"WA
"
548,"WA
"
549,"WA
"
550,"OH
"
551,"WA
"
552,"WA
"
553,"MI
"
554,"MI
"
555,"WA
"
556,"OH
"
557,"PA
"
558,"MI
"
559,"WA
"
560,"WA
"
561,"WA
"
562,"WA
"
563,"WA
"
564,"WA
"
565,"
"
566,"WA
"
567,"WA
"
568,"WA
"
569,"WA
"
570,"WA
"
571,"TX
"
572,"
"
573,"WA
"
574,"WA
"
575,"WA
"
576,"UT
"
577,"WA
"
578,"
"
579,"
"
580,"
"
581,"WA
"
582,"WA
"
583,"WA
"
584,"MI
"
585,"WA
"
586,"
"
587,"WA
"
588,"WA
"
589,"WA
"
590,"OH
"
591,"WA
"
592,"WA
"
593,"WA
"
594,"TX
"
595,"MI
"
596,"
"
597,"WA
"
598,"WA
"
599,"TX
"
600,"WA
"
601,"
"
602,"
"
603,"WA
"
604,"WA
"
605,"WA
"
606,"WA
"
607,"WA
"
608,"WA
"
609,"WA
"
610,"WA
"
611,"
"
612,"
"
613,"WA
"
614,"WA
"
615,"
"
616,"WA
"
617,"WA
"
618,"CA
"
619,"WA
"
620,"
"
621,"WA
"
622,"WA
"
623,"WA
"
624,"TX
"
625,"TX
"
626,"
"
627,"WA
"
628,"
"
629,"WA
"
630,"WA
"
631,"WA
"
632,"WA
"
633,"WA
"
634,"WA
"
635,"WA
"
636,"WA
"
637,"WA
"
638,"WA
"
639,"WA
"
640,"WA
"
641,"
"
642,"WA
"
643,"WA
"
644,"WA
"
645,"
"
646,"
"
647,"WA
"
648,"WA
"
649,"WA
"
650,"WA
"
651,"MI
"
652,"MI
"
653,"WA
"
654,"
"
655,"WA
"
656,"WA
"
657,"TX
"
658,"WA
"
659,"MI
"
660,"WA
"
661,"
"
662,"WA
"
663,"WA
"
664,"
"
665,"WA
"
666,"CA
"
667,"WA
"
668,"WA
"
669,"WA
"
670,"WA
"
671,"WA
"
672,"WA
"
673,"CA
"
674,"WA
"
675,"WA
"
676,"WA
"
677,"WA
"
678,"CA
"
679,"WA
"
680,"WA
"
681,"WA
"
682,"CA
"
683,"WA
"
684,"WA
"
685,"
"
686,"WA
"
687,"WA
"
688,"
"
689,"CA
"
690,"WA
"
691,"WA
"
692,"WA
"
693,"WA
"
694,"CA
"
695,"WA
"
696,"
"
697,"CA
"
698,"WA
"
699,"WA
"
700,"WA
"
701,"
"
702,"
"
703,"
"
704,"WA
"
705,"WA
"
706,"WA
"
707,"IL
"
708,"
"
709,"AZ
"
710,"AZ
"
711,"AZ
"
712,"AZ
"
713,"AZ
"
714,"AZ
"
715,"AZ
"
716,"CA
"
717,"CA
"
718,"AZ
"
719,"AZ
"
720,"AZ
"
721,"AZ
"
722,"AZ
"
723,"
"
724,"CA
"
725,"CA
"
726,"AZ
"
727,"AZ
"
728,"AZ
"
729,"CA
"
730,"CA
"
731,"CA
"
732,"AZ
"
733,"CA
"
734,"AZ
"
735,"AZ
"
736,"
"
737,"CA
"
738,"CA
"
739,"AZ
"
740,"CA
"
741,"CA
"
742,"CA
"
743,"CA
"
744,"CA
"
745,"
"
746,"CA
"
747,"
"
748,"CA
"
749,"CA
"
750,"CA
"
751,"CA
"
752,"CA
"
753,"CA
"
754,"
"
755,"CA
"
756,"CA
"
757,"CA
"
758,"
"
759,"
"
760,"
"
761,"CA
"
762,"
"
763,"CA
"
764,"CA
"
765,"
"
766,"CA
"
767,"
"
768,"CA
"
769,"CA
"
770,"
"
771,"
"
772,"CA
"
773,"
"
774,"
"
775,"
"
776,"CA
"
777,"CA
"
778,"CA
"
779,"
"
780,"CA
"
781,"
"
782,"
"
783,"
"
784,"CA
"
785,"CA
"
786,"CA
"
787,"CA
"
788,"
"
789,"
"
790,"
"
791,"
"
792,"
"
793,"
"
794,"
"
795,"
"
796,"
"
797,"
"
798,"
"
799,"CO
"
800,"CA
"
801,"
"
802,"CA
"
803,"OR
"
804,"
"
805,"CA
"
806,"
"
807,"CO
"
808,"
"
809,"CA
"
810,"
"
811,"CA
"
812,"CA
"
813,"CA
"
814,"
"
815,"CA
"
816,"CA
"
817,"CA
"
818,"
"
819,"
"
820,"CO
"
821,"CA
"
822,"AZ
"
823,"CA
"
824,"AZ
"
825,"AZ
"
826,"AZ
"
827,"TX
"
828,"AZ
"
829,"FL
"
830,"FL
"
831,"CA
"
832,"TX
"
833,"CA
"
834,"CO
"
835,"CA
"
836,"CO
"
837,"CO
"
838,"TX
"
839,"CO
"
840,"FL
"
841,"
"
842,"FL
"
843,"FL
"
844,"
"
845,"
"
846,"FL
"
847,"
"
848,"
"
849,"FL
"
850,"FL
"
851,"FL
"
852,"
"
853,"
"
854,"
"
855,"
"
856,"
"
857,"FL
"
858,"FL
"
859,"
"
860,"
"
861,"FL
"
862,"
"
863,"
"
864,"
"
865,"FL
"
866,"
"
867,"
"
868,"
"
869,"
"
870,"
"
871,"FL
"
872,"FL
"
873,"FL
"
874,"
"
875,"
"
876,"
"
877,"
"
878,"FL
"
879,"
"
880,"IN
"
881,"
"
882,"IN
"
883,"FL
"
884,"DE
"
885,"
"
886,"NY
"
887,"NC
"
888,"MI
"
889,"MI
"
890,"DE
"
891,"OH
"
892,"
"
893,"NY
"
894,"MI
"
895,"DE
"
896,"
"
897,"OH
"
898,"FL
"
899,"FL
"
900,"FL
"
901,"
"
902,"MD
"
903,"
"
904,"
"
905,"
"
906,"
"
907,"MD
"
908,"FL
"
909,"FL
"
910,"
"
911,"MD
"
912,"
"
913,"
"
914,"
"
915,"
"
916,"
"
917,"
"
918,"
"
919,"MD
"
920,"MD
"
921,"MD
"
922,"
"
923,"MD
"
924,"MD
"
925,"DE
"
926,"
"
927,"MD
"
928,"MD
"
929,"NJ
"
930,"NY
"
931,"
"
932,"MD
"
933,"FL
"
934,"FL
"
935,"
"
936,"FL
"
937,"
"
938,"
"
939,"FL
"
940,"FL
"
941,"FL
"
942,"
"
943,"
"
944,"FL
"
945,"
"
946,"
"
947,"FL
"
948,"FL
"
949,"
"
950,"FL
"
951,"FL
"
952,"FL
"
953,"FL
"
954,"
"
955,"GA
"
956,"FL
"
957,"FL
"
958,"
"
959,"GA
"
960,"
"
961,"
"
962,"GA
"
963,"MI
"
964,"MI
"
965,"
"
966,"
"
967,"
"
968,"MI
"
969,"
"
970,"
"
971,"MI
"
972,"MI
"
973,"
"
974,"
"
975,"
"
976,"MI
"
977,"
"
978,"
"
979,"
"
980,"FL
"
981,"
"
982,"FL
"
983,"
"
984,"FL
"
985,"TX
"
986,"
"
987,"FL
"
988,"AZ
"
989,"FL
"
990,"
"
991,"FL
"
992,"FL
"
993,"
"
994,"FL
"
995,"FL
"
996,"
"
997,"FL
"
998,"FL
"
999,"
"
1000,"FL
"
1001,"FL
"
1002,"
"
1003,"FL
"
1004,"CA
"
1005,"
"
1006,"AR
"
1007,"FL
"
1008,"FL
"
1009,"
"
1010,"FL
"
1011,"
"
1012,"FL
"
1013,"FL
"
1014,"
"
1015,"GA
"
1016,"FL
"
1017,"GA
"
1018,"
"
1019,"
"
1020,"
"
1021,"
"
1022,"FL
"
1023,"GA
"
1024,"NJ
"
1025,"DE
"
1026,"
"
1027,"
"
1028,"
"
1029,"NY
"
1030,"NY
"
1031,"
"
1032,"NY
"
1033,"NJ
"
1034,"OH
"
1035,"FL
"
1036,"
"
1037,"
"
1038,"
"
1039,"DE
"
1040,"NY
"
1041,"NY
"
1042,"FL
"
1043,"NY
"
1044,"
"
1045,"NY
"
1046,"NY
"
1047,"
"
1048,"
"
1049,"NY
"
1050,"KY
"
1051,"OH
"
1052,"OH
"
1053,"FL
"
1054,"AZ
"
1055,"OH
"
1056,"KY
"
1057,"FL
"
1058,"FL
"
1059,"FL
"
1060,"FL
"
1061,"FL
"
1062,"FL
"
1063,"FL
"
1064,"FL
"
1065,"FL
"
1066,"GA
"
1067,"FL
"
1068,"FL
"
1069,"FL
"
1070,"OH
"
1071,"KY
"
1072,"FL
"
1073,"GA
"
1074,"GA
"
1075,"OH
"
1076,"DE
"
1077,"TX
"
1078,"OH
"
1079,"OH
"
1080,"OH
"
1081,"OH
"
1082,"OH
"
1083,"OH
"
1084,"CA
"
1085,"OH
"
1086,"OH
"
1087,"AZ
"
1088,"AZ
"
1089,"AZ
"
1090,"FL
"
1091,"
"
1092,"CA
"
1093,"
"
1094,"AZ
"
1095,"AZ
"
1096,"FL
"
1097,"
"
1098,"TX
"
1099,"TX
"
1100,"FL
"
1101,"FL
"
1102,"
"
1103,"
"
1104,"
"
1105,"
"
1106,"
"
1107,"
"
1108,"FL
"
1109,"
"
1110,"FL
"
1111,"TX
"
1112,"FL
"
1113,"
"
1114,"
"
1115,"FL
"
1116,"FL
"
1117,"
"
1118,"CA
"
1119,"FL
"
1120,"FL
"
1121,"
"
1122,"
"
1123,"TX
"
1124,"TX
"
1125,"TX
"
1126,"TX
"
1127,"
"
1128,"
"
1129,"TX
"
1130,"
"
1131,"
"
1132,"
"
1133,"
"
1134,"
"
1135,"CA
"
1136,"
"
1137,"TX
"
1138,"TX
"
1139,"CO
"
1140,"
"
1141,"TX
"
1142,"
"
1143,"
"
1144,"TX
"
1145,"AZ
"
1146,"TX
"
1147,"TX
"
1148,"CA
"
1149,"TX
"
1150,"CO
"
1151,"
"
1152,"TX
"
1153,"CO
"
1154,"CA
"
1155,"CA
"
1156,"
"
1157,"
"
1158,"
"
1159,"CA
"
1160,"
"
1161,"
"
1162,"CA
"
1163,"
"
1164,"
"
1165,"
"
1166,"CA
"
1167,"
"
1168,"
"
1169,"
"
1170,"
"
1171,"
"
1172,"
"
1173,"
"
1174,"
"
1175,"CA
"
1176,"CA
"
1177,"
"
1178,"
"
1179,"
"
1180,"
"
1181,"
"
1182,"
"
1183,"WA
"
1184,"CA
"
1185,"
"
1186,"
"
1187,"
"
1188,"CA
"
1189,"CA
"
1190,"CA
"
1191,"CA
"
1192,"CA
"
1193,"WA
"
1194,"CA
"
1195,"CA
"
1196,"CA
"
1197,"
"
1198,"
"
1199,"
"
1200,"
"
1201,"
"
1202,"WA
"
1203,"WA
"
1204,"WA
"
1205,"
"
1206,"WA
"
1207,"WA
"
1208,"WA
"
1209,"WA
"
1210,"WA
"
1211,"WA
"
1212,"
"
1213,"WA
"
1214,"
"
1215,"WA
"
1216,"WA
"
1217,"CA
"
1218,"WA
"
1219,"
"
1220,"OR
"
1221,"WA
"
1222,"WA
"
1223,"WA
"
1224,"WA
"
1225,"WA
"
1226,"
"
1227,"WA
"
1228,"WA
"
1229,"WA
"
1230,"WA
"
1231,"WA
"
1232,"WA
"
1233,"WA
"
1234,"WA
"
1235,"WA
"
1236,"WA
"
1237,"
"
1238,"
"
1239,"WA
"
1240,"
"
1241,"
"
1242,"
"
1243,"
"
1244,"
"
1245,"CA
"
1246,"WA
"
1247,"WA
"
1248,"WA
"
1249,"OR
"
1250,"
"
1251,"
"
1252,"
"
1253,"
"
1254,"
"
1255,"
"
1256,"
"
1257,"
"
1258,"CA
"
1259,"
"
1260,"
"
1261,"WA
"
1262,"WA
"
1263,"WA
"
1264,"WA
"
1265,"WA
"
1266,"WA
"
1267,"WA
"
1268,"WA
"
1269,"WA
"
1270,"WA
"
1271,"WA
"
1272,"WA
"
1273,"
"
1274,"
"
1275,"
"
1276,"
"
1277,"
"
1278,"MD
"
1279,"
"
1280,"CA
"
1281,"
"
1282,"
"
1283,"WA
"
1284,"WA
"
1285,"
"
1286,"WA
"
1287,"
"
1288,"WA
"
1289,"WA
"
1290,"
"
1291,"
"
1292,"
"
1293,"
"
1294,"
"
1295,"CA
"
1296,"CA
"
1297,"CA
"
1298,"CA
"
1299,"WA
"
1300,"WA
"
1301,"WA
"
1302,"WA
"
1303,"WA
"
1304,"
"
1305,"WA
"
1306,"WA
"
1307,"
"
1308,"
"
1309,"
"
1310,"
"
1311,"NY
"
1312,"
"
1313,"MN
"
1314,"NY
"
1315,"CA
"
1316,"CA
"
1317,"CA
"
1318,"CA
"
1319,"CA
"
1320,"
"
1321,"WA
"
1322,"WA
"
1323,"WA
"
1324,"
"
1325,"
"
1326,"
"
1327,"WA
"
1328,"WA
"
1329,"WA
"
1330,"WA
"
1331,"WA
"
1332,"WA
"
1333,"
"
1334,"
"
1335,"
"
1336,"
"
1337,"
"
1338,"
"
1339,"
"
1340,"
"
1341,"
"
1342,"
"
1343,"OH
"
1344,"CA
"
1345,"CA
"
1346,"WA
"
1347,"CA
"
1348,"CA
"
1349,"WA
"
1350,"WA
"
1351,"WA
"
1352,"WA
"
1353,"WA
"
1354,"WA
"
1355,"WA
"
1356,"WA
"
1357,"WA
"
1358,"WA
"
1359,"
"
1360,"WA
"
1361,"
"
1362,"
"
1363,"
"
1364,"CA
"
1365,"CA
"
1366,"CA
"
1367,"TX
"
1368,"CA
"
1369,"CA
"
1370,"
"
1371,"
"
1372,"WA
"
1373,"WA
"
1374,"WA
"
1375,"WA
"
1376,"WA
"
1377,"WA
"
1378,"WA
"
1379,"WA
"
1380,"WA
"
1381,"WA
"
1382,"WA
"
1383,"WA
"
1384,"WA
"
1385,"WA
"
1386,"WA
"
1387,"
"
1388,"
"
1389,"AR
"
1390,"
"
1391,"TX
"
1392,"
"
1393,"
"
1394,"
"
1395,"CA
"
1396,"
"
1397,"
"
1398,"
"
1399,"WA
"
1400,"
"
1401,"
"
1402,"WA
"
1403,"WA
"
1404,"WA
"
1405,"WA
"
1406,"
"
1407,"WA
"
1408,"WA
"
1409,"CA
"
1410,"NJ
"
1411,"NY
"
1412,"OH
"
1413,"OH
"
1414,"NJ
"
1415,"IL
"
1416,"FL
"
1417,"FL
"
1418,"FL
"
1419,"MD
"
1420,"CA
"
1421,"MI
"
1422,"MI
"
1423,"MI
"
1424,"NJ
"
1425,"ID
"
1426,"MI
"
1427,"IL
"
1428,"NJ
"
1429,"AR
"
1430,"NY
"
1431,"AR
"
1432,"PA
"
1433,"NY
"
1434,"IL
"
1435,"NY
"
1436,"AR
"
1437,"OR
"
1438,"NY
"
1439,"OH
"
1440,"PA
"
1441,"NY
"
1442,"NJ
"
1443,"OH
"
1444,"PA
"
1445,"TN
"
1446,"OH
"
1447,"PA
"
1448,"OH
"
1449,"OH
"
1450,"OH
"
1451,"TN
"
1452,"NJ
"
1453,"NJ
"
1454,"TN
"
1455,"OH
"
1456,"OH
"
1457,"OH
"
1458,"AR
"
1459,"CA
"
1460,"TN
"
1461,"CA
"
1462,"CA
"
1463,"AZ
"
1464,"TX
"
1465,"CA
"
1466,"CA
"
1467,"AZ
"
1468,"TX
"
1469,"OR
"
1470,"AZ
"
1471,"NJ
"
1472,"
"
1473,"OR
"
1474,"CA
"
1475,"CA
"
1476,"CA
"
1477,"CA
"
1478,"CA
"
1479,"
"
1480,"CA
"
1481,"CA
"
1482,"CA
"
1483,"CA
"
1484,"CA
"
1485,"CA
"
1486,"CA
"
1487,"CA
"
1488,"CA
"
1489,"CA
"
1490,"CA
"
1491,"CA
"
1492,"CA
"
1493,"CA
"
1494,"OR
"
1495,"CA
"
1496,"CA
"
1497,"CA
"
1498,"CA
"
1499,"
"
1500,"CA
"
1501,"CA
"
1502,"AZ
"
1503,"AZ
"
1504,"CA
"
1505,"
"
1506,"AZ
"
1507,"CA
"
1508,"CA
"
1509,"CA
"
1510,"CA
"
1511,"
"
1512,"CA
"
1513,"CA
"
1514,"CA
"
1515,"CA
"
1516,"
"
1517,"CA
"
1518,"CA
"
1519,"CA
"
1520,"AZ
"
1521,"AZ
"
1522,"CA
"
1523,"CA
"
1524,"CA
"
1525,"CA
"
1526,"CA
"
1527,"CA
"
1528,"AZ
"
1529,"AZ
"
1530,"AZ
"
1531,"CA
"
1532,"AZ
"
1533,"CA
"
1534,"AZ
"
1535,"CA
"
1536,"
"
1537,"
"
1538,"CA
"
1539,"CA
"
1540,"AZ
"
1541,"AZ
"
1542,"CA
"
1543,"CA
"
1544,"AZ
"
1545,"CA
"
1546,"CA
"
1547,"CA
"
1548,"AZ
"
1549,"AZ
"
1550,"AZ
"
1551,"AZ
"
1552,"CA
"
1553,"AZ
"
1554,"AZ
"
1555,"CA
"
1556,"CA
"
1557,"AZ
"
1558,"AZ
"
1559,"CA
"
1560,"AZ
"
1561,"AZ
"
1562,"AZ
"
1563,"
"
1564,"GA
"
1565,"FL
"
1566,"GA
"
1567,"
"
1568,"FL
"
1569,"
"
1570,"
"
1571,"MI
"
1572,"
"
1573,"
"
1574,"
"
1575,"
"
1576,"
"
1577,"CA
"
1578,"
"
1579,"
"
1580,"
"
1581,"IL
"
1582,"
"
1583,"MI
"
1584,"MI
"
1585,"
"
1586,"
"
1587,"
"
1588,"FL
"
1589,"FL
"
1590,"FL
"
1591,"
"
1592,"
"
1593,"
"
1594,"GA
"
1595,"FL
"
1596,"GA
"
1597,"GA
"
1598,"FL
"
1599,"AZ
"
1600,"TX
"
1601,"
"
1602,"
"
1603,"FL
"
1604,"
"
1605,"
"
1606,"
"
1607,"
"
1608,"MD
"
1609,"
"
1610,"
"
1611,"
"
1612,"
"
1613,"
"
1614,"TX
"
1615,"GA
"
1616,"
"
1617,"GA
"
1618,"
"
1619,"
"
1620,"VA
"
1621,"
"
1622,"MD
"
1623,"
"
1624,"
"
1625,"AZ
"
1626,"
"
1627,"
"
1628,"
"
1629,"NJ
"
1630,"MI
"
1631,"
"
1632,"
"
1633,"MI
"
1634,"MI
"
1635,"MI
"
1636,"IN
"
1637,"MI
"
1638,"
"
1639,"
"
1640,"MI
"
1641,"
"
1642,"
"
1643,"MI
"
1644,"MI
"
1645,"MI
"
1646,"MI
"
1647,"MI
"
1648,"
"
1649,"AZ
"
1650,"IN
"
1651,"GA
"
1652,"
"
1653,"GA
"
1654,"
"
1655,"AZ
"
1656,"AZ
"
1657,"
"
1658,"
"
1659,"
"
1660,"AZ
"
1661,"FL
"
1662,"AZ
"
1663,"
"
1664,"
"
1665,"AZ
"
1666,"
"
1667,"
"
1668,"
"
1669,"
"
1670,"
"
1671,"
"
1672,"
"
1673,"
"
1674,"
"
1675,"
"
1676,"
"
1677,"
"
1678,"
"
1679,"
"
1680,"
"
1681,"
"
1682,"
"
1683,"
"
1684,"
"
1685,"
"
1686,"
"
1687,"
"
1688,"
"
1689,"
"
1690,"
"
1691,"
"
1692,"
"
1693,"NJ
"
1694,"
"
1695,"NJ
"
1696,"
"
1697,"
"
1698,"NY
"
1699,"
"
1700,"
"
1701,"
"
1702,"
"
1703,"NJ
"
1704,"
"
1705,"NY
"
1706,"NY
"
1707,"
"
1708,"NY
"
1709,"
"
1710,"NJ
"
1711,"
"
1712,"
"
1713,"
"
1714,"
"
1715,"FL
"
1716,"NY
"
1717,"MA
"
1718,"
"
1719,"NJ
"
1720,"
"
1721,"
"
1722,"NC
"
1723,"
"
1724,"
"
1725,"
"
1726,"
"
1727,"
"
1728,"
"
1729,"GA
"
1730,"NC
"
1731,"
"
1732,"
"
1733,"
"
1734,"FL
"
1735,"AZ
"
1736,"
"
1737,"NJ
"
1738,"AZ
"
1739,"AZ
"
1740,"AZ
"
1741,"
"
1742,"GA
"
1743,"NY
"
1744,"KY
"
1745,"KY
"
1746,"OH
"
1747,"
"
1748,"OH
"
1749,"AZ
"
1750,"KY
"
1751,"MI
"
1752,"MI
"
1753,"
"
1754,"
"
1755,"MI
"
1756,"GA
"
1757,"OH
"
1758,"
"
1759,"NJ
"
1760,"OH
"
1761,"
"
1762,"GA
"
1763,"GA
"
1764,"NY
"
1765,"GA
"
1766,"IN
"
1767,"MI
"
1768,"
"
1769,"
"
1770,"
"
1771,"
"
1772,"GA
"
1773,"AZ
"
1774,"
"
1775,"FL
"
1776,"AZ
"
1777,"AZ
"
1778,"GA
"
1779,"AZ
"
1780,"
"
1781,"
"
1782,"
"
1783,"TX
"
1784,"TX
"
1785,"CA
"
1786,"
"
1787,"
"
1788,"
"
1789,"TX
"
1790,"
"
1791,"TX
"
1792,"TX
"
1793,"
"
1794,"AZ
"
1795,"AZ
"
1796,"MI
"
1797,"TX
"
1798,"TX
"
1799,"
"
1800,"TX
"
1801,"
"
1802,"TX
"
1803,"
"
1804,"
"
1805,"
"
1806,"AZ
"
1807,"TX
"
1808,"TX
"
1809,"
"
1810,"
"
1811,"AZ
"
1812,"
"
1813,"AZ
"
1814,"TX
"
1815,"AZ
"
1816,"AZ
"
1817,"TX
"
1818,"AZ
"
1819,"TX
"
1820,"
"
1821,"TX
"
1822,"TX
"
1823,"
"
1824,"
"
1825,"
"
1826,"TX
"
1827,"AZ
"
1828,"
"
1829,"CA
"
1830,"CA
"
1831,"
"
1832,"
"
1833,"CA
"
1834,"
"
1835,"IL
"
1836,"CA
"
1837,"
"
1838,"
"
1839,"WA
"
1840,"CA
"
1841,"AZ
"
1842,"
"
1843,"
"
1844,"CA
"
1845,"CA
"
1846,"
"
1847,"
"
1848,"AZ
"
1849,"
"
1850,"AZ
"
1851,"
"
1852,"CA
"
1853,"MN
"
1854,"OH
"
1855,"CA
"
1856,"CA
"
1857,"MN
"
1858,"CA
"
1859,"CA
"
1860,"CA
"
1861,"CA
"
1862,"MN
"
1863,"CA
"
1864,"CA
"
1865,"RI
"
1866,"CA
"
1867,"MN
"
1868,"CA
"
1869,"CA
"
1870,"OR
"
1871,"OH
"
1872,"CA
"
1873,"TX
"
1874,"CA
"
1875,"RI
"
1876,"MN
"
1877,"OH
"
1878,"CA
"
1879,"CA
"
1880,"RI
"
1881,"CA
"
1882,"RI
"
1883,"CA
"
1884,"ID
"
1885,"CA
"
1886,"CA
"
1887,"
"
1888,"OH
"
1889,"CA
"
1890,"RI
"
1891,"AZ
"
1892,"CA
"
1893,"MN
"
1894,"OH
"
1895,"CA
"
1896,"TX
"
1897,"TX
"
1898,"CA
"
1899,"CA
"
1900,"CA
"
1901,"CA
"
1902,"ID
"
1903,"RI
"
1904,"CA
"
1905,"CA
"
1906,"AR
"
1907,"AR
"
1908,"WA
"
1909,"AZ
"
1910,"CA
"
1911,"CA
"
1912,"TX
"
1913,"OH
"
1914,"CA
"
1915,"CA
"
1916,"ID
"
1917,"CA
"
1918,"CA
"
1919,"RI
"
1920,"WA
"
1921,"AZ
"
1922,"OH
"
1923,"CA
"
1924,"CA
"
1925,"CA
"
1926,"AR
"
1927,"CA
"
1928,"CA
"
1929,"AZ
"
1930,"CA
"
1931,"TX
"
1932,"OH
"
1933,"TX
"
1934,"MN
"
1935,"OH
"
1936,"OH
"
1937,"OH
"
1938,"CA
"
1939,"OH
"
1940,"CA
"
1941,"OH
"
1942,"CA
"
1943,"FL
"
1944,"FL
"
1945,"FL
"
1946,"FL
"
1947,"FL
"
1948,"FL
"
1949,"CA
"
1950,"FL
"
1951,"
"
1952,"FL
"
1953,"FL
"
1954,"FL
"
1955,"
"
1956,"FL
"
1957,"FL
"
1958,"FL
"
1959,"FL
"
1960,"FL
"
1961,"AR
"
1962,"WA
"
1963,"FL
"
1964,"FL
"
1965,"FL
"
1966,"FL
"
1967,"FL
"
1968,"FL
"
1969,"FL
"
1970,"FL
"
1971,"FL
"
1972,"FL
"
1973,"FL
"
1974,"FL
"
1975,"
"
1976,"
"
1977,"FL
"
1978,"FL
"
1979,"FL
"
1980,"FL
"
1981,"FL
"
1982,"FL
"
1983,"FL
"
1984,"FL
"
1985,"CA
"
1986,"FL
"
1987,"FL
"
1988,"FL
"
1989,"TX
"
1990,"RI
"
1991,"FL
"
1992,"FL
"
1993,"FL
"
1994,"FL
"
1995,"FL
"
1996,"FL
"
1997,"FL
"
1998,"TX
"
1999,"FL
"
2000,"FL
"
2001,"NC
"
2002,"MN
"
2003,"CA
"
2004,"CA
"
2005,"MN
"
2006,"NC
"
2007,"MD
"
2008,"MN
"
2009,"TX
"
2010,"CA
"
2011,"MD
"
2012,"MN
"
2013,"NC
"
2014,"MD
"
2015,"NC
"
2016,"MN
"
2017,"TX
"
2018,"CA
"
2019,"MN
"
2020,"MN
"
2021,"CA
"
2022,"CA
"
2023,"MN
"
2024,"NC
"
2025,"CA
"
2026,"CA
"
2027,"MN
"
2028,"MD
"
2029,"MN
"
2030,"TX
"
2031,"CA
"
2032,"MI
"
2033,"MI
"
2034,"CA
"
2035,"MI
"
2036,"CA
"
2037,"MI
"
2038,"CA
"
2039,"MI
"
2040,"OH
"
2041,"MI
"
2042,"CA
"
2043,"CA
"
2044,"OH
"
2045,"CA
"
2046,"MI
"
2047,"CA
"
2048,"MI
"
2049,"OH
"
2050,"OH
"
2051,"MI
"
2052,"CA
"
2053,"CA
"
2054,"OH
"
2055,"MI
"
2056,"CA
"
2057,"MI
"
2058,"CA
"
2059,"
"
2060,"CA
"
2061,"CA
"
2062,"OH
"
2063,"MI
"
2064,"CA
"
2065,"MI
"
2066,"CA
"
2067,"MI
"
2068,"CA
"
2069,"CA
"
2070,"MI
"
2071,"CA
"
2072,"MN
"
2073,"MI
"
2074,"CA
"
2075,"CA
"
2076,"CA
"
2077,"MI
"
2078,"MI
"
2079,"MI
"
2080,"TX
"
2081,"CA
"
2082,"CA
"
2083,"CA
"
2084,"MI
"
2085,"CA
"
2086,"MI
"
2087,"CA
"
2088,"NJ
"
2089,"ME
"
2090,"CA
"
2091,"NY
"
2092,"CA
"
2093,"CA
"
2094,"NJ
"
2095,"NJ
"
2096,"NY
"
2097,"ME
"
2098,"CA
"
2099,"CA
"
2100,"CA
"
2101,"CA
"
2102,"NY
"
2103,"CA
"
2104,"MN
"
2105,"NJ
"
2106,"NY
"
2107,"CA
"
2108,"CA
"
2109,"NJ
"
2110,"NJ
"
2111,"MD
"
2112,"NY
"
2113,"CA
"
2114,"MN
"
2115,"CA
"
2116,"CA
"
2117,"MD
"
2118,"
"
2119,"CA
"
2120,"CA
"
2121,"ME
"
2122,"
"
2123,"PA
"
2124,"CA
"
2125,"MD
"
2126,"CA
"
2127,"NY
"
2128,"ME
"
2129,"CA
"
2130,"CA
"
2131,"CA
"
2132,"CA
"
2133,"NJ
"
2134,"CA
"
2135,"NY
"
2136,"NJ
"
2137,"CA
"
2138,"NJ
"
2139,"CA
"
2140,"NY
"
2141,"NJ
"
2142,"CA
"
2143,"NY
"
2144,"ME
"
2145,"CA
"
2146,"ME
"
2147,"CA
"
2148,"MN
"
2149,"CA
"
2150,"PA
"
2151,"CA
"
2152,"
"
2153,"CA
"
2154,"CA
"
2155,"NY
"
2156,"NY
"
2157,"CA
"
2158,"NJ
"
2159,"CA
"
2160,"TX
"
2161,"KY
"
2162,"KY
"
2163,"CA
"
2164,"PA
"
2165,"CA
"
2166,"MN
"
2167,"OH
"
2168,"MI
"
2169,"CA
"
2170,"CA
"
2171,"PA
"
2172,"OH
"
2173,"IN
"
2174,"MN
"
2175,"CA
"
2176,"CA
"
2177,"PA
"
2178,"CA
"
2179,"CA
"
2180,"CA
"
2181,"CA
"
2182,"OH
"
2183,"CA
"
2184,"CA
"
2185,"CA
"
2186,"CA
"
2187,"CA
"
2188,"CA
"
2189,"CA
"
2190,"PA
"
2191,"OH
"
2192,"PA
"
2193,"CA
"
2194,"CA
"
2195,"MN
"
2196,"CA
"
2197,"PA
"
2198,"CA
"
2199,"OH
"
2200,"CA
"
2201,"PA
"
2202,"CA
"
2203,"CA
"
2204,"NC
"
2205,"MN
"
2206,"CA
"
2207,"CA
"
2208,"PA
"
2209,"PA
"
2210,"PA
"
2211,"TX
"
2212,"CA
"
2213,"CA
"
2214,"OH
"
2215,"IL
"
2216,"CA
"
2217,"OH
"
2218,"MN
"
2219,"TX
"
2220,"CA
"
2221,"OH
"
2222,"IL
"
2223,"TX
"
2224,"TX
"
2225,"AZ
"
2226,"AR
"
2227,"
"
2228,"CA
"
2229,"CA
"
2230,"CA
"
2231,"TX
"
2232,"TX
"
2233,"
"
2234,"AR
"
2235,"TX
"
2236,"OH
"
2237,"CA
"
2238,"TX
"
2239,"
"
2240,"AR
"
2241,"IL
"
2242,"IL
"
2243,"OH
"
2244,"
"
2245,"TX
"
2246,"AR
"
2247,"OH
"
2248,"AR
"
2249,"KS
"
2250,"IL
"
2251,"OH
"
2252,"AR
"
2253,"TX
"
2254,"TX
"
2255,"TX
"
2256,"OH
"
2257,"TX
"
2258,"OH
"
2259,"AR
"
2260,"IL
"
2261,"TX
"
2262,"TX
"
2263,"TX
"
2264,"OH
"
2265,"AR
"
2266,"MN
"
2267,"CA
"
2268,"AR
"
2269,"OH
"
2270,"AR
"
2271,"TX
"
2272,"TX
"
2273,"CA
"
2274,"CA
"
2275,"CA
"
2276,"CA
"
2277,"CA
"
2278,"AR
"
2279,"ID
"
2280,"CA
"
2281,"RI
"
2282,"MN
"
2283,"MN
"
2284,"ID
"
2285,"CA
"
2286,"CA
"
2287,"ID
"
2288,"RI
"
2289,"CA
"
2290,"RI
"
2291,"ID
"
2292,"OH
"
2293,"TX
"
2294,"RI
"
2295,"OH
"
2296,"CA
"
2297,"ID
"
2298,"CA
"
2299,"MN
"
2300,"AR
"
2301,"CA
"
2302,"CA
"
2303,"WA
"
2304,"OH
"
2305,"AZ
"
2306,"CA
"
2307,"CA
"
2308,"CA
"
2309,"CA
"
2310,"CA
"
2311,"AZ
"
2312,"FL
"
2313,"AZ
"
2314,"AZ
"
2315,"CA
"
2316,"AZ
"
2317,"AZ
"
2318,"CA
"
2319,"AZ
"
2320,"CA
"
2321,"AZ
"
2322,"CA
"
2323,"CA
"
2324,"AZ
"
2325,"AZ
"
2326,"CA
"
2327,"CA
"
2328,"CA
"
2329,"AZ
"
2330,"AZ
"
2331,"AZ
"
2332,"AZ
"
2333,"CA
"
2334,"CA
"
2335,"AZ
"
2336,"AZ
"
2337,"AZ
"
2338,"CA
"
2339,"CA
"
2340,"CA
"
2341,"CA
"
2342,"AZ
"
2343,"AZ
"
2344,"CA
"
2345,"
"
2346,"AZ
"
2347,"AZ
"
2348,"FL
"
2349,"CA
"
2350,"
"
2351,"
"
2352,"CA
"
2353,"CA
"
2354,"CA
"
2355,"CA
"
2356,"CA
"
2357,"CA
"
2358,"CA
"
2359,"
"
2360,"CA
"
2361,"CA
"
2362,"CA
"
2363,"TX
"
2364,"
"
2365,"CA
"
2366,"CA
"
2367,"OH
"
2368,"CA
"
2369,"FL
"
2370,"CA
"
2371,"
"
2372,"CA
"
2373,"CA
"
2374,"CA
"
2375,"CA
"
2376,"
"
2377,"CA
"
2378,"
"
2379,"
"
2380,"CA
"
2381,"
"
2382,"
"
2383,"
"
2384,"CA
"
2385,"
"
2386,"CA
"
2387,"CA
"
2388,"CA
"
2389,"FL
"
2390,"CA
"
2391,"CA
"
2392,"CA
"
2393,"CA
"
2394,"CA
"
2395,"CA
"
2396,"CA
"
2397,"CA
"
2398,"CA
"
2399,"CA
"
2400,"CA
"
2401,"CA
"
2402,"CA
"
2403,"CA
"
2404,"CA
"
2405,"CA
"
2406,"CA
"
2407,"CA
"
2408,"
"
2409,"CA
"
2410,"CA
"
2411,"
"
2412,"
"
2413,"CA
"
2414,"OH
"
2415,"MN
"
2416,"CA
"
2417,"CA
"
2418,"CA
"
2419,"OR
"
2420,"
"
2421,"
"
2422,"
"
2423,"CA
"
2424,"CA
"
2425,"CA
"
2426,"
"
2427,"MN
"
2428,"CA
"
2429,"
"
2430,"CA
"
2431,"MN
"
2432,"CA
"
2433,"CA
"
2434,"
"
2435,"CA
"
2436,"CA
"
2437,"
"
2438,"CA
"
2439,"CA
"
2440,"CA
"
2441,"CA
"
2442,"CA
"
2443,"CA
"
2444,"CA
"
2445,"CA
"
2446,"CA
"
2447,"CA
"
2448,"
"
2449,"FL
"
2450,"CA
"
2451,"OR
"
2452,"CA
"
2453,"CA
"
2454,"CA
"
2455,"CA
"
2456,"CA
"
2457,"CA
"
2458,"AZ
"
2459,"TX
"
2460,"FL
"
2461,"IL
"
2462,"AZ
"
2463,"
"
2464,"CO
"
2465,"CA
"
2466,"
"
2467,"CA
"
2468,"CA
"
2469,"CA
"
2470,"CA
"
2471,"TX
"
2472,"CA
"
2473,"CA
"
2474,"CA
"
2475,"CA
"
2476,"CO
"
2477,"TX
"
2478,"CO
"
2479,"CO
"
2480,"CA
"
2481,"FL
"
2482,"TX
"
2483,"CA
"
2484,"CA
"
2485,"
"
2486,"TX
"
2487,"NY
"
2488,"
"
2489,"
"
2490,"
"
2491,"FL
"
2492,"FL
"
2493,"FL
"
2494,"TX
"
2495,"TX
"
2496,"CA
"
2497,"
"
2498,"FL
"
2499,"TX
"
2500,"TX
"
2501,"IL
"
2502,"
"
2503,"
"
2504,"FL
"
2505,"
"
2506,"FL
"
2507,"
"
2508,"TX
"
2509,"CA
"
2510,"
"
2511,"FL
"
2512,"IL
"
2513,"FL
"
2514,"AR
"
2515,"TX
"
2516,"FL
"
2517,"FL
"
2518,"
"
2519,"IL
"
2520,"FL
"
2521,"AR
"
2522,"FL
"
2523,"FL
"
2524,"GA
"
2525,"
"
2526,"GA
"
2527,"CA
"
2528,"
"
2529,"FL
"
2530,"
"
2531,"FL
"
2532,"
"
2533,"
"
2534,"NY
"
2535,"TX
"
2536,"IL
"
2537,"FL
"
2538,"FL
"
2539,"FL
"
2540,"
"
2541,"
"
2542,"
"
2543,"
"
2544,"
"
2545,"FL
"
2546,"
"
2547,"
"
2548,"
"
2549,"FL
"
2550,"NC
"
2551,"FL
"
2552,"TX
"
2553,"FL
"
2554,"FL
"
2555,"GA
"
2556,"CA
"
2557,"
"
2558,"CA
"
2559,"
"
2560,"FL
"
2561,"
"
2562,"
"
2563,"FL
"
2564,"AR
"
2565,"FL
"
2566,"FL
"
2567,"FL
"
2568,"
"
2569,"
"
2570,"MD
"
2571,"
"
2572,"
"
2573,"
"
2574,"
"
2575,"
"
2576,"
"
2577,"
"
2578,"
"
2579,"
"
2580,"FL
"
2581,"FL
"
2582,"FL
"
2583,"
"
2584,"
"
2585,"
"
2586,"
"
2587,"
"
2588,"MD
"
2589,"TX
"
2590,"VA
"
2591,"
"
2592,"MD
"
2593,"MD
"
2594,"VA
"
2595,"
"
2596,"DE
"
2597,"MD
"
2598,"
"
2599,"VA
"
2600,"
"
2601,"
"
2602,"
"
2603,"DE
"
2604,"VA
"
2605,"MD
"
2606,"MD
"
2607,"
"
2608,"FL
"
2609,"TX
"
2610,"MD
"
2611,"MD
"
2612,"FL
"
2613,"
"
2614,"
"
2615,"MD
"
2616,"FL
"
2617,"TX
"
2618,"
"
2619,"FL
"
2620,"FL
"
2621,"TX
"
2622,"
"
2623,"FL
"
2624,"
"
2625,"
"
2626,"FL
"
2627,"CA
"
2628,"
"
2629,"CA
"
2630,"CA
"
2631,"FL
"
2632,"
"
2633,"
"
2634,"FL
"
2635,"TX
"
2636,"CA
"
2637,"IL
"
2638,"FL
"
2639,"FL
"
2640,"IN
"
2641,"
"
2642,"FL
"
2643,"FL
"
2644,"FL
"
2645,"FL
"
2646,"
"
2647,"GA
"
2648,"
"
2649,"CA
"
2650,"FL
"
2651,"
"
2652,"
"
2653,"OH
"
2654,"
"
2655,"FL
"
2656,"CA
"
2657,"
"
2658,"
"
2659,"CA
"
2660,"
"
2661,"
"
2662,"
"
2663,"FL
"
2664,"
"
2665,"
"
2666,"CA
"
2667,"OH
"
2668,"IL
"
2669,"
"
2670,"
"
2671,"
"
2672,"GA
"
2673,"CA
"
2674,"
"
2675,"
"
2676,"
"
2677,"TX
"
2678,"
"
2679,"CA
"
2680,"CA
"
2681,"CA
"
2682,"GA
"
2683,"
"
2684,"
"
2685,"
"
2686,"FL
"
2687,"IL
"
2688,"CA
"
2689,"
"
2690,"FL
"
2691,"
"
2692,"AR
"
2693,"
"
2694,"FL
"
2695,"NC
"
2696,"
"
2697,"
"
2698,"OH
"
2699,"
"
2700,"FL
"
2701,"
"
2702,"CA
"
2703,"
"
2704,"OH
"
2705,"
"
2706,"FL
"
2707,"
"
2708,"AR
"
2709,"CA
"
2710,"
"
2711,"
"
2712,"FL
"
2713,"
"
2714,"CA
"
2715,"
"
2716,"OH
"
2717,"
"
2718,"
"
2719,"FL
"
2720,"MN
"
2721,"CA
"
2722,"
"
2723,"NC
"
2724,"
"
2725,"
"
2726,"NC
"
2727,"
"
2728,"AR
"
2729,"
"
2730,"CA
"
2731,"
"
2732,"NC
"
2733,"NC
"
2734,"
"
2735,"
"
2736,"FL
"
2737,"FL
"
2738,"
"
2739,"
"
2740,"
"
2741,"
"
2742,"TX
"
2743,"CA
"
2744,"OH
"
2745,"NJ
"
2746,"FL
"
2747,"
"
2748,"
"
2749,"
"
2750,"FL
"
2751,"FL
"
2752,"
"
2753,"
"
2754,"FL
"
2755,"FL
"
2756,"FL
"
2757,"
"
2758,"
"
2759,"FL
"
2760,"
"
2761,"
"
2762,"FL
"
2763,"FL
"
2764,"FL
"
2765,"
"
2766,"FL
"
2767,"
"
2768,"FL
"
2769,"
"
2770,"
"
2771,"
"
2772,"MD
"
2773,"
"
2774,"
"
2775,"FL
"
2776,"MD
"
2777,"NY
"
2778,"
"
2779,"
"
2780,"FL
"
2781,"CA
"
2782,"FL
"
2783,"GA
"
2784,"GA
"
2785,"
"
2786,"
"
2787,"
"
2788,"
"
2789,"
"
2790,"FL
"
2791,"
"
2792,"
"
2793,"
"
2794,"
"
2795,"
"
2796,"OH
"
2797,"
"
2798,"
"
2799,"TX
"
2800,"
"
2801,"NY
"
2802,"
"
2803,"NY
"
2804,"
"
2805,"
"
2806,"
"
2807,"CA
"
2808,"
"
2809,"
"
2810,"
"
2811,"
"
2812,"NY
"
2813,"
"
2814,"NY
"
2815,"
"
2816,"NY
"
2817,"MD
"
2818,"FL
"
2819,"
"
2820,"
"
2821,"
"
2822,"
"
2823,"
"
2824,"MD
"
2825,"
"
2826,"
"
2827,"
"
2828,"
"
2829,"GA
"
2830,"OH
"
2831,"
"
2832,"
"
2833,"MD
"
2834,"FL
"
2835,"FL
"
2836,"
"
2837,"FL
"
2838,"FL
"
2839,"
"
2840,"FL
"
2841,"
"
2842,"CA
"
2843,"
"
2844,"AR
"
2845,"OH
"
2846,"KY
"
2847,"FL
"
2848,"PA
"
2849,"FL
"
2850,"FL
"
2851,"CA
"
2852,"FL
"
2853,"FL
"
2854,"FL
"
2855,"MI
"
2856,"NJ
"
2857,"OH
"
2858,"KY
"
2859,"FL
"
2860,"
"
2861,"FL
"
2862,"FL
"
2863,"OH
"
2864,"KY
"
2865,"CA
"
2866,"FL
"
2867,"NJ
"
2868,"FL
"
2869,"OH
"
2870,"KY
"
2871,"GA
"
2872,"FL
"
2873,"GA
"
2874,"FL
"
2875,"OH
"
2876,"KY
"
2877,"IN
"
2878,"NC
"
2879,"GA
"
2880,"PA
"
2881,"KY
"
2882,"KY
"
2883,"
"
2884,"OH
"
2885,"OH
"
2886,"OH
"
2887,"KY
"
2888,"OH
"
2889,"IN
"
2890,"OH
"
2891,"NY
"
2892,"OH
"
2893,"OH
"
2894,"OH
"
2895,"OH
"
2896,"MI
"
2897,"OH
"
2898,"FL
"
2899,"CA
"
2900,"OH
"
2901,"OH
"
2902,"PA
"
2903,"NJ
"
2904,"OH
"
2905,"
"
2906,"OH
"
2907,"GA
"
2908,"FL
"
2909,"NJ
"
2910,"FL
"
2911,"OH
"
2912,"NJ
"
2913,"FL
"
2914,"PA
"
2915,"NJ
"
2916,"FL
"
2917,"AZ
"
2918,"TX
"
2919,"FL
"
2920,"AZ
"
2921,"FL
"
2922,"CA
"
2923,"AR
"
2924,"AZ
"
2925,"AZ
"
2926,"
"
2927,"FL
"
2928,"TX
"
2929,"
"
2930,"TX
"
2931,"
"
2932,"FL
"
2933,"FL
"
2934,"
"
2935,"AZ
"
2936,"
"
2937,"AZ
"
2938,"TX
"
2939,"FL
"
2940,"
"
2941,"
"
2942,"AZ
"
2943,"FL
"
2944,"TX
"
2945,"CA
"
2946,"AZ
"
2947,"
"
2948,"
"
2949,"FL
"
2950,"TX
"
2951,"
"
2952,"CA
"
2953,"
"
2954,"
"
2955,"
"
2956,"
"
2957,"TX
"
2958,"TX
"
2959,"
"
2960,"TX
"
2961,"TX
"
2962,"FL
"
2963,"CA
"
2964,"CA
"
2965,"
"
2966,"CA
"
2967,"TX
"
2968,"
"
2969,"
"
2970,"CA
"
2971,"
"
2972,"
"
2973,"TX
"
2974,"TX
"
2975,"CA
"
2976,"
"
2977,"
"
2978,"
"
2979,"
"
2980,"
"
2981,"TX
"
2982,"TX
"
2983,"
"
2984,"
"
2985,"TX
"
2986,"
"
2987,"CO
"
2988,"TX
"
2989,"CO
"
2990,"TX
"
2991,"CO
"
2992,"
"
2993,"
"
2994,"
"
2995,"
"
2996,"TX
"
2997,"TX
"
2998,"TX
"
2999,"TX
"
3000,"TX
"
3001,"TX
"
3002,"
"
3003,"AZ
"
3004,"TX
"
3005,"
"
3006,"
"
3007,"
"
3008,"
"
3009,"
"
3010,"
"
3011,"CA
"
3012,"CA
"
3013,"CA
"
3014,"
"
3015,"CA
"
3016,"
"
3017,"AR
"
3018,"CA
"
3019,"CA
"
3020,"CA
"
3021,"IL
"
3022,"
"
3023,"
"
3024,"CA
"
3025,"TX
"
3026,"
"
3027,"
"
3028,"
"
3029,"CA
"
3030,"CA
"
3031,"
"
3032,"CA
"
3033,"
"
3034,"CA
"
3035,"
"
3036,"
"
3037,"CA
"
3038,"AR
"
3039,"CA
"
3040,"CA
"
3041,"CA
"
3042,"IL
"
3043,"
"
3044,"CA
"
3045,"CA
"
3046,"CA
"
3047,"
"
3048,"OR
"
3049,"FL
"
3050,"CA
"
3051,"CA
"
3052,"CA
"
3053,"CA
"
3054,"AR
"
3055,"CA
"
3056,"
"
3057,"AZ
"
3058,"CA
"
3059,"
"
3060,"
"
3061,"
"
3062,"CA
"
3063,"CA
"
3064,"
"
3065,"TX
"
3066,"TX
"
3067,"CA
"
3068,"TX
"
3069,"CA
"
3070,"CA
"
3071,"CA
"
3072,"TX
"
3073,"
"
3074,"
"
3075,"
"
3076,"TX
"
3077,"TX
"
3078,"TX
"
3079,"CA
"
3080,"TX
"
3081,"TX
"
3082,"TX
"
3083,"CA
"
3084,"TX
"
3085,"
"
3086,"TX
"
3087,"
"
3088,"
"
3089,"
"
3090,"TX
"
3091,"
"
3092,"TX
"
3093,"
"
3094,"CA
"
3095,"TX
"
3096,"
"
3097,"TX
"
3098,"TX
"
3099,"TX
"
3100,"TX
"
3101,"TX
"
3102,"TX
"
3103,"TX
"
3104,"
"
3105,"FL
"
3106,"
"
3107,"
"
3108,"
"
3109,"
"
3110,"TX
"
3111,"FL
"
3112,"FL
"
3113,"
"
3114,"
"
3115,"
"
3116,"FL
"
3117,"FL
"
3118,"
"
3119,"FL
"
3120,"FL
"
3121,"
"
3122,"FL
"
3123,"FL
"
3124,"FL
"
3125,"
"
3126,"
"
3127,"CA
"
3128,"FL
"
3129,"
"
3130,"WA
"
3131,"FL
"
3132,"FL
"
3133,"MD
"
3134,"FL
"
3135,"
"
3136,"
"
3137,"FL
"
3138,"FL
"
3139,"TX
"
3140,"TX
"
3141,"FL
"
3142,"FL
"
3143,"TX
"
3144,"FL
"
3145,"FL
"
3146,"TX
"
3147,"FL
"
3148,"FL
"
3149,"MI
"
3150,"FL
"
3151,"TX
"
3152,"FL
"
3153,"FL
"
3154,"FL
"
3155,"CA
"
3156,"
"
3157,"CA
"
3158,"CA
"
3159,"
"
3160,"CA
"
3161,"
"
3162,"CA
"
3163,"
"
3164,"TX
"
3165,"
"
3166,"FL
"
3167,"WA
"
3168,"FL
"
3169,"FL
"
3170,"FL
"
3171,"
"
3172,"FL
"
3173,"FL
"
3174,"CA
"
3175,"FL
"
3176,"FL
"
3177,"
"
3178,"
"
3179,"FL
"
3180,"FL
"
3181,"FL
"
3182,"CA
"
3183,"CA
"
3184,"CA
"
3185,"CA
"
3186,"CA
"
3187,"TX
"
3188,"FL
"
3189,"FL
"
3190,"FL
"
3191,"TX
"
3192,"TX
"
3193,"TX
"
3194,"TX
"
3195,"
"
3196,"FL
"
3197,"TX
"
3198,"
"
3199,"TX
"
3200,"TX
"
3201,"CA
"
3202,"TX
"
3203,"TX
"
3204,"TX
"
3205,"TX
"
3206,"
"
3207,"CA
"
3208,"TX
"
3209,"TX
"
3210,"TX
"
3211,"TX
"
3212,"
"
3213,"
"
3214,"TX
"
3215,"
"
3216,"
"
3217,"TX
"
3218,"TX
"
3219,"TX
"
3220,"TX
"
3221,"
"
3222,"TX
"
3223,"TX
"
3224,"
"
3225,"CA
"
3226,"
"
3227,"
"
3228,"
"
3229,"
"
3230,"TX
"
3231,"
"
3232,"
"
3233,"
"
3234,"
"
3235,"
"
3236,"CA
"
3237,"
"
3238,"CA
"
3239,"
"
3240,"FL
"
3241,"CA
"
3242,"CA
"
3243,"
"
3244,"
"
3245,"
"
3246,"CA
"
3247,"CA
"
3248,"CA
"
3249,"
"
3250,"
"
3251,"
"
3252,"
"
3253,"
"
3254,"
"
3255,"
"
3256,"
"
3257,"
"
3258,"CA
"
3259,"
"
3260,"
"
3261,"
"
3262,"
"
3263,"
"
3264,"
"
3265,"
"
3266,"
"
3267,"
"
3268,"
"
3269,"
"
3270,"
"
3271,"
"
3272,"
"
3273,"CA
"
3274,"
"
3275,"
"
3276,"
"
3277,"
"
3278,"
"
3279,"
"
3280,"
"
3281,"
"
3282,"
"
3283,"
"
3284,"
"
3285,"
"
3286,"
"
3287,"
"
3288,"AZ
"
3289,"
"
3290,"
"
3291,"
"
3292,"AZ
"
3293,"
"
3294,"
"
3295,"
"
3296,"
"
3297,"
"
3298,"
"
3299,"
"
3300,"
"
3301,"CA
"
3302,"CA
"
3303,"
"
3304,"CA
"
3305,"CA
"
3306,"CA
"
3307,"CA
"
3308,"CA
"
3309,"CA
"
3310,"CA
"
3311,"AZ
"
3312,"CA
"
3313,"WA
"
3314,"CA
"
3315,"CA
"
3316,"CA
"
3317,"
"
3318,"
"
3319,"CA
"
3320,"AZ
"
3321,"CA
"
3322,"
"
3323,"CA
"
3324,"
"
3325,"
"
3326,"AZ
"
3327,"
"
3328,"
"
3329,"CA
"
3330,"CA
"
3331,"CA
"
3332,"CA
"
3333,"CA
"
3334,"CA
"
3335,"CA
"
3336,"CA
"
3337,"CA
"
3338,"
"
3339,"CA
"
3340,"CA
"
3341,"CA
"
3342,"CA
"
3343,"CA
"
3344,"
"
3345,"CA
"
3346,"CA
"
3347,"CA
"
3348,"CA
"
3349,"CA
"
3350,"CA
"
3351,"
"
3352,"CA
"
3353,"CA
"
3354,"CA
"
3355,"CA
"
3356,"CA
"
3357,"
"
3358,"CA
"
3359,"CA
"
3360,"CA
"
3361,"
"
3362,"CA
"
3363,"
"
3364,"
"
3365,"
"
3366,"CA
"
3367,"CA
"
3368,"CA
"
3369,"
"
3370,"
"
3371,"CA
"
3372,"
"
3373,"
"
3374,"
"
3375,"
"
3376,"CA
"
3377,"CA
"
3378,"CA
"
3379,"CA
"
3380,"CA
"
3381,"CA
"
3382,"CA
"
3383,"CA
"
3384,"CA
"
3385,"CA
"
3386,"CA
"
3387,"MN
"
3388,"CA
"
3389,"
"
3390,"CA
"
3391,"
"
3392,"CA
"
3393,"AZ
"
3394,"
"
3395,"
"
3396,"
"
3397,"
"
3398,"
"
3399,"
"
3400,"
"
3401,"AZ
"
3402,"CA
"
3403,"
"
3404,"CA
"
3405,"WA
"
3406,"CA
"
3407,"CA
"
3408,"CA
"
3409,"CO
"
3410,"CA
"
3411,"CA
"
3412,"CA
"
3413,"CA
"
3414,"CA
"
3415,"CA
"
3416,"TX
"
3417,"
"
3418,"CA
"
3419,"
"
3420,"
"
3421,"
"
3422,"
"
3423,"
"
3424,"
"
3425,"
"
3426,"
"
3427,"
"
3428,"
"
3429,"
"
3430,"FL
"
3431,"
"
3432,"
"
3433,"
"
3434,"
"
3435,"FL
"
3436,"
"
3437,"
"
3438,"
"
3439,"TX
"
3440,"
"
3441,"
"
3442,"CA
"
3443,"
"
3444,"
"
3445,"
"
3446,"
"
3447,"
"
3448,"
"
3449,"
"
3450,"
"
3451,"CA
"
3452,"CA
"
3453,"NC
"
3454,"
"
3455,"AZ
"
3456,"CA
"
3457,"FL
"
3458,"CA
"
3459,"CA
"
3460,"CA
"
3461,"
"
3462,"MN
"
3463,"
"
3464,"CA
"
3465,"
"
3466,"
"
3467,"CA
"
3468,"
"
3469,"
"
3470,"CA
"
3471,"CA
"
3472,"
"
3473,"TX
"
3474,"
"
3475,"CA
"
3476,"
"
3477,"
"
3478,"
"
3479,"
"
3480,"
"
3481,"TX
"
3482,"CA
"
3483,"CA
"
3484,"
"
3485,"CA
"
3486,"TX
"
3487,"
"
3488,"TX
"
3489,"CA
"
3490,"CA
"
3491,"CA
"
3492,"
"
3493,"CA
"
3494,"TX
"
3495,"
"
3496,"
"
3497,"CA
"
3498,"FL
"
3499,"
"
3500,"
"
3501,"CA
"
3502,"
"
3503,"CA
"
3504,"
"
3505,"
"
3506,"
"
3507,"
"
3508,"
"
3509,"
"
3510,"
"
3511,"
"
3512,"FL
"
3513,"
"
3514,"
"
3515,"
"
3516,"FL
"
3517,"
"
3518,"
"
3519,"
"
3520,"AZ
"
3521,"CA
"
3522,"CA
"
3523,"CA
"
3524,"CA
"
3525,"
"
3526,"CA
"
3527,"AZ
"
3528,"CA
"
3529,"CA
"
3530,"
"
3531,"CA
"
3532,"
"
3533,"CA
"
3534,"
"
3535,"MD
"
3536,"CA
"
3537,"CA
"
3538,"
"
3539,"
"
3540,"CA
"
3541,"
"
3542,"CA
"
3543,"CA
"
3544,"CA
"
3545,"CA
"
3546,"
"
3547,"
"
3548,"
"
3549,"CA
"
3550,"CA
"
3551,"
"
3552,"CA
"
3553,"
"
3554,"FL
"
3555,"
"
3556,"
"
3557,"
"
3558,"
"
3559,"
"
3560,"FL
"
3561,"
"
3562,"FL
"
3563,"FL
"
3564,"
"
3565,"
"
3566,"FL
"
3567,"
"
3568,"MI
"
3569,"
"
3570,"
"
3571,"
"
3572,"
"
3573,"
"
3574,"MI
"
3575,"
"
3576,"FL
"
3577,"
"
3578,"
"
3579,"CA
"
3580,"AZ
"
3581,"AZ
"
3582,"AZ
"
3583,"FL
"
3584,"
"
3585,"CA
"
3586,"CA
"
3587,"CA
"
3588,"FL
"
3589,"CA
"
3590,"CA
"
3591,"
"
3592,"CA
"
3593,"CA
"
3594,"
"
3595,"CA
"
3596,"CA
"
3597,"CA
"
3598,"CA
"
3599,"CA
"
3600,"CA
"
3601,"CA
"
3602,"
"
3603,"CA
"
3604,"
"
3605,"CA
"
3606,"
"
3607,"CA
"
3608,"CA
"
3609,"IN
"
3610,"
"
3611,"CA
"
3612,"MI
"
3613,"CA
"
3614,"CA
"
3615,"CA
"
3616,"MI
"
3617,"CA
"
3618,"
"
3619,"NJ
"
3620,"
"
3621,"NY
"
3622,"CA
"
3623,"CA
"
3624,"
"
3625,"
"
3626,"
"
3627,"CA
"
3628,"
"
3629,"
"
3630,"
"
3631,"
"
3632,"
"
3633,"
"
3634,"
"
3635,"
"
3636,"NJ
"
3637,"WA
"
3638,"
"
3639,"
"
3640,"
"
3641,"
"
3642,"
"
3643,"
"
3644,"
"
3645,"FL
"
3646,"
"
3647,"
"
3648,"
"
3649,"
"
3650,"
"
3651,"
"
3652,"
"
3653,"
"
3654,"
"
3655,"
"
3656,"
"
3657,"
"
3658,"
"
3659,"
"
3660,"
"
3661,"
"
3662,"
"
3663,"
"
3664,"
"
3665,"CA
"
3666,"CA
"
3667,"FL
"
3668,"AZ
"
3669,"CA
"
3670,"CA
"
3671,"AZ
"
3672,"FL
"
3673,"CA
"
3674,"CA
"
3675,"CA
"
3676,"CA
"
3677,"CA
"
3678,"CA
"
3679,"
"
3680,"CA
"
3681,"FL
"
3682,"
"
3683,"
"
3684,"CA
"
3685,"CA
"
3686,"CA
"
3687,"
"
3688,"CA
"
3689,"
"
3690,"CA
"
3691,"CA
"
3692,"
"
3693,"CA
"
3694,"
"
3695,"CA
"
3696,"CA
"
3697,"CA
"
3698,"CA
"
3699,"CA
"
3700,"CA
"
3701,"
"
3702,"
"
3703,"CA
"
3704,"CA
"
3705,"CA
"
3706,"CA
"
3707,"CA
"
3708,"
"
3709,"CA
"
3710,"CA
"
3711,"CA
"
3712,"CA
"
3713,"CA
"
3714,"
"
3715,"CA
"
3716,"CA
"
3717,"CA
"
3718,"CA
"
3719,"CA
"
3720,"CA
"
3721,"
"
3722,"CA
"
3723,"CA
"
3724,"
"
3725,"
"
3726,"TX
"
3727,"
"
3728,"
"
3729,"CA
"
3730,"
"
3731,"
"
3732,"
"
3733,"
"
3734,"OH
"
3735,"OH
"
3736,"
"
3737,"
"
3738,"
"
3739,"
"
3740,"OH
"
3741,"KY
"
3742,"OH
"
3743,"
"
3744,"
"
3745,"TX
"
3746,"CA
"
3747,"
"
3748,"
"
3749,"
"
3750,"
"
3751,"
"
3752,"FL
"
3753,"
"
3754,"
"
3755,"
"
3756,"
"
3757,"
"
3758,"WA
"
3759,"
"
3760,"CA
"
3761,"WA
"
3762,"CA
"
3763,"CA
"
3764,"CA
"
3765,"CA
"
3766,"CA
"
3767,"CA
"
3768,"CA
"
3769,"CA
"
3770,"FL
"
3771,"CA
"
3772,"CA
"
3773,"CA
"
3774,"CA
"
3775,"CA
"
3776,"MO
"
3777,"CA
"
3778,"CA
"
3779,"CA
"
3780,"CA
"
3781,"CA
"
3782,"CA
"
3783,"CA
"
3784,"CA
"
3785,"CA
"
3786,"CA
"
3787,"CA
"
3788,"CA
"
3789,"CA
"
3790,"CA
"
3791,"CA
"
3792,"PA
"
3793,"CA
"
3794,"CA
"
3795,"CA
"
3796,"
"
3797,"CA
"
3798,"PA
"
3799,"CA
"
3800,"
"
3801,"
"
3802,"
"
3803,"FL
"
3804,"TX
"
3805,"
"
3806,"
"
3807,"
"
3808,"
"
3809,"
"
3810,"
"
3811,"
"
3812,"
"
3813,"
"
3814,"
"
3815,"
"
3816,"
"
3817,"
"
3818,"
"
3819,"
"
3820,"
"
3821,"
"
3822,"
"
3823,"
"
3824,"
"
3825,"
"
3826,"
"
3827,"
"
3828,"
"
3829,"
"
3830,"
"
3831,"
"
3832,"
"
3833,"
"
3834,"CA
"
3835,"CA
"
3836,"
"
3837,"
"
3838,"CA
"
3839,"
"
3840,"
"
3841,"MN
"
3842,"CA
"
3843,"CA
"
3844,"TX
"
3845,"
"
3846,"TX
"
3847,"CA
"
3848,"MN
"
3849,"CA
"
3850,"MN
"
3851,"CA
"
3852,"CA
"
3853,"
"
3854,"
"
3855,"CA
"
3856,"CA
"
3857,"MN
"
3858,"CA
"
3859,"CA
"
3860,"CA
"
3861,"CA
"
3862,"CA
"
3863,"
"
3864,"CA
"
3865,"MN
"
3866,"CA
"
3867,"CA
"
3868,"TX
"
3869,"TX
"
3870,"
"
3871,"CA
"
3872,"MN
"
3873,"CA
"
3874,"
"
3875,"TX
"
3876,"CA
"
3877,"CA
"
3878,"
"
3879,"CA
"
3880,"CA
"
3881,"MN
"
3882,"CA
"
3883,"CA
"
3884,"
"
3885,"
"
3886,"CA
"
3887,"
"
3888,"
"
3889,"MN
"
3890,"
"
3891,"
"
3892,"CA
"
3893,"TX
"
3894,"CA
"
3895,"
"
3896,"
"
3897,"CA
"
3898,"CA
"
3899,"CA
"
3900,"
"
3901,"FL
"
3902,"CA
"
3903,"
"
3904,"
"
3905,"CA
"
3906,"FL
"
3907,"
"
3908,"
"
3909,"CA
"
3910,"
"
3911,"
"
3912,"
"
3913,"
"
3914,"CA
"
3915,"
"
3916,"CA
"
3917,"CA
"
3918,"CA
"
3919,"CA
"
3920,"CA
"
3921,"
"
3922,"
"
3923,"CA
"
3924,"
"
3925,"CA
"
3926,"CA
"
3927,"CA
"
3928,"
"
3929,"
"
3930,"CA
"
3931,"TX
"
3932,"
"
3933,"
"
3934,"CA
"
3935,"
"
3936,"
"
3937,"
"
3938,"CA
"
3939,"CA
"
3940,"
"
3941,"CA
"
3942,"AZ
"
3943,"CA
"
3944,"CA
"
3945,"CA
"
3946,"CA
"
3947,"CA
"
3948,"CA
"
3949,"CA
"
3950,"CA
"
3951,"CA
"
3952,"CA
"
3953,"CA
"
3954,"CA
"
3955,"CA
"
3956,"CA
"
3957,"CA
"
3958,"
"
3959,"CA
"
3960,"CA
"
3961,"CA
"
3962,"CA
"
3963,"CA
"
3964,"CA
"
3965,"CA
"
3966,"CA
"
3967,"CA
"
3968,"CA
"
3969,"CA
"
3970,"CA
"
3971,"CA
"
3972,"CA
"
3973,"CA
"
3974,"CA
"
3975,"CA
"
3976,"CA
"
3977,"CA
"
3978,"CA
"
3979,"CA
"
3980,"CA
"
3981,"CA
"
3982,"CA
"
3983,"CA
"
3984,"CA
"
3985,"CA
"
3986,"CA
"
3987,"CA
"
3988,"CA
"
3989,"CA
"
3990,"CA
"
3991,"CA
"
3992,"CA
"
3993,"CA
"
3994,"CA
"
3995,"CA
"
3996,"CA
"
3997,"CA
"
3998,"CA
"
3999,"CA
"
4000,"CA
"
4001,"CA
"
4002,"CA
"
4003,"CA
"
4004,"CA
"
4005,"CA
"
4006,"CA
"
4007,"CA
"
4008,"CA
"
4009,"CA
"
4010,"CA
"
4011,"CA
"
4012,"CA
"
4013,"CA
"
4014,"
"
4015,"CA
"
4016,"CA
"
4017,"CA
"
4018,"CA
"
4019,"CA
"
4020,"CA
"
4021,"CA
"
4022,"CO
"
4023,"CA
"
4024,"CA
"
4025,"CA
"
4026,"CA
"
4027,"CA
"
4028,"CA
"
4029,"CO
"
4030,"CA
"
4031,"CA
"
4032,"CA
"
4033,"CA
"
4034,"CA
"
4035,"FL
"
4036,"CA
"
4037,"
"
4038,"CA
"
4039,"CA
"
4040,"CA
"
4041,"CA
"
4042,"TX
"
4043,"CA
"
4044,"CA
"
4045,"CA
"
4046,"
"
4047,"CA
"
4048,"CA
"
4049,"TX
"
4050,"
"
4051,"CA
"
4052,"CA
"
4053,"CA
"
4054,"CA
"
4055,"CA
"
4056,"CA
"
4057,"CA
"
4058,"FL
"
4059,"CA
"
4060,"CA
"
4061,"CA
"
4062,"CA
"
4063,"
"
4064,"
"
4065,"CA
"
4066,"CA
"
4067,"CA
"
4068,"
"
4069,"CA
"
4070,"FL
"
4071,"CA
"
4072,"CA
"
4073,"CA
"
4074,"CA
"
4075,"CA
"
4076,"
"
4077,"CA
"
4078,"CA
"
4079,"
"
4080,"CA
"
4081,"CA
"
4082,"
"
4083,"
"
4084,"TX
"
4085,"CA
"
4086,"CA
"
4087,"CA
"
4088,"MD
"
4089,"CA
"
4090,"CA
"
4091,"CA
"
4092,"TX
"
4093,"CA
"
4094,"CA
"
4095,"CA
"
4096,"MD
"
4097,"CA
"
4098,"CA
"
4099,"
"
4100,"CA
"
4101,"CA
"
4102,"CA
"
4103,"CA
"
4104,"CA
"
4105,"CA
"
4106,"
"
4107,"CA
"
4108,"MI
"
4109,"MI
"
4110,"CA
"
4111,"CA
"
4112,"CA
"
4113,"CA
"
4114,"CA
"
4115,"IL
"
4116,"CA
"
4117,"
"
4118,"CA
"
4119,"CA
"
4120,"CA
"
4121,"
"
4122,"CA
"
4123,"TX
"
4124,"CA
"
4125,"CA
"
4126,"CA
"
4127,"CA
"
4128,"CA
"
4129,"CA
"
4130,"CA
"
4131,"CA
"
4132,"CA
"
4133,"CA
"
4134,"IL
"
4135,"
"
4136,"CA
"
4137,"CA
"
4138,"
"
4139,"CA
"
4140,"CA
"
4141,"
"
4142,"CA
"
4143,"
"
4144,"CA
"
4145,"
"
4146,"
"
4147,"
"
4148,"CA
"
4149,"
"
4150,"
"
4151,"
"
4152,"CA
"
4153,"
"
4154,"CA
"
4155,"CA
"
4156,"CA
"
4157,"
"
4158,"CA
"
4159,"
"
4160,"CA
"
4161,"
"
4162,"CA
"
4163,"CA
"
4164,"CA
"
4165,"
"
4166,"CA
"
4167,"CA
"
4168,"TX
"
4169,"
"
4170,"CA
"
4171,"CA
"
4172,"
"
4173,"CA
"
4174,"
"
4175,"
"
4176,"
"
4177,"CA
"
4178,"CA
"
4179,"CA
"
4180,"CA
"
4181,"CA
"
4182,"
"
4183,"NY
"
4184,"CA
"
4185,"CA
"
4186,"CA
"
4187,"
"
4188,"CA
"
4189,"CA
"
4190,"CA
"
4191,"CA
"
4192,"
"
4193,"CA
"
4194,"CA
"
4195,"CA
"
4196,"
"
4197,"NJ
"
4198,"CA
"
4199,"CA
"
4200,"CA
"
4201,"CA
"
4202,"CA
"
4203,"CA
"
4204,"CA
"
4205,"
"
4206,"CA
"
4207,"CA
"
4208,"CA
"
4209,"CA
"
4210,"GA
"
4211,"
"
4212,"
"
4213,"CA
"
4214,"KY
"
4215,"KY
"
4216,"CA
"
4217,"CA
"
4218,"CA
"
4219,"OH
"
4220,"CA
"
4221,"CA
"
4222,"KY
"
4223,"CA
"
4224,"CA
"
4225,"CA
"
4226,"CA
"
4227,"CA
"
4228,"OH
"
4229,"CA
"
4230,"
"
4231,"CA
"
4232,"CA
"
4233,"CA
"
4234,"OH
"
4235,"CA
"
4236,"CA
"
4237,"CA
"
4238,"CA
"
4239,"CA
"
4240,"CA
"
4241,"CA
"
4242,"CA
"
4243,"CA
"
4244,"CA
"
4245,"
"
4246,"CA
"
4247,"CA
"
4248,"CA
"
4249,"CA
"
4250,"CA
"
4251,"CA
"
4252,"CA
"
4253,"TX
"
4254,"CA
"
4255,"CA
"
4256,"
"
4257,"
"
4258,"
"
4259,"CO
"
4260,"CA
"
4261,"CA
"
4262,"CA
"
4263,"CA
"
4264,"CA
"
4265,"
"
4266,"CA
"
4267,"CO
"
4268,"CA
"
4269,"CO
"
4270,"CA
"
4271,"
"
4272,"CA
"
4273,"
"
4274,"CA
"
4275,"CA
"
4276,"CA
"
4277,"CA
"
4278,"CA
"
4279,"CA
"
4280,"CA
"
4281,"
"
4282,"CA
"
4283,"CA
"
4284,"CA
"
4285,"
"
4286,"CA
"
4287,"CA
"
4288,"CA
"
4289,"
"
4290,"CA
"
4291,"CA
"
4292,"
"
4293,"
"
4294,"CA
"
4295,"
"
4296,"CA
"
4297,"CA
"
4298,"
"
4299,"
"
4300,"
"
4301,"WA
"
4302,"WA
"
4303,"
"
4304,"AZ
"
4305,"
"
4306,"
"
4307,"CA
"
4308,"TX
"
4309,"CA
"
4310,"CA
"
4311,"CA
"
4312,"CA
"
4313,"CA
"
4314,"CA
"
4315,"CA
"
4316,"CA
"
4317,"
"
4318,"CA
"
4319,"CA
"
4320,"CA
"
4321,"CA
"
4322,"
"
4323,"
"
4324,"
"
4325,"
"
4326,"
"
4327,"
"
4328,"
"
4329,"
"
4330,"
"
4331,"
"
4332,"
"
4333,"
"
4334,"
"
4335,"
"
4336,"
"
4337,"
"
4338,"
"
4339,"
"
4340,"
"
4341,"
"
4342,"
"
4343,"
"
4344,"
"
4345,"
"
4346,"
"
4347,"
"
4348,"
"
4349,"FL
"
4350,"
"
4351,"
"
4352,"
"
4353,"
"
4354,"
"
4355,"
"
4356,"
"
4357,"
"
4358,"
"
4359,"
"
4360,"
"
4361,"
"
4362,"
"
4363,"
"
4364,"
"
4365,"
"
4366,"
"
4367,"
"
4368,"CA
"
4369,"CA
"
4370,"CA
"
4371,"CA
"
4372,"CA
"
4373,"CA
"
4374,"CA
"
4375,"
"
4376,"CA
"
4377,"CA
"
4378,"CA
"
4379,"CA
"
4380,"CA
"
4381,"CA
"
4382,"CA
"
4383,"CA
"
4384,"CA
"
4385,"CA
"
4386,"CA
"
4387,"CA
"
4388,"CA
"
4389,"CA
"
4390,"CA
"
4391,"CA
"
4392,"CA
"
4393,"CA
"
4394,"
"
4395,"CA
"
4396,"CA
"
4397,"CA
"
4398,"CA
"
4399,"CA
"
4400,"
"
4401,"CA
"
4402,"CA
"
4403,"CA
"
4404,"CA
"
4405,"CA
"
4406,"CA
"
4407,"CA
"
4408,"CA
"
4409,"CA
"
4410,"
"
4411,"
"
4412,"
"
4413,"CA
"
4414,"CA
"
4415,"CA
"
4416,"CA
"
4417,"CA
"
4418,"CA
"
4419,"CA
"
4420,"CA
"
4421,"CA
"
4422,"CA
"
4423,"CA
"
4424,"CA
"
4425,"CA
"
4426,"CA
"
4427,"CA
"
4428,"CA
"
4429,"CA
"
4430,"CA
"
4431,"CA
"
4432,"CA
"
4433,"CA
"
4434,"CA
"
4435,"CA
"
4436,"CA
"
4437,"CA
"
4438,"
"
4439,"
"
4440,"CA
"
4441,"CA
"
4442,"CA
"
4443,"CA
"
4444,"CA
"
4445,"CA
"
4446,"CA
"
4447,"
"
4448,"CA
"
4449,"CA
"
4450,"CA
"
4451,"CA
"
4452,"CA
"
4453,"CA
"
4454,"CA
"
4455,"CA
"
4456,"CA
"
4457,"CA
"
4458,"CA
"
4459,"CA
"
4460,"CA
"
4461,"WA
"
4462,"
"
4463,"
"
4464,"
"
4465,"CA
"
4466,"CA
"
4467,"
"
4468,"CA
"
4469,"
"
4470,"CA
"
4471,"CA
"
4472,"CA
"
4473,"
"
4474,"
"
4475,"
"
4476,"CA
"
4477,"CA
"
4478,"CA
"
4479,"CA
"
4480,"CA
"
4481,"CA
"
4482,"CA
"
4483,"CA
"
4484,"
"
4485,"CA
"
4486,"CA
"
4487,"
"
4488,"
"
4489,"
"
4490,"
"
4491,"
"
4492,"
"
4493,"
"
4494,"
"
4495,"
"
4496,"
"
4497,"
"
4498,"
"
4499,"
"
4500,"
"
4501,"
"
4502,"
"
4503,"CA
"
4504,"CA
"
4505,"CA
"
4506,"CA
"
4507,"CA
"
4508,"
"
4509,"
"
4510,"CA
"
4511,"CA
"
4512,"CA
"
4513,"CA
"
4514,"
"
4515,"CA
"
4516,"CA
"
4517,"CA
"
4518,"CA
"
4519,"MN
"
4520,"CA
"
4521,"
"
4522,"CA
"
4523,"CA
"
4524,"MN
"
4525,"CA
"
4526,"CA
"
4527,"CA
"
4528,"
"
4529,"CA
"
4530,"CA
"
4531,"
"
4532,"CA
"
4533,"CA
"
4534,"
"
4535,"MD
"
4536,"
"
4537,"
"
4538,"
"
4539,"
"
4540,"
"
4541,"
"
4542,"
"
4543,"
"
4544,"
"
4545,"
"
4546,"
"
4547,"
"
4548,"
"
4549,"
"
4550,"
"
4551,"
"
4552,"
"
4553,"
"
4554,"
"
4555,"CA
"
4556,"CA
"
4557,"
"
4558,"CA
"
4559,"CA
"
4560,"CA
"
4561,"MD
"
4562,"CA
"
4563,"CA
"
4564,"CA
"
4565,"
"
4566,"CA
"
4567,"CA
"
4568,"
"
4569,"CA
"
4570,"
"
4571,"
"
4572,"
"
4573,"
"
4574,"
"
4575,"
"
4576,"
"
4577,"
"
4578,"
"
4579,"
"
4580,"
"
4581,"
"
4582,"
"
4583,"
"
4584,"
"
4585,"
"
4586,"
"
4587,"
"
4588,"
"
4589,"
"
4590,"
"
4591,"
"
4592,"
"
4593,"
"
4594,"
"
4595,"
"
4596,"
"
4597,"CA
"
4598,"CA
"
4599,"CA
"
4600,"CA
"
4601,"CA
"
4602,"CA
"
4603,"CA
"
4604,"CA
"
4605,"CA
"
4606,"CA
"
4607,"CA
"
4608,"CA
"
4609,"CA
"
4610,"CA
"
4611,"CA
"
4612,"CA
"
4613,"CA
"
4614,"CA
"
4615,"CA
"
4616,"WA
"
4617,"CA
"
4618,"CA
"
4619,"CA
"
4620,"CA
"
4621,"CA
"
4622,"CA
"
4623,"CA
"
4624,"CA
"
4625,"
"
4626,"CA
"
4627,"CA
"
4628,"CA
"
4629,"CA
"
4630,"CA
"
4631,"CA
"
4632,"CA
"
4633,"CA
"
4634,"CA
"
4635,"
"
4636,"CA
"
4637,"CA
"
4638,"CA
"
4639,"
"
4640,"
"
4641,"
"
4642,"
"
4643,"
"
4644,"
"
4645,"
"
4646,"
"
4647,"
"
4648,"
"
4649,"
"
4650,"
"
4651,"
"
4652,"
"
4653,"
"
4654,"
"
4655,"
"
4656,"
"
4657,"
"
4658,"
"
4659,"
"
4660,"
"
4661,"
"
4662,"
"
4663,"
"
4664,"
"
4665,"
"
4666,"
"
4667,"
"
4668,"
"
4669,"
"
4670,"
"
4671,"
"
4672,"
"
4673,"
"
4674,"
"
4675,"
"
4676,"
"
4677,"
"
4678,"
"
4679,"
"
4680,"
"
4681,"
"
4682,"
"
4683,"
"
4684,"CA
"
4685,"CA
"
4686,"
"
4687,"CA
"
4688,"CA
"
4689,"CA
"
4690,"CA
"
4691,"CA
"
4692,"
"
4693,"CA
"
4694,"CA
"
4695,"CA
"
4696,"CA
"
4697,"
"
4698,"CA
"
4699,"
"
4700,"CA
"
4701,"
"
4702,"CA
"
4703,"CA
"
4704,"CA
"
4705,"CA
"
4706,"CA
"
4707,"CA
"
4708,"CA
"
4709,"CA
"
4710,"
"
4711,"CA
"
4712,"CA
"
4713,"AR
"
4714,"CA
"
4715,"CA
"
4716,"CA
"
4717,"CA
"
4718,"CA
"
4719,"CA
"
4720,"CA
"
4721,"CA
"
4722,"CA
"
4723,"CA
"
4724,"CA
"
4725,"CA
"
4726,"CA
"
4727,"CA
"
4728,"CA
"
4729,"WA
"
4730,"
"
4731,"
"
4732,"CA
"
4733,"CA
"
4734,"PA
"
4735,"
"
4736,"
"
4737,"
"
4738,"CA
"
4739,"VA
"
4740,"CA
"
4741,"
"
4742,"CA
"
4743,"CA
"
4744,"
"
4745,"CA
"
4746,"
"
4747,"
"
4748,"
"
4749,"
"
4750,"
"
4751,"PA
"
4752,"
"
4753,"
"
4754,"
"
4755,"
"
4756,"
"
4757,"
"
4758,"
"
4759,"
"
4760,"OH
"
4761,"KY
"
4762,"IN
"
4763,"
"
4764,"
"
4765,"
"
4766,"
"
4767,"
"
4768,"PA
"
4769,"CA
"
4770,"
"
4771,"FL
"
4772,"CA
"
4773,"CA
"
4774,"CA
"
4775,"CA
"
4776,"CA
"
4777,"
"
4778,"CA
"
4779,"CA
"
4780,"CA
"
4781,"CA
"
4782,"CA
"
4783,"CA
"
4784,"CA
"
4785,"CA
"
4786,"CA
"
4787,"CA
"
4788,"CA
"
4789,"CA
"
4790,"CA
"
4791,"CA
"
4792,"CA
"
4793,"WA
"
4794,"CA
"
4795,"CA
"
4796,"NJ
"
4797,"CA
"
4798,"WA
"
4799,"CA
"
4800,"CA
"
4801,"CA
"
4802,"
"
4803,"
"
4804,"
"
4805,"
"
4806,"TX
"
4807,"
"
4808,"
"
4809,"
"
4810,"
"
4811,"
"
4812,"
"
4813,"
"
4814,"
"
4815,"
"
4816,"
"
4817,"
"
4818,"
"
4819,"
"
4820,"
"
4821,"
"
4822,"
"
4823,"TX
"
4824,"
"
4825,"
"
4826,"
"
4827,"CA
"
4828,"CA
"
4829,"
"
4830,"
"
4831,"CA
"
4832,"CA
"
4833,"CA
"
4834,"CA
"
4835,"CA
"
4836,"CA
"
4837,"CA
"
4838,"TX
"
4839,"CA
"
4840,"CA
"
4841,"CA
"
4842,"CA
"
4843,"TX
"
4844,"
"
4845,"
"
4846,"
"
4847,"
"
4848,"CA
"
4849,"CA
"
4850,"CA
"
4851,"CA
"
4852,"CA
"
4853,"TX
"
4854,"CA
"
4855,"CA
"
4856,"CA
"
4857,"CA
"
4858,"CA
"
4859,"CA
"
4860,"CA
"
4861,"TX
"
4862,"
"
4863,"CA
"
4864,"
"
4865,"
"
4866,"
"
4867,"
"
4868,"
"
4869,"
"
4870,"
"
4871,"
"
4872,"
"
4873,"
"
4874,"
"
4875,"CA
"
4876,"CA
"
4877,"CA
"
4878,"
"
4879,"CA
"
4880,"CA
"
4881,"CA
"
4882,"
"
4883,"CA
"
4884,"
"
4885,"CA
"
4886,"
"
4887,"CA
"
4888,"CA
"
4889,"
"
4890,"
"
4891,"WA
"
4892,"
"
4893,"
"
4894,"
"
4895,"
"
4896,"
"
4897,"
"
4898,"
"
4899,"
"
4900,"CA
"
4901,"CA
"
4902,"CA
"
4903,"CA
"
4904,"
"
4905,"CA
"
4906,"CA
"
4907,"
"
4908,"TX
"
4909,"CA
"
4910,"CA
"
4911,"CA
"
4912,"
"
4913,"
"
4914,"
"
4915,"
"
4916,"CA
"
4917,"CA
"
4918,"
"
4919,"CA
"
4920,"
"
4921,"CA
"
4922,"CA
"
4923,"CA
"
4924,"CA
"
4925,"CA
"
4926,"CA
"
4927,"CA
"
4928,"CA
"
4929,"
"
4930,"CA
"
4931,"
"
4932,"CA
"
4933,"CA
"
4934,"OH
"
4935,"CA
"
4936,"CA
"
4937,"
"
4938,"CA
"
4939,"CA
"
4940,"
"
4941,"CA
"
4942,"CA
"
4943,"
"
4944,"CA
"
4945,"CA
"
4946,"
"
4947,"CA
"
4948,"CA
"
4949,"CA
"
4950,"CA
"
4951,"CA
"
4952,"CA
"
4953,"CA
"
4954,"CA
"
4955,"CA
"
4956,"
"
4957,"CA
"
4958,"CA
"
4959,"CA
"
4960,"
"
4961,"CA
"
4962,"CA
"
4963,"AZ
"
4964,"
"
4965,"
"
4966,"CA
"
4967,"
"
4968,"
"
4969,"
"
4970,"
"
4971,"CA
"
4972,"
"
4973,"CA
"
4974,"CA
"
4975,"CA
"
4976,"CA
"
4977,"CA
"
4978,"
"
4979,"
"
4980,"
"
4981,"
"
4982,"CA
"
4983,"
"
4984,"
"
4985,"
"
4986,"
"
4987,"CA
"
4988,"CA
"
4989,"
"
4990,"
"
4991,"CA
"
4992,"
"
4993,"
"
4994,"
"
4995,"
"
4996,"CA
"
4997,"
"
4998,"
"
4999,"CA
"
5000,"CA
"
5001,"
"
5002,"CA
"
5003,"
"
5004,"
"
5005,"CA
"
5006,"
"
5007,"
"
5008,"FL
"
5009,"
"
5010,"
"
5011,"CA
"
5012,"CA
"
5013,"CA
"
5014,"CA
"
5015,"CA
"
5016,"CA
"
5017,"
"
5018,"CA
"
5019,"CA
"
5020,"
"
5021,"
"
5022,"CA
"
5023,"TX
"
5024,"CA
"
5025,"CA
"
5026,"CA
"
5027,"
"
5028,"TX
"
5029,"CA
"
5030,"CA
"
5031,"CA
"
5032,"CA
"
5033,"
"
5034,"
"
5035,"
"
5036,"CA
"
5037,"
"
5038,"
"
5039,"CA
"
5040,"
"
5041,"
"
5042,"CA
"
5043,"
"
5044,"
"
5045,"TX
"
5046,"CA
"
5047,"CA
"
5048,"CA
"
5049,"
"
5050,"CA
"
5051,"CA
"
5052,"CA
"
5053,"CA
"
5054,"CA
"
5055,"CA
"
5056,"CA
"
5057,"CA
"
5058,"CA
"
5059,"TX
"
5060,"CA
"
5061,"CA
"
5062,"CA
"
5063,"CA
"
5064,"CA
"
5065,"CA
"
5066,"CA
"
5067,"CA
"
5068,"CA
"
5069,"FL
"
5070,"
"
5071,"CA
"
5072,"CA
"
5073,"CA
"
5074,"CA
"
5075,"CA
"
5076,"CA
"
5077,"
"
5078,"
"
5079,"CA
"
5080,"
"
5081,"
"
5082,"
"
5083,"
"
5084,"
"
5085,"CA
"
5086,"
"
5087,"FL
"
5088,"CA
"
5089,"
"
5090,"
"
5091,"CA
"
5092,"CA
"
5093,"
"
5094,"
"
5095,"CA
"
5096,"CA
"
5097,"CA
"
5098,"
"
5099,"
"
5100,"
"
5101,"
"
5102,"
"
5103,"IL
"
5104,"
"
5105,"
"
5106,"
"
5107,"
"
5108,"CA
"
5109,"CA
"
5110,"
"
5111,"
"
5112,"
"
5113,"FL
"
5114,"
"
5115,"
"
5116,"
"
5117,"TX
"
5118,"CA
"
5119,"
"
5120,"
"
5121,"TX
"
5122,"
"
5123,"
"
5124,"TX
"
5125,"
"
5126,"
"
5127,"
"
5128,"
"
5129,"FL
"
5130,"FL
"
5131,"CA
"
5132,"TX
"
5133,"
"
5134,"
"
5135,"
"
5136,"
"
5137,"TX
"
5138,"
"
5139,"
"
5140,"
"
5141,"
"
5142,"
"
5143,"
"
5144,"
"
5145,"
"
5146,"
"
5147,"MN
"
5148,"FL
"
5149,"
"
5150,"
"
5151,"
"
5152,"
"
5153,"CA
"
5154,"
"
5155,"FL
"
5156,"FL
"
5157,"TX
"
5158,"FL
"
5159,"
"
5160,"
"
5161,"
"
5162,"
"
5163,"FL
"
5164,"
"
5165,"FL
"
5166,"
"
5167,"CA
"
5168,"
"
5169,"FL
"
5170,"CA
"
5171,"
"
5172,"CA
"
5173,"FL
"
5174,"CA
"
5175,"
"
5176,"CA
"
5177,"CA
"
5178,"
"
5179,"CA
"
5180,"
"
5181,"
"
5182,"FL
"
5183,"CA
"
5184,"CA
"
5185,"CA
"
5186,"FL
"
5187,"CA
"
5188,"TX
"
5189,"CA
"
5190,"
"
5191,"CA
"
5192,"
"
5193,"CA
"
5194,"
"
5195,"CA
"
5196,"CA
"
5197,"CA
"
5198,"FL
"
5199,"
"
5200,"
"
5201,"CA
"
5202,"CA
"
5203,"
"
5204,"FL
"
5205,"CA
"
5206,"
"
5207,"FL
"
5208,"
"
5209,"CA
"
5210,"
"
5211,"
"
5212,"CA
"
5213,"
"
5214,"CA
"
5215,"FL
"
5216,"FL
"
5217,"
"
5218,"
"
5219,"CA
"
5220,"CA
"
5221,"CA
"
5222,"CA
"
5223,"CA
"
5224,"TX
"
5225,"CA
"
5226,"CA
"
5227,"
"
5228,"FL
"
5229,"
"
5230,"
"
5231,"CA
"
5232,"CA
"
5233,"
"
5234,"
"
5235,"
"
5236,"CA
"
5237,"
"
5238,"
"
5239,"CA
"
5240,"
"
5241,"
"
5242,"CA
"
5243,"
"
5244,"CA
"
5245,"CA
"
5246,"FL
"
5247,"
"
5248,"
"
5249,"
"
5250,"TX
"
5251,"CA
"
5252,"CA
"
5253,"
"
5254,"TX
"
5255,"CA
"
5256,"CA
"
5257,"CA
"
5258,"CA
"
5259,"
"
5260,"CA
"
5261,"
"
5262,"
"
5263,"CA
"
5264,"FL
"
5265,"CA
"
5266,"
"
5267,"CA
"
5268,"
"
5269,"CA
"
5270,"CA
"
5271,"NJ
"
5272,"CA
"
5273,"CA
"
5274,"
"
5275,"
"
5276,"IL
"
5277,"
"
5278,"CA
"
5279,"CA
"
5280,"CA
"
5281,"CA
"
5282,"
"
5283,"
"
5284,"CA
"
5285,"CA
"
5286,"CA
"
5287,"CA
"
5288,"
"
5289,"CA
"
5290,"CA
"
5291,"TX
"
5292,"CA
"
5293,"
"
5294,"CA
"
5295,"CA
"
5296,"CA
"
5297,"CA
"
5298,"
"
5299,"CA
"
5300,"CA
"
5301,"
"
5302,"CA
"
5303,"CA
"
5304,"FL
"
5305,"
"
5306,"CA
"
5307,"CA
"
5308,"
"
5309,"CA
"
5310,"CA
"
5311,"CA
"
5312,"CA
"
5313,"
"
5314,"CA
"
5315,"CA
"
5316,"CA
"
5317,"
"
5318,"CA
"
5319,"CA
"
5320,"
"
5321,"
"
5322,"CA
"
5323,"
"
5324,"
"
5325,"FL
"
5326,"CA
"
5327,"CA
"
5328,"
"
5329,"
"
5330,"CA
"
5331,"CA
"
5332,"CA
"
5333,"
"
5334,"
"
5335,"
"
5336,"
"
5337,"CA
"
5338,"
"
5339,"
"
5340,"CA
"
5341,"
"
5342,"
"
5343,"
"
5344,"
"
5345,"FL
"
5346,"
"
5347,"NY
"
5348,"CA
"
5349,"
"
5350,"
"
5351,"
"
5352,"NY
"
5353,"
"
5354,"
"
5355,"CA
"
5356,"CA
"
5357,"
"
5358,"CA
"
5359,"
"
5360,"PA
"
5361,"CA
"
5362,"CA
"
5363,"
"
5364,"
"
5365,"
"
5366,"
"
5367,"CA
"
5368,"CA
"
5369,"
"
5370,"
"
5371,"
"
5372,"CA
"
5373,"CA
"
5374,"CA
"
5375,"CA
"
5376,"CA
"
5377,"CA
"
5378,"
"
5379,"CA
"
5380,"
"
5381,"CA
"
5382,"
"
5383,"CA
"
5384,"CA
"
5385,"
"
5386,"CA
"
5387,"FL
"
5388,"CA
"
5389,"
"
5390,"CA
"
5391,"
"
5392,"OH
"
5393,"KY
"
5394,"OH
"
5395,"CA
"
5396,"CA
"
5397,"CA
"
5398,"CA
"
5399,"
"
5400,"CA
"
5401,"MN
"
5402,"CA
"
5403,"CA
"
5404,"OH
"
5405,"KY
"
5406,"CA
"
5407,"CA
"
5408,"CA
"
5409,"CA
"
5410,"CA
"
5411,"CA
"
5412,"CA
"
5413,"CA
"
5414,"CA
"
5415,"OH
"
5416,"OH
"
5417,"CA
"
5418,"CA
"
5419,"
"
5420,"
"
5421,"OH
"
5422,"KY
"
5423,"CA
"
5424,"CA
"
5425,"CA
"
5426,"CA
"
5427,"CA
"
5428,"CA
"
5429,"CA
"
5430,"CA
"
5431,"CA
"
5432,"
"
5433,"
"
5434,"
"
5435,"MN
"
5436,"FL
"
5437,"CA
"
5438,"
"
5439,"
"
5440,"
"
5441,"
"
5442,"
"
5443,"CA
"
5444,"CA
"
5445,"
"
5446,"
"
5447,"
"
5448,"MN
"
5449,"CA
"
5450,"PA
"
5451,"
"
5452,"CA
"
5453,"CA
"
5454,"CA
"
5455,"
"
5456,"CA
"
5457,"
"
5458,"CA
"
5459,"MN
"
5460,"CA
"
5461,"
"
5462,"MN
"
5463,"MN
"
5464,"
"
5465,"CA
"
5466,"
"
5467,"
"
5468,"
"
5469,"CA
"
5470,"
"
5471,"
"
5472,"CA
"
5473,"CA
"
5474,"CA
"
5475,"
"
5476,"CA
"
5477,"CA
"
5478,"
"
5479,"
"
5480,"CA
"
5481,"CA
"
5482,"
"
5483,"TX
"
5484,"
"
5485,"CA
"
5486,"
"
5487,"
"
5488,"CA
"
5489,"CA
"
5490,"CA
"
5491,"CA
"
5492,"CA
"
5493,"
"
5494,"MN
"
5495,"CA
"
5496,"CA
"
5497,"CA
"
5498,"
"
5499,"
"
5500,"MN
"
5501,"CA
"
5502,"CA
"
5503,"MN
"
5504,"CA
"
5505,"CA
"
5506,"CA
"
5507,"CA
"
5508,"
"
5509,"
"
5510,"
"
5511,"
"
5512,"CA
"
5513,"CA
"
5514,"
"
5515,"
"
5516,"CA
"
5517,"
"
5518,"
"
5519,"
"
5520,"
"
5521,"
"
5522,"TX
"
5523,"TX
"
5524,"
"
5525,"
"
5526,"
"
5527,"
"
5528,"CA
"
5529,"
"
5530,"CA
"
5531,"
"
5532,"
"
5533,"
"
5534,"CA
"
5535,"
"
5536,"TX
"
5537,"CA
"
5538,"CA
"
5539,"
"
5540,"
"
5541,"
"
5542,"
"
5543,"
"
5544,"
"
5545,"
"
5546,"TX
"
5547,"
"
5548,"
"
5549,"CA
"
5550,"
"
5551,"MN
"
5552,"CA
"
5553,"
"
5554,"AZ
"
5555,"CA
"
5556,"TX
"
5557,"TX
"
5558,"
"
5559,"
"
5560,"
"
5561,"
"
5562,"AZ
"
5563,"CA
"
5564,"
"
5565,"
"
5566,"
"
5567,"
"
5568,"AZ
"
5569,"
"
5570,"
"
5571,"CA
"
5572,"
"
5573,"CA
"
5574,"
"
5575,"CA
"
5576,"CA
"
5577,"CA
"
5578,"
"
5579,"CA
"
5580,"
"
5581,"AZ
"
5582,"
"
5583,"
"
5584,"CA
"
5585,"
"
5586,"
"
5587,"CA
"
5588,"
"
5589,"
"
5590,"
"
5591,"
"
5592,"
"
5593,"
"
5594,"
"
5595,"
"
5596,"
"
5597,"FL
"
5598,"
"
5599,"
"
5600,"
"
5601,"
"
5602,"AR
"
5603,"
"
5604,"AZ
"
5605,"CA
"
5606,"
"
5607,"OH
"
5608,"NE
"
5609,"MN
"
5610,"WA
"
5611,"OH
"
5612,"MN
"
5613,"MN
"
5614,"OH
"
5615,"OH
"
5616,"OH
"
5617,"CA
"
5618,"ID
"
5619,"CA
"
5620,"CA
"
5621,"MN
"
5622,"MN
"
5623,"CA
"
5624,"CA
"
5625,"WA
"
5626,"WA
"
5627,"TX
"
5628,"MN
"
5629,"OH
"
5630,"NE
"
5631,"OH
"
5632,"OH
"
5633,"CA
"
5634,"CA
"
5635,"WA
"
5636,"OH
"
5637,"MN
"
5638,"OH
"
5639,"CA
"
5640,"OH
"
5641,"PA
"
5642,"MN
"
5643,"OH
"
5644,"NY
"
5645,"MN
"
5646,"OH
"
5647,"CA
"
5648,"CA
"
5649,"CA
"
5650,"MN
"
5651,"OH
"
5652,"MN
"
5653,"OH
"
5654,"MN
"
5655,"CA
"
5656,"MN
"
5657,"MN
"
5658,"OH
"
5659,"NY
"
5660,"MN
"
5661,"OH
"
5662,"OH
"
5663,"CA
"
5664,"MN
"
5665,"AZ
"
5666,"NY
"
5667,"IL
"
5668,"CA
"
5669,"OH
"
5670,"CA
"
5671,"NY
"
5672,"IL
"
5673,"VA
"
5674,"OH
"
5675,"MN
"
5676,"OH
"
5677,"MN
"
5678,"OH
"
5679,"OH
"
5680,"OH
"
5681,"AR
"
5682,"OH
"
5683,"MN
"
5684,"TX
"
5685,"NY
"
5686,"MN
"
5687,"NE
"
5688,"NY
"
5689,"OH
"
5690,"TX
"
5691,"TX
"
5692,"MN
"
5693,"OH
"
5694,"FL
"
5695,"OH
"
5696,"PA
"
5697,"OH
"
5698,"
"
5699,"OH
"
5700,"OH
"
5701,"
"
5702,"
"
5703,"FL
"
5704,"OH
"
5705,"MI
"
5706,"NE
"
5707,"MN
"
5708,"FL
"
5709,"
"
5710,"OH
"
5711,"MN
"
5712,"MD
"
5713,"MN
"
5714,"MN
"
5715,"AR
"
5716,"
"
5717,"CA
"
5718,"NC
"
5719,"MD
"
5720,"MN
"
5721,"NE
"
5722,"NC
"
5723,"OH
"
5724,"AR
"
5725,"NC
"
5726,"OH
"
5727,"MN
"
5728,"NE
"
5729,"MO
"
5730,"MN
"
5731,"NC
"
5732,"OH
"
5733,"MN
"
5734,"OH
"
5735,"OH
"
5736,"OH
"
5737,"OH
"
5738,"MI
"
5739,"NE
"
5740,"MI
"
5741,"MI
"
5742,"IL
"
5743,"OH
"
5744,"OH
"
5745,"OH
"
5746,"MN
"
5747,"MO
"
5748,"OH
"
5749,"NE
"
5750,"MN
"
5751,"MN
"
5752,"OH
"
5753,"NE
"
5754,"MN
"
5755,"VA
"
5756,"MI
"
5757,"MI
"
5758,"NE
"
5759,"NE
"
5760,"MI
"
5761,"NE
"
5762,"MN
"
5763,"OH
"
5764,"MN
"
5765,"OH
"
5766,"MI
"
5767,"NC
"
5768,"NE
"
5769,"MN
"
5770,"NC
"
5771,"NE
"
5772,"AR
"
5773,"IL
"
5774,"NC
"
5775,"NC
"
5776,"NC
"
5777,"MN
"
5778,"NC
"
5779,"OH
"
5780,"NC
"
5781,"NE
"
5782,"NE
"
5783,"NC
"
5784,"MN
"
5785,"MN
"
5786,"OH
"
5787,"AR
"
5788,"MN
"
5789,"NY
"
5790,"NY
"
5791,"NY
"
5792,"PA
"
5793,"NY
"
5794,"AR
"
5795,"NY
"
5796,"MD
"
5797,"MN
"
5798,"NE
"
5799,"NJ
"
5800,"OH
"
5801,"NY
"
5802,"OR
"
5803,"NY
"
5804,"NY
"
5805,"NE
"
5806,"OH
"
5807,"NY
"
5808,"NJ
"
5809,"NY
"
5810,"AR
"
5811,"AR
"
5812,"PA
"
5813,"OH
"
5814,"NJ
"
5815,"MA
"
5816,"NY
"
5817,"MN
"
5818,"PA
"
5819,"NY
"
5820,"OH
"
5821,"NE
"
5822,"NJ
"
5823,"NJ
"
5824,"NE
"
5825,"OH
"
5826,"NE
"
5827,"NY
"
5828,"NC
"
5829,"OH
"
5830,"
"
5831,"PA
"
5832,"IL
"
5833,"OH
"
5834,"OH
"
5835,"NE
"
5836,"OH
"
5837,"PA
"
5838,"MN
"
5839,"OH
"
5840,"NE
"
5841,"OH
"
5842,"OH
"
5843,"MN
"
5844,"MN
"
5845,"MI
"
5846,"OH
"
5847,"MN
"
5848,"KY
"
5849,"OH
"
5850,"OH
"
5851,"MI
"
5852,"PA
"
5853,"NE
"
5854,"OH
"
5855,"KY
"
5856,"OH
"
5857,"MN
"
5858,"NE
"
5859,"OH
"
5860,"NE
"
5861,"MN
"
5862,"NE
"
5863,"OH
"
5864,"TX
"
5865,"OH
"
5866,"TX
"
5867,"NE
"
5868,"
"
5869,"OH
"
5870,"OH
"
5871,"OH
"
5872,"NE
"
5873,"AZ
"
5874,"TX
"
5875,"
"
5876,"AR
"
5877,"
"
5878,"IL
"
5879,"OH
"
5880,"
"
5881,"TX
"
5882,"OH
"
5883,"
"
5884,"OH
"
5885,"OH
"
5886,"IL
"
5887,"MN
"
5888,"TX
"
5889,"OH
"
5890,"TX
"
5891,"
"
5892,"OH
"
5893,"AR
"
5894,"IL
"
5895,"OH
"
5896,"OH
"
5897,"TX
"
5898,"AR
"
5899,"OH
"
5900,"AR
"
5901,"MN
"
5902,"NE
"
5903,"CA
"
5904,"MN
"
5905,"
"
5906,"CA
"
5907,"CA
"
5908,"CA
"
5909,"OH
"
5910,"CA
"
5911,"CA
"
5912,"CA
"
5913,"
"
5914,"CA
"
5915,"OH
"
5916,"CA
"
5917,"CA
"
5918,"CA
"
5919,"
"
5920,"CA
"
5921,"CA
"
5922,"
"
5923,"
"
5924,"
"
5925,"
"
5926,"
"
5927,"
"
5928,"
"
5929,"
"
5930,"
"
5931,"
"
5932,"
"
5933,"
"
5934,"
"
5935,"
"
5936,"
"
5937,"
"
5938,"
"
5939,"
"
5940,"
"
5941,"
"
5942,"
"
5943,"
"
5944,"
"
5945,"
"
5946,"
"
5947,"
"
5948,"
"
5949,"
"
5950,"
"
5951,"
"
5952,"
"
5953,"
"
5954,"
"
5955,"
"
5956,"
"
5957,"
"
5958,"
"
5959,"
"
5960,"
"
5961,"
"
5962,"
"
5963,"
"
5964,"
"
5965,"
"
5966,"
"
5967,"
"
5968,"
"
5969,"
"
5970,"
"
5971,"CA
"
5972,"CA
"
5973,"CA
"
5974,"CA
"
5975,"CA
"
5976,"CA
"
5977,"CA
"
5978,"
"
5979,"CA
"
5980,"CA
"
5981,"CA
"
5982,"CA
"
5983,"CA
"
5984,"
"
5985,"CA
"
5986,"CA
"
5987,"CA
"
5988,"CA
"
5989,"CA
"
5990,"CA
"
5991,"CA
"
5992,"CA
"
5993,"
"
5994,"CA
"
5995,"
"
5996,"
"
5997,"
"
5998,"CA
"
5999,"CA
"
6000,"CA
"
6001,"CA
"
6002,"CA
"
6003,"
"
6004,"CA
"
6005,"CA
"
6006,"CA
"
6007,"CA
"
6008,"CA
"
6009,"CA
"
6010,"CA
"
6011,"CA
"
6012,"CA
"
6013,"
"
6014,"
"
6015,"
"
6016,"
"
6017,"CA
"
6018,"CA
"
6019,"CA
"
6020,"CA
"
6021,"
"
6022,"
"
6023,"
"
6024,"
"
6025,"
"
6026,"
"
6027,"
"
6028,"
"
6029,"
"
6030,"
"
6031,"
"
6032,"
"
6033,"FL
"
6034,"
"
6035,"
"
6036,"
"
6037,"
"
6038,"
"
6039,"
"
6040,"
"
6041,"
"
6042,"
"
6043,"FL
"
6044,"
"
6045,"CA
"
6046,"FL
"
6047,"
"
6048,"FL
"
6049,"
"
6050,"FL
"
6051,"FL
"
6052,"GA
"
6053,"SC
"
6054,"
"
6055,"SC
"
6056,"SC
"
6057,"
"
6058,"GA
"
6059,"
"
6060,"
"
6061,"
"
6062,"
"
6063,"
"
6064,"
"
6065,"MD
"
6066,"
"
6067,"
"
6068,"
"
6069,"
"
6070,"
"
6071,"
"
6072,"
"
6073,"CA
"
6074,"
"
6075,"CA
"
6076,"CA
"
6077,"
"
6078,"
"
6079,"CA
"
6080,"
"
6081,"NC
"
6082,"
"
6083,"
"
6084,"
"
6085,"
"
6086,"
"
6087,"
"
6088,"
"
6089,"
"
6090,"
"
6091,"
"
6092,"
"
6093,"
"
6094,"
"
6095,"
"
6096,"
"
6097,"
"
6098,"
"
6099,"
"
6100,"
"
6101,"
"
6102,"CA
"
6103,"CA
"
6104,"CA
"
6105,"CA
"
6106,"
"
6107,"
"
6108,"
"
6109,"
"
6110,"CA
"
6111,"CA
"
6112,"CA
"
6113,"CA
"
6114,"CA
"
6115,"CA
"
6116,"
"
6117,"CA
"
6118,"CA
"
6119,"
"
6120,"
"
6121,"CA
"
6122,"
"
6123,"
"
6124,"
"
6125,"
"
6126,"
"
6127,"
"
6128,"
"
6129,"
"
6130,"
"
6131,"
"
6132,"
"
6133,"
"
6134,"
"
6135,"
"
6136,"
"
6137,"
"
6138,"
"
6139,"
"
6140,"
"
6141,"
"
6142,"
"
6143,"
"
6144,"
"
6145,"
"
6146,"
"
6147,"
"
6148,"
"
6149,"
"
6150,"
"
6151,"
"
6152,"
"
6153,"
"
6154,"
"
6155,"
"
6156,"
"
6157,"
"
6158,"
"
6159,"
"
6160,"
"
6161,"
"
6162,"
"
6163,"
"
6164,"
"
6165,"
"
6166,"
"
6167,"
"
6168,"CA
"
6169,"CA
"
6170,"CA
"
6171,"CA
"
6172,"CA
"
6173,"CA
"
6174,"CA
"
6175,"CA
"
6176,"CA
"
6177,"CA
"
6178,"CA
"
6179,"CA
"
6180,"CA
"
6181,"CA
"
6182,"CA
"
6183,"CA
"
6184,"CA
"
6185,"CA
"
6186,"
"
6187,"CA
"
6188,"PA
"
6189,"
"
6190,"CA
"
6191,"CA
"
6192,"CA
"
6193,"
"
6194,"KY
"
6195,"
"
6196,"
"
6197,"
"
6198,"
"
6199,"
"
6200,"OH
"
6201,"KY
"
6202,"
"
6203,"
"
6204,"FL
"
6205,"OH
"
6206,"KY
"
6207,"KY
"
6208,"CA
"
6209,"CA
"
6210,"CA
"
6211,"CA
"
6212,"CA
"
6213,"CA
"
6214,"OH
"
6215,"KY
"
6216,"KY
"
6217,"KY
"
6218,"IN
"
6219,"CA
"
6220,"GA
"
6221,"CA
"
6222,"CA
"
6223,"
"
6224,"
"
6225,"
"
6226,"
"
6227,"
"
6228,"
"
6229,"CA
"
6230,"TX
"
6231,"
"
6232,"
"
6233,"
"
6234,"
"
6235,"
"
6236,"
"
6237,"
"
6238,"
"
6239,"
"
6240,"
"
6241,"
"
6242,"FL
"
6243,"FL
"
6244,"CA
"
6245,"
"
6246,"CA
"
6247,"
"
6248,"CA
"
6249,"
"
6250,"
"
6251,"CA
"
6252,"CA
"
6253,"CA
"
6254,"CA
"
6255,"TX
"
6256,"
"
6257,"
"
6258,"
"
6259,"
"
6260,"
"
6261,"
"
6262,"
"
6263,"
"
6264,"
"
6265,"
"
6266,"
"
6267,"CA
"
6268,"CA
"
6269,"
"
6270,"CA
"
6271,"CA
"
6272,"CA
"
6273,"CA
"
6274,"CA
"
6275,"
"
6276,"
"
6277,"CA
"
6278,"
"
6279,"CA
"
6280,"CA
"
6281,"CA
"
6282,"CA
"
6283,"CA
"
6284,"WA
"
6285,"OR
"
6286,"OR
"
6287,"WA
"
6288,"WA
"
6289,"WA
"
6290,"WA
"
6291,"
"
6292,"OR
"
6293,"OR
"
6294,"WA
"
6295,"OR
"
6296,"WA
"
6297,"WA
"
6298,"OR
"
6299,"WA
"
6300,"OR
"
6301,"WA
"
6302,"
"
6303,"OR
"
6304,"WA
"
6305,"WA
"
6306,"OR
"
6307,"
"
6308,"OR
"
6309,"OR
"
6310,"WA
"
6311,"OR
"
6312,"WA
"
6313,"WA
"
6314,"
"
6315,"
"
6316,"
"
6317,"OR
"
6318,"OR
"
6319,"CA
"
6320,"CA
"
6321,"OR
"
6322,"WA
"
6323,"WA
"
6324,"
"
6325,"
"
6326,"
"
6327,"
"
6328,"CA
"
6329,"OR
"
6330,"CA
"
6331,"
"
6332,"WA
"
6333,"
"
6334,"
"
6335,"WA
"
6336,"WA
"
6337,"OR
"
6338,"OR
"
6339,"
"
6340,"CA
"
6341,"WA
"
6342,"WA
"
6343,"WA
"
6344,"WA
"
6345,"
"
6346,"WA
"
6347,"
"
6348,"WA
"
6349,"OR
"
6350,"
"
6351,"OR
"
6352,"
"
6353,"
"
6354,"OR
"
6355,"
"
6356,"WA
"
6357,"OR
"
6358,"
"
6359,"OR
"
6360,"WA
"
6361,"WA
"
6362,"WA
"
6363,"
"
6364,"CA
"
6365,"
"
6366,"WA
"
6367,"WA
"
6368,"
"
6369,"
"
6370,"CA
"
6371,"CA
"
6372,"CA
"
6373,"CA
"
6374,"WA
"
6375,"
"
6376,"CA
"
6377,"CA
"
6378,"CA
"
6379,"
"
6380,"CA
"
6381,"CA
"
6382,"
"
6383,"CA
"
6384,"CA
"
6385,"WA
"
6386,"CA
"
6387,"CA
"
6388,"WA
"
6389,"
"
6390,"WA
"
6391,"
"
6392,"CA
"
6393,"
"
6394,"CA
"
6395,"CA
"
6396,"CA
"
6397,"CA
"
6398,"CA
"
6399,"CA
"
6400,"WA
"
6401,"
"
6402,"CA
"
6403,"WA
"
6404,"WA
"
6405,"
"
6406,"WA
"
6407,"WA
"
6408,"CA
"
6409,"OR
"
6410,"OR
"
6411,"
"
6412,"
"
6413,"OR
"
6414,"OR
"
6415,"OR
"
6416,"WA
"
6417,"
"
6418,"WA
"
6419,"WA
"
6420,"CA
"
6421,"WA
"
6422,"OR
"
6423,"OR
"
6424,"WA
"
6425,"WA
"
6426,"OR
"
6427,"WA
"
6428,"OR
"
6429,"OR
"
6430,"OR
"
6431,"WA
"
6432,"
"
6433,"OR
"
6434,"
"
6435,"WA
"
6436,"
"
6437,"WA
"
6438,"OR
"
6439,"
"
6440,"OR
"
6441,"WA
"
6442,"WA
"
6443,"TX
"
6444,"WA
"
6445,"WA
"
6446,"WA
"
6447,"AZ
"
6448,"TX
"
6449,"OR
"
6450,"
"
6451,"WA
"
6452,"WA
"
6453,"WA
"
6454,"WA
"
6455,"WA
"
6456,"WA
"
6457,"CA
"
6458,"WA
"
6459,"WA
"
6460,"WA
"
6461,"CA
"
6462,"OR
"
6463,"WA
"
6464,"
"
6465,"WA
"
6466,"OR
"
6467,"
"
6468,"OR
"
6469,"WA
"
6470,"WA
"
6471,"
"
6472,"WA
"
6473,"WA
"
6474,"
"
6475,"OR
"
6476,"WA
"
6477,"WA
"
6478,"OR
"
6479,"WA
"
6480,"
"
6481,"WA
"
6482,"WA
"
6483,"WA
"
6484,"
"
6485,"WA
"
6486,"WA
"
6487,"
"
6488,"
"
6489,"WA
"
6490,"
"
6491,"
"
6492,"
"
6493,"
"
6494,"
"
6495,"OR
"
6496,"OR
"
6497,"OR
"
6498,"OR
"
6499,"WA
"
6500,"WA
"
6501,"TX
"
6502,"OR
"
6503,"OR
"
6504,"
"
6505,"
"
6506,"
"
6507,"WA
"
6508,"TX
"
6509,"WA
"
6510,"
"
6511,"OR
"
6512,"
"
6513,"CA
"
6514,"CA
"
6515,"
"
6516,"WA
"
6517,"
"
6518,"
"
6519,"CA
"
6520,"OR
"
6521,"WA
"
6522,"
"
6523,"
"
6524,"CA
"
6525,"WA
"
6526,"
"
6527,"WA
"
6528,"
"
6529,"WA
"
6530,"WA
"
6531,"
"
6532,"
"
6533,"WA
"
6534,"WA
"
6535,"WA
"
6536,"WA
"
6537,"WA
"
6538,"OR
"
6539,"
"
6540,"
"
6541,"TX
"
6542,"WA
"
6543,"WA
"
6544,"
"
6545,"
"
6546,"OR
"
6547,"
"
6548,"
"
6549,"WA
"
6550,"WA
"
6551,"MD
"
6552,"
"
6553,"TX
"
6554,"OR
"
6555,"WA
"
6556,"
"
6557,"OR
"
6558,"OR
"
6559,"
"
6560,"OR
"
6561,"
"
6562,"MD
"
6563,"
"
6564,"
"
6565,"
"
6566,"OR
"
6567,"WA
"
6568,"
"
6569,"
"
6570,"CA
"
6571,"WA
"
6572,"
"
6573,"
"
6574,"
"
6575,"
"
6576,"
"
6577,"CA
"
6578,"WA
"
6579,"MD
"
6580,"CA
"
6581,"WA
"
6582,"WA
"
6583,"MD
"
6584,"
"
6585,"WA
"
6586,"
"
6587,"OR
"
6588,"WA
"
6589,"WA
"
6590,"
"
6591,"OR
"
6592,"WA
"
6593,"WA
"
6594,"WA
"
6595,"MD
"
6596,"WA
"
6597,"OR
"
6598,"WA
"
6599,"WA
"
6600,"CA
"
6601,"WA
"
6602,"WA
"
6603,"WA
"
6604,"WA
"
6605,"
"
6606,"WA
"
6607,"WA
"
6608,"WA
"
6609,"OR
"
6610,"OR
"
6611,"WA
"
6612,"OR
"
6613,"OR
"
6614,"
"
6615,"
"
6616,"
"
6617,"WA
"
6618,"TX
"
6619,"
"
6620,"OR
"
6621,"WA
"
6622,"WA
"
6623,"OR
"
6624,"OR
"
6625,"OR
"
6626,"WA
"
6627,"WA
"
6628,"OR
"
6629,"WA
"
6630,"
"
6631,"CA
"
6632,"OR
"
6633,"WI
"
6634,"WA
"
6635,"OR
"
6636,"TX
"
6637,"CA
"
6638,"CA
"
6639,"WA
"
6640,"
"
6641,"
"
6642,"CA
"
6643,"WA
"
6644,"CA
"
6645,"
"
6646,"CA
"
6647,"CA
"
6648,"WA
"
6649,"WA
"
6650,"OR
"
6651,"WA
"
6652,"WA
"
6653,"WA
"
6654,"WA
"
6655,"WA
"
6656,"WA
"
6657,"WA
"
6658,"WA
"
6659,"WA
"
6660,"WA
"
6661,"WA
"
6662,"OR
"
6663,"WA
"
6664,"WA
"
6665,"WA
"
6666,"WA
"
6667,"OR
"
6668,"
"
6669,"OR
"
6670,"OR
"
6671,"WA
"
6672,"WA
"
6673,"TX
"
6674,"WA
"
6675,"WA
"
6676,"OR
"
6677,"WA
"
6678,"WA
"
6679,"WA
"
6680,"OR
"
6681,"WA
"
6682,"OR
"
6683,"OH
"
6684,"OR
"
6685,"WA
"
6686,"WA
"
6687,"WA
"
6688,"OR
"
6689,"OR
"
6690,"WA
"
6691,"WA
"
6692,"OR
"
6693,"
"
6694,"
"
6695,"OR
"
6696,"
"
6697,"WA
"
6698,"
"
6699,"
"
6700,"WA
"
6701,"
"
6702,"
"
6703,"
"
6704,"
"
6705,"WA
"
6706,"WA
"
6707,"OR
"
6708,"
"
6709,"WA
"
6710,"
"
6711,"OR
"
6712,"OR
"
6713,"
"
6714,"
"
6715,"
"
6716,"
"
6717,"CA
"
6718,"OR
"
6719,"OR
"
6720,"
"
6721,"
"
6722,"OR
"
6723,"
"
6724,"
"
6725,"
"
6726,"
"
6727,"
"
6728,"
"
6729,"CA
"
6730,"WA
"
6731,"CA
"
6732,"CA
"
6733,"CA
"
6734,"CA
"
6735,"CA
"
6736,"
"
6737,"NY
"
6738,"OR
"
6739,"
"
6740,"
"
6741,"OR
"
6742,"CA
"
6743,"WA
"
6744,"
"
6745,"
"
6746,"WA
"
6747,"NH
"
6748,"OR
"
6749,"WA
"
6750,"WA
"
6751,"
"
6752,"
"
6753,"OR
"
6754,"WA
"
6755,"
"
6756,"OR
"
6757,"OR
"
6758,"OR
"
6759,"OR
"
6760,"OR
"
6761,"WA
"
6762,"WA
"
6763,"WA
"
6764,"WA
"
6765,"WA
"
6766,"
"
6767,"OR
"
6768,"WA
"
6769,"WA
"
6770,"
"
6771,"
"
6772,"WA
"
6773,"OR
"
6774,"OH
"
6775,"KY
"
6776,"KY
"
6777,"WA
"
6778,"WA
"
6779,"WA
"
6780,"OR
"
6781,"WA
"
6782,"WA
"
6783,"WA
"
6784,"WA
"
6785,"OH
"
6786,"KY
"
6787,"WA
"
6788,"WA
"
6789,"WA
"
6790,"WA
"
6791,"WA
"
6792,"OR
"
6793,"
"
6794,"MI
"
6795,"OR
"
6796,"WA
"
6797,"KY
"
6798,"OH
"
6799,"OR
"
6800,"WA
"
6801,"
"
6802,"WA
"
6803,"WA
"
6804,"KY
"
6805,"OR
"
6806,"
"
6807,"WA
"
6808,"WA
"
6809,"CA
"
6810,"WA
"
6811,"
"
6812,"WA
"
6813,"WA
"
6814,"WA
"
6815,"CA
"
6816,"
"
6817,"WA
"
6818,"CA
"
6819,"CA
"
6820,"WA
"
6821,"CA
"
6822,"WA
"
6823,"CA
"
6824,"WA
"
6825,"WA
"
6826,"WA
"
6827,"CA
"
6828,"WA
"
6829,"WA
"
6830,"WA
"
6831,"OR
"
6832,"WA
"
6833,"WA
"
6834,"WA
"
6835,"OR
"
6836,"WA
"
6837,"
"
6838,"WA
"
6839,"
"
6840,"WA
"
6841,"WA
"
6842,"WA
"
6843,"WA
"
6844,"WA
"
6845,"
"
6846,"
"
6847,"WA
"
6848,"WA
"
6849,"WA
"
6850,"WA
"
6851,"WA
"
6852,"WA
"
6853,"
"
6854,"WA
"
6855,"WA
"
6856,"
"
6857,"
"
6858,"TX
"
6859,"WA
"
6860,"WA
"
6861,"OR
"
6862,"WA
"
6863,"WA
"
6864,"OR
"
6865,"TX
"
6866,"WA
"
6867,"WA
"
6868,"WA
"
6869,"
"
6870,"WA
"
6871,"WA
"
6872,"
"
6873,"OR
"
6874,"TX
"
6875,"WA
"
6876,"
"
6877,"OR
"
6878,"OR
"
6879,"TX
"
6880,"
"
6881,"WA
"
6882,"WA
"
6883,"WA
"
6884,"
"
6885,"
"
6886,"
"
6887,"
"
6888,"
"
6889,"CA
"
6890,"WA
"
6891,"
"
6892,"
"
6893,"
"
6894,"WA
"
6895,"CA
"
6896,"CA
"
6897,"
"
6898,"
"
6899,"CA
"
6900,"WA
"
6901,"CA
"
6902,"
"
6903,"CA
"
6904,"
"
6905,"TX
"
6906,"WA
"
6907,"WA
"
6908,"CA
"
6909,"
"
6910,"
"
6911,"WA
"
6912,"WA
"
6913,"CA
"
6914,"
"
6915,"
"
6916,"CA
"
6917,"WA
"
6918,"WA
"
6919,"WA
"
6920,"WA
"
6921,"
"
6922,"WA
"
6923,"WA
"
6924,"WA
"
6925,"WA
"
6926,"WA
"
6927,"
"
6928,"TX
"
6929,"
"
6930,"WA
"
6931,"WA
"
6932,"WA
"
6933,"WA
"
6934,"
"
6935,"WA
"
6936,"WA
"
6937,"WA
"
6938,"TX
"
6939,"WA
"
6940,"
"
6941,"WA
"
6942,"
"
6943,"WA
"
6944,"WA
"
6945,"
"
6946,"WA
"
6947,"
"
6948,"
"
6949,"WA
"
6950,"
"
6951,"
"
6952,"WA
"
6953,"
"
6954,"WA
"
6955,"WA
"
6956,"
"
6957,"WA
"
6958,"
"
6959,"
"
6960,"
"
6961,"CA
"
6962,"WA
"
6963,"WA
"
6964,"
"
6965,"
"
6966,"
"
6967,"TX
"
6968,"WA
"
6969,"
"
6970,"
"
6971,"TX
"
6972,"
"
6973,"CA
"
6974,"
"
6975,"WA
"
6976,"WA
"
6977,"WA
"
6978,"WA
"
6979,"WA
"
6980,"WA
"
6981,"
"
6982,"
"
6983,"
"
6984,"WA
"
6985,"WA
"
6986,"
"
6987,"
"
6988,"OR
"
6989,"
"
6990,"CA
"
6991,"
"
6992,"
"
6993,"WA
"
6994,"CA
"
6995,"
"
6996,"CA
"
6997,"OR
"
6998,"OR
"
6999,"OR
"
7000,"WA
"
7001,"WA
"
7002,"
"
7003,"
"
7004,"WA
"
7005,"NV
"
7006,"WA
"
7007,"
"
7008,"
"
7009,"
"
7010,"WA
"
7011,"ID
"
7012,"
"
7013,"ID
"
7014,"
"
7015,"OR
"
7016,"
"
7017,"
"
7018,"CA
"
7019,"WA
"
7020,"
"
7021,"OR
"
7022,"CA
"
7023,"CA
"
7024,"CA
"
7025,"OR
"
7026,"CA
"
7027,"WA
"
7028,"OR
"
7029,"
"
7030,"WA
"
7031,"WA
"
7032,"OR
"
7033,"
"
7034,"CA
"
7035,"
"
7036,"ID
"
7037,"ID
"
7038,"
"
7039,"
"
7040,"OR
"
7041,"CA
"
7042,"
"
7043,"
"
7044,"CA
"
7045,"CA
"
7046,"ID
"
7047,"
"
7048,"UT
"
7049,"
"
7050,"OH
"
7051,"
"
7052,"
"
7053,"
"
7054,"CA
"
7055,"
"
7056,"CA
"
7057,"OH
"
7058,"WA
"
7059,"WA
"
7060,"
"
7061,"WA
"
7062,"CA
"
7063,"OR
"
7064,"ID
"
7065,"
"
7066,"OR
"
7067,"
"
7068,"
"
7069,"
"
7070,"CA
"
7071,"WA
"
7072,"IL
"
7073,"CO
"
7074,"WA
"
7075,"CA
"
7076,"CA
"
7077,"WA
"
7078,"CA
"
7079,"ID
"
7080,"CA
"
7081,"
"
7082,"WA
"
7083,"CA
"
7084,"WA
"
7085,"WA
"
7086,"CA
"
7087,"
"
7088,"CA
"
7089,"OR
"
7090,"ID
"
7091,"CA
"
7092,"CA
"
7093,"
"
7094,"WA
"
7095,"
"
7096,"CA
"
7097,"WA
"
7098,"CA
"
7099,"UT
"
7100,"WA
"
7101,"CA
"
7102,"
"
7103,"OR
"
7104,"
"
7105,"CA
"
7106,"
"
7107,"WA
"
7108,"WA
"
7109,"
"
7110,"CA
"
7111,"WA
"
7112,"WA
"
7113,"OR
"
7114,"
"
7115,"CA
"
7116,"WA
"
7117,"
"
7118,"CA
"
7119,"
"
7120,"
"
7121,"WA
"
7122,"ID
"
7123,"WA
"
7124,"
"
7125,"OR
"
7126,"WA
"
7127,"
"
7128,"OR
"
7129,"
"
7130,"WA
"
7131,"
"
7132,"OR
"
7133,"
"
7134,"WA
"
7135,"OR
"
7136,"WA
"
7137,"ID
"
7138,"WA
"
7139,"WA
"
7140,"OR
"
7141,"OR
"
7142,"
"
7143,"WA
"
7144,"
"
7145,"ID
"
7146,"
"
7147,"ID
"
7148,"CO
"
7149,"CA
"
7150,"ID
"
7151,"CA
"
7152,"WA
"
7153,"CO
"
7154,"CO
"
7155,"ID
"
7156,"TX
"
7157,"CO
"
7158,"TX
"
7159,"CA
"
7160,"ID
"
7161,"WA
"
7162,"TX
"
7163,"CO
"
7164,"ID
"
7165,"OH
"
7166,"ID
"
7167,"WI
"
7168,"WA
"
7169,"
"
7170,"
"
7171,"
"
7172,"
"
7173,"CA
"
7174,"
"
7175,"CA
"
7176,"ID
"
7177,"TX
"
7178,"
"
7179,"TX
"
7180,"CA
"
7181,"
"
7182,"IL
"
7183,"ID
"
7184,"ID
"
7185,"
"
7186,"
"
7187,"
"
7188,"ID
"
7189,"
"
7190,"
"
7191,"ID
"
7192,"ID
"
7193,"
"
7194,"CA
"
7195,"
"
7196,"
"
7197,"FL
"
7198,"
"
7199,"TX
"
7200,"CO
"
7201,"
"
7202,"
"
7203,"
"
7204,"FL
"
7205,"NC
"
7206,"NC
"
7207,"
"
7208,"ID
"
7209,"
"
7210,"CA
"
7211,"ID
"
7212,"NC
"
7213,"ID
"
7214,"
"
7215,"ID
"
7216,"CA
"
7217,"
"
7218,"
"
7219,"
"
7220,"WI
"
7221,"IL
"
7222,"ID
"
7223,"
"
7224,"
"
7225,"WA
"
7226,"TX
"
7227,"IL
"
7228,"ID
"
7229,"
"
7230,"WA
"
7231,"ID
"
7232,"
"
7233,"FL
"
7234,"TX
"
7235,"
"
7236,"
"
7237,"ID
"
7238,"
"
7239,"
"
7240,"
"
7241,"FL
"
7242,"ID
"
7243,"
"
7244,"ID
"
7245,"NY
"
7246,"ID
"
7247,"CO
"
7248,"
"
7249,"ID
"
7250,"
"
7251,"CA
"
7252,"MN
"
7253,"
"
7254,"
"
7255,"CA
"
7256,"TX
"
7257,"MN
"
7258,"CA
"
7259,"ID
"
7260,"WI
"
7261,"DE
"
7262,"
"
7263,"FL
"
7264,"WA
"
7265,"ID
"
7266,"ID
"
7267,"
"
7268,"
"
7269,"
"
7270,"CA
"
7271,"CA
"
7272,"TX
"
7273,"
"
7274,"CA
"
7275,"NC
"
7276,"MD
"
7277,"
"
7278,"MD
"
7279,"
"
7280,"ID
"
7281,"
"
7282,"
"
7283,"
"
7284,"TX
"
7285,"ID
"
7286,"
"
7287,"WA
"
7288,"
"
7289,"
"
7290,"
"
7291,"ID
"
7292,"ID
"
7293,"
"
7294,"
"
7295,"CA
"
7296,"WA
"
7297,"PA
"
7298,"
"
7299,"ID
"
7300,"TX
"
7301,"MI
"
7302,"MI
"
7303,"ID
"
7304,"
"
7305,"
"
7306,"ID
"
7307,"
"
7308,"ND
"
7309,"
"
7310,"
"
7311,"
"
7312,"
"
7313,"IL
"
7314,"
"
7315,"
"
7316,"MI
"
7317,"WI
"
7318,"TX
"
7319,"CA
"
7320,"CA
"
7321,"IL
"
7322,"MI
"
7323,"WA
"
7324,"CA
"
7325,"ID
"
7326,"CA
"
7327,"
"
7328,"CA
"
7329,"WI
"
7330,"ID
"
7331,"
"
7332,"IL
"
7333,"ID
"
7334,"MI
"
7335,"WI
"
7336,"
"
7337,"
"
7338,"
"
7339,"ID
"
7340,"MI
"
7341,"WI
"
7342,"CA
"
7343,"
"
7344,"
"
7345,"MN
"
7346,"
"
7347,"MI
"
7348,"ID
"
7349,"CA
"
7350,"MI
"
7351,"IL
"
7352,"
"
7353,"
"
7354,"ID
"
7355,"MI
"
7356,"CA
"
7357,"
"
7358,"
"
7359,"
"
7360,"
"
7361,"
"
7362,"IN
"
7363,"
"
7364,"ID
"
7365,"ID
"
7366,"ID
"
7367,"CA
"
7368,"WA
"
7369,"CA
"
7370,"IL
"
7371,"
"
7372,"
"
7373,"
"
7374,"ID
"
7375,"
"
7376,"MN
"
7377,"
"
7378,"TX
"
7379,"
"
7380,"ME
"
7381,"
"
7382,"
"
7383,"
"
7384,"PA
"
7385,"
"
7386,"ID
"
7387,"
"
7388,"
"
7389,"
"
7390,"WI
"
7391,"
"
7392,"
"
7393,"
"
7394,"
"
7395,"
"
7396,"NY
"
7397,"CA
"
7398,"
"
7399,"MA
"
7400,"
"
7401,"WI
"
7402,"PA
"
7403,"
"
7404,"
"
7405,"
"
7406,"
"
7407,"ID
"
7408,"ME
"
7409,"NY
"
7410,"FL
"
7411,"CA
"
7412,"
"
7413,"
"
7414,"DE
"
7415,"
"
7416,"NY
"
7417,"
"
7418,"
"
7419,"AZ
"
7420,"ID
"
7421,"AZ
"
7422,"ID
"
7423,"AZ
"
7424,"NY
"
7425,"CA
"
7426,"ME
"
7427,"
"
7428,"CA
"
7429,"
"
7430,"ID
"
7431,"
"
7432,"ID
"
7433,"
"
7434,"
"
7435,"DE
"
7436,"CA
"
7437,"CA
"
7438,"ID
"
7439,"WA
"
7440,"
"
7441,"ID
"
7442,"
"
7443,"ME
"
7444,"WA
"
7445,"ID
"
7446,"CA
"
7447,"MN
"
7448,"CA
"
7449,"
"
7450,"
"
7451,"
"
7452,"NY
"
7453,"ID
"
7454,"DE
"
7455,"
"
7456,"NY
"
7457,"ID
"
7458,"ID
"
7459,"
"
7460,"ID
"
7461,"
"
7462,"
"
7463,"WA
"
7464,"
"
7465,"
"
7466,"
"
7467,"
"
7468,"NY
"
7469,"NY
"
7470,"
"
7471,"WA
"
7472,"MN
"
7473,"
"
7474,"
"
7475,"
"
7476,"
"
7477,"
"
7478,"
"
7479,"NY
"
7480,"OH
"
7481,"KY
"
7482,"WA
"
7483,"WA
"
7484,"TX
"
7485,"CA
"
7486,"ID
"
7487,"ID
"
7488,"WA
"
7489,"ID
"
7490,"ID
"
7491,"CA
"
7492,"OH
"
7493,"KY
"
7494,"OH
"
7495,"MI
"
7496,"WA
"
7497,"PA
"
7498,"OH
"
7499,"KY
"
7500,"OH
"
7501,"FL
"
7502,"PA
"
7503,"ID
"
7504,"OH
"
7505,"KY
"
7506,"KY
"
7507,"ID
"
7508,"TX
"
7509,"WA
"
7510,"OH
"
7511,"KY
"
7512,"IN
"
7513,"ID
"
7514,"PA
"
7515,"ID
"
7516,"KY
"
7517,"KY
"
7518,"OH
"
7519,"ND
"
7520,"ID
"
7521,"OH
"
7522,"ID
"
7523,"ID
"
7524,"KY
"
7525,"ID
"
7526,"PA
"
7527,"TX
"
7528,"ID
"
7529,"PA
"
7530,"WA
"
7531,"MN
"
7532,"
"
7533,"ID
"
7534,"
"
7535,"
"
7536,"WA
"
7537,"OH
"
7538,"
"
7539,"WA
"
7540,"
"
7541,"WA
"
7542,"WA
"
7543,"ID
"
7544,"
"
7545,"CA
"
7546,"ID
"
7547,"
"
7548,"WA
"
7549,"OH
"
7550,"
"
7551,"CO
"
7552,"
"
7553,"OH
"
7554,"TX
"
7555,"CA
"
7556,"TX
"
7557,"TX
"
7558,"TX
"
7559,"TX
"
7560,"TX
"
7561,"TX
"
7562,"CO
"
7563,"TX
"
7564,"MN
"
7565,"ID
"
7566,"
"
7567,"TX
"
7568,"ID
"
7569,"
"
7570,"UT
"
7571,"
"
7572,"TX
"
7573,"
"
7574,"ID
"
7575,"
"
7576,"ID
"
7577,"TX
"
7578,"
"
7579,"TX
"
7580,"TX
"
7581,"TX
"
7582,"
"
7583,"
"
7584,"ID
"
7585,"CA
"
7586,"
"
7587,"TX
"
7588,"TX
"
7589,"
"
7590,"TX
"
7591,"IL
"
7592,"
"
7593,"ID
"
7594,"CA
"
7595,"TX
"
7596,"CA
"
7597,"CA
"
7598,"
"
7599,"TX
"
7600,"
"
7601,"
"
7602,"ID
"
7603,"TX
"
7604,"CA
"
7605,"CA
"
7606,"
"
7607,"CA
"
7608,"
"
7609,"ID
"
7610,"
"
7611,"TX
"
7612,"CO
"
7613,"ID
"
7614,"KS
"
7615,"TX
"
7616,"
"
7617,"OH
"
7618,"
"
7619,"TX
"
7620,"CO
"
7621,"
"
7622,"TX
"
7623,"
"
7624,"WA
"
7625,"TX
"
7626,"ID
"
7627,"TX
"
7628,"WA
"
7629,"
"
7630,"
"
7631,"
"
7632,"
"
7633,"WA
"
7634,"ID
"
7635,"
"
7636,"TX
"
7637,"TX
"
7638,"TX
"
7639,"
"
7640,"
"
7641,"OH
"
7642,"
"
7643,"TX
"
7644,"ID
"
7645,"
"
7646,"TX
"
7647,"
"
7648,"
"
7649,"CA
"
7650,"
"
7651,"
"
7652,"CA
"
7653,"WA
"
7654,"
"
7655,"
"
7656,"CA
"
7657,"
"
7658,"IL
"
7659,"WA
"
7660,"WA
"
7661,"CA
"
7662,"TX
"
7663,"WA
"
7664,"CA
"
7665,"
"
7666,"WA
"
7667,"WA
"
7668,"TX
"
7669,"WA
"
7670,"CA
"
7671,"WA
"
7672,"CA
"
7673,"CA
"
7674,"TX
"
7675,"CO
"
7676,"
"
7677,"CA
"
7678,"AZ
"
7679,"IL
"
7680,"
"
7681,"CA
"
7682,"TX
"
7683,"
"
7684,"CA
"
7685,"WA
"
7686,"WA
"
7687,"WA
"
7688,"WA
"
7689,"
"
7690,"WA
"
7691,"ID
"
7692,"CA
"
7693,"
"
7694,"
"
7695,"WA
"
7696,"CA
"
7697,"
"
7698,"CA
"
7699,"CA
"
7700,"CA
"
7701,"CA
"
7702,"CA
"
7703,"CA
"
7704,"
"
7705,"CA
"
7706,"CA
"
7707,"CA
"
7708,"CA
"
7709,"CA
"
7710,"CA
"
7711,"CA
"
7712,"CA
"
7713,"CA
"
7714,"CA
"
7715,"CA
"
7716,"CA
"
7717,"CA
"
7718,"CA
"
7719,"
"
7720,"
"
7721,"CA
"
7722,"CA
"
7723,"CA
"
7724,"CA
"
7725,"CA
"
7726,"CA
"
7727,"CA
"
7728,"CA
"
7729,"CA
"
7730,"CA
"
7731,"CA
"
7732,"NC
"
7733,"CA
"
7734,"CA
"
7735,"CA
"
7736,"CA
"
7737,"CA
"
7738,"CA
"
7739,"CA
"
7740,"CA
"
7741,"CA
"
7742,"CA
"
7743,"CA
"
7744,"CA
"
7745,"CA
"
7746,"CA
"
7747,"CA
"
7748,"CA
"
7749,"CA
"
7750,"CA
"
7751,"CA
"
7752,"CA
"
7753,"CA
"
7754,"CA
"
7755,"CA
"
7756,"CA
"
7757,"CA
"
7758,"CA
"
7759,"CA
"
7760,"CA
"
7761,"CA
"
7762,"CA
"
7763,"CA
"
7764,"CA
"
7765,"CA
"
7766,"CA
"
7767,"CA
"
7768,"CA
"
7769,"CA
"
7770,"CA
"
7771,"CA
"
7772,"CA
"
7773,"CA
"
7774,"CA
"
7775,"
"
7776,"CA
"
7777,"CA
"
7778,"CA
"
7779,"CA
"
7780,"CA
"
7781,"CA
"
7782,"CA
"
7783,"CA
"
7784,"CA
"
7785,"CA
"
7786,"CA
"
7787,"CA
"
7788,"CA
"
7789,"CA
"
7790,"CA
"
7791,"CA
"
7792,"CA
"
7793,"NC
"
7794,"CA
"
7795,"CA
"
7796,"CA
"
7797,"CA
"
7798,"CA
"
7799,"CA
"
7800,"CA
"
7801,"CA
"
7802,"CA
"
7803,"CA
"
7804,"CA
"
7805,"
"
7806,"CA
"
7807,"CA
"
7808,"CA
"
7809,"CA
"
7810,"CA
"
7811,"CA
"
7812,"CA
"
7813,"CA
"
7814,"CA
"
7815,"CA
"
7816,"CA
"
7817,"CA
"
7818,"CA
"
7819,"CA
"
7820,"NC
"
7821,"CA
"
7822,"CA
"
7823,"CA
"
7824,"CA
"
7825,"CA
"
7826,"CA
"
7827,"CA
"
7828,"CA
"
7829,"CA
"
7830,"CA
"
7831,"CA
"
7832,"CA
"
7833,"CA
"
7834,"CA
"
7835,"CA
"
7836,"CA
"
7837,"CA
"
7838,"CA
"
7839,"CA
"
7840,"CA
"
7841,"CA
"
7842,"CA
"
7843,"CA
"
7844,"CA
"
7845,"CA
"
7846,"CA
"
7847,"CA
"
7848,"CA
"
7849,"CA
"
7850,"CA
"
7851,"CA
"
7852,"CA
"
7853,"CA
"
7854,"IL
"
7855,"CA
"
7856,"CA
"
7857,"CA
"
7858,"CA
"
7859,"CA
"
7860,"CO
"
7861,"CA
"
7862,"TX
"
7863,"CA
"
7864,"CA
"
7865,"CA
"
7866,"CA
"
7867,"CO
"
7868,"CO
"
7869,"CA
"
7870,"CO
"
7871,"CA
"
7872,"CA
"
7873,"CA
"
7874,"CA
"
7875,"CA
"
7876,"TX
"
7877,"CA
"
7878,"CA
"
7879,"CA
"
7880,"CA
"
7881,"NC
"
7882,"FL
"
7883,"CA
"
7884,"FL
"
7885,"CA
"
7886,"CA
"
7887,"CA
"
7888,"CA
"
7889,"CA
"
7890,"CA
"
7891,"AR
"
7892,"CA
"
7893,"CA
"
7894,"CA
"
7895,"CA
"
7896,"FL
"
7897,"FL
"
7898,"CA
"
7899,"TX
"
7900,"CA
"
7901,"CA
"
7902,"CA
"
7903,"CA
"
7904,"FL
"
7905,"CA
"
7906,"CA
"
7907,"CA
"
7908,"CA
"
7909,"CA
"
7910,"CA
"
7911,"CA
"
7912,"CA
"
7913,"CA
"
7914,"
"
7915,"CA
"
7916,"CA
"
7917,"CA
"
7918,"FL
"
7919,"
"
7920,"CA
"
7921,"
"
7922,"CA
"
7923,"CA
"
7924,"CA
"
7925,"CA
"
7926,"CA
"
7927,"CA
"
7928,"CA
"
7929,"
"
7930,"
"
7931,"CA
"
7932,"CA
"
7933,"TX
"
7934,"TX
"
7935,"CA
"
7936,"CA
"
7937,"FL
"
7938,"CA
"
7939,"CA
"
7940,"CA
"
7941,"TX
"
7942,"NC
"
7943,"CA
"
7944,"FL
"
7945,"CA
"
7946,"TX
"
7947,"CA
"
7948,"TX
"
7949,"CA
"
7950,"CA
"
7951,"CA
"
7952,"CA
"
7953,"CA
"
7954,"
"
7955,"
"
7956,"TX
"
7957,"
"
7958,"CA
"
7959,"CA
"
7960,"CA
"
7961,"CA
"
7962,"PA
"
7963,"CA
"
7964,"PA
"
7965,"CA
"
7966,"NJ
"
7967,"PA
"
7968,"MD
"
7969,"CA
"
7970,"
"
7971,"PA
"
7972,"CA
"
7973,"
"
7974,"CA
"
7975,"CA
"
7976,"CA
"
7977,"CA
"
7978,"CA
"
7979,"CA
"
7980,"MD
"
7981,"
"
7982,"CA
"
7983,"PA
"
7984,"
"
7985,"
"
7986,"
"
7987,"
"
7988,"CA
"
7989,"CA
"
7990,"
"
7991,"
"
7992,"CA
"
7993,"PA
"
7994,"CA
"
7995,"CA
"
7996,"
"
7997,"CA
"
7998,"CA
"
7999,"CA
"
8000,"CA
"
8001,"CA
"
8002,"
"
8003,"CA
"
8004,"CA
"
8005,"CA
"
8006,"CA
"
8007,"CA
"
8008,"CA
"
8009,"CA
"
8010,"CA
"
8011,"CA
"
8012,"CA
"
8013,"CA
"
8014,"TX
"
8015,"CA
"
8016,"CA
"
8017,"CA
"
8018,"MI
"
8019,"IL
"
8020,"CA
"
8021,"CA
"
8022,"CA
"
8023,"CA
"
8024,"CA
"
8025,"CA
"
8026,"MI
"
8027,"CA
"
8028,"CA
"
8029,"MI
"
8030,"CA
"
8031,"CA
"
8032,"CA
"
8033,"CA
"
8034,"TX
"
8035,"MI
"
8036,"CA
"
8037,"CA
"
8038,"CA
"
8039,"CA
"
8040,"CA
"
8041,"CA
"
8042,"CA
"
8043,"CA
"
8044,"CA
"
8045,"CA
"
8046,"CA
"
8047,"CA
"
8048,"CA
"
8049,"CA
"
8050,"CA
"
8051,"CA
"
8052,"CA
"
8053,"CA
"
8054,"MI
"
8055,"CA
"
8056,"CA
"
8057,"CA
"
8058,"CA
"
8059,"CA
"
8060,"CA
"
8061,"CA
"
8062,"CA
"
8063,"MI
"
8064,"IL
"
8065,"CA
"
8066,"MI
"
8067,"CA
"
8068,"CA
"
8069,"CA
"
8070,"MI
"
8071,"CA
"
8072,"CA
"
8073,"CA
"
8074,"CA
"
8075,"CA
"
8076,"MI
"
8077,"CA
"
8078,"CA
"
8079,"CA
"
8080,"MA
"
8081,"CA
"
8082,"CA
"
8083,"CA
"
8084,"TX
"
8085,"TX
"
8086,"CA
"
8087,"CA
"
8088,"CA
"
8089,"MA
"
8090,"
"
8091,"PA
"
8092,"NY
"
8093,"CA
"
8094,"
"
8095,"CA
"
8096,"CA
"
8097,"CA
"
8098,"CA
"
8099,"CA
"
8100,"CA
"
8101,"
"
8102,"CA
"
8103,"CA
"
8104,"CA
"
8105,"
"
8106,"
"
8107,"CA
"
8108,"
"
8109,"CA
"
8110,"CA
"
8111,"AR
"
8112,"CA
"
8113,"NC
"
8114,"NY
"
8115,"CA
"
8116,"CA
"
8117,"NY
"
8118,"NY
"
8119,"
"
8120,"MD
"
8121,"PA
"
8122,"CA
"
8123,"
"
8124,"CA
"
8125,"CA
"
8126,"CA
"
8127,"CA
"
8128,"CA
"
8129,"CA
"
8130,"CA
"
8131,"
"
8132,"CA
"
8133,"CA
"
8134,"AR
"
8135,"CA
"
8136,"CA
"
8137,"CA
"
8138,"CA
"
8139,"CA
"
8140,"CA
"
8141,"
"
8142,"MA
"
8143,"MA
"
8144,"
"
8145,"CA
"
8146,"CA
"
8147,"CA
"
8148,"
"
8149,"NC
"
8150,"CA
"
8151,"CA
"
8152,"
"
8153,"CA
"
8154,"CA
"
8155,"CA
"
8156,"
"
8157,"CA
"
8158,"CA
"
8159,"CA
"
8160,"CT
"
8161,"CA
"
8162,"
"
8163,"CA
"
8164,"CA
"
8165,"CA
"
8166,"PA
"
8167,"CA
"
8168,"CA
"
8169,"AR
"
8170,"CA
"
8171,"NY
"
8172,"CA
"
8173,"
"
8174,"CA
"
8175,"CA
"
8176,"CA
"
8177,"PA
"
8178,"CA
"
8179,"MA
"
8180,"
"
8181,"NY
"
8182,"TX
"
8183,"CA
"
8184,"PA
"
8185,"NY
"
8186,"TX
"
8187,"CA
"
8188,"OH
"
8189,"CA
"
8190,"CA
"
8191,"CA
"
8192,"IL
"
8193,"CA
"
8194,"CA
"
8195,"CA
"
8196,"CA
"
8197,"CA
"
8198,"OH
"
8199,"CA
"
8200,"CA
"
8201,"KY
"
8202,"CA
"
8203,"CA
"
8204,"CA
"
8205,"TX
"
8206,"OH
"
8207,"CA
"
8208,"OH
"
8209,"CA
"
8210,"CA
"
8211,"MI
"
8212,"CA
"
8213,"AR
"
8214,"CA
"
8215,"CA
"
8216,"CA
"
8217,"CA
"
8218,"CA
"
8219,"OH
"
8220,"CA
"
8221,"CA
"
8222,"PA
"
8223,"CA
"
8224,"CA
"
8225,"CA
"
8226,"CA
"
8227,"NC
"
8228,"PA
"
8229,"CA
"
8230,"CA
"
8231,"CA
"
8232,"CA
"
8233,"CA
"
8234,"CA
"
8235,"CA
"
8236,"CA
"
8237,"CA
"
8238,"CA
"
8239,"PA
"
8240,"CA
"
8241,"CA
"
8242,"CA
"
8243,"CA
"
8244,"PA
"
8245,"PA
"
8246,"CA
"
8247,"CA
"
8248,"CA
"
8249,"PA
"
8250,"OH
"
8251,"CA
"
8252,"CA
"
8253,"MI
"
8254,"CA
"
8255,"CA
"
8256,"CA
"
8257,"CA
"
8258,"CA
"
8259,"CA
"
8260,"CA
"
8261,"CA
"
8262,"CA
"
8263,"TX
"
8264,"CA
"
8265,"CA
"
8266,"TX
"
8267,"CA
"
8268,"NC
"
8269,"CA
"
8270,"CA
"
8271,"TX
"
8272,"CA
"
8273,"NC
"
8274,"TX
"
8275,"CA
"
8276,"CA
"
8277,"CA
"
8278,"CA
"
8279,"CA
"
8280,"TX
"
8281,"
"
8282,"TX
"
8283,"CA
"
8284,"CA
"
8285,"CA
"
8286,"TX
"
8287,"CA
"
8288,"
"
8289,"TX
"
8290,"CA
"
8291,"
"
8292,"CA
"
8293,"CA
"
8294,"CA
"
8295,"CA
"
8296,"TX
"
8297,"
"
8298,"CA
"
8299,"CA
"
8300,"CA
"
8301,"CA
"
8302,"CA
"
8303,"CA
"
8304,"TX
"
8305,"TX
"
8306,"AR
"
8307,"CA
"
8308,"CA
"
8309,"CA
"
8310,"CA
"
8311,"CA
"
8312,"
"
8313,"
"
8314,"TX
"
8315,"
"
8316,"CA
"
8317,"NC
"
8318,"
"
8319,"CA
"
8320,"CA
"
8321,"CA
"
8322,"CA
"
8323,"
"
8324,"CA
"
8325,"CA
"
8326,"CO
"
8327,"CA
"
8328,"CA
"
8329,"CA
"
8330,"CA
"
8331,"CA
"
8332,"CA
"
8333,"CA
"
8334,"CA
"
8335,"
"
8336,"CA
"
8337,"CA
"
8338,"
"
8339,"CA
"
8340,"CA
"
8341,"CA
"
8342,"CA
"
8343,"CA
"
8344,"
"
8345,"TX
"
8346,"CA
"
8347,"NC
"
8348,"CA
"
8349,"AZ
"
8350,"CA
"
8351,"CA
"
8352,"TX
"
8353,"CA
"
8354,"
"
8355,"AR
"
8356,"CA
"
8357,"CA
"
8358,"IL
"
8359,"CA
"
8360,"
"
8361,"AZ
"
8362,"AR
"
8363,"CA
"
8364,"CA
"
8365,"
"
8366,"CA
"
8367,"CA
"
8368,"CA
"
8369,"IL
"
8370,"
"
8371,"CA
"
8372,"CA
"
8373,"
"
8374,"AR
"
8375,"CA
"
8376,"CA
"
8377,"AZ
"
8378,"
"
8379,"AR
"
8380,"
"
8381,"AZ
"
8382,"TX
"
8383,"CA
"
8384,"
"
8385,"
"
8386,"CA
"
8387,"AZ
"
8388,"CA
"
8389,"
"
8390,"AZ
"
8391,"
"
8392,"CA
"
8393,"CA
"
8394,"CA
"
8395,"AR
"
8396,"TX
"
8397,"CA
"
8398,"CA
"
8399,"AZ
"
8400,"CA
"
8401,"CA
"
8402,"IL
"
8403,"CA
"
8404,"CA
"
8405,"CA
"
8406,"CA
"
8407,"CA
"
8408,"CA
"
8409,"CA
"
8410,"CA
"
8411,"CA
"
8412,"CA
"
8413,"
"
8414,"TX
"
8415,"CA
"
8416,"CA
"
8417,"CA
"
8418,"CA
"
8419,"CA
"
8420,"CA
"
8421,"IL
"
8422,"CA
"
8423,"CA
"
8424,"CA
"
8425,"CA
"
8426,"
"
8427,"CA
"
8428,"CA
"
8429,"CA
"
8430,"CA
"
8431,"CA
"
8432,"CA
"
8433,"CA
"
8434,"CA
"
8435,"CA
"
8436,"CA
"
8437,"CA
"
8438,"CA
"
8439,"CA
"
8440,"CA
"
8441,"CA
"
8442,"
"
8443,"
"
8444,"CA
"
8445,"CA
"
8446,"CA
"
8447,"CA
"
8448,"CA
"
8449,"CA
"
8450,"CA
"
8451,"CA
"
8452,"CA
"
8453,"CA
"
8454,"CA
"
8455,"CA
"
8456,"CA
"
8457,"
"
8458,"CA
"
8459,"CA
"
8460,"CA
"
8461,"CA
"
8462,"CA
"
8463,"CA
"
8464,"CA
"
8465,"CA
"
8466,"CA
"
8467,"CA
"
8468,"CA
"
8469,"CA
"
8470,"CA
"
8471,"CA
"
8472,"CA
"
8473,"CA
"
8474,"CA
"
8475,"IL
"
8476,"CA
"
8477,"CA
"
8478,"CA
"
8479,"CA
"
8480,"CA
"
8481,"CA
"
8482,"CA
"
8483,"CA
"
8484,"CA
"
8485,"CA
"
8486,"CA
"
8487,"CA
"
8488,"CA
"
8489,"CA
"
8490,"CA
"
8491,"CA
"
8492,"CA
"
8493,"
"
8494,"CA
"
8495,"
"
8496,"CA
"
8497,"CA
"
8498,"
"
8499,"
"
8500,"CA
"
8501,"CA
"
8502,"CA
"
8503,"CA
"
8504,"CA
"
8505,"CA
"
8506,"
"
8507,"
"
8508,"CA
"
8509,"CA
"
8510,"CA
"
8511,"CA
"
8512,"CA
"
8513,"CA
"
8514,"CA
"
8515,"CA
"
8516,"CA
"
8517,"CA
"
8518,"CA
"
8519,"CA
"
8520,"CA
"
8521,"CA
"
8522,"
"
8523,"CA
"
8524,"CA
"
8525,"CA
"
8526,"CA
"
8527,"CA
"
8528,"CA
"
8529,"CA
"
8530,"CA
"
8531,"CA
"
8532,"CA
"
8533,"CA
"
8534,"CA
"
8535,"CA
"
8536,"CA
"
8537,"CA
"
8538,"CA
"
8539,"CA
"
8540,"CA
"
8541,"CA
"
8542,"CA
"
8543,"
"
8544,"CA
"
8545,"CA
"
8546,"CA
"
8547,"
"
8548,"CA
"
8549,"
"
8550,"CA
"
8551,"CA
"
8552,"CA
"
8553,"CA
"
8554,"CA
"
8555,"CA
"
8556,"CA
"
8557,"FL
"
8558,"CA
"
8559,"CA
"
8560,"CA
"
8561,"CA
"
8562,"CA
"
8563,"CA
"
8564,"CA
"
8565,"CA
"
8566,"CA
"
8567,"CA
"
8568,"CA
"
8569,"CA
"
8570,"CA
"
8571,"CA
"
8572,"CA
"
8573,"CA
"
8574,"CA
"
8575,"CA
"
8576,"CA
"
8577,"CA
"
8578,"CA
"
8579,"CA
"
8580,"CA
"
8581,"CA
"
8582,"FL
"
8583,"
"
8584,"CA
"
8585,"CA
"
8586,"FL
"
8587,"FL
"
8588,"
"
8589,"FL
"
8590,"FL
"
8591,"FL
"
8592,"CA
"
8593,"FL
"
8594,"FL
"
8595,"FL
"
8596,"CA
"
8597,"FL
"
8598,"CA
"
8599,"CA
"
8600,"CA
"
8601,"CA
"
8602,"FL
"
8603,"CA
"
8604,"FL
"
8605,"CA
"
8606,"CA
"
8607,"MN
"
8608,"CA
"
8609,"CA
"
8610,"CA
"
8611,"CA
"
8612,"CA
"
8613,"CA
"
8614,"CA
"
8615,"CA
"
8616,"CA
"
8617,"CA
"
8618,"CA
"
8619,"CA
"
8620,"
"
8621,"CA
"
8622,"FL
"
8623,"FL
"
8624,"CA
"
8625,"CA
"
8626,"CA
"
8627,"CA
"
8628,"CA
"
8629,"CA
"
8630,"CA
"
8631,"CA
"
8632,"CA
"
8633,"CA
"
8634,"CA
"
8635,"CA
"
8636,"CA
"
8637,"CA
"
8638,"CA
"
8639,"CA
"
8640,"CA
"
8641,"CA
"
8642,"CA
"
8643,"CA
"
8644,"CA
"
8645,"CA
"
8646,"CA
"
8647,"CA
"
8648,"CA
"
8649,"CA
"
8650,"CA
"
8651,"CA
"
8652,"CA
"
8653,"CA
"
8654,"CA
"
8655,"CA
"
8656,"CA
"
8657,"FL
"
8658,"FL
"
8659,"FL
"
8660,"
"
8661,"FL
"
8662,"FL
"
8663,"FL
"
8664,"CA
"
8665,"FL
"
8666,"FL
"
8667,"FL
"
8668,"CA
"
8669,"CA
"
8670,"FL
"
8671,"FL
"
8672,"FL
"
8673,"CA
"
8674,"CA
"
8675,"CA
"
8676,"CA
"
8677,"
"
8678,"CA
"
8679,"CA
"
8680,"CA
"
8681,"NC
"
8682,"CA
"
8683,"NC
"
8684,"CA
"
8685,"CA
"
8686,"CA
"
8687,"CA
"
8688,"
"
8689,"CA
"
8690,"CA
"
8691,"CA
"
8692,"CA
"
8693,"CA
"
8694,"
"
8695,"CA
"
8696,"CA
"
8697,"
"
8698,"CA
"
8699,"CA
"
8700,"CA
"
8701,"CA
"
8702,"CA
"
8703,"CA
"
8704,"CA
"
8705,"CA
"
8706,"CA
"
8707,"CA
"
8708,"CA
"
8709,"CA
"
8710,"
"
8711,"FL
"
8712,"FL
"
8713,"
"
8714,"FL
"
8715,"CA
"
8716,"FL
"
8717,"FL
"
8718,"FL
"
8719,"FL
"
8720,"
"
8721,"FL
"
8722,"CA
"
8723,"CA
"
8724,"FL
"
8725,"FL
"
8726,"TX
"
8727,"CA
"
8728,"FL
"
8729,"CA
"
8730,"CA
"
8731,"CA
"
8732,"CA
"
8733,"CA
"
8734,"CA
"
8735,"CA
"
8736,"CA
"
8737,"CA
"
8738,"CA
"
8739,"CA
"
8740,"CA
"
8741,"CA
"
8742,"CA
"
8743,"CA
"
8744,"CA
"
8745,"CA
"
8746,"CA
"
8747,"CA
"
8748,"CA
"
8749,"CA
"
8750,"CA
"
8751,"CA
"
8752,"CA
"
8753,"CA
"
8754,"CA
"
8755,"CA
"
8756,"CA
"
8757,"CA
"
8758,"CA
"
8759,"CA
"
8760,"CA
"
8761,"CA
"
8762,"TX
"
8763,"CA
"
8764,"CA
"
8765,"CA
"
8766,"CA
"
8767,"CA
"
8768,"CA
"
8769,"CA
"
8770,"CA
"
8771,"CA
"
8772,"CA
"
8773,"CA
"
8774,"CA
"
8775,"CA
"
8776,"CA
"
8777,"FL
"
8778,"CA
"
8779,"CA
"
8780,"FL
"
8781,"FL
"
8782,"FL
"
8783,"CA
"
8784,"FL
"
8785,"FL
"
8786,"FL
"
8787,"CA
"
8788,"CA
"
8789,"CA
"
8790,"FL
"
8791,"CA
"
8792,"CA
"
8793,"FL
"
8794,"
"
8795,"CA
"
8796,"CA
"
8797,"FL
"
8798,"CA
"
8799,"CA
"
8800,"CA
"
8801,"CA
"
8802,"
"
8803,"FL
"
8804,"FL
"
8805,"CA
"
8806,"CA
"
8807,"CA
"
8808,"CA
"
8809,"FL
"
8810,"CA
"
8811,"CA
"
8812,"CA
"
8813,"CA
"
8814,"CA
"
8815,"CA
"
8816,"CA
"
8817,"FL
"
8818,"CA
"
8819,"CA
"
8820,"CA
"
8821,"CA
"
8822,"CA
"
8823,"CA
"
8824,"CA
"
8825,"CA
"
8826,"CA
"
8827,"CA
"
8828,"TX
"
8829,"CA
"
8830,"
"
8831,"CA
"
8832,"CA
"
8833,"CA
"
8834,"CA
"
8835,"CA
"
8836,"CA
"
8837,"CA
"
8838,"CA
"
8839,"CA
"
8840,"CA
"
8841,"CA
"
8842,"CA
"
8843,"CA
"
8844,"CA
"
8845,"
"
8846,"CA
"
8847,"CA
"
8848,"CA
"
8849,"CA
"
8850,"CA
"
8851,"CA
"
8852,"CA
"
8853,"CA
"
8854,"CA
"
8855,"CA
"
8856,"CA
"
8857,"CA
"
8858,"CA
"
8859,"CA
"
8860,"CA
"
8861,"CA
"
8862,"CA
"
8863,"CA
"
8864,"CA
"
8865,"CA
"
8866,"CA
"
8867,"CA
"
8868,"CA
"
8869,"CA
"
8870,"TX
"
8871,"CA
"
8872,"CA
"
8873,"CA
"
8874,"CA
"
8875,"CA
"
8876,"CA
"
8877,"CA
"
8878,"
"
8879,"
"
8880,"
"
8881,"
"
8882,"CA
"
8883,"CA
"
8884,"CA
"
8885,"FL
"
8886,"CA
"
8887,"FL
"
8888,"FL
"
8889,"CA
"
8890,"CA
"
8891,"CA
"
8892,"CA
"
8893,"CA
"
8894,"FL
"
8895,"CA
"
8896,"CA
"
8897,"CA
"
8898,"CA
"
8899,"CA
"
8900,"FL
"
8901,"FL
"
8902,"CA
"
8903,"CA
"
8904,"CA
"
8905,"CA
"
8906,"CA
"
8907,"CA
"
8908,"CA
"
8909,"CA
"
8910,"CA
"
8911,"CA
"
8912,"CA
"
8913,"CA
"
8914,"CA
"
8915,"CA
"
8916,"CA
"
8917,"CA
"
8918,"CA
"
8919,"CA
"
8920,"CA
"
8921,"CA
"
8922,"CA
"
8923,"CA
"
8924,"OH
"
8925,"KY
"
8926,"CA
"
8927,"CA
"
8928,"CA
"
8929,"CA
"
8930,"CA
"
8931,"CA
"
8932,"CA
"
8933,"CA
"
8934,"CA
"
8935,"CA
"
8936,"CA
"
8937,"CA
"
8938,"CA
"
8939,"CA
"
8940,"OH
"
8941,"CA
"
8942,"CA
"
8943,"CA
"
8944,"CA
"
8945,"CA
"
8946,"CA
"
8947,"CA
"
8948,"CA
"
8949,"CA
"
8950,"CA
"
8951,"CA
"
8952,"CA
"
8953,"CA
"
8954,"CA
"
8955,"CA
"
8956,"CA
"
8957,"CA
"
8958,"CA
"
8959,"
"
8960,"CA
"
8961,"CA
"
8962,"CA
"
8963,"CA
"
8964,"FL
"
8965,"CA
"
8966,"CA
"
8967,"CA
"
8968,"CA
"
8969,"TX
"
8970,"
"
8971,"CA
"
8972,"CA
"
8973,"CA
"
8974,"CA
"
8975,"CA
"
8976,"CA
"
8977,"CA
"
8978,"TX
"
8979,"
"
8980,"
"
8981,"CA
"
8982,"TX
"
8983,"CA
"
8984,"CA
"
8985,"CA
"
8986,"CA
"
8987,"
"
8988,"CA
"
8989,"CA
"
8990,"CA
"
8991,"CA
"
8992,"CA
"
8993,"CA
"
8994,"CA
"
8995,"CA
"
8996,"
"
8997,"CA
"
8998,"CA
"
8999,"CA
"
9000,"CA
"
9001,"CA
"
9002,"
"
9003,"CA
"
9004,"CA
"
9005,"
"
9006,"CA
"
9007,"CA
"
9008,"CA
"
9009,"CA
"
9010,"
"
9011,"
"
9012,"CA
"
9013,"CA
"
9014,"CA
"
9015,"
"
9016,"CA
"
9017,"CA
"
9018,"CA
"
9019,"CA
"
9020,"CA
"
9021,"CA
"
9022,"CA
"
9023,"CA
"
9024,"CA
"
9025,"CA
"
9026,"CA
"
9027,"
"
9028,"CA
"
9029,"CA
"
9030,"CA
"
9031,"CA
"
9032,"CA
"
9033,"CA
"
9034,"TX
"
9035,"CA
"
9036,"CA
"
9037,"CA
"
9038,"CA
"
9039,"CA
"
9040,"CA
"
9041,"CA
"
9042,"CA
"
9043,"CA
"
9044,"CA
"
9045,"CA
"
9046,"
"
9047,"CA
"
9048,"CA
"
9049,"TX
"
9050,"
"
9051,"CA
"
9052,"
"
9053,"CA
"
9054,"
"
9055,"CA
"
9056,"FL
"
9057,"CA
"
9058,"CA
"
9059,"CA
"
9060,"
"
9061,"CA
"
9062,"CA
"
9063,"CA
"
9064,"CA
"
9065,"
"
9066,"CA
"
9067,"CA
"
9068,"CA
"
9069,"CA
"
9070,"CA
"
9071,"CA
"
9072,"
"
9073,"CA
"
9074,"CA
"
9075,"CA
"
9076,"CA
"
9077,"CA
"
9078,"CA
"
9079,"CA
"
9080,"CA
"
9081,"CA
"
9082,"CA
"
9083,"CA
"
9084,"CA
"
9085,"CA
"
9086,"
"
9087,"CA
"
9088,"CA
"
9089,"CA
"
9090,"CA
"
9091,"CA
"
9092,"CA
"
9093,"CA
"
9094,"CA
"
9095,"CA
"
9096,"CA
"
9097,"CA
"
9098,"
"
9099,"
"
9100,"CA
"
9101,"CA
"
9102,"CA
"
9103,"CA
"
9104,"
"
9105,"
"
9106,"CA
"
9107,"CA
"
9108,"CA
"
9109,"CA
"
9110,"AZ
"
9111,"AZ
"
9112,"AZ
"
9113,"AZ
"
9114,"
"
9115,"CA
"
9116,"
"
9117,"AZ
"
9118,"CA
"
9119,"
"
9120,"AZ
"
9121,"CA
"
9122,"AZ
"
9123,"
"
9124,"AZ
"
9125,"
"
9126,"AZ
"
9127,"CA
"
9128,"AZ
"
9129,"
"
9130,"AZ
"
9131,"TX
"
9132,"AZ
"
9133,"AZ
"
9134,"AZ
"
9135,"AZ
"
9136,"
"
9137,"AZ
"
9138,"
"
9139,"AZ
"
9140,"
"
9141,"AZ
"
9142,"AZ
"
9143,"AZ
"
9144,"
"
9145,"
"
9146,"CA
"
9147,"AZ
"
9148,"CA
"
9149,"AZ
"
9150,"AZ
"
9151,"AZ
"
9152,"AZ
"
9153,"AZ
"
9154,"AZ
"
9155,"AZ
"
9156,"AZ
"
9157,"AZ
"
9158,"CA
"
9159,"AZ
"
9160,"CA
"
9161,"
"
9162,"AZ
"
9163,"AZ
"
9164,"AZ
"
9165,"AZ
"
9166,"
"
9167,"AZ
"
9168,"CA
"
9169,"AZ
"
9170,"CA
"
9171,"CA
"
9172,"
"
9173,"TX
"
9174,"AZ
"
9175,"
"
9176,"
"
9177,"
"
9178,"
"
9179,"CA
"
9180,"CA
"
9181,"CA
"
9182,"
"
9183,"FL
"
9184,"
"
9185,"AZ
"
9186,"CA
"
9187,"CA
"
9188,"
"
9189,"CA
"
9190,"
"
9191,"CA
"
9192,"CA
"
9193,"CA
"
9194,"
"
9195,"CA
"
9196,"
"
9197,"CA
"
9198,"CA
"
9199,"CA
"
9200,"CA
"
9201,"
"
9202,"
"
9203,"CA
"
9204,"WA
"
9205,"
"
9206,"CA
"
9207,"CA
"
9208,"CA
"
9209,"
"
9210,"WA
"
9211,"
"
9212,"CA
"
9213,"
"
9214,"AZ
"
9215,"
"
9216,"AZ
"
9217,"
"
9218,"CA
"
9219,"
"
9220,"
"
9221,"CA
"
9222,"CA
"
9223,"FL
"
9224,"CA
"
9225,"
"
9226,"
"
9227,"WA
"
9228,"
"
9229,"CA
"
9230,"
"
9231,"
"
9232,"
"
9233,"
"
9234,"CA
"
9235,"CA
"
9236,"WA
"
9237,"CA
"
9238,"CA
"
9239,"
"
9240,"AZ
"
9241,"CA
"
9242,"CA
"
9243,"
"
9244,"CA
"
9245,"CA
"
9246,"
"
9247,"
"
9248,"CA
"
9249,"CA
"
9250,"FL
"
9251,"AZ
"
9252,"
"
9253,"AZ
"
9254,"CA
"
9255,"AZ
"
9256,"CA
"
9257,"CA
"
9258,"
"
9259,"AZ
"
9260,"CA
"
9261,"
"
9262,"AZ
"
9263,"WA
"
9264,"CA
"
9265,"
"
9266,"
"
9267,"
"
9268,"FL
"
9269,"
"
9270,"TX
"
9271,"
"
9272,"
"
9273,"AZ
"
9274,"TX
"
9275,"CO
"
9276,"
"
9277,"CO
"
9278,"IL
"
9279,"
"
9280,"TX
"
9281,"CA
"
9282,"
"
9283,"CO
"
9284,"CA
"
9285,"CO
"
9286,"CA
"
9287,"CO
"
9288,"TX
"
9289,"CO
"
9290,"FL
"
9291,"NC
"
9292,"
"
9293,"
"
9294,"
"
9295,"TX
"
9296,"FL
"
9297,"FL
"
9298,"FL
"
9299,"FL
"
9300,"
"
9301,"
"
9302,"AZ
"
9303,"FL
"
9304,"FL
"
9305,"
"
9306,"
"
9307,"
"
9308,"
"
9309,"AZ
"
9310,"
"
9311,"
"
9312,"IL
"
9313,"
"
9314,"AZ
"
9315,"FL
"
9316,"AZ
"
9317,"FL
"
9318,"FL
"
9319,"
"
9320,"FL
"
9321,"FL
"
9322,"
"
9323,"FL
"
9324,"
"
9325,"TX
"
9326,"FL
"
9327,"
"
9328,"
"
9329,"
"
9330,"
"
9331,"
"
9332,"
"
9333,"TX
"
9334,"
"
9335,"
"
9336,"FL
"
9337,"
"
9338,"TX
"
9339,"
"
9340,"FL
"
9341,"FL
"
9342,"CA
"
9343,"
"
9344,"
"
9345,"TN
"
9346,"
"
9347,"
"
9348,"FL
"
9349,"
"
9350,"AZ
"
9351,"
"
9352,"FL
"
9353,"TX
"
9354,"FL
"
9355,"
"
9356,"MI
"
9357,"
"
9358,"
"
9359,"AZ
"
9360,"
"
9361,"FL
"
9362,"
"
9363,"
"
9364,"FL
"
9365,"
"
9366,"FL
"
9367,"TX
"
9368,"
"
9369,"
"
9370,"
"
9371,"FL
"
9372,"FL
"
9373,"
"
9374,"FL
"
9375,"FL
"
9376,"
"
9377,"FL
"
9378,"FL
"
9379,"FL
"
9380,"FL
"
9381,"FL
"
9382,"
"
9383,"TX
"
9384,"FL
"
9385,"FL
"
9386,"FL
"
9387,"
"
9388,"FL
"
9389,"AZ
"
9390,"TX
"
9391,"FL
"
9392,"FL
"
9393,"SC
"
9394,"
"
9395,"
"
9396,"GA
"
9397,"CA
"
9398,"TX
"
9399,"
"
9400,"
"
9401,"
"
9402,"
"
9403,"OH
"
9404,"
"
9405,"
"
9406,"GA
"
9407,"
"
9408,"
"
9409,"
"
9410,"MD
"
9411,"TX
"
9412,"
"
9413,"MD
"
9414,"AZ
"
9415,"
"
9416,"MD
"
9417,"TX
"
9418,"TX
"
9419,"
"
9420,"FL
"
9421,"FL
"
9422,"AZ
"
9423,"FL
"
9424,"FL
"
9425,"AZ
"
9426,"AZ
"
9427,"AZ
"
9428,"AZ
"
9429,"FL
"
9430,"
"
9431,"CA
"
9432,"AZ
"
9433,"FL
"
9434,"TX
"
9435,"
"
9436,"AZ
"
9437,"
"
9438,"
"
9439,"AZ
"
9440,"AZ
"
9441,"CA
"
9442,"AZ
"
9443,"
"
9444,"AZ
"
9445,"FL
"
9446,"TX
"
9447,"
"
9448,"FL
"
9449,"CA
"
9450,"AZ
"
9451,"AZ
"
9452,"AZ
"
9453,"TX
"
9454,"CA
"
9455,"CA
"
9456,"TX
"
9457,"TX
"
9458,"AZ
"
9459,"
"
9460,"TX
"
9461,"
"
9462,"CA
"
9463,"
"
9464,"TX
"
9465,"
"
9466,"MI
"
9467,"MI
"
9468,"IL
"
9469,"
"
9470,"MI
"
9471,"
"
9472,"
"
9473,"AZ
"
9474,"MI
"
9475,"
"
9476,"
"
9477,"AZ
"
9478,"AZ
"
9479,"TX
"
9480,"AZ
"
9481,"OH
"
9482,"TX
"
9483,"FL
"
9484,"
"
9485,"
"
9486,"FL
"
9487,"TX
"
9488,"TX
"
9489,"AZ
"
9490,"FL
"
9491,"TX
"
9492,"FL
"
9493,"AZ
"
9494,"TX
"
9495,"
"
9496,"FL
"
9497,"AZ
"
9498,"
"
9499,"
"
9500,"TX
"
9501,"AZ
"
9502,"
"
9503,"AZ
"
9504,"AZ
"
9505,"FL
"
9506,"
"
9507,"NJ
"
9508,"FL
"
9509,"
"
9510,"PA
"
9511,"NJ
"
9512,"FL
"
9513,"FL
"
9514,"AZ
"
9515,"
"
9516,"FL
"
9517,"
"
9518,"AZ
"
9519,"FL
"
9520,"AZ
"
9521,"
"
9522,"AZ
"
9523,"FL
"
9524,"AZ
"
9525,"NJ
"
9526,"FL
"
9527,"FL
"
9528,"
"
9529,"FL
"
9530,"FL
"
9531,"FL
"
9532,"FL
"
9533,"AZ
"
9534,"FL
"
9535,"FL
"
9536,"
"
9537,"
"
9538,"TX
"
9539,"SC
"
9540,"SC
"
9541,"
"
9542,"
"
9543,"
"
9544,"
"
9545,"SC
"
9546,"
"
9547,"
"
9548,"
"
9549,"
"
9550,"NJ
"
9551,"CA
"
9552,"CA
"
9553,"
"
9554,"
"
9555,"FL
"
9556,"NJ
"
9557,"
"
9558,"PA
"
9559,"AZ
"
9560,"CA
"
9561,"CA
"
9562,"NY
"
9563,"
"
9564,"CA
"
9565,"TX
"
9566,"FL
"
9567,"TN
"
9568,"CA
"
9569,"
"
9570,"
"
9571,"TN
"
9572,"CA
"
9573,"
"
9574,"
"
9575,"
"
9576,"TX
"
9577,"
"
9578,"CA
"
9579,"
"
9580,"
"
9581,"
"
9582,"
"
9583,"TX
"
9584,"FL
"
9585,"SC
"
9586,"
"
9587,"
"
9588,"FL
"
9589,"TX
"
9590,"
"
9591,"PA
"
9592,"
"
9593,"PA
"
9594,"FL
"
9595,"
"
9596,"CA
"
9597,"
"
9598,"CA
"
9599,"
"
9600,"
"
9601,"FL
"
9602,"OH
"
9603,"AZ
"
9604,"TX
"
9605,"NC
"
9606,"
"
9607,"AZ
"
9608,"AZ
"
9609,"FL
"
9610,"AZ
"
9611,"AZ
"
9612,"
"
9613,"
"
9614,"
"
9615,"NJ
"
9616,"
"
9617,"AZ
"
9618,"
"
9619,"
"
9620,"FL
"
9621,"AZ
"
9622,"
"
9623,"
"
9624,"TX
"
9625,"
"
9626,"OH
"
9627,"OH
"
9628,"
"
9629,"
"
9630,"
"
9631,"
"
9632,"OH
"
9633,"KY
"
9634,"AZ
"
9635,"AZ
"
9636,"FL
"
9637,"AZ
"
9638,"TX
"
9639,"TN
"
9640,"AZ
"
9641,"
"
9642,"CA
"
9643,"
"
9644,"OH
"
9645,"
"
9646,"OH
"
9647,"
"
9648,"CA
"
9649,"
"
9650,"
"
9651,"
"
9652,"OH
"
9653,"MI
"
9654,"
"
9655,"MI
"
9656,"TN
"
9657,"
"
9658,"
"
9659,"
"
9660,"TX
"
9661,"
"
9662,"
"
9663,"
"
9664,"AZ
"
9665,"
"
9666,"
"
9667,"FL
"
9668,"FL
"
9669,"SC
"
9670,"
"
9671,"
"
9672,"FL
"
9673,"TX
"
9674,"
"
9675,"
"
9676,"TX
"
9677,"
"
9678,"AZ
"
9679,"AZ
"
9680,"TX
"
9681,"
"
9682,"TX
"
9683,"TX
"
9684,"FL
"
9685,"TX
"
9686,"
"
9687,"
"
9688,"
"
9689,"TX
"
9690,"TX
"
9691,"TX
"
9692,"AZ
"
9693,"
"
9694,"TX
"
9695,"
"
9696,"TX
"
9697,"TX
"
9698,"CA
"
9699,"TX
"
9700,"TX
"
9701,"TX
"
9702,"
"
9703,"AZ
"
9704,"
"
9705,"TX
"
9706,"
"
9707,"
"
9708,"FL
"
9709,"
"
9710,"FL
"
9711,"
"
9712,"
"
9713,"TX
"
9714,"
"
9715,"AZ
"
9716,"
"
9717,"AZ
"
9718,"AZ
"
9719,"TX
"
9720,"
"
9721,"
"
9722,"
"
9723,"
"
9724,"CA
"
9725,"CA
"
9726,"TX
"
9727,"CA
"
9728,"AZ
"
9729,"TX
"
9730,"FL
"
9731,"
"
9732,"FL
"
9733,"TX
"
9734,"CA
"
9735,"
"
9736,"TX
"
9737,"TX
"
9738,"CA
"
9739,"
"
9740,"
"
9741,"
"
9742,"TX
"
9743,"
"
9744,"
"
9745,"AR
"
9746,"AZ
"
9747,"
"
9748,"TX
"
9749,"TX
"
9750,"CA
"
9751,"AZ
"
9752,"AR
"
9753,"TX
"
9754,"FL
"
9755,"TX
"
9756,"
"
9757,"TX
"
9758,"TX
"
9759,"
"
9760,"TX
"
9761,"TX
"
9762,"TX
"
9763,"TX
"
9764,"
"
9765,"
"
9766,"TX
"
9767,"TX
"
9768,"AR
"
9769,"FL
"
9770,"CA
"
9771,"AZ
"
9772,"CA
"
9773,"CA
"
9774,"AZ
"
9775,"AZ
"
9776,"AZ
"
9777,"
"
9778,"AZ
"
9779,"AZ
"
9780,"AZ
"
9781,"AZ
"
9782,"AZ
"
9783,"CA
"
9784,"AZ
"
9785,"
"
9786,"CA
"
9787,"CA
"
9788,"IL
"
9789,"
"
9790,"CA
"
9791,"CA
"
9792,"AZ
"
9793,"
"
9794,"
"
9795,"
"
9796,"
"
9797,"CA
"
9798,"
"
9799,"AZ
"
9800,"
"
9801,"WA
"
9802,"
"
9803,"
"
9804,"
"
9805,"CA
"
9806,"CA
"
9807,"
"
9808,"CA
"
9809,"CA
"
9810,"
"
9811,"IL
"
9812,"AZ
"
9813,"
"
9814,"
"
9815,"CA
"
9816,"FL
"
9817,"WA
"
9818,"AZ
"
9819,"AZ
"
9820,"CA
"
9821,"AZ
"
9822,"AZ
"
9823,"CA
"
9824,"AZ
"
9825,"FL
"
9826,"AZ
"
9827,"AZ
"
9828,"AZ
"
9829,"AZ
"
9830,"AZ
"
9831,"CA
"
9832,"
"
9833,"AZ
"
9834,"CA
"
9835,"AZ
"
9836,"AZ
"
9837,"TX
"
9838,"CA
"
9839,"AZ
"
9840,"AZ
"
9841,"AZ
"
9842,"AZ
"
9843,"AZ
"
9844,"AZ
"
9845,"MN
"
9846,"CA
"
9847,"AZ
"
9848,"CA
"
9849,"AZ
"
9850,"CA
"
9851,"AZ
"
9852,"CA
"
9853,"CA
"
9854,"AZ
"
9855,"CA
"
9856,"CA
"
9857,"CA
"
9858,"AZ
"
9859,"AZ
"
9860,"FL
"
9861,"AZ
"
9862,"AZ
"
9863,"AZ
"
9864,"AZ
"
9865,"CA
"
9866,"MN
"
9867,"
"
9868,"
"
9869,"CA
"
9870,"AZ
"
9871,"CA
"
9872,"CA
"
9873,"MN
"
9874,"CA
"
9875,"CA
"
9876,"CA
"
9877,"CA
"
9878,"CA
"
9879,"CA
"
9880,"CA
"
9881,"AZ
"
9882,"CA
"
9883,"AZ
"
9884,"
"
9885,"CA
"
9886,"
"
9887,"CA
"
9888,"AZ
"
9889,"AZ
"
9890,"MN
"
9891,"CA
"
9892,"
"
9893,"
"
9894,"AZ
"
9895,"AZ
"
9896,"TX
"
9897,"AZ
"
9898,"
"
9899,"AZ
"
9900,"
"
9901,"AZ
"
9902,"AZ
"
9903,"CA
"
9904,"CA
"
9905,"AZ
"
9906,"AZ
"
9907,"FL
"
9908,"TX
"
9909,"
"
9910,"FL
"
9911,"
"
9912,"
"
9913,"
"
9914,"FL
"
9915,"TX
"
9916,"TX
"
9917,"TX
"
9918,"
"
9919,"FL
"
9920,"FL
"
9921,"TX
"
9922,"TX
"
9923,"GA
"
9924,"FL
"
9925,"FL
"
9926,"
"
9927,"
"
9928,"FL
"
9929,"GA
"
9930,"TX
"
9931,"
"
9932,"FL
"
9933,"FL
"
9934,"AZ
"
9935,"FL
"
9936,"CA
"
9937,"
"
9938,"
"
9939,"
"
9940,"FL
"
9941,"
"
9942,"FL
"
9943,"MN
"
9944,"FL
"
9945,"FL
"
9946,"
"
9947,"MN
"
9948,"
"
9949,"FL
"
9950,"FL
"
9951,"FL
"
9952,"
"
9953,"MD
"
9954,"GA
"
9955,"
"
9956,"GA
"
9957,"FL
"
9958,"MD
"
9959,"FL
"
9960,"MD
"
9961,"FL
"
9962,"AZ
"
9963,"
"
9964,"
"
9965,"FL
"
9966,"FL
"
9967,"CA
"
9968,"FL
"
9969,"MD
"
9970,"
"
9971,"AZ
"
9972,"
"
9973,"TX
"
9974,"TX
"
9975,"TX
"
9976,"TX
"
9977,"
"
9978,"TX
"
9979,"MI
"
9980,"
"
9981,"TX
"
9982,"
"
9983,"TX
"
9984,"
"
9985,"FL
"
9986,"
"
9987,"TX
"
9988,"FL
"
9989,"MI
"
9990,"TX
"
9991,"
"
9992,"
"
9993,"IN
"
9994,"
"
9995,"FL
"
9996,"
"
9997,"MI
"
9998,"
"
9999,"AZ
"
10000,"
"
10001,"IN
"
10002,"
"
10003,"IN
"
10004,"IN
"
10005,"TX
"
10006,"TX
"
10007,"TX
"
10008,"
"
10009,"
"
10010,"
"
10011,"
"
10012,"
"
10013,"
"
10014,"
"
10015,"
"
10016,"
"
10017,"FL
"
10018,"
"
10019,"
"
10020,"
"
10021,"
"
10022,"
"
10023,"
"
10024,"
"
10025,"MN
"
10026,"SC
"
10027,"
"
10028,"
"
10029,"
"
10030,"TX
"
10031,"TX
"
10032,"TX
"
10033,"NY
"
10034,"TX
"
10035,"TX
"
10036,"AZ
"
10037,"FL
"
10038,"FL
"
10039,"
"
10040,"FL
"
10041,"TX
"
10042,"TX
"
10043,"TX
"
10044,"
"
10045,"FL
"
10046,"FL
"
10047,"FL
"
10048,"FL
"
10049,"
"
10050,"TX
"
10051,"FL
"
10052,"
"
10053,"
"
10054,"FL
"
10055,"FL
"
10056,"FL
"
10057,"GA
"
10058,"FL
"
10059,"FL
"
10060,"
"
10061,"TX
"
10062,"
"
10063,"GA
"
10064,"FL
"
10065,"
"
10066,"FL
"
10067,"
"
10068,"FL
"
10069,"AZ
"
10070,"AZ
"
10071,"CT
"
10072,"FL
"
10073,"FL
"
10074,"FL
"
10075,"
"
10076,"TX
"
10077,"
"
10078,"NY
"
10079,"
"
10080,"
"
10081,"
"
10082,"
"
10083,"OH
"
10084,"KY
"
10085,"AZ
"
10086,"FL
"
10087,"FL
"
10088,"FL
"
10089,"TX
"
10090,"FL
"
10091,"
"
10092,"TX
"
10093,"OH
"
10094,"KY
"
10095,"FL
"
10096,"FL
"
10097,"OH
"
10098,"FL
"
10099,"OH
"
10100,"KY
"
10101,"TX
"
10102,"OH
"
10103,"FL
"
10104,"OH
"
10105,"KY
"
10106,"KY
"
10107,"OH
"
10108,"FL
"
10109,"MN
"
10110,"OH
"
10111,"KY
"
10112,"IN
"
10113,"OH
"
10114,"PA
"
10115,"OH
"
10116,"TX
"
10117,"TX
"
10118,"
"
10119,"FL
"
10120,"TX
"
10121,"
"
10122,"FL
"
10123,"FL
"
10124,"TX
"
10125,"FL
"
10126,"TX
"
10127,"TX
"
10128,"TX
"
10129,"TX
"
10130,"
"
10131,"FL
"
10132,"TX
"
10133,"
"
10134,"CA
"
10135,"
"
10136,"
"
10137,"TX
"
10138,"FL
"
10139,"FL
"
10140,"
"
10141,"
"
10142,"TX
"
10143,"TX
"
10144,"TX
"
10145,"
"
10146,"
"
10147,"
"
10148,"TX
"
10149,"TX
"
10150,"TX
"
10151,"AZ
"
10152,"
"
10153,"
"
10154,"FL
"
10155,"AZ
"
10156,"MN
"
10157,"TX
"
10158,"CA
"
10159,"TX
"
10160,"TX
"
10161,"
"
10162,"
"
10163,"MN
"
10164,"FL
"
10165,"FL
"
10166,"AZ
"
10167,"FL
"
10168,"FL
"
10169,"
"
10170,"
"
10171,"WA
"
10172,"CA
"
10173,"AZ
"
10174,"IL
"
10175,"
"
10176,"MN
"
10177,"CA
"
10178,"AZ
"
10179,"MN
"
10180,"AZ
"
10181,"CA
"
10182,"AZ
"
10183,"AZ
"
10184,"CA
"
10185,"CA
"
10186,"CA
"
10187,"CA
"
